count_point_id,year,road_name,road_type,start_junction_road_name,end_junction_road_name,easting,northing,latitude,longitude,link_length_km,link_length_miles,estimation_method,estimation_method_detailed,direction_of_travel,pedal_cycles,two_wheeled_motor_vehicles,cars_and_taxis,buses_and_coaches,lgvs,hgvs_2_rigid_axle,hgvs_3_rigid_axle,hgvs_4_or_more_rigid_axle,hgvs_3_or_4_articulated_axle,hgvs_5_articulated_axle,hgvs_6_articulated_axle,all_hgvs,all_motor_vehicles
7176,2000,A6005,Major,A6130,A6008,455800,339140,52.94677319,-1.17101568,1.4,0.9,Estimated,Estimated using AADF from previous year on this link,E,204,110,14023,168,1290,183,5,14,15,9,11,237,15828
7176,2000,A6005,Major,A6130,A6008,455800,339140,52.94677319,-1.17101568,1.4,0.9,Estimated,Estimated using AADF from previous year on this link,W,214,110,14251,141,1532,225,20,16,19,21,14,315,16349
7176,2001,A6005,Major,A6130,A6008,455800,339140,52.94677319,-1.17101568,1.4,0.9,Counted,Manual count,E,196,310,13566,126,1379,177,26,18,11,8,11,251,15632
7176,2001,A6005,Major,A6130,A6008,455800,339140,52.94677319,-1.17101568,1.4,0.9,Counted,Manual count,W,215,307,13372,104,1483,179,30,22,18,15,14,278,15544
7176,2002,A6005,Major,A6130,A6008,455800,339140,52.94677319,-1.17101568,1.4,0.9,Estimated,Estimated using AADF from previous year on this link,E,204,313,13539,129,1382,170,27,19,10,7,12,245,15608
7176,2002,A6005,Major,A6130,A6008,455800,339140,52.94677319,-1.17101568,1.4,0.9,Estimated,Estimated using AADF from previous year on this link,W,224,310,13345,106,1486,172,31,23,16,13,15,270,15517
7176,2003,A6005,Major,A6130,A6008,455800,339140,52.94677319,-1.17101568,1.4,0.9,Counted,Manual count,E,264,268,13470,58,1386,203,28,17,13,21,11,293,15475
7176,2003,A6005,Major,A6130,A6008,455800,339140,52.94677319,-1.17101568,1.4,0.9,Counted,Manual count,W,235,273,13486,68,1657,221,32,27,10,23,20,333,15817
7176,2004,A6005,Major,A6130,A6008,455800,339140,52.94677319,-1.17101568,1.4,0.9,Estimated,Estimated using AADF from previous year on this link,E,214,236,13496,54,1373,204,30,19,12,19,12,296,15455
7176,2004,A6005,Major,A6130,A6008,455800,339140,52.94677319,-1.17101568,1.4,0.9,Estimated,Estimated using AADF from previous year on this link,W,190,240,13513,63,1642,222,33,30,10,21,21,337,15795
7176,2005,A6005,Major,A6130,A6008,455800,339140,52.94677319,-1.17101568,1.4,0.9,Counted,Manual count,E,145,144,13618,102,1501,215,15,21,8,22,21,302,15667
7176,2005,A6005,Major,A6130,A6008,455800,339140,52.94677319,-1.17101568,1.4,0.9,Counted,Manual count,W,120,117,12711,58,1596,214,30,17,14,30,26,331,14813
7176,2006,A6005,Major,A6130,A6008,455800,339140,52.94677319,-1.17101568,1.4,0.9,Estimated,Estimated using AADF from previous year on this link,E,227,150,13659,100,1525,220,15,23,7,20,23,308,15742
7176,2006,A6005,Major,A6130,A6008,455800,339140,52.94677319,-1.17101568,1.4,0.9,Estimated,Estimated using AADF from previous year on this link,W,188,122,12749,57,1621,219,30,18,12,27,29,335,14884
7176,2007,A6005,Major,A6130,A6008,455800,339140,52.94677319,-1.17101568,1.4,0.9,Counted,Manual count,E,128,194,12348,118,1373,154,30,21,7,9,24,245,14278
7176,2007,A6005,Major,A6130,A6008,455800,339140,52.94677319,-1.17101568,1.4,0.9,Counted,Manual count,W,142,195,12450,110,1552,186,27,25,8,17,39,302,14609
7176,2008,A6005,Major,A6130,A6008,455800,339140,52.94677319,-1.17101568,1.4,0.9,Counted,Manual count,E,275,126,16837,121,1301,117,32,18,16,12,28,223,18608
7176,2008,A6005,Major,A6130,A6008,455800,339140,52.94677319,-1.17101568,1.4,0.9,Counted,Manual count,W,245,135,15311,100,1447,149,43,14,20,22,36,284,17277
7176,2009,A6005,Major,A6130,A6008,455800,339140,52.94677319,-1.17101568,1.4,0.9,Estimated,Estimated using AADF from previous year on this link,E,275,119,16568,118,1409,113,34,18,15,11,28,219,18433
7176,2009,A6005,Major,A6130,A6008,455800,339140,52.94677319,-1.17101568,1.4,0.9,Estimated,Estimated using AADF from previous year on this link,W,245,127,15066,98,1567,143,45,14,19,19,36,276,17134
7176,2010,A6005,Major,A6130,A6008,455800,339140,52.94677319,-1.17101568,1.4,0.9,Counted,Manual count,E,165,146,17901,124,1208,170,26,14,6,10,9,235,19614
7176,2010,A6005,Major,A6130,A6008,455800,339140,52.94677319,-1.17101568,1.4,0.9,Counted,Manual count,W,182,112,16893,107,1400,138,25,20,12,17,8,220,18732
7176,2011,A6005,Major,A6130,A6008,455800,339140,52.94677319,-1.17101568,1.4,0.9,Estimated,Estimated using AADF from previous year on this link,E,182,155,17811,124,1245,169,28,16,5,10,10,238,19573
7176,2011,A6005,Major,A6130,A6008,455800,339140,52.94677319,-1.17101568,1.4,0.9,Estimated,Estimated using AADF from previous year on this link,W,201,119,16809,107,1443,137,27,22,9,17,8,220,18698
7176,2012,A6005,Major,A6130,A6008,455800,339140,52.94677319,-1.17101568,1.4,0.9,Estimated,Estimated using AADF from previous year on this link,E,172,140,17736,133,1196,149,27,16,4,9,10,215,19419
7176,2012,A6005,Major,A6130,A6008,455800,339140,52.94677319,-1.17101568,1.4,0.9,Estimated,Estimated using AADF from previous year on this link,W,190,107,16738,115,1386,121,26,22,7,16,8,199,18545
7176,2013,A6005,Major,A6130,A6008,455800,339140,52.94677319,-1.17101568,1.4,0.9,Estimated,Estimated using AADF from previous year on this link,E,170,140,17635,125,1209,149,29,18,3,9,10,217,19327
7176,2013,A6005,Major,A6130,A6008,455800,339140,52.94677319,-1.17101568,1.4,0.9,Estimated,Estimated using AADF from previous year on this link,W,188,107,16643,108,1402,121,28,25,5,15,8,201,18461
7176,2014,A6005,Major,A6130,A6008,455800,339140,52.94677319,-1.17101568,1.4,0.9,Counted,Manual count,E,239,108,11757,96,1228,151,27,27,4,12,13,234,13422
7176,2014,A6005,Major,A6130,A6008,455800,339140,52.94677319,-1.17101568,1.4,0.9,Counted,Manual count,W,244,144,13106,105,1555,187,25,31,3,17,8,271,15181
7176,2015,A6005,Major,A6130,A6008,455800,339140,52.94677319,-1.17101568,1.4,0.9,Estimated,Estimated using AADF from previous year on this link,E,222,110,11541,95,1291,146,29,27,5,12,12,231,13268
7176,2015,A6005,Major,A6130,A6008,455800,339140,52.94677319,-1.17101568,1.4,0.9,Estimated,Estimated using AADF from previous year on this link,W,227,146,12865,104,1636,182,26,30,4,17,8,266,15019
7176,2016,A6005,Major,A6130,A6008,455800,339140,52.94677319,-1.17101568,1.4,0.9,Estimated,Estimated using AADF from previous year on this link,E,207,108,11721,88,1410,149,28,30,5,10,12,235,13562
7176,2016,A6005,Major,A6130,A6008,455800,339140,52.94677319,-1.17101568,1.4,0.9,Estimated,Estimated using AADF from previous year on this link,W,211,143,13066,97,1787,184,26,34,4,15,8,271,15364
7176,2017,A6005,Major,A6130,A6008,455800,339140,52.94677319,-1.17101568,1.4,0.9,Estimated,Estimated using AADF from previous year on this link,E,198,109,11635,82,1485,148,29,31,6,10,13,236,13546
7176,2017,A6005,Major,A6130,A6008,455800,339140,52.94677319,-1.17101568,1.4,0.9,Estimated,Estimated using AADF from previous year on this link,W,202,145,12970,90,1881,183,26,35,4,15,8,271,15357
7176,2018,A6005,Major,A6130,A6008,455800,339140,52.94677319,-1.17101568,1.5,0.9,Estimated,Estimated using AADF from previous year on this link,E,219,108,11506,75,1513,149,29,30,6,11,13,237,13438
7176,2018,A6005,Major,A6130,A6008,455800,339140,52.94677319,-1.17101568,1.5,0.9,Estimated,Estimated using AADF from previous year on this link,W,223,143,12827,82,1917,185,26,34,4,15,9,273,15241
7176,2019,A6005,Major,A6130,A6008,455800,339140,52.94677319,-1.17101568,1.5,0.9,Counted,Manual count,E,174,99,9607,57,982,102,19,10,6,6,16,158,10904
7176,2019,A6005,Major,A6130,A6008,455800,339140,52.94677319,-1.17101568,1.5,0.9,Counted,Manual count,W,291,99,9549,62,1118,129,17,18,7,13,7,192,11020
7176,2020,A6005,Major,A6130,A6008,455800,339140,52.94677319,-1.17101568,1.5,0.9,Estimated,Estimated using AADF from previous year on this link,E,199,73,7297,36,867,90,17,9,5,5,14,139,8413
7176,2020,A6005,Major,A6130,A6008,455800,339140,52.94677319,-1.17101568,1.5,0.9,Estimated,Estimated using AADF from previous year on this link,W,333,73,7253,39,987,113,15,16,6,12,6,168,8521
7176,2021,A6005,Major,A6130,A6008,455800,339140,52.94677319,-1.17101568,1.5,0.9,Estimated,Estimated using AADF from previous year on this link,E,163,78,8039,37,945,96,18,10,5,5,15,149,9248
7176,2021,A6005,Major,A6130,A6008,455800,339140,52.94677319,-1.17101568,1.5,0.9,Estimated,Estimated using AADF from previous year on this link,W,272,78,7991,40,1076,121,16,18,6,13,6,181,9365
7176,2022,A6005,Major,A6130,A6008,455800,339140,52.94677319,-1.17101568,1.5,0.9,Estimated,Estimated using AADF from previous year on this link,E,146,85,8587,40,1025,99,19,11,5,5,15,154,9891
7176,2022,A6005,Major,A6130,A6008,455800,339140,52.94677319,-1.17101568,1.5,0.9,Estimated,Estimated using AADF from previous year on this link,W,243,85,8535,43,1166,125,17,19,6,13,6,187,10017
7176,2023,A6005,Major,A6130,A6008,455800,339140,52.94677319,-1.17101568,1.5,0.9,Counted,Manual count,E,275,59,7114,52,915,35,24,4,0,3,1,66,8205
7176,2023,A6005,Major,A6130,A6008,455800,339140,52.94677319,-1.17101568,1.5,0.9,Counted,Manual count,W,267,58,7300,60,1049,53,15,8,3,4,3,84,8551
7176,2024,A6005,Major,A6130,A6008,455800,339140,52.94677319,-1.17101568,1.5,0.9,Estimated,Estimated using AADF from previous year on this link,E,278,60,7222,52,931,36,24,3,0,3,1,66,8332
7176,2024,A6005,Major,A6130,A6008,455800,339140,52.94677319,-1.17101568,1.5,0.9,Estimated,Estimated using AADF from previous year on this link,W,271,60,7411,60,1068,53,15,8,3,3,3,85,8683
7176,2025,A6005,Major,A6130,A6008,455800,339140,52.94677319,-1.17101568,1.5,0.9,Estimated,Estimated using AADF from previous year on this link,E,279,62,7230,51,951,35,24,4,0,2,1,66,8359
7176,2025,A6005,Major,A6130,A6008,455800,339140,52.94677319,-1.17101568,1.5,0.9,Estimated,Estimated using AADF from previous year on this link,W,271,61,7420,59,1090,53,15,8,3,3,2,84,8713
7350,2000,A6514,Major,A52(T),A609,454480,339300,52.94834671,-1.19063026,1.3,0.8,Estimated,Estimated using AADF from previous year on this link,N,81,216,18556,166,2485,591,84,39,91,124,85,1014,22437
7350,2000,A6514,Major,A52(T),A609,454480,339300,52.94834671,-1.19063026,1.3,0.8,Estimated,Estimated using AADF from previous year on this link,S,61,211,20973,198,2803,598,78,48,113,118,65,1020,25205
7350,2001,A6514,Major,A52(T),A609,454480,339300,52.94834671,-1.19063026,1.3,0.8,Counted,Manual count,N,184,240,18207,162,2245,486,56,29,88,163,85,907,21761
7350,2001,A6514,Major,A52(T),A609,454480,339300,52.94834671,-1.19063026,1.3,0.8,Counted,Manual count,S,110,176,21220,259,2654,592,75,45,124,143,74,1053,25362
7350,2002,A6514,Major,A52(T),A609,454480,339300,52.94834671,-1.19063026,1.3,0.8,Estimated,Estimated using AADF from previous year on this link,N,191,243,18171,166,2249,468,58,30,80,142,93,871,21700
7350,2002,A6514,Major,A52(T),A609,454480,339300,52.94834671,-1.19063026,1.3,0.8,Estimated,Estimated using AADF from previous year on this link,S,114,178,21178,265,2659,570,78,47,113,124,81,1013,25293
7350,2003,A6514,Major,A52(T),A609,454480,339300,52.94834671,-1.19063026,1.3,0.8,Counted,Manual count,N,385,250,18715,103,2426,541,67,43,97,188,108,1044,22538
7350,2003,A6514,Major,A52(T),A609,454480,339300,52.94834671,-1.19063026,1.3,0.8,Counted,Manual count,S,206,244,21558,191,2483,571,70,48,79,139,159,1066,25542
7350,2004,A6514,Major,A52(T),A609,454480,339300,52.94834671,-1.19063026,1.3,0.8,Estimated,Estimated using AADF from previous year on this link,N,312,221,18752,95,2405,544,71,47,92,166,118,1038,22511
7350,2004,A6514,Major,A52(T),A609,454480,339300,52.94834671,-1.19063026,1.3,0.8,Estimated,Estimated using AADF from previous year on this link,S,167,215,21601,178,2460,573,75,52,75,123,174,1072,25526
7350,2005,A6514,Major,A52(T),A609,454480,339300,52.94834671,-1.19063026,1.3,0.8,Estimated,Estimated using AADF from previous year on this link,N,264,223,18283,94,2467,522,66,48,81,145,125,987,22054
7350,2005,A6514,Major,A52(T),A609,454480,339300,52.94834671,-1.19063026,1.3,0.8,Estimated,Estimated using AADF from previous year on this link,S,141,218,21061,175,2524,551,70,53,66,107,183,1030,25008
7350,2006,A6514,Major,A52(T),A609,454480,339300,52.94834671,-1.19063026,1.3,0.8,Estimated,Estimated using AADF from previous year on this link,N,414,232,18338,92,2507,534,66,52,73,129,135,989,22158
7350,2006,A6514,Major,A52(T),A609,454480,339300,52.94834671,-1.19063026,1.3,0.8,Estimated,Estimated using AADF from previous year on this link,S,222,226,21124,172,2565,564,70,57,60,95,198,1044,25131
7350,2007,A6514,Major,A52(T),A609,454480,339300,52.94834671,-1.19063026,1.3,0.8,Estimated,Estimated using AADF from previous year on this link,N,258,234,17476,89,2735,527,65,56,63,122,138,971,21505
7350,2007,A6514,Major,A52(T),A609,454480,339300,52.94834671,-1.19063026,1.3,0.8,Estimated,Estimated using AADF from previous year on this link,S,138,229,20132,165,2798,556,69,62,51,90,202,1030,24354
7350,2008,A6514,Major,A52(T),A609,454480,339300,52.94834671,-1.19063026,1.3,0.8,Estimated,Estimated using AADF from previous year on this link,N,290,218,17144,90,2863,506,70,58,55,107,135,931,21246
7350,2008,A6514,Major,A52(T),A609,454480,339300,52.94834671,-1.19063026,1.3,0.8,Estimated,Estimated using AADF from previous year on this link,S,155,213,19749,167,2930,534,74,64,45,79,197,993,24052
7350,2009,A6514,Major,A52(T),A609,454480,339300,52.94834671,-1.19063026,1.3,0.8,Counted,Manual count,N,236,172,21227,206,2852,340,66,44,58,138,143,789,25246
7350,2009,A6514,Major,A52(T),A609,454480,339300,52.94834671,-1.19063026,1.3,0.8,Counted,Manual count,S,170,225,21764,233,3748,366,73,40,47,180,98,804,26774
7350,2010,A6514,Major,A52(T),A609,454480,339300,52.94834671,-1.19063026,1.3,0.8,Counted,Manual count,N,136,163,19133,204,2638,313,70,53,31,78,106,651,22789
7350,2010,A6514,Major,A52(T),A609,454480,339300,52.94834671,-1.19063026,1.3,0.8,Counted,Manual count,S,71,219,22075,262,2790,336,49,48,24,83,102,642,25988
7350,2011,A6514,Major,A52(T),A609,454480,339300,52.94834671,-1.19063026,1.3,0.8,Counted,Manual count,N,73,270,22311,205,3130,773,81,57,20,45,161,1137,27053
7350,2011,A6514,Major,A52(T),A609,454480,339300,52.94834671,-1.19063026,1.3,0.8,Counted,Manual count,S,62,242,19730,136,2829,774,87,52,37,29,195,1174,24111
7350,2012,A6514,Major,A52(T),A609,454480,339300,52.94834671,-1.19063026,1.3,0.8,Counted,Manual count,N,155,195,19071,124,3188,346,79,39,59,141,115,780,23359
7350,2012,A6514,Major,A52(T),A609,454480,339300,52.94834671,-1.19063026,1.3,0.8,Counted,Manual count,S,158,195,20249,149,3322,385,82,39,50,136,114,805,24720
7350,2013,A6514,Major,A52(T),A609,454480,339300,52.94834671,-1.19063026,1.3,0.8,Counted,Manual count,N,36,200,20395,165,2998,682,126,112,20,61,123,1124,24882
7350,2013,A6514,Major,A52(T),A609,454480,339300,52.94834671,-1.19063026,1.3,0.8,Counted,Manual count,S,31,195,21490,245,3091,691,93,61,20,47,126,1038,26058
7350,2014,A6514,Major,A52(T),A609,454480,339300,52.94834671,-1.19063026,1.3,0.8,Estimated,Estimated using AADF from previous year on this link,N,35,213,20183,175,3413,721,144,127,21,60,139,1211,25196
7350,2014,A6514,Major,A52(T),A609,454480,339300,52.94834671,-1.19063026,1.3,0.8,Estimated,Estimated using AADF from previous year on this link,S,30,207,21267,260,3519,730,106,69,21,46,142,1114,26367
7350,2015,A6514,Major,A52(T),A609,454480,339300,52.94834671,-1.19063026,1.3,0.8,Estimated,Estimated using AADF from previous year on this link,N,32,216,19813,174,3590,701,151,123,25,59,137,1197,24990
7350,2015,A6514,Major,A52(T),A609,454480,339300,52.94834671,-1.19063026,1.3,0.8,Estimated,Estimated using AADF from previous year on this link,S,28,210,20877,258,3702,710,112,67,25,46,140,1100,26146
7350,2016,A6514,Major,A52(T),A609,454480,339300,52.94834671,-1.19063026,1.3,0.8,Counted,Manual count,N,215,197,18336,156,3183,333,75,85,26,92,122,734,22606
7350,2016,A6514,Major,A52(T),A609,454480,339300,52.94834671,-1.19063026,1.3,0.8,Counted,Manual count,S,198,212,20921,164,3652,339,62,83,23,65,166,738,25686
7350,2017,A6514,Major,A52(T),A609,454480,339300,52.94834671,-1.19063026,1.3,0.8,Estimated,Estimated using AADF from previous year on this link,N,206,199,18201,145,3351,331,76,87,27,92,126,740,22637
7350,2017,A6514,Major,A52(T),A609,454480,339300,52.94834671,-1.19063026,1.3,0.8,Estimated,Estimated using AADF from previous year on this link,S,190,214,20766,154,3845,337,63,85,23,64,172,745,25724
7350,2018,A6514,Major,A52(T),A609,454480,339300,52.94834671,-1.19063026,1.5,0.9,Estimated,Estimated using AADF from previous year on this link,N,227,197,18001,132,3414,334,76,85,28,95,132,750,22493
7350,2018,A6514,Major,A52(T),A609,454480,339300,52.94834671,-1.19063026,1.5,0.9,Estimated,Estimated using AADF from previous year on this link,S,210,212,20538,139,3917,340,63,83,24,67,180,756,25561
7350,2019,A6514,Major,A52(T),A609,454480,339300,52.94834671,-1.19063026,1.5,0.9,Counted,Manual count,N,240,153,19514,137,3628,348,62,73,33,105,167,787,24219
7350,2019,A6514,Major,A52(T),A609,454480,339300,52.94834671,-1.19063026,1.5,0.9,Counted,Manual count,S,158,155,23450,170,4254,362,69,57,30,99,197,815,28843
7350,2020,A6514,Major,A52(T),A609,454480,339300,52.94834671,-1.19063026,1.5,0.9,Estimated,Estimated using AADF from previous year on this link,N,275,113,14822,87,3202,306,54,65,29,93,145,691,18915
7350,2020,A6514,Major,A52(T),A609,454480,339300,52.94834671,-1.19063026,1.5,0.9,Estimated,Estimated using AADF from previous year on this link,S,181,114,17812,107,3754,318,60,51,26,88,171,715,22502
7350,2021,A6514,Major,A52(T),A609,454480,339300,52.94834671,-1.19063026,1.5,0.9,Counted,Manual count,N,211,150,17297,134,3530,257,63,130,11,15,159,636,21747
7350,2021,A6514,Major,A52(T),A609,454480,339300,52.94834671,-1.19063026,1.5,0.9,Counted,Manual count,S,255,151,18504,95,3629,231,69,100,14,26,190,630,23010
7350,2022,A6514,Major,A52(T),A609,454480,339300,52.94834671,-1.19063026,1.5,0.9,Counted,Manual count,N,76,100,18621,131,3156,325,24,148,82,70,204,852,22859
7350,2022,A6514,Major,A52(T),A609,454480,339300,52.94834671,-1.19063026,1.5,0.9,Counted,Manual count,S,91,135,20105,152,3551,368,45,111,40,36,234,835,24778
7350,2023,A6514,Major,A52(T),A609,454480,339300,52.94834671,-1.19063026,1.5,0.9,Estimated,Estimated using AADF from previous year on this link,N,74,98,18971,133,3209,321,23,146,82,68,196,837,23247
7350,2023,A6514,Major,A52(T),A609,454480,339300,52.94834671,-1.19063026,1.5,0.9,Estimated,Estimated using AADF from previous year on this link,S,90,133,20483,153,3611,364,45,110,40,35,226,819,25200
7350,2024,A6514,Major,A52(T),A609,454480,339300,52.94834671,-1.19063026,1.5,0.9,Estimated,Estimated using AADF from previous year on this link,N,75,101,19258,133,3267,326,23,143,81,66,190,828,23587
7350,2024,A6514,Major,A52(T),A609,454480,339300,52.94834671,-1.19063026,1.5,0.9,Estimated,Estimated using AADF from previous year on this link,S,91,137,20793,154,3676,369,45,107,39,34,218,813,25573
7350,2025,A6514,Major,A52(T),A609,454480,339300,52.94834671,-1.19063026,1.5,0.9,Counted,Manual count,N,106,155,18965,109,3784,273,59,99,32,64,202,730,23743
7350,2025,A6514,Major,A52(T),A609,454480,339300,52.94834671,-1.19063026,1.5,0.9,Counted,Manual count,S,74,148,20582,99,3711,258,59,93,19,59,155,643,25183
7351,2000,A60,Major,A6011,A6008,457880,339000,52.94529464,-1.14008932,0.3,0.2,Estimated,Estimated using AADF from previous year on this link,N,76,146,17201,86,1982,303,46,18,15,37,18,437,19852
7351,2000,A60,Major,A6011,A6008,457880,339000,52.94529464,-1.14008932,0.3,0.2,Estimated,Estimated using AADF from previous year on this link,S,96,185,21786,95,2639,445,69,30,34,41,25,644,25349
7351,2001,A60,Major,A6011,A6008,457880,339000,52.94529464,-1.14008932,0.3,0.2,Estimated,Estimated using AADF from previous year on this link,N,73,151,17545,88,1974,297,53,18,13,32,20,433,20191
7351,2001,A60,Major,A6011,A6008,457880,339000,52.94529464,-1.14008932,0.3,0.2,Estimated,Estimated using AADF from previous year on this link,S,92,192,22222,97,2628,436,79,30,30,35,28,638,25777
7351,2002,A60,Major,A6011,A6008,457880,339000,52.94529464,-1.14008932,0.3,0.2,Estimated,Estimated using AADF from previous year on this link,N,76,153,17510,90,1978,286,55,19,12,28,22,422,20153
7351,2002,A60,Major,A6011,A6008,457880,339000,52.94529464,-1.14008932,0.3,0.2,Estimated,Estimated using AADF from previous year on this link,S,96,194,22178,99,2633,420,82,31,27,30,31,621,25725
7351,2003,A60,Major,A6011,A6008,457880,339000,52.94529464,-1.14008932,0.3,0.2,Counted,Manual count,N,119,102,14618,76,1498,202,27,3,21,37,21,311,16605
7351,2003,A60,Major,A6011,A6008,457880,339000,52.94529464,-1.14008932,0.3,0.2,Counted,Manual count,S,181,158,19489,101,2595,407,66,22,32,48,42,617,22960
7351,2004,A60,Major,A6011,A6008,457880,339000,52.94529464,-1.14008932,0.3,0.2,Estimated,Estimated using AADF from previous year on this link,N,96,90,14647,70,1484,203,29,4,20,33,23,312,16603
7351,2004,A60,Major,A6011,A6008,457880,339000,52.94529464,-1.14008932,0.3,0.2,Estimated,Estimated using AADF from previous year on this link,S,147,139,19528,94,2572,408,70,25,31,43,46,623,22956
7351,2005,A60,Major,A6011,A6008,457880,339000,52.94529464,-1.14008932,0.3,0.2,Estimated,Estimated using AADF from previous year on this link,N,81,91,14281,69,1523,195,27,4,17,28,24,295,16259
7351,2005,A60,Major,A6011,A6008,457880,339000,52.94529464,-1.14008932,0.3,0.2,Estimated,Estimated using AADF from previous year on this link,S,124,140,19040,92,2639,392,65,25,27,37,48,594,22505
7351,2006,A60,Major,A6011,A6008,457880,339000,52.94529464,-1.14008932,0.3,0.2,Estimated,Estimated using AADF from previous year on this link,N,127,95,14324,68,1547,199,27,4,16,25,26,297,16331
7351,2006,A60,Major,A6011,A6008,457880,339000,52.94529464,-1.14008932,0.3,0.2,Estimated,Estimated using AADF from previous year on this link,S,194,146,19097,91,2681,401,65,27,25,33,52,603,22618
7351,2007,A60,Major,A6011,A6008,457880,339000,52.94529464,-1.14008932,0.3,0.2,Estimated,Estimated using AADF from previous year on this link,N,79,95,13650,66,1688,197,27,4,14,24,27,293,15792
7351,2007,A60,Major,A6011,A6008,457880,339000,52.94529464,-1.14008932,0.3,0.2,Estimated,Estimated using AADF from previous year on this link,S,121,148,18199,87,2925,396,64,29,21,31,53,594,21953
7351,2008,A60,Major,A6011,A6008,457880,339000,52.94529464,-1.14008932,0.3,0.2,Estimated,Estimated using AADF from previous year on this link,N,89,89,13391,66,1767,189,29,4,12,21,26,281,15594
7351,2008,A60,Major,A6011,A6008,457880,339000,52.94529464,-1.14008932,0.3,0.2,Estimated,Estimated using AADF from previous year on this link,S,136,138,17854,88,3062,380,69,30,18,28,52,577,21719
7351,2009,A60,Major,A6011,A6008,457880,339000,52.94529464,-1.14008932,0.3,0.2,Counted,Manual count,N,188,118,17448,91,2348,262,57,38,17,34,12,420,20425
7351,2009,A60,Major,A6011,A6008,457880,339000,52.94529464,-1.14008932,0.3,0.2,Counted,Manual count,S,264,136,19238,101,2554,352,72,41,15,42,21,543,22572
7351,2010,A60,Major,A6011,A6008,457880,339000,52.94529464,-1.14008932,0.3,0.2,Counted,Manual count,N,35,58,14379,77,1840,163,26,26,11,25,21,272,16626
7351,2010,A60,Major,A6011,A6008,457880,339000,52.94529464,-1.14008932,0.3,0.2,Counted,Manual count,S,92,107,15130,70,2034,226,72,45,14,28,30,415,17756
7351,2011,A60,Major,A6011,A6008,457880,339000,52.94529464,-1.14008932,0.3,0.2,Counted,Manual count,N,131,168,16375,71,1971,350,80,39,32,30,16,547,19132
7351,2011,A60,Major,A6011,A6008,457880,339000,52.94529464,-1.14008932,0.3,0.2,Counted,Manual count,S,114,167,19979,94,1348,293,97,40,33,35,16,514,22102
7351,2012,A60,Major,A6011,A6008,457880,339000,52.94529464,-1.14008932,0.3,0.2,Estimated,Estimated using AADF from previous year on this link,N,124,152,16306,76,1893,310,76,39,23,28,16,492,18918
7351,2012,A60,Major,A6011,A6008,457880,339000,52.94529464,-1.14008932,0.3,0.2,Estimated,Estimated using AADF from previous year on this link,S,108,151,19894,101,1295,259,92,40,24,32,16,464,21904
7351,2013,A60,Major,A6011,A6008,457880,339000,52.94529464,-1.14008932,0.3,0.2,Counted,Manual count,N,121,146,16315,71,1993,247,70,39,11,21,60,449,18974
7351,2013,A60,Major,A6011,A6008,457880,339000,52.94529464,-1.14008932,0.3,0.2,Counted,Manual count,S,122,147,17891,101,2427,234,84,41,12,19,57,446,21013
7351,2014,A60,Major,A6011,A6008,457880,339000,52.94529464,-1.14008932,0.3,0.2,Estimated,Estimated using AADF from previous year on this link,N,117,155,16146,75,2269,261,81,44,12,20,68,486,19132
7351,2014,A60,Major,A6011,A6008,457880,339000,52.94529464,-1.14008932,0.3,0.2,Estimated,Estimated using AADF from previous year on this link,S,118,157,17706,107,2764,247,96,46,13,18,64,485,21218
7351,2015,A60,Major,A6011,A6008,457880,339000,52.94529464,-1.14008932,0.3,0.2,Counted,Manual count,N,110,167,17187,63,1867,212,66,47,11,9,38,383,19667
7351,2015,A60,Major,A6011,A6008,457880,339000,52.94529464,-1.14008932,0.3,0.2,Counted,Manual count,S,92,177,17938,62,2192,253,75,55,1,7,42,433,20802
7351,2016,A60,Major,A6011,A6008,457880,339000,52.94529464,-1.14008932,0.3,0.2,Estimated,Estimated using AADF from previous year on this link,N,103,163,17456,59,2039,215,65,53,11,8,37,390,20107
7351,2016,A60,Major,A6011,A6008,457880,339000,52.94529464,-1.14008932,0.3,0.2,Estimated,Estimated using AADF from previous year on this link,S,86,174,18218,57,2395,256,75,63,1,6,41,442,21285
7351,2017,A60,Major,A6011,A6008,457880,339000,52.94529464,-1.14008932,0.3,0.2,Estimated,Estimated using AADF from previous year on this link,N,98,165,17327,55,2147,214,66,54,12,8,39,393,20086
7351,2017,A60,Major,A6011,A6008,457880,339000,52.94529464,-1.14008932,0.3,0.2,Estimated,Estimated using AADF from previous year on this link,S,82,175,18084,53,2521,255,76,64,1,6,43,444,21277
7351,2018,A60,Major,A6011,A6008,457880,339000,52.94529464,-1.14008932,0.3,0.2,Estimated,Estimated using AADF from previous year on this link,N,109,163,17136,50,2187,216,66,53,12,8,41,395,19931
7351,2018,A60,Major,A6011,A6008,457880,339000,52.94529464,-1.14008932,0.3,0.2,Estimated,Estimated using AADF from previous year on this link,S,91,173,17884,48,2568,257,75,62,1,6,45,447,21121
7351,2019,A60,Major,A6011,A6008,457880,339000,52.94529464,-1.14008932,0.3,0.2,Counted,Manual count,N,145,133,16599,71,2302,188,78,27,10,21,45,368,19473
7351,2019,A60,Major,A6011,A6008,457880,339000,52.94529464,-1.14008932,0.3,0.2,Counted,Manual count,S,105,147,13635,54,2485,212,80,45,9,28,44,418,16738
7351,2020,A60,Major,A6011,A6008,457880,339000,52.94529464,-1.14008932,0.3,0.2,Estimated,Estimated using AADF from previous year on this link,N,166,98,12608,45,2032,165,67,24,8,19,39,323,15106
7351,2020,A60,Major,A6011,A6008,457880,339000,52.94529464,-1.14008932,0.3,0.2,Estimated,Estimated using AADF from previous year on this link,S,120,109,10357,34,2193,186,70,40,8,25,38,367,13059
7351,2021,A60,Major,A6011,A6008,457880,339000,52.94529464,-1.14008932,0.3,0.2,Estimated,Estimated using AADF from previous year on this link,N,135,104,13890,46,2215,177,72,26,9,20,42,346,16602
7351,2021,A60,Major,A6011,A6008,457880,339000,52.94529464,-1.14008932,0.3,0.2,Estimated,Estimated using AADF from previous year on this link,S,98,115,11410,35,2391,199,75,44,8,27,41,393,14345
7351,2022,A60,Major,A6011,A6008,457880,339000,52.94529464,-1.14008932,0.3,0.2,Estimated,Estimated using AADF from previous year on this link,N,121,114,14836,50,2401,183,75,28,9,21,43,358,17759
7351,2022,A60,Major,A6011,A6008,457880,339000,52.94529464,-1.14008932,0.3,0.2,Estimated,Estimated using AADF from previous year on this link,S,88,126,12187,38,2592,206,77,46,8,27,42,408,15350
7351,2023,A60,Major,A6011,A6008,457880,339000,52.94529464,-1.14008932,0.3,0.2,Estimated,Estimated using AADF from previous year on this link,N,119,112,15115,50,2442,181,73,27,9,20,41,352,18072
7351,2023,A60,Major,A6011,A6008,457880,339000,52.94529464,-1.14008932,0.3,0.2,Estimated,Estimated using AADF from previous year on this link,S,86,124,12416,38,2636,204,76,46,9,27,40,401,15615
7351,2024,A60,Major,A6011,A6008,457880,339000,52.94529464,-1.14008932,0.3,0.2,Estimated,Estimated using AADF from previous year on this link,N,120,115,15344,50,2486,183,74,27,9,20,40,352,18348
7351,2024,A60,Major,A6011,A6008,457880,339000,52.94529464,-1.14008932,0.3,0.2,Estimated,Estimated using AADF from previous year on this link,S,87,128,12605,38,2683,207,76,45,8,26,39,401,15854
7351,2025,A60,Major,A6011,A6008,457880,339000,52.94529464,-1.14008932,0.3,0.2,Counted,Manual count,N,101,129,11496,21,1674,160,34,62,12,45,16,329,13648
7351,2025,A60,Major,A6011,A6008,457880,339000,52.94529464,-1.14008932,0.3,0.2,Counted,Manual count,S,126,161,15218,32,2344,176,68,89,13,45,26,417,18173
7874,2000,A611,Major,A6514,A6002,455060,345500,53.00401385,-1.18094678,4,2.5,Estimated,Estimated using AADF from previous year on this link,N,51,93,8302,77,1129,183,18,28,12,13,5,259,9860
7874,2000,A611,Major,A6514,A6002,455060,345500,53.00401385,-1.18094678,4,2.5,Estimated,Estimated using AADF from previous year on this link,S,50,89,7873,67,1065,177,19,17,19,13,5,250,9344
7874,2001,A611,Major,A6514,A6002,455060,345500,53.00401385,-1.18094678,4,2.5,Counted,Manual count,N,36,102,8693,100,1184,198,17,28,22,35,15,315,10394
7874,2001,A611,Major,A6514,A6002,455060,345500,53.00401385,-1.18094678,4,2.5,Counted,Manual count,S,43,122,8347,90,1071,185,13,22,17,22,12,271,9901
7874,2002,A611,Major,A6514,A6002,455060,345500,53.00401385,-1.18094678,4,2.5,Counted,Manual count,N,29,132,6671,135,802,183,33,24,15,20,14,289,8029
7874,2002,A611,Major,A6514,A6002,455060,345500,53.00401385,-1.18094678,4,2.5,Counted,Manual count,S,46,104,6477,140,804,141,23,16,14,15,8,217,7742
7874,2003,A611,Major,A6514,A6002,455060,345500,53.00401385,-1.18094678,4,2.5,Counted,Manual count,N,31,102,7167,128,1002,184,41,25,25,13,26,314,8713
7874,2003,A611,Major,A6514,A6002,455060,345500,53.00401385,-1.18094678,4,2.5,Counted,Manual count,S,28,85,6861,123,913,194,29,24,25,21,17,310,8292
7874,2004,A611,Major,A6514,A6002,455060,345500,53.00401385,-1.18094678,4,2.5,Counted,Manual count,N,17,107,7801,129,1118,156,27,29,30,26,9,277,9432
7874,2004,A611,Major,A6514,A6002,455060,345500,53.00401385,-1.18094678,4,2.5,Counted,Manual count,S,26,98,7461,116,970,176,35,29,21,25,12,298,8943
7874,2005,A611,Major,A6514,A6002,455060,345500,53.00401385,-1.18094678,4,2.5,Counted,Manual count,N,35,82,7052,109,932,157,22,16,15,8,10,228,8403
7874,2005,A611,Major,A6514,A6002,455060,345500,53.00401385,-1.18094678,4,2.5,Counted,Manual count,S,23,93,7568,118,1071,170,25,22,19,17,18,271,9121
7874,2006,A611,Major,A6514,A6002,455060,345500,53.00401385,-1.18094678,4,2.5,Counted,Manual count,N,16,114,8287,122,1204,199,24,50,13,27,10,323,10050
7874,2006,A611,Major,A6514,A6002,455060,345500,53.00401385,-1.18094678,4,2.5,Counted,Manual count,S,20,93,7514,112,1096,167,26,38,15,21,8,275,9090
7874,2007,A611,Major,A6514,A6002,455060,345500,53.00401385,-1.18094678,4,2.5,Counted,Manual count,N,40,112,7713,100,1274,212,47,36,16,29,19,359,9558
7874,2007,A611,Major,A6514,A6002,455060,345500,53.00401385,-1.18094678,4,2.5,Counted,Manual count,S,30,69,5641,96,850,175,34,23,9,31,11,283,6939
7874,2008,A611,Major,A6514,A6002,455060,345500,53.00401385,-1.18094678,4,2.5,Estimated,Estimated using AADF from previous year on this link,N,45,107,7543,87,1300,212,52,38,14,25,19,360,9397
7874,2008,A611,Major,A6514,A6002,455060,345500,53.00401385,-1.18094678,4,2.5,Estimated,Estimated using AADF from previous year on this link,S,34,66,5517,83,868,175,39,25,7,27,10,283,6817
7874,2009,A611,Major,A6514,A6002,455060,345500,53.00401385,-1.18094678,4,2.5,Estimated,Estimated using AADF from previous year on this link,N,45,119,7709,86,1319,193,51,36,13,22,18,333,9566
7874,2009,A611,Major,A6514,A6002,455060,345500,53.00401385,-1.18094678,4,2.5,Estimated,Estimated using AADF from previous year on this link,S,34,74,5638,82,881,159,39,24,6,23,10,261,6936
7874,2010,A611,Major,A6514,A6002,455060,345500,53.00401385,-1.18094678,4,2.5,Estimated,Estimated using AADF from previous year on this link,N,45,113,7663,97,1409,205,52,32,15,21,18,343,9625
7874,2010,A611,Major,A6514,A6002,455060,345500,53.00401385,-1.18094678,4,2.5,Estimated,Estimated using AADF from previous year on this link,S,34,70,5604,93,941,169,40,21,7,22,10,269,6977
7874,2011,A611,Major,A6514,A6002,455060,345500,53.00401385,-1.18094678,4,2.5,Estimated,Estimated using AADF from previous year on this link,N,50,95,7640,92,1572,208,57,37,12,22,20,356,9755
7874,2011,A611,Major,A6514,A6002,455060,345500,53.00401385,-1.18094678,4,2.5,Estimated,Estimated using AADF from previous year on this link,S,38,59,5587,88,1050,172,44,24,6,23,11,280,7064
7874,2012,A611,Major,A6514,A6002,455060,345500,53.00401385,-1.18094678,4,2.5,Estimated,Estimated using AADF from previous year on this link,N,47,91,7521,100,1591,210,62,42,8,20,19,362,9664
7874,2012,A611,Major,A6514,A6002,455060,345500,53.00401385,-1.18094678,4,2.5,Estimated,Estimated using AADF from previous year on this link,S,36,56,5500,96,1062,174,48,27,4,20,10,284,6999
7874,2013,A611,Major,A6514,A6002,455060,345500,53.00401385,-1.18094678,4,2.5,Counted,Manual count,N,44,84,7800,110,1076,152,30,71,7,16,11,287,9357
7874,2013,A611,Major,A6514,A6002,455060,345500,53.00401385,-1.18094678,4,2.5,Counted,Manual count,S,48,91,7447,109,1093,116,30,56,7,9,9,227,8965
7874,2014,A611,Major,A6514,A6002,455060,345500,53.00401385,-1.18094678,4,2.5,Estimated,Estimated using AADF from previous year on this link,N,43,81,8011,106,1151,155,34,78,6,13,10,296,9645
7874,2014,A611,Major,A6514,A6002,455060,345500,53.00401385,-1.18094678,4,2.5,Estimated,Estimated using AADF from previous year on this link,S,46,87,7649,105,1168,118,34,61,6,7,8,235,9244
7874,2015,A611,Major,A6514,A6002,455060,345500,53.00401385,-1.18094678,4,2.5,Estimated,Estimated using AADF from previous year on this link,N,40,71,8170,114,1207,147,34,74,7,13,10,285,9847
7874,2015,A611,Major,A6514,A6002,455060,345500,53.00401385,-1.18094678,4,2.5,Estimated,Estimated using AADF from previous year on this link,S,43,77,7800,113,1225,112,34,58,7,7,8,227,9442
7874,2016,A611,Major,A6514,A6002,455060,345500,53.00401385,-1.18094678,4,2.5,Estimated,Estimated using AADF from previous year on this link,N,37,70,8297,106,1318,150,34,83,7,11,9,295,10086
7874,2016,A611,Major,A6514,A6002,455060,345500,53.00401385,-1.18094678,4,2.5,Estimated,Estimated using AADF from previous year on this link,S,40,75,7922,105,1338,114,34,66,7,6,8,235,9675
7874,2017,A611,Major,A6514,A6002,455060,345500,53.00401385,-1.18094678,4,2.5,Counted,Manual count,N,61,69,7716,134,1195,170,19,31,5,16,21,261,9375
7874,2017,A611,Major,A6514,A6002,455060,345500,53.00401385,-1.18094678,4,2.5,Counted,Manual count,S,59,56,7470,132,1095,161,20,21,7,16,22,247,8999
7874,2018,A611,Major,A6514,A6002,455060,345500,53.00401385,-1.18094678,4,2.5,Estimated,Estimated using AADF from previous year on this link,N,67,69,7631,122,1217,171,19,30,5,16,22,263,9302
7874,2018,A611,Major,A6514,A6002,455060,345500,53.00401385,-1.18094678,4,2.5,Estimated,Estimated using AADF from previous year on this link,S,65,55,7388,119,1115,162,20,21,8,16,23,249,8927
7874,2019,A611,Major,A6514,A6002,455060,345500,53.00401385,-1.18094678,4,2.5,Estimated,Estimated using AADF from previous year on this link,N,74,64,7726,123,1206,169,19,31,5,17,22,262,9383
7874,2019,A611,Major,A6514,A6002,455060,345500,53.00401385,-1.18094678,4,2.5,Estimated,Estimated using AADF from previous year on this link,S,71,52,7481,121,1105,160,20,21,8,17,23,249,9007
7874,2020,A611,Major,A6514,A6002,455060,345500,53.00401385,-1.18094678,4,2.5,Estimated,Estimated using AADF from previous year on this link,N,84,48,5869,78,1065,149,16,27,4,15,19,231,7290
7874,2020,A611,Major,A6514,A6002,455060,345500,53.00401385,-1.18094678,4,2.5,Estimated,Estimated using AADF from previous year on this link,S,81,38,5682,76,975,141,17,19,7,15,20,218,6990
7874,2021,A611,Major,A6514,A6002,455060,345500,53.00401385,-1.18094678,4,2.5,Estimated,Estimated using AADF from previous year on this link,N,69,50,6466,80,1161,159,18,30,4,16,21,247,8005
7874,2021,A611,Major,A6514,A6002,455060,345500,53.00401385,-1.18094678,4,2.5,Estimated,Estimated using AADF from previous year on this link,S,67,40,6260,79,1063,151,19,20,7,16,22,234,7677
7874,2022,A611,Major,A6514,A6002,455060,345500,53.00401385,-1.18094678,4,2.5,Estimated,Estimated using AADF from previous year on this link,N,62,55,6906,86,1258,165,18,32,5,16,21,257,8562
7874,2022,A611,Major,A6514,A6002,455060,345500,53.00401385,-1.18094678,4,2.5,Estimated,Estimated using AADF from previous year on this link,S,60,44,6686,85,1153,156,19,22,7,16,22,242,8210
7874,2023,A611,Major,A6514,A6002,455060,345500,53.00401385,-1.18094678,4,2.5,Estimated,Estimated using AADF from previous year on this link,N,61,54,7036,87,1279,163,18,31,5,16,20,253,8709
7874,2023,A611,Major,A6514,A6002,455060,345500,53.00401385,-1.18094678,4,2.5,Estimated,Estimated using AADF from previous year on this link,S,59,44,6812,85,1172,154,19,21,7,16,21,239,8352
7874,2024,A611,Major,A6514,A6002,455060,345500,53.00401385,-1.18094678,4,2.5,Estimated,Estimated using AADF from previous year on this link,N,61,56,7143,88,1302,165,18,31,5,15,20,253,8842
7874,2024,A611,Major,A6514,A6002,455060,345500,53.00401385,-1.18094678,4,2.5,Estimated,Estimated using AADF from previous year on this link,S,59,45,6915,86,1193,156,19,21,7,15,21,239,8479
7874,2025,A611,Major,A6514,A6002,455060,345500,53.00401385,-1.18094678,4,2.5,Counted,Manual count,N,41,51,7768,87,1244,123,27,56,8,17,16,247,9397
7874,2025,A611,Major,A6514,A6002,455060,345500,53.00401385,-1.18094678,4,2.5,Counted,Manual count,S,32,40,7247,89,1151,105,31,43,6,17,17,218,8745
7875,2000,A6130,Major,A610,A60,456000,341270,52.96589693,-1.16767224,1.6,1,Estimated,Estimated using AADF from previous year on this link,E,115,66,9460,41,994,120,14,14,6,6,0,160,10721
7875,2000,A6130,Major,A610,A60,456000,341270,52.96589693,-1.16767224,1.6,1,Estimated,Estimated using AADF from previous year on this link,W,82,59,8901,51,858,100,14,20,7,9,0,150,10019
7875,2001,A6130,Major,A610,A60,456000,341270,52.96589693,-1.16767224,1.6,1,Counted,Manual count,E,88,156,8534,42,800,114,9,8,5,2,2,140,9672
7875,2001,A6130,Major,A610,A60,456000,341270,52.96589693,-1.16767224,1.6,1,Counted,Manual count,W,83,153,9682,100,906,103,7,7,5,5,4,131,10972
7875,2002,A6130,Major,A610,A60,456000,341270,52.96589693,-1.16767224,1.6,1,Estimated,Estimated using AADF from previous year on this link,E,92,158,8517,43,802,110,9,8,5,2,2,136,9656
7875,2002,A6130,Major,A610,A60,456000,341270,52.96589693,-1.16767224,1.6,1,Estimated,Estimated using AADF from previous year on this link,W,86,155,9663,102,908,99,7,7,5,4,4,126,10954
7875,2003,A6130,Major,A610,A60,456000,341270,52.96589693,-1.16767224,1.6,1,Estimated,Estimated using AADF from previous year on this link,E,82,177,8398,38,874,118,10,9,5,2,2,146,9633
7875,2003,A6130,Major,A610,A60,456000,341270,52.96589693,-1.16767224,1.6,1,Estimated,Estimated using AADF from previous year on this link,W,77,174,9528,91,990,106,8,8,5,4,4,135,10918
7875,2004,A6130,Major,A610,A60,456000,341270,52.96589693,-1.16767224,1.6,1,Counted,Manual count,E,79,53,7234,18,766,74,14,14,4,12,7,125,8196
7875,2004,A6130,Major,A610,A60,456000,341270,52.96589693,-1.16767224,1.6,1,Counted,Manual count,W,59,40,5397,11,545,60,12,10,3,5,2,92,6085
7875,2005,A6130,Major,A610,A60,456000,341270,52.96589693,-1.16767224,1.6,1,Counted,Manual count,E,79,50,6399,12,586,65,11,1,9,4,4,94,7141
7875,2005,A6130,Major,A610,A60,456000,341270,52.96589693,-1.16767224,1.6,1,Counted,Manual count,W,112,50,7895,12,761,95,14,4,7,7,14,141,8859
7875,2006,A6130,Major,A610,A60,456000,341270,52.96589693,-1.16767224,1.6,1,Estimated,Estimated using AADF from previous year on this link,E,123,52,6419,11,595,67,11,1,8,4,5,96,7173
7875,2006,A6130,Major,A610,A60,456000,341270,52.96589693,-1.16767224,1.6,1,Estimated,Estimated using AADF from previous year on this link,W,176,52,7918,11,773,97,14,5,7,7,15,145,8899
7875,2007,A6130,Major,A610,A60,456000,341270,52.96589693,-1.16767224,1.6,1,Estimated,Estimated using AADF from previous year on this link,E,77,42,6177,10,626,58,9,1,6,3,4,81,6936
7875,2007,A6130,Major,A610,A60,456000,341270,52.96589693,-1.16767224,1.6,1,Estimated,Estimated using AADF from previous year on this link,W,110,42,7621,10,813,85,12,5,5,5,12,124,8610
7875,2008,A6130,Major,A610,A60,456000,341270,52.96589693,-1.16767224,1.6,1,Estimated,Estimated using AADF from previous year on this link,E,86,40,6041,8,639,58,10,1,5,2,4,80,6808
7875,2008,A6130,Major,A610,A60,456000,341270,52.96589693,-1.16767224,1.6,1,Estimated,Estimated using AADF from previous year on this link,W,123,40,7453,8,830,85,14,5,4,4,12,124,8455
7875,2009,A6130,Major,A610,A60,456000,341270,52.96589693,-1.16767224,1.6,1,Estimated,Estimated using AADF from previous year on this link,E,86,45,6174,8,649,53,10,1,5,2,4,75,6951
7875,2009,A6130,Major,A610,A60,456000,341270,52.96589693,-1.16767224,1.6,1,Estimated,Estimated using AADF from previous year on this link,W,123,45,7617,8,842,77,14,5,4,3,12,115,8627
7875,2010,A6130,Major,A610,A60,456000,341270,52.96589693,-1.16767224,1.6,1,Estimated,Estimated using AADF from previous year on this link,E,87,43,6137,9,693,56,10,1,6,2,4,79,6961
7875,2010,A6130,Major,A610,A60,456000,341270,52.96589693,-1.16767224,1.6,1,Estimated,Estimated using AADF from previous year on this link,W,124,43,7571,9,899,82,14,4,5,3,12,120,8642
7875,2011,A6130,Major,A610,A60,456000,341270,52.96589693,-1.16767224,1.6,1,Estimated,Estimated using AADF from previous year on this link,E,96,36,6119,9,773,57,11,1,5,2,4,80,7017
7875,2011,A6130,Major,A610,A60,456000,341270,52.96589693,-1.16767224,1.6,1,Estimated,Estimated using AADF from previous year on this link,W,137,36,7548,9,1003,83,15,5,4,3,13,123,8719
7875,2012,A6130,Major,A610,A60,456000,341270,52.96589693,-1.16767224,1.6,1,Estimated,Estimated using AADF from previous year on this link,E,91,34,6024,10,782,58,12,1,3,2,4,80,6930
7875,2012,A6130,Major,A610,A60,456000,341270,52.96589693,-1.16767224,1.6,1,Estimated,Estimated using AADF from previous year on this link,W,130,34,7430,10,1015,84,16,6,3,3,12,124,8613
7875,2013,A6130,Major,A610,A60,456000,341270,52.96589693,-1.16767224,1.6,1,Counted,Manual count,E,70,75,6572,11,583,51,11,9,0,8,6,84,7325
7875,2013,A6130,Major,A610,A60,456000,341270,52.96589693,-1.16767224,1.6,1,Counted,Manual count,W,77,96,6374,21,445,69,21,20,6,12,4,131,7067
7875,2014,A6130,Major,A610,A60,456000,341270,52.96589693,-1.16767224,1.6,1,Estimated,Estimated using AADF from previous year on this link,E,68,72,6750,11,623,52,12,10,0,7,6,86,7541
7875,2014,A6130,Major,A610,A60,456000,341270,52.96589693,-1.16767224,1.6,1,Estimated,Estimated using AADF from previous year on this link,W,75,91,6546,20,476,71,23,22,5,10,3,134,7268
7875,2015,A6130,Major,A610,A60,456000,341270,52.96589693,-1.16767224,1.6,1,Estimated,Estimated using AADF from previous year on this link,E,63,63,6884,11,654,49,12,9,0,6,5,82,7694
7875,2015,A6130,Major,A610,A60,456000,341270,52.96589693,-1.16767224,1.6,1,Estimated,Estimated using AADF from previous year on this link,W,70,81,6676,22,499,67,24,21,6,9,3,130,7408
7875,2016,A6130,Major,A610,A60,456000,341270,52.96589693,-1.16767224,1.6,1,Estimated,Estimated using AADF from previous year on this link,E,59,62,6991,11,714,50,12,10,0,6,5,83,7861
7875,2016,A6130,Major,A610,A60,456000,341270,52.96589693,-1.16767224,1.6,1,Estimated,Estimated using AADF from previous year on this link,W,65,79,6780,20,545,68,23,23,6,8,3,133,7558
7875,2017,A6130,Major,A610,A60,456000,341270,52.96589693,-1.16767224,1.6,1,Estimated,Estimated using AADF from previous year on this link,E,56,62,6939,10,752,49,12,11,0,6,5,84,7847
7875,2017,A6130,Major,A610,A60,456000,341270,52.96589693,-1.16767224,1.6,1,Estimated,Estimated using AADF from previous year on this link,W,62,80,6730,19,574,68,24,24,7,8,3,133,7537
7875,2018,A6130,Major,A610,A60,456000,341270,52.96589693,-1.16767224,1.8,1.1,Estimated,Estimated using AADF from previous year on this link,E,62,62,6863,9,766,50,12,10,0,6,6,84,7784
7875,2018,A6130,Major,A610,A60,456000,341270,52.96589693,-1.16767224,1.8,1.1,Estimated,Estimated using AADF from previous year on this link,W,69,79,6656,17,585,68,24,23,7,8,3,134,7471
7875,2019,A6130,Major,A610,A60,456000,341270,52.96589693,-1.16767224,1.8,1.1,Estimated,Estimated using AADF from previous year on this link,E,68,58,6949,9,759,49,13,10,0,6,6,84,7859
7875,2019,A6130,Major,A610,A60,456000,341270,52.96589693,-1.16767224,1.8,1.1,Estimated,Estimated using AADF from previous year on this link,W,75,74,6740,17,580,68,24,23,7,9,3,134,7545
7875,2020,A6130,Major,A610,A60,456000,341270,52.96589693,-1.16767224,1.8,1.1,Estimated,Estimated using AADF from previous year on this link,E,78,43,5278,6,670,43,11,9,0,5,5,74,6071
7875,2020,A6130,Major,A610,A60,456000,341270,52.96589693,-1.16767224,1.8,1.1,Estimated,Estimated using AADF from previous year on this link,W,86,55,5119,11,512,59,21,21,6,8,3,118,5814
7875,2021,A6130,Major,A610,A60,456020,341275,52.96593979,-1.16737365,1.8,1.1,Counted,Manual count,E,120,51,7118,14,827,32,11,3,1,3,10,60,8070
7875,2021,A6130,Major,A610,A60,456020,341275,52.96593979,-1.16737365,1.8,1.1,Counted,Manual count,W,104,53,6970,19,906,34,12,1,3,5,7,62,8011
7875,2022,A6130,Major,A610,A60,456020,341275,52.96593979,-1.16737365,1.8,1.1,Estimated,Estimated using AADF from previous year on this link,E,108,56,7603,16,896,34,12,3,1,3,10,62,8632
7875,2022,A6130,Major,A610,A60,456020,341275,52.96593979,-1.16737365,1.8,1.1,Estimated,Estimated using AADF from previous year on this link,W,93,58,7445,21,983,35,13,1,3,5,8,64,8570
7875,2023,A6130,Major,A610,A60,456020,341275,52.96593979,-1.16737365,1.8,1.1,Estimated,Estimated using AADF from previous year on this link,E,106,55,7746,16,911,33,12,3,1,3,10,61,8789
7875,2023,A6130,Major,A610,A60,456020,341275,52.96593979,-1.16737365,1.8,1.1,Estimated,Estimated using AADF from previous year on this link,W,92,57,7585,21,999,35,12,1,3,5,7,63,8725
7875,2024,A6130,Major,A610,A60,456020,341275,52.96593979,-1.16737365,1.8,1.1,Estimated,Estimated using AADF from previous year on this link,E,107,56,7863,16,928,34,12,3,1,3,10,61,8924
7875,2024,A6130,Major,A610,A60,456020,341275,52.96593979,-1.16737365,1.8,1.1,Estimated,Estimated using AADF from previous year on this link,W,93,59,7700,21,1017,36,13,1,3,4,7,63,8860
7875,2025,A6130,Major,A610,A60,456020,341275,52.96593979,-1.16737365,1.8,1.1,Estimated,Estimated using AADF from previous year on this link,E,107,58,7872,15,947,33,12,3,1,3,10,61,8953
7875,2025,A6130,Major,A610,A60,456020,341275,52.96593979,-1.16737365,1.8,1.1,Estimated,Estimated using AADF from previous year on this link,W,93,60,7709,21,1038,35,13,1,3,4,7,63,8890
17297,2000,A610,Major,A6514/A610,A6130 Gregory Boulevard,455000,341300,52.96626983,-1.18255359,1.1,0.7,Estimated,Estimated using AADF from previous year on this link,N,85,85,14203,385,1920,271,49,27,28,26,37,438,17031
17297,2000,A610,Major,A6514/A610,A6130 Gregory Boulevard,455000,341300,52.96626983,-1.18255359,1.1,0.7,Estimated,Estimated using AADF from previous year on this link,S,61,77,13233,378,1991,248,40,24,29,16,17,374,16053
17297,2001,A610,Major,A6514/A610,A6130 Gregory Boulevard,455000,341300,52.96626983,-1.18255359,1.1,0.7,Counted,Manual count,N,105,139,12396,652,1680,270,35,22,25,34,20,406,15273
17297,2001,A610,Major,A6514/A610,A6130 Gregory Boulevard,455000,341300,52.96626983,-1.18255359,1.1,0.7,Counted,Manual count,S,109,142,15409,800,2127,328,50,20,14,22,14,448,18926
17297,2002,A610,Major,A6514/A610,A6130 Gregory Boulevard,455000,341300,52.96626983,-1.18255359,1.1,0.7,Estimated,Estimated using AADF from previous year on this link,N,109,141,12371,666,1683,260,36,23,23,30,22,394,15255
17297,2002,A610,Major,A6514/A610,A6130 Gregory Boulevard,455000,341300,52.96626983,-1.18255359,1.1,0.7,Estimated,Estimated using AADF from previous year on this link,S,113,144,15378,818,2131,316,52,21,13,19,15,436,18907
17297,2003,A610,Major,A6514/A610,A6130 Gregory Boulevard,455000,341300,52.96626983,-1.18255359,1.1,0.7,Estimated,Estimated using AADF from previous year on this link,N,97,158,12198,595,1834,279,41,27,22,27,24,420,15205
17297,2003,A610,Major,A6514/A610,A6130 Gregory Boulevard,455000,341300,52.96626983,-1.18255359,1.1,0.7,Estimated,Estimated using AADF from previous year on this link,S,101,162,15163,730,2323,339,59,25,12,17,17,469,18847
17297,2004,A610,Major,A6514/A610,A6130 Gregory Boulevard,455000,341300,52.96626983,-1.18255359,1.1,0.7,Counted,Manual count,N,86,145,14681,258,1824,223,39,16,32,33,14,357,17265
17297,2004,A610,Major,A6514/A610,A6130 Gregory Boulevard,455000,341300,52.96626983,-1.18255359,1.1,0.7,Counted,Manual count,S,82,132,13853,259,1722,197,44,17,15,14,19,306,16272
17297,2005,A610,Major,A6514/A610,A6130 Gregory Boulevard,455000,341300,52.96626983,-1.18255359,1.1,0.7,Estimated,Estimated using AADF from previous year on this link,N,73,146,14314,254,1871,214,37,16,28,29,14,338,16923
17297,2005,A610,Major,A6514/A610,A6130 Gregory Boulevard,455000,341300,52.96626983,-1.18255359,1.1,0.7,Estimated,Estimated using AADF from previous year on this link,S,70,133,13507,255,1766,189,41,18,13,12,20,293,15954
17297,2006,A610,Major,A6514/A610,A6130 Gregory Boulevard,455000,341300,52.96626983,-1.18255359,1.1,0.7,Estimated,Estimated using AADF from previous year on this link,N,115,152,14357,250,1901,219,37,17,25,26,15,339,16999
17297,2006,A610,Major,A6514/A610,A6130 Gregory Boulevard,455000,341300,52.96626983,-1.18255359,1.1,0.7,Estimated,Estimated using AADF from previous year on this link,S,109,139,13547,251,1795,194,41,19,12,10,22,298,16030
17297,2007,A610,Major,A6514/A610,A6130 Gregory Boulevard,455000,341300,52.96626983,-1.18255359,1.1,0.7,Estimated,Estimated using AADF from previous year on this link,N,72,154,13682,240,2074,216,36,19,22,24,16,333,16483
17297,2007,A610,Major,A6514/A610,A6130 Gregory Boulevard,455000,341300,52.96626983,-1.18255359,1.1,0.7,Estimated,Estimated using AADF from previous year on this link,S,68,140,12911,241,1958,191,40,21,10,10,22,294,15544
17297,2008,A610,Major,A6514,A6130,455000,341300,52.96626983,-1.18255359,1.1,0.7,Counted,Manual count,N,181,78,12562,304,1695,168,51,12,16,20,20,287,14926
17297,2008,A610,Major,A6514,A6130,455000,341300,52.96626983,-1.18255359,1.1,0.7,Counted,Manual count,S,165,102,11830,272,1661,151,31,10,16,27,24,259,14124
17297,2009,A610,Major,A6514,A6130,455000,341300,52.96626983,-1.18255359,1.1,0.7,Estimated,Estimated using AADF from previous year on this link,N,181,74,12361,297,1836,162,53,12,15,18,20,280,14848
17297,2009,A610,Major,A6514,A6130,455000,341300,52.96626983,-1.18255359,1.1,0.7,Estimated,Estimated using AADF from previous year on this link,S,165,96,11641,266,1799,145,32,10,15,24,24,250,14052
17297,2010,A610,Major,A6514,A6130,455000,341300,52.96626983,-1.18255359,1.1,0.7,Counted,Manual count,N,144,125,12225,315,1711,147,37,13,4,14,25,240,14616
17297,2010,A610,Major,A6514,A6130,455000,341300,52.96626983,-1.18255359,1.1,0.7,Counted,Manual count,S,140,125,12424,309,1754,148,26,12,3,12,19,220,14832
17297,2011,A610,Major,A6514,A6130,455000,341300,52.96626983,-1.18255359,1.1,0.7,Estimated,Estimated using AADF from previous year on this link,N,159,132,12164,315,1764,146,40,15,3,14,26,244,14619
17297,2011,A610,Major,A6514,A6130,455000,341300,52.96626983,-1.18255359,1.1,0.7,Estimated,Estimated using AADF from previous year on this link,S,154,132,12362,309,1808,147,28,13,2,12,20,222,14833
17297,2012,A610,Major,A6514,A6130,455000,341300,52.96626983,-1.18255359,1.1,0.7,Estimated,Estimated using AADF from previous year on this link,N,150,119,12112,339,1694,129,38,15,2,13,26,223,14487
17297,2012,A610,Major,A6514,A6130,455000,341300,52.96626983,-1.18255359,1.1,0.7,Estimated,Estimated using AADF from previous year on this link,S,146,119,12310,332,1736,130,27,13,1,11,20,202,14699
17297,2013,A610,Major,A6514,A6130,455000,341300,52.96626983,-1.18255359,1.1,0.7,Estimated,Estimated using AADF from previous year on this link,N,148,119,12044,319,1713,129,41,17,2,12,26,226,14421
17297,2013,A610,Major,A6514,A6130,455000,341300,52.96626983,-1.18255359,1.1,0.7,Estimated,Estimated using AADF from previous year on this link,S,144,119,12240,312,1756,130,29,15,1,10,20,204,14632
17297,2014,A610,Major,A6514,A6130,455000,341300,52.96626983,-1.18255359,1.1,0.7,Counted,Manual count,N,160,102,12493,337,1791,136,41,42,13,17,16,265,14987
17297,2014,A610,Major,A6514,A6130,455000,341300,52.96626983,-1.18255359,1.1,0.7,Counted,Manual count,S,124,90,11761,319,1540,124,32,40,9,14,23,242,13952
17297,2015,A610,Major,A6514,A6130,455000,341300,52.96626983,-1.18255359,1.1,0.7,Estimated,Estimated using AADF from previous year on this link,N,149,104,12264,334,1883,132,43,41,16,17,15,265,14849
17297,2015,A610,Major,A6514,A6130,455000,341300,52.96626983,-1.18255359,1.1,0.7,Estimated,Estimated using AADF from previous year on this link,S,115,91,11545,316,1619,121,34,39,11,14,22,241,13813
17297,2016,A610,Major,A6514,A6130,455000,341300,52.96626983,-1.18255359,1.1,0.7,Estimated,Estimated using AADF from previous year on this link,N,138,101,12455,309,2057,134,43,46,17,15,15,270,15192
17297,2016,A610,Major,A6514,A6130,455000,341300,52.96626983,-1.18255359,1.1,0.7,Estimated,Estimated using AADF from previous year on this link,S,107,89,11725,293,1769,123,34,44,11,12,22,246,14122
17297,2017,A610,Major,A6514,A6130,455000,341300,52.96626983,-1.18255359,1.1,0.7,Estimated,Estimated using AADF from previous year on this link,N,133,102,12363,289,2166,133,44,47,17,15,16,272,15192
17297,2017,A610,Major,A6514,A6130,455000,341300,52.96626983,-1.18255359,1.1,0.7,Estimated,Estimated using AADF from previous year on this link,S,103,90,11639,274,1862,122,34,45,11,12,23,248,14113
17297,2018,A610,Major,A6514,A6130,455000,341300,52.96626983,-1.18255359,1.2,0.7,Counted,Manual count,N,138,107,10980,290,1573,176,36,14,11,31,26,293,13243
17297,2018,A610,Major,A6514,A6130,455000,341300,52.96626983,-1.18255359,1.2,0.7,Counted,Manual count,S,91,75,11343,311,1553,166,34,15,12,19,19,264,13546
17297,2019,A610,Major,A6514,A6130,455000,341300,52.96626983,-1.18255359,1.2,0.7,Estimated,Estimated using AADF from previous year on this link,N,151,100,11118,293,1559,174,36,14,11,31,26,293,13363
17297,2019,A610,Major,A6514,A6130,455000,341300,52.96626983,-1.18255359,1.2,0.7,Estimated,Estimated using AADF from previous year on this link,S,100,70,11485,314,1539,164,35,15,12,19,19,263,13672
17297,2020,A610,Major,A6514,A6130,455000,341300,52.96626983,-1.18255359,1.2,0.7,Estimated,Estimated using AADF from previous year on this link,N,173,74,8445,185,1376,153,32,13,9,28,23,257,10337
17297,2020,A610,Major,A6514,A6130,455000,341300,52.96626983,-1.18255359,1.2,0.7,Estimated,Estimated using AADF from previous year on this link,S,114,52,8724,198,1359,144,30,13,10,17,16,231,10564
17297,2021,A610,Major,A6514,A6130,455000,341300,52.96626983,-1.18255359,1.2,0.7,Estimated,Estimated using AADF from previous year on this link,N,141,78,9304,191,1500,164,34,14,10,30,24,276,11349
17297,2021,A610,Major,A6514,A6130,455000,341300,52.96626983,-1.18255359,1.2,0.7,Estimated,Estimated using AADF from previous year on this link,S,93,55,9611,205,1481,154,32,15,11,18,18,248,11600
17297,2022,A610,Major,A6514,A6130,455000,341300,52.96626983,-1.18255359,1.2,0.7,Counted,Manual count,N,185,115,10573,205,1613,87,30,14,8,15,23,177,12682
17297,2022,A610,Major,A6514,A6130,455000,341300,52.96626983,-1.18255359,1.2,0.7,Counted,Manual count,S,166,84,10221,210,1560,81,24,12,7,9,24,157,12232
17297,2023,A610,Major,A6514,A6130,455000,341300,52.96626983,-1.18255359,1.2,0.7,Estimated,Estimated using AADF from previous year on this link,N,182,113,10772,207,1640,86,29,13,8,15,22,174,12905
17297,2023,A610,Major,A6514,A6130,455000,341300,52.96626983,-1.18255359,1.2,0.7,Estimated,Estimated using AADF from previous year on this link,S,163,82,10413,212,1586,80,24,12,7,8,23,154,12448
17297,2024,A610,Major,A6514,A6130,455000,341300,52.96626983,-1.18255359,1.2,0.7,Estimated,Estimated using AADF from previous year on this link,N,184,117,10935,207,1669,88,29,13,8,15,22,174,13102
17297,2024,A610,Major,A6514,A6130,455000,341300,52.96626983,-1.18255359,1.2,0.7,Estimated,Estimated using AADF from previous year on this link,S,165,85,10571,213,1615,81,24,11,7,8,23,154,12638
17297,2025,A610,Major,A6514,A6130,455000,341300,52.96626983,-1.18255359,1.2,0.7,Estimated,Estimated using AADF from previous year on this link,N,184,119,10948,203,1704,87,29,13,8,14,21,173,13146
17297,2025,A610,Major,A6514,A6130,455000,341300,52.96626983,-1.18255359,1.2,0.7,Estimated,Estimated using AADF from previous year on this link,S,165,87,10584,208,1648,80,24,12,7,8,22,153,12680
17303,2000,A6514,Major,A610,A611,456000,343400,52.98504154,-1.16730383,2.6,1.6,Counted,Manual count,E,81,210,13959,67,1743,254,25,44,32,55,26,436,16415
17303,2000,A6514,Major,A610,A611,456000,343400,52.98504154,-1.16730383,2.6,1.6,Counted,Manual count,W,69,141,13234,59,1624,208,32,42,27,48,25,382,15440
17303,2001,A6514,Major,A610,A611,456000,343400,52.98504154,-1.16730383,2.6,1.6,Estimated,Estimated using AADF from previous year on this link,E,78,218,14238,68,1736,249,29,44,28,47,29,426,16686
17303,2001,A6514,Major,A610,A611,456000,343400,52.98504154,-1.16730383,2.6,1.6,Estimated,Estimated using AADF from previous year on this link,W,66,146,13499,60,1618,204,37,42,24,41,28,376,15699
17303,2002,A6514,Major,A610,A611,456000,343400,52.98504154,-1.16730383,2.6,1.6,Counted,Manual count,E,101,208,14553,68,1617,267,47,27,27,31,36,435,16881
17303,2002,A6514,Major,A610,A611,456000,343400,52.98504154,-1.16730383,2.6,1.6,Counted,Manual count,W,82,191,13537,61,1697,237,33,28,28,41,27,394,15880
17303,2003,A6514,Major,A610,A611,456000,343400,52.98504154,-1.16730383,2.6,1.6,Estimated,Estimated using AADF from previous year on this link,E,90,233,14349,61,1763,286,53,32,26,28,40,465,16871
17303,2003,A6514,Major,A610,A611,456000,343400,52.98504154,-1.16730383,2.6,1.6,Estimated,Estimated using AADF from previous year on this link,W,73,214,13347,54,1850,254,37,33,27,36,30,417,15882
17303,2004,A6514,Major,A610,A611,456000,343400,52.98504154,-1.16730383,2.6,1.6,Counted,Manual count,E,111,124,13669,56,1576,269,34,20,38,72,23,456,15881
17303,2004,A6514,Major,A610,A611,456000,343400,52.98504154,-1.16730383,2.6,1.6,Counted,Manual count,W,98,153,14776,54,1821,255,32,31,37,46,54,455,17259
17303,2005,A6514,Major,A610,A611,456000,343400,52.98504154,-1.16730383,2.6,1.6,Estimated,Estimated using AADF from previous year on this link,E,94,125,13327,55,1617,258,32,20,33,63,24,430,15554
17303,2005,A6514,Major,A610,A611,456000,343400,52.98504154,-1.16730383,2.6,1.6,Estimated,Estimated using AADF from previous year on this link,W,83,154,14407,53,1868,245,30,31,33,40,57,436,16918
17303,2006,A6514,Major,A610,A611,456000,343400,52.98504154,-1.16730383,2.6,1.6,Counted,Manual count,E,85,151,13992,93,1928,190,46,40,26,52,21,375,16539
17303,2006,A6514,Major,A610,A611,456000,343400,52.98504154,-1.16730383,2.6,1.6,Counted,Manual count,W,76,150,13533,85,1973,210,37,24,5,29,37,342,16083
17303,2007,A6514,Major,A610,A611,456000,343400,52.98504154,-1.16730383,2.6,1.6,Estimated,Estimated using AADF from previous year on this link,E,53,152,13335,89,2104,188,45,44,22,50,21,370,16050
17303,2007,A6514,Major,A610,A611,456000,343400,52.98504154,-1.16730383,2.6,1.6,Estimated,Estimated using AADF from previous year on this link,W,48,151,12897,82,2152,207,36,26,4,27,37,337,15619
17303,2008,A6514,Major,A610,A611,456000,343400,52.98504154,-1.16730383,2.6,1.6,Counted,Manual count,E,195,146,13013,81,1889,221,47,27,22,26,26,369,15498
17303,2008,A6514,Major,A610,A611,456000,343400,52.98504154,-1.16730383,2.6,1.6,Counted,Manual count,W,150,133,11342,62,1812,194,32,16,18,32,28,320,13669
17303,2009,A6514,Major,A610,A611,456000,343400,52.98504154,-1.16730383,2.6,1.6,Estimated,Estimated using AADF from previous year on this link,E,195,138,12805,79,2046,213,49,27,21,23,26,359,15427
17303,2009,A6514,Major,A610,A611,456000,343400,52.98504154,-1.16730383,2.6,1.6,Estimated,Estimated using AADF from previous year on this link,W,150,126,11161,61,1962,187,34,16,17,28,28,310,13620
17303,2010,A6514,Major,A610,A611,456000,343400,52.98504154,-1.16730383,2.6,1.6,Counted,Manual count,E,76,105,13334,121,1156,188,45,36,8,30,22,329,15045
17303,2010,A6514,Major,A610,A611,456000,343400,52.98504154,-1.16730383,2.6,1.6,Counted,Manual count,W,105,137,13489,73,2042,219,31,31,9,32,21,343,16084
17303,2011,A6514,Major,A610,A611,456000,343400,52.98504154,-1.16730383,2.6,1.6,Estimated,Estimated using AADF from previous year on this link,E,84,111,13267,121,1192,187,48,40,6,30,23,334,15025
17303,2011,A6514,Major,A610,A611,456000,343400,52.98504154,-1.16730383,2.6,1.6,Estimated,Estimated using AADF from previous year on this link,W,116,145,13422,73,2105,218,33,35,7,32,22,347,16092
17303,2012,A6514,Major,A610,A611,456000,343400,52.98504154,-1.16730383,2.6,1.6,Counted,Manual count,E,188,103,12972,36,1806,134,23,23,20,26,19,246,15163
17303,2012,A6514,Major,A610,A611,456000,343400,52.98504154,-1.16730383,2.6,1.6,Counted,Manual count,W,167,109,12475,56,1736,179,21,21,26,25,21,292,14668
17303,2013,A6514,Major,A610,A611,456000,343400,52.98504154,-1.16730383,2.6,1.6,Estimated,Estimated using AADF from previous year on this link,E,186,104,12898,34,1827,133,25,26,15,25,19,243,15106
17303,2013,A6514,Major,A610,A611,456000,343400,52.98504154,-1.16730383,2.6,1.6,Estimated,Estimated using AADF from previous year on this link,W,165,109,12405,52,1756,178,22,23,19,23,21,287,14609
17303,2014,A6514,Major,A610,A611,456000,343400,52.98504154,-1.16730383,2.6,1.6,Estimated,Estimated using AADF from previous year on this link,E,180,110,12765,36,2080,141,29,30,16,24,22,261,15251
17303,2014,A6514,Major,A610,A611,456000,343400,52.98504154,-1.16730383,2.6,1.6,Estimated,Estimated using AADF from previous year on this link,W,160,116,12276,56,2000,188,26,26,21,22,24,307,14754
17303,2015,A6514,Major,A610,A611,456000,343400,52.98504154,-1.16730383,2.6,1.6,Estimated,Estimated using AADF from previous year on this link,E,168,112,12530,35,2188,137,30,29,19,24,21,260,15126
17303,2015,A6514,Major,A610,A611,456000,343400,52.98504154,-1.16730383,2.6,1.6,Estimated,Estimated using AADF from previous year on this link,W,149,118,12051,55,2103,183,27,26,25,22,23,306,14633
17303,2016,A6514,Major,A610,A611,456000,343400,52.98504154,-1.16730383,2.6,1.6,Estimated,Estimated using AADF from previous year on this link,E,156,109,12726,33,2390,139,30,33,20,21,21,263,15522
17303,2016,A6514,Major,A610,A611,456000,343400,52.98504154,-1.16730383,2.6,1.6,Estimated,Estimated using AADF from previous year on this link,W,138,115,12239,51,2298,186,27,29,26,20,23,310,15012
17303,2017,A6514,Major,A610,A611,456000,343400,52.98504154,-1.16730383,2.6,1.6,Counted,Manual count,E,169,128,12262,65,1845,141,39,39,13,32,26,289,14589
17303,2017,A6514,Major,A610,A611,456000,343400,52.98504154,-1.16730383,2.6,1.6,Counted,Manual count,W,161,127,12051,70,1887,177,38,30,6,21,41,314,14450
17303,2018,A6514,Major,A610,A611,456000,343400,52.98504154,-1.16730383,2.6,1.6,Estimated,Estimated using AADF from previous year on this link,E,186,127,12127,59,1880,142,38,37,13,33,27,291,14483
17303,2018,A6514,Major,A610,A611,456000,343400,52.98504154,-1.16730383,2.6,1.6,Estimated,Estimated using AADF from previous year on this link,W,178,126,11918,64,1923,179,37,30,7,22,42,317,14348
17303,2019,A6514,Major,A610,A611,456000,343400,52.98504154,-1.16730383,2.6,1.6,Estimated,Estimated using AADF from previous year on this link,E,204,119,12279,59,1863,140,39,38,13,34,27,291,14612
17303,2019,A6514,Major,A610,A611,456000,343400,52.98504154,-1.16730383,2.6,1.6,Estimated,Estimated using AADF from previous year on this link,W,196,118,12068,65,1906,177,38,30,7,22,42,316,14473
17303,2020,A6514,Major,A610,A611,456000,343400,52.98504154,-1.16730383,2.6,1.6,Estimated,Estimated using AADF from previous year on this link,E,234,88,9327,37,1644,123,34,34,12,30,24,256,11353
17303,2020,A6514,Major,A610,A611,456000,343400,52.98504154,-1.16730383,2.6,1.6,Estimated,Estimated using AADF from previous year on this link,W,224,87,9167,41,1682,155,33,27,6,20,37,278,11254
17303,2021,A6514,Major,A610,A611,456073,343426,52.98526762,-1.16621211,2.6,1.6,Counted,Manual count,E,165,139,11107,37,2421,145,34,47,16,11,45,298,14002
17303,2021,A6514,Major,A610,A611,456073,343426,52.98526762,-1.16621211,2.6,1.6,Counted,Manual count,W,141,135,11220,45,2379,136,36,43,10,10,63,298,14076
17303,2022,A6514,Major,A610,A611,456073,343426,52.98526762,-1.16621211,2.6,1.6,Estimated,Estimated using AADF from previous year on this link,E,147,152,11864,40,2624,150,35,49,17,12,46,309,14988
17303,2022,A6514,Major,A610,A611,456073,343426,52.98526762,-1.16621211,2.6,1.6,Estimated,Estimated using AADF from previous year on this link,W,126,147,11984,49,2579,140,38,46,10,11,64,309,15067
17303,2023,A6514,Major,A610,A611,456073,343426,52.98526762,-1.16621211,2.6,1.6,Estimated,Estimated using AADF from previous year on this link,E,145,150,12087,40,2669,148,34,49,17,11,44,304,15249
17303,2023,A6514,Major,A610,A611,456073,343426,52.98526762,-1.16621211,2.6,1.6,Estimated,Estimated using AADF from previous year on this link,W,124,145,12209,49,2623,139,37,45,10,10,62,303,15329
17303,2024,A6514,Major,A610,A611,456073,343426,52.98526762,-1.16621211,2.6,1.6,Estimated,Estimated using AADF from previous year on this link,E,147,154,12270,40,2717,150,35,48,17,11,43,303,15484
17303,2024,A6514,Major,A610,A611,456073,343426,52.98526762,-1.16621211,2.6,1.6,Estimated,Estimated using AADF from previous year on this link,W,125,150,12394,49,2669,141,37,44,10,10,60,302,15564
17303,2025,A6514,Major,A610,A611,456073,343426,52.98526762,-1.16621211,2.6,1.6,Counted,Manual count,E,122,93,11888,50,1787,122,27,31,14,20,40,254,14071
17303,2025,A6514,Major,A610,A611,456073,343426,52.98526762,-1.16621211,2.6,1.6,Counted,Manual count,W,105,97,13761,47,2086,122,43,33,17,13,69,296,16287
17304,2000,A52,Major,A6005 Abbey Street,Queens Drive,455600,338000,52.93654724,-1.17418699,1.6,1,Counted,Manual count,N,37,203,33175,146,4371,898,122,58,244,292,144,1758,39653
17304,2000,A52,Major,A6005 Abbey Street,Queens Drive,455600,338000,52.93654724,-1.17418699,1.6,1,Counted,Manual count,S,57,200,33112,152,4334,987,133,76,209,307,148,1860,39658
17304,2001,A52,Major,A6005 Abbey Street,Queens Drive,455600,338000,52.93654724,-1.17418699,1.6,1,Counted,Manual count,N,100,187,31038,190,3910,1034,145,67,189,237,117,1789,37114
17304,2001,A52,Major,A6005 Abbey Street,Queens Drive,455600,338000,52.93654724,-1.17418699,1.6,1,Counted,Manual count,S,94,176,32033,186,3940,958,129,61,153,184,138,1623,37958
17304,2002,A52,Major,A6005 Abbey Street,Queens Drive,455600,338000,52.93654724,-1.17418699,1.6,1,Estimated,Estimated using AADF from previous year on this link,N,104,189,30976,194,3918,996,151,70,172,206,128,1723,37000
17304,2002,A52,Major,A6005 Abbey Street,Queens Drive,455600,338000,52.93654724,-1.17418699,1.6,1,Estimated,Estimated using AADF from previous year on this link,S,98,178,31969,190,3948,923,134,64,139,160,151,1571,37856
17304,2003,A52,Major,A6005 Abbey Street,Queens Drive,455600,338000,52.93654724,-1.17418699,1.6,1,Counted,Manual count,N,254,340,30775,104,3943,837,109,83,142,259,154,1584,36746
17304,2003,A52,Major,A6005 Abbey Street,Queens Drive,455600,338000,52.93654724,-1.17418699,1.6,1,Counted,Manual count,S,238,381,33312,117,4322,874,117,99,130,258,194,1672,39804
17304,2004,A52,Major,A6005 Abbey Street,Queens Drive,455600,338000,52.93654724,-1.17418699,1.6,1,Estimated,Estimated using AADF from previous year on this link,N,206,299,30837,97,3907,841,116,91,135,228,168,1579,36719
17304,2004,A52,Major,A6005 Abbey Street,Queens Drive,455600,338000,52.93654724,-1.17418699,1.6,1,Estimated,Estimated using AADF from previous year on this link,S,193,336,33378,109,4283,878,124,109,123,228,213,1675,39781
17304,2005,A52,Major,A6005 Abbey Street,Queens Drive,455600,338000,52.93654724,-1.17418699,1.6,1,Counted,Manual count,N,103,268,32268,173,3723,875,146,72,101,180,225,1599,38031
17304,2005,A52,Major,A6005 Abbey Street,Queens Drive,455600,338000,52.93654724,-1.17418699,1.6,1,Counted,Manual count,S,150,335,34289,171,4727,800,119,67,163,232,168,1549,41071
17304,2006,A52,Major,A6005 Abbey Street,Queens Drive,455600,338000,52.93654724,-1.17418699,1.6,1,Estimated,Estimated using AADF from previous year on this link,N,161,279,32365,170,3783,895,145,78,92,161,244,1615,38212
17304,2006,A52,Major,A6005 Abbey Street,Queens Drive,455600,338000,52.93654724,-1.17418699,1.6,1,Estimated,Estimated using AADF from previous year on this link,S,234,349,34392,169,4803,819,119,73,148,208,182,1549,41262
17304,2007,A52,Major,A6005 Abbey Street,Queens Drive,455600,338000,52.93654724,-1.17418699,1.6,1,Counted,Manual count,N,147,262,26511,196,4016,790,149,93,73,117,247,1469,32454
17304,2007,A52,Major,A6005 Abbey Street,Queens Drive,455600,338000,52.93654724,-1.17418699,1.6,1,Counted,Manual count,S,112,246,26824,174,4129,581,135,189,157,170,188,1420,32793
17304,2008,A52,Major,A6005 ,A453 Queens Drive,455600,338000,52.93654724,-1.17418699,1.6,1,Estimated,Estimated using AADF from previous year on this link,N,164,244,26007,198,4204,758,161,95,64,103,241,1422,32075
17304,2008,A52,Major,A6005 ,A453 Queens Drive,455600,338000,52.93654724,-1.17418699,1.6,1,Estimated,Estimated using AADF from previous year on this link,S,126,230,26314,176,4323,557,146,192,137,149,183,1364,32407
17304,2009,A52,Major,A6005 ,A453 Queens Drive,455600,338000,52.93654724,-1.17418699,1.6,1,Counted,Manual count,N,183,310,31776,133,4600,506,101,85,98,177,188,1155,37974
17304,2009,A52,Major,A6005 ,A453 Queens Drive,455600,338000,52.93654724,-1.17418699,1.6,1,Counted,Manual count,S,123,316,34705,261,4882,552,106,69,74,146,262,1209,41373
17304,2010,A52,Major,A6005 ,A453 Queens Drive,455600,338000,52.93654724,-1.17418699,1.6,1,Counted,Manual count,N,145,227,29152,274,3996,507,137,75,35,87,262,1103,34752
17304,2010,A52,Major,A6005 ,A453 Queens Drive,455600,338000,52.93654724,-1.17418699,1.6,1,Counted,Manual count,S,167,263,33272,384,4868,673,117,65,71,170,189,1285,40072
17304,2011,A52,Major,A6005 ,A453 Queens Drive,455600,338000,52.93654724,-1.17418699,1.6,1,Counted,Manual count,N,139,269,26769,176,4731,552,122,96,55,116,294,1235,33180
17304,2011,A52,Major,A6005 ,A453 Queens Drive,455600,338000,52.93654724,-1.17418699,1.6,1,Counted,Manual count,S,202,276,30991,229,5020,549,122,98,64,225,196,1254,37770
17304,2012,A52,Major,A6005,A453 Queens Drive,455600,338000,52.93654724,-1.17418699,1.6,1,Counted,Manual count,N,211,221,29077,199,3926,479,109,109,44,193,166,1102,34524
17304,2012,A52,Major,A6005,A453 Queens Drive,455600,338000,52.93654724,-1.17418699,1.6,1,Counted,Manual count,S,200,270,33420,228,5332,631,127,146,51,220,176,1351,40602
17304,2013,A52,Major,A6005,A453 Queens Drive,455600,338000,52.93654724,-1.17418699,1.6,1,Counted,Manual count,N,0,302,29219,237,5275,601,116,132,104,118,233,1303,36336
17304,2013,A52,Major,A6005,A453 Queens Drive,455600,338000,52.93654724,-1.17418699,1.6,1,Counted,Manual count,S,37,300,31207,241,5382,611,123,133,60,95,304,1327,38458
17304,2014,A52,Major,A6005,A453 Queens Drive,455600,338000,52.93654724,-1.17418699,1.6,1,Counted,Manual count,N,143,302,30062,207,5309,614,156,148,38,55,388,1399,37280
17304,2014,A52,Major,A6005,A453 Queens Drive,455600,338000,52.93654724,-1.17418699,1.6,1,Counted,Manual count,S,110,296,32003,219,5498,629,156,159,43,67,353,1407,39424
17304,2015,A52,Major,A6005,A453 Queens Drive,455600,338000,52.93654724,-1.17418699,1.6,1,Counted,Manual count,N,252,280,29369,198,4615,741,129,120,58,135,330,1512,35974
17304,2015,A52,Major,A6005,A453 Queens Drive,455600,338000,52.93654724,-1.17418699,1.6,1,Counted,Manual count,S,237,282,32275,206,5019,763,111,133,46,138,361,1551,39332
17304,2016,A52,Major,A6005,A453 Queens Drive,455600,338000,52.93654724,-1.17418699,1.6,1,Estimated,Estimated using AADF from previous year on this link,N,300,291,30248,202,4984,786,125,136,61,130,345,1582,37307
17304,2016,A52,Major,A6005,A453 Queens Drive,455600,338000,52.93654724,-1.17418699,1.6,1,Estimated,Estimated using AADF from previous year on this link,S,282,293,33241,210,5420,810,108,150,48,132,377,1625,40788
17304,2017,A52,Major,A6005,A453 Queens Drive,455600,338000,52.93654724,-1.17418699,1.6,1,Counted,Automatic counter,N,315,300,30970,212,5439,841,129,150,64,135,364,1683,38605
17304,2017,A52,Major,A6005,A453 Queens Drive,455600,338000,52.93654724,-1.17418699,1.6,1,Counted,Automatic counter,S,288,294,32996,214,5734,840,108,161,48,134,386,1677,40915
17304,2018,A52,Major,A6005,A453 Queens Drive,455600,338000,52.93654724,-1.17418699,1.6,1,Estimated,Estimated using AADF from previous year on this link,N,324,315,30865,206,5695,857,130,154,64,137,367,1709,38790
17304,2018,A52,Major,A6005,A453 Queens Drive,455600,338000,52.93654724,-1.17418699,1.6,1,Estimated,Estimated using AADF from previous year on this link,S,295,308,32884,207,6004,855,109,165,49,136,389,1703,41107
17304,2019,A52,Major,A6005,A453 Queens Drive,455600,338000,52.93654724,-1.17418699,1.6,1,Estimated,Estimated using AADF from previous year on this link,N,362,311,31916,206,5685,821,129,158,66,143,393,1710,39828
17304,2019,A52,Major,A6005,A453 Queens Drive,455600,338000,52.93654724,-1.17418699,1.6,1,Estimated,Estimated using AADF from previous year on this link,S,330,305,34004,207,5993,820,108,170,50,141,417,1705,42214
17304,2020,A52,Major,A6005,A453 Queens Drive,455600,338000,52.93654724,-1.17418699,1.6,1,Estimated,Estimated using AADF from previous year on this link,N,414,231,23513,134,5041,738,111,145,59,130,349,1532,30451
17304,2020,A52,Major,A6005,A453 Queens Drive,455600,338000,52.93654724,-1.17418699,1.6,1,Estimated,Estimated using AADF from previous year on this link,S,377,226,25051,135,5314,737,93,156,45,129,370,1529,32256
17304,2021,A52,Major,A6005,A453 Queens Drive,455600,338000,52.93654724,-1.17418699,1.6,1,Counted,Manual count,N,211,215,26128,139,6057,531,128,164,49,293,265,1430,33969
17304,2021,A52,Major,A6005,A453 Queens Drive,455600,338000,52.93654724,-1.17418699,1.6,1,Counted,Manual count,S,91,217,27663,158,6202,530,119,164,56,307,230,1406,35646
17304,2022,A52,Major,A6005,A453 Queens Drive,455600,338000,52.93654724,-1.17418699,1.6,1,Counted,Manual count,N,84,246,30032,152,6008,424,138,151,24,26,470,1235,37673
17304,2022,A52,Major,A6005,A453 Queens Drive,455600,338000,52.93654724,-1.17418699,1.6,1,Counted,Manual count,S,53,250,31605,165,6265,450,118,144,27,23,489,1252,39536
17304,2023,A52,Major,A6005,A453 Queens Drive,455600,338000,52.93654724,-1.17418699,1.6,1,Counted,Manual count,N,154,196,30174,160,5279,615,127,139,29,88,383,1380,37189
17304,2023,A52,Major,A6005,A453 Queens Drive,455600,338000,52.93654724,-1.17418699,1.6,1,Counted,Manual count,S,135,202,30882,178,5952,394,111,150,31,72,365,1122,38336
17304,2024,A52,Major,A6005,A453 Queens Drive,455600,338000,52.93654724,-1.17418699,1.6,1,Counted,Manual count,N,79,146,30057,156,5793,441,120,168,32,56,399,1216,37368
17304,2024,A52,Major,A6005,A453 Queens Drive,455600,338000,52.93654724,-1.17418699,1.6,1,Counted,Manual count,S,139,146,31970,176,6521,242,51,284,9,219,190,996,39809
17304,2025,A52,Major,A6005,A453 Queens Drive,455600,338000,52.93654724,-1.17418699,1.6,1,Counted,Manual count,N,80,221,33728,147,5785,446,84,142,39,175,343,1228,41110
17304,2025,A52,Major,A6005,A453 Queens Drive,455600,338000,52.93654724,-1.17418699,1.6,1,Counted,Manual count,S,156,232,37232,145,5776,416,126,124,57,177,306,1206,44590
17852,2000,A60,Major,Mansfield Rd,Glasshouse St,457450,340470,52.9585535,-1.14622801,0.8,0.5,Estimated,Estimated using AADF from previous year on this link,N,92,115,12792,113,1468,217,37,9,12,9,6,290,14778
17852,2000,A60,Major,Mansfield Rd,Glasshouse St,457450,340470,52.9585535,-1.14622801,0.8,0.5,Estimated,Estimated using AADF from previous year on this link,S,116,113,12252,94,1720,291,46,15,12,15,9,388,14567
17852,2001,A60,Major,Mansfield Rd,Glasshouse St,457450,340470,52.9585535,-1.14622801,0.8,0.5,Estimated,Estimated using AADF from previous year on this link,N,88,119,13048,115,1462,213,43,9,11,8,7,291,15035
17852,2001,A60,Major,Mansfield Rd,Glasshouse St,457450,340470,52.9585535,-1.14622801,0.8,0.5,Estimated,Estimated using AADF from previous year on this link,S,111,117,12497,96,1713,285,53,15,11,13,10,387,14810
17852,2002,A60,Major,Mansfield Rd,Glasshouse St,457450,340470,52.9585535,-1.14622801,0.8,0.5,Counted,Manual count,N,102,168,14396,181,1525,277,33,33,9,11,9,372,16642
17852,2002,A60,Major,Mansfield Rd,Glasshouse St,457450,340470,52.9585535,-1.14622801,0.8,0.5,Counted,Manual count,S,143,164,14459,107,1800,312,44,33,5,15,10,419,16949
17852,2003,A60,Major,Mansfield Rd,Glasshouse St,457450,340470,52.9585535,-1.14622801,0.8,0.5,Estimated,Estimated using AADF from previous year on this link,N,91,188,14194,162,1662,297,37,39,9,10,10,402,16608
17852,2003,A60,Major,Mansfield Rd,Glasshouse St,457450,340470,52.9585535,-1.14622801,0.8,0.5,Estimated,Estimated using AADF from previous year on this link,S,128,184,14257,96,1962,335,50,39,5,13,11,453,16952
17852,2004,A60,Major,Mansfield Rd,Glasshouse St,457450,340470,52.9585535,-1.14622801,0.8,0.5,Estimated,Estimated using AADF from previous year on this link,N,74,166,14223,150,1647,298,40,42,8,9,11,408,16594
17852,2004,A60,Major,Mansfield Rd,Glasshouse St,457450,340470,52.9585535,-1.14622801,0.8,0.5,Estimated,Estimated using AADF from previous year on this link,S,103,162,14285,89,1944,336,53,42,5,12,12,460,16940
17852,2005,A60,Major,Mansfield Rd,Glasshouse St,457450,340470,52.9585535,-1.14622801,0.8,0.5,Counted,Manual count,N,99,156,14450,145,1628,251,54,47,17,13,12,394,16773
17852,2005,A60,Major,Mansfield Rd,Glasshouse St,457450,340470,52.9585535,-1.14622801,0.8,0.5,Counted,Manual count,S,114,153,13116,65,1487,222,54,36,13,15,6,346,15167
17852,2006,A60,Major,Mansfield Rd,Glasshouse St,457450,340470,52.9585535,-1.14622801,0.8,0.5,Estimated,Estimated using AADF from previous year on this link,N,155,162,14494,143,1654,257,54,51,16,11,13,402,16855
17852,2006,A60,Major,Mansfield Rd,Glasshouse St,457450,340470,52.9585535,-1.14622801,0.8,0.5,Estimated,Estimated using AADF from previous year on this link,S,179,160,13155,64,1511,227,54,38,11,13,6,349,15239
17852,2007,A60,Major,Mansfield Rd,Glasshouse St,457450,340470,52.9585535,-1.14622801,0.8,0.5,Estimated,Estimated using AADF from previous year on this link,N,97,164,13812,137,1804,254,53,55,14,11,13,400,16317
17852,2007,A60,Major,Mansfield Rd,Glasshouse St,457450,340470,52.9585535,-1.14622801,0.8,0.5,Estimated,Estimated using AADF from previous year on this link,S,112,161,12537,62,1648,224,53,42,10,12,6,347,14755
17852,2008,A60,Major,A60 Mansfield Rd,A60 Glasshouse St,457450,340470,52.9585535,-1.14622801,0.8,0.5,Estimated,Estimated using AADF from previous year on this link,N,108,153,13550,139,1889,244,58,56,12,9,13,392,16123
17852,2008,A60,Major,A60 Mansfield Rd,A60 Glasshouse St,457450,340470,52.9585535,-1.14622801,0.8,0.5,Estimated,Estimated using AADF from previous year on this link,S,125,150,12299,62,1725,215,58,43,9,11,6,342,14578
17852,2009,A60,Major,A60 Mansfield Rd,A60 Glasshouse St,457450,340470,52.9585535,-1.14622801,0.8,0.5,Counted,Manual count,N,103,132,13649,172,1610,168,40,12,3,12,8,243,15806
17852,2009,A60,Major,A60 Mansfield Rd,A60 Glasshouse St,457450,340470,52.9585535,-1.14622801,0.8,0.5,Counted,Manual count,S,138,125,15826,72,1703,173,45,13,5,6,13,255,17981
17852,2010,A60,Major,A60 Mansfield Rd,A60 Glasshouse St,457450,340470,52.9585535,-1.14622801,0.8,0.5,Estimated,Estimated using AADF from previous year on this link,N,103,122,13362,181,1618,167,38,10,3,10,7,235,15518
17852,2010,A60,Major,A60 Mansfield Rd,A60 Glasshouse St,457450,340470,52.9585535,-1.14622801,0.8,0.5,Estimated,Estimated using AADF from previous year on this link,S,138,115,15494,76,1712,172,43,11,5,5,12,248,17645
17852,2011,A60,Major,A60 Mansfield Rd,A60 Glasshouse St,457450,340470,52.9585535,-1.14622801,0.8,0.5,Counted,Manual count,N,116,98,17107,137,1104,182,29,16,33,21,16,297,18743
17852,2011,A60,Major,A60 Mansfield Rd,A60 Glasshouse St,457450,340470,52.9585535,-1.14622801,0.8,0.5,Counted,Manual count,S,145,109,19200,112,1440,196,26,15,27,15,17,296,21157
17852,2012,A60,Major,A60 Mansfield Rd,A60 Glasshouse St,457450,340470,52.9585535,-1.14622801,0.8,0.5,Estimated,Estimated using AADF from previous year on this link,N,110,88,17035,147,1060,161,28,16,24,19,16,264,18594
17852,2012,A60,Major,A60 Mansfield Rd,A60 Glasshouse St,457450,340470,52.9585535,-1.14622801,0.8,0.5,Estimated,Estimated using AADF from previous year on this link,S,137,98,19119,120,1383,173,25,15,20,14,17,263,20984
17852,2013,A60,Major,A60 Mansfield Rd,A60 Glasshouse St,457450,340470,52.9585535,-1.14622801,0.8,0.5,Counted,Manual count,N,116,144,12035,86,1740,192,49,34,5,7,12,299,14304
17852,2013,A60,Major,A60 Mansfield Rd,A60 Glasshouse St,457450,340470,52.9585535,-1.14622801,0.8,0.5,Counted,Manual count,S,144,108,12481,71,1802,190,53,31,4,7,11,296,14758
17852,2014,A60,Major,A60 Mansfield Rd,A60 Glasshouse St,457450,340470,52.9585535,-1.14622801,0.8,0.5,Estimated,Estimated using AADF from previous year on this link,N,113,153,11910,91,1981,203,56,38,6,7,13,323,14458
17852,2014,A60,Major,A60 Mansfield Rd,A60 Glasshouse St,457450,340470,52.9585535,-1.14622801,0.8,0.5,Estimated,Estimated using AADF from previous year on this link,S,139,115,12352,75,2052,200,61,35,4,7,12,320,14914
17852,2015,A60,Major,A60 Mansfield Rd,A60 Glasshouse St,457450,340470,52.9585535,-1.14622801,0.8,0.5,Estimated,Estimated using AADF from previous year on this link,N,105,155,11692,90,2083,197,59,37,7,7,13,321,14342
17852,2015,A60,Major,A60 Mansfield Rd,A60 Glasshouse St,457450,340470,52.9585535,-1.14622801,0.8,0.5,Estimated,Estimated using AADF from previous year on this link,S,130,117,12125,75,2159,195,64,34,5,7,12,317,14792
17852,2016,A60,Major,A60 Mansfield Rd,A60 Glasshouse St,457450,340470,52.9585535,-1.14622801,0.8,0.5,Estimated,Estimated using AADF from previous year on this link,N,98,152,11874,84,2276,200,59,42,7,6,13,327,14713
17852,2016,A60,Major,A60 Mansfield Rd,A60 Glasshouse St,457450,340470,52.9585535,-1.14622801,0.8,0.5,Estimated,Estimated using AADF from previous year on this link,S,121,114,12315,69,2358,198,64,38,5,6,12,323,15179
17852,2017,A60,Major,A60 Mansfield Rd,A60 Glasshouse St,457450,340470,52.9585535,-1.14622801,0.8,0.5,Estimated,Estimated using AADF from previous year on this link,N,94,154,11787,78,2396,199,60,43,8,6,13,328,14743
17852,2017,A60,Major,A60 Mansfield Rd,A60 Glasshouse St,457450,340470,52.9585535,-1.14622801,0.8,0.5,Estimated,Estimated using AADF from previous year on this link,S,116,115,12224,65,2482,196,65,39,5,6,12,324,15210
17852,2018,A60,Major,A60 Mansfield Rd,A60 Glasshouse St,457450,340470,52.9585535,-1.14622801,0.8,0.5,Estimated,Estimated using AADF from previous year on this link,N,103,152,11657,71,2441,201,59,41,8,6,14,329,14650
17852,2018,A60,Major,A60 Mansfield Rd,A60 Glasshouse St,457450,340470,52.9585535,-1.14622801,0.8,0.5,Estimated,Estimated using AADF from previous year on this link,S,128,114,12089,59,2529,198,64,38,5,6,13,325,15116
17852,2019,A60,Major,A60 Mansfield Rd,A60 Glasshouse St,457450,340470,52.9585535,-1.14622801,0.8,0.5,Counted,Manual count,N,101,95,13146,102,1952,141,31,34,7,10,8,231,15526
17852,2019,A60,Major,A60 Mansfield Rd,A60 Glasshouse St,457450,340470,52.9585535,-1.14622801,0.8,0.5,Counted,Manual count,S,148,89,13436,23,1868,131,30,22,8,8,10,210,15626
17852,2020,A60,Major,A60 Mansfield Rd,A60 Glasshouse St,457450,340470,52.9585535,-1.14622801,0.8,0.5,Estimated,Estimated using AADF from previous year on this link,N,115,71,9985,64,1723,124,27,31,6,9,7,203,12046
17852,2020,A60,Major,A60 Mansfield Rd,A60 Glasshouse St,457450,340470,52.9585535,-1.14622801,0.8,0.5,Estimated,Estimated using AADF from previous year on this link,S,169,66,10205,15,1648,115,26,20,7,7,9,184,12119
17852,2021,A60,Major,A60 Mansfield Rd,A60 Glasshouse St,457450,340470,52.9585535,-1.14622801,0.8,0.5,Estimated,Estimated using AADF from previous year on this link,N,94,75,11001,66,1878,133,29,33,6,9,7,218,13238
17852,2021,A60,Major,A60 Mansfield Rd,A60 Glasshouse St,457450,340470,52.9585535,-1.14622801,0.8,0.5,Estimated,Estimated using AADF from previous year on this link,S,138,70,11243,15,1797,124,28,22,7,8,9,197,13323
17852,2022,A60,Major,A60 Mansfield Rd,A60 Glasshouse St,457450,340470,52.9585535,-1.14622801,0.8,0.5,Estimated,Estimated using AADF from previous year on this link,N,84,82,11750,71,2036,137,29,36,7,10,8,227,14166
17852,2022,A60,Major,A60 Mansfield Rd,A60 Glasshouse St,457450,340470,52.9585535,-1.14622801,0.8,0.5,Estimated,Estimated using AADF from previous year on this link,S,123,77,12009,16,1948,128,29,23,8,8,10,205,14255
17852,2023,A60,Major,A60 Mansfield Rd,A60 Glasshouse St,457450,340470,52.9585535,-1.14622801,0.8,0.5,Counted,Manual count,N,98,116,13169,36,2063,132,18,56,7,11,17,241,15625
17852,2023,A60,Major,A60 Mansfield Rd,A60 Glasshouse St,457450,340470,52.9585535,-1.14622801,0.8,0.5,Counted,Manual count,S,121,102,13318,35,2102,133,28,52,4,13,19,250,15807
17852,2024,A60,Major,A60 Mansfield Rd,A60 Glasshouse St,457450,340470,52.9585535,-1.14622801,0.8,0.5,Estimated,Estimated using AADF from previous year on this link,N,100,120,13369,36,2100,134,18,55,7,11,17,240,15865
17852,2024,A60,Major,A60 Mansfield Rd,A60 Glasshouse St,457450,340470,52.9585535,-1.14622801,0.8,0.5,Estimated,Estimated using AADF from previous year on this link,S,123,105,13519,35,2139,135,28,51,4,13,18,250,16049
17852,2025,A60,Major,A60 Mansfield Rd,A60 Glasshouse St,457450,340470,52.9585535,-1.14622801,0.8,0.5,Estimated,Estimated using AADF from previous year on this link,N,100,122,13385,36,2143,132,18,56,7,11,16,240,15925
17852,2025,A60,Major,A60 Mansfield Rd,A60 Glasshouse St,457450,340470,52.9585535,-1.14622801,0.8,0.5,Estimated,Estimated using AADF from previous year on this link,S,123,107,13536,35,2183,134,29,52,4,13,18,249,16110
17853,2000,A60,Major,LA Boundary,A6011 Meadow Lane,458050,338300,52.93898452,-1.13768461,0.2,0.1,Counted,Manual count,N,220,158,19355,825,1616,191,28,16,16,23,16,290,22244
17853,2000,A60,Major,LA Boundary,A6011 Meadow Lane,458050,338300,52.93898452,-1.13768461,0.2,0.1,Counted,Manual count,S,220,227,21511,767,2045,280,44,10,41,54,33,462,25012
17853,2001,A60,Major,LA Boundary,A6011 Meadow Lane,458050,338300,52.93898452,-1.13768461,0.2,0.1,Estimated,Estimated using AADF from previous year on this link,N,211,164,19742,841,1610,187,32,16,14,20,18,287,22644
17853,2001,A60,Major,LA Boundary,A6011 Meadow Lane,458050,338300,52.93898452,-1.13768461,0.2,0.1,Estimated,Estimated using AADF from previous year on this link,S,211,235,21941,782,2037,274,51,10,36,46,37,454,25449
17853,2002,A60,Major,LA Boundary,A6011 Meadow Lane,458050,338300,52.93898452,-1.13768461,0.2,0.1,Estimated,Estimated using AADF from previous year on this link,N,219,166,19703,860,1613,180,33,17,13,17,20,280,22622
17853,2002,A60,Major,LA Boundary,A6011 Meadow Lane,458050,338300,52.93898452,-1.13768461,0.2,0.1,Estimated,Estimated using AADF from previous year on this link,S,219,238,21897,799,2041,264,53,10,33,40,41,441,25416
17853,2003,A60,Major,LA Boundary,A6011 Meadow Lane,458050,338300,52.93898452,-1.13768461,0.2,0.1,Estimated,Estimated using AADF from previous year on this link,N,196,186,19427,768,1758,193,37,20,12,15,22,299,22438
17853,2003,A60,Major,LA Boundary,A6011 Meadow Lane,458050,338300,52.93898452,-1.13768461,0.2,0.1,Estimated,Estimated using AADF from previous year on this link,S,196,267,21590,714,2225,283,60,12,32,36,45,468,25264
17853,2004,A60,Major,LA Boundary,A6011 Meadow Lane,458050,338300,52.93898452,-1.13768461,0.2,0.1,Counted,Manual count,N,161,114,17923,514,1544,224,30,21,10,25,32,342,20437
17853,2004,A60,Major,LA Boundary,A6011 Meadow Lane,458050,338300,52.93898452,-1.13768461,0.2,0.1,Counted,Manual count,S,186,137,20636,628,2153,269,56,35,34,54,44,492,24046
17853,2005,A60,Major,LA Boundary,A6011 Meadow Lane,458050,338300,52.93898452,-1.13768461,0.2,0.1,Estimated,Estimated using AADF from previous year on this link,N,137,115,17475,505,1584,215,29,21,9,22,33,329,20008
17853,2005,A60,Major,LA Boundary,A6011 Meadow Lane,458050,338300,52.93898452,-1.13768461,0.2,0.1,Estimated,Estimated using AADF from previous year on this link,S,158,139,20120,618,2209,259,52,35,30,47,46,469,23555
17853,2006,A60,Major,LA Boundary,A6011 Meadow Lane,458050,338300,52.93898452,-1.13768461,0.2,0.1,Estimated,Estimated using AADF from previous year on this link,N,214,120,17528,497,1609,220,28,23,8,20,36,335,20089
17853,2006,A60,Major,LA Boundary,A6011 Meadow Lane,458050,338300,52.93898452,-1.13768461,0.2,0.1,Estimated,Estimated using AADF from previous year on this link,S,247,144,20180,609,2244,265,52,38,27,42,50,474,23651
17853,2007,A60,Major,LA Boundary,A6011 Meadow Lane,458050,338300,52.93898452,-1.13768461,0.2,0.1,Estimated,Estimated using AADF from previous year on this link,N,134,121,16704,478,1756,217,28,25,7,19,37,333,19392
17853,2007,A60,Major,LA Boundary,A6011 Meadow Lane,458050,338300,52.93898452,-1.13768461,0.2,0.1,Estimated,Estimated using AADF from previous year on this link,S,154,146,19232,585,2448,261,51,41,23,40,51,467,22878
17853,2008,A60,Major,LA Boundary,B685,458050,338300,52.93898452,-1.13768461,0.2,0.1,Estimated,Estimated using AADF from previous year on this link,N,150,113,16387,483,1838,209,30,25,6,16,36,322,19143
17853,2008,A60,Major,LA Boundary,B685,458050,338300,52.93898452,-1.13768461,0.2,0.1,Estimated,Estimated using AADF from previous year on this link,S,173,136,18866,591,2564,251,56,42,20,35,50,454,22611
17853,2009,A60,Major,LA Boundary,B685,458050,338300,52.93898452,-1.13768461,0.2,0.1,Counted,Manual count,N,580,129,16317,879,1651,161,18,6,12,27,24,248,19224
17853,2009,A60,Major,LA Boundary,B685,458050,338300,52.93898452,-1.13768461,0.2,0.1,Counted,Manual count,S,578,146,19721,883,2385,177,34,14,21,59,43,348,23483
17853,2010,A60,Major,LA Boundary,B685,458050,338300,52.93898452,-1.13768461,0.2,0.1,Counted,Manual count,N,221,95,17372,777,1618,182,20,12,12,27,23,276,20138
17853,2010,A60,Major,LA Boundary,B685,458050,338300,52.93898452,-1.13768461,0.2,0.1,Counted,Manual count,S,107,63,20129,670,1757,158,33,21,18,41,16,287,22906
17853,2011,A60,Major,LA Boundary,B685,458050,338300,52.93898452,-1.13768461,0.2,0.1,Counted,Manual count,N,222,121,16185,792,1695,117,25,10,8,22,40,222,19015
17853,2011,A60,Major,LA Boundary,B685,458050,338300,52.93898452,-1.13768461,0.2,0.1,Counted,Manual count,S,250,134,18060,792,2096,183,30,19,17,43,37,329,21411
17853,2012,A60,Major,LA Boundary,B685,458050,338300,52.93898452,-1.13768461,0.2,0.1,Estimated,Estimated using AADF from previous year on this link,N,210,109,16116,851,1628,103,24,10,6,20,40,203,18908
17853,2012,A60,Major,LA Boundary,B685,458050,338300,52.93898452,-1.13768461,0.2,0.1,Estimated,Estimated using AADF from previous year on this link,S,236,121,17983,851,2013,162,29,19,12,40,37,298,21267
17853,2013,A60,Major,LA Boundary,B685,458050,338300,52.93898452,-1.13768461,0.2,0.1,Counted,Manual count,N,334,87,15827,603,1631,103,25,8,7,3,22,167,18315
17853,2013,A60,Major,LA Boundary,B685,458050,338300,52.93898452,-1.13768461,0.2,0.1,Counted,Manual count,S,317,90,17381,610,1829,144,28,34,9,11,53,279,20189
17853,2014,A60,Major,LA Boundary,B685,458050,338300,52.93898452,-1.13768461,0.2,0.1,Estimated,Estimated using AADF from previous year on this link,N,325,93,15663,640,1857,109,29,9,7,3,25,181,18433
17853,2014,A60,Major,LA Boundary,B685,458050,338300,52.93898452,-1.13768461,0.2,0.1,Estimated,Estimated using AADF from previous year on this link,S,308,95,17201,648,2082,152,32,38,9,11,60,303,20329
17853,2015,A60,Major,LA Boundary,B685,458050,338300,52.93898452,-1.13768461,0.2,0.1,Counted,Manual count,N,454,125,17062,706,1599,97,32,26,9,11,21,196,19689
17853,2015,A60,Major,LA Boundary,B685,458050,338300,52.93898452,-1.13768461,0.2,0.1,Counted,Manual count,S,262,148,19519,713,2204,161,31,31,21,19,58,320,22905
17853,2016,A60,Major,LA Boundary,B685,458050,338300,52.93898452,-1.13768461,0.2,0.1,Estimated,Estimated using AADF from previous year on this link,N,423,122,17329,654,1747,99,31,30,9,10,21,199,20051
17853,2016,A60,Major,LA Boundary,B685,458050,338300,52.93898452,-1.13768461,0.2,0.1,Estimated,Estimated using AADF from previous year on this link,S,244,144,19824,661,2408,164,30,35,22,17,57,324,23361
17853,2017,A60,Major,LA Boundary,B685,458050,338300,52.93898452,-1.13768461,0.2,0.1,Estimated,Estimated using AADF from previous year on this link,N,405,123,17201,611,1839,98,32,30,10,10,21,201,19975
17853,2017,A60,Major,LA Boundary,B685,458050,338300,52.93898452,-1.13768461,0.2,0.1,Estimated,Estimated using AADF from previous year on this link,S,234,146,19678,617,2535,162,31,35,23,17,59,327,23303
17853,2018,A60,Major,LA Boundary,B685,458050,338300,52.93898452,-1.13768461,0.3,0.2,Estimated,Estimated using AADF from previous year on this link,N,448,122,17012,554,1873,99,32,30,10,10,22,202,19763
17853,2018,A60,Major,LA Boundary,B685,458050,338300,52.93898452,-1.13768461,0.3,0.2,Estimated,Estimated using AADF from previous year on this link,S,258,144,19461,560,2582,164,31,34,23,17,62,331,23079
17853,2019,A60,Major,LA Boundary,B685,458050,338300,52.93898452,-1.13768461,0.3,0.2,Counted,Manual count,N,224,108,14136,568,1703,77,14,26,13,27,31,189,16705
17853,2019,A60,Major,LA Boundary,B685,458050,338300,52.93898452,-1.13768461,0.3,0.2,Counted,Manual count,S,273,130,16889,569,2223,118,29,56,19,49,49,320,20133
17853,2020,A60,Major,LA Boundary,B685,458050,338300,52.93898452,-1.13768461,0.3,0.2,Estimated,Estimated using AADF from previous year on this link,N,256,80,10738,359,1503,68,12,23,11,24,27,166,12846
17853,2020,A60,Major,LA Boundary,B685,458050,338300,52.93898452,-1.13768461,0.3,0.2,Estimated,Estimated using AADF from previous year on this link,S,312,96,12829,359,1962,104,25,50,16,44,43,282,15528
17853,2021,A60,Major,LA Boundary,B685,458050,338300,52.93898452,-1.13768461,0.3,0.2,Estimated,Estimated using AADF from previous year on this link,N,209,85,11830,370,1639,73,13,25,12,26,29,178,14102
17853,2021,A60,Major,LA Boundary,B685,458050,338300,52.93898452,-1.13768461,0.3,0.2,Estimated,Estimated using AADF from previous year on this link,S,255,102,14134,371,2139,111,27,54,18,47,46,303,17048
17853,2022,A60,Major,LA Boundary,B685,458050,338300,52.93898452,-1.13768461,0.3,0.2,Counted,Manual count,N,237,149,13857,639,1948,85,94,27,12,12,42,272,16865
17853,2022,A60,Major,LA Boundary,B685,458050,338300,52.93898452,-1.13768461,0.3,0.2,Counted,Manual count,S,347,135,15963,605,2491,92,108,36,37,17,94,384,19579
17853,2023,A60,Major,LA Boundary,B685,458050,338300,52.93898452,-1.13768461,0.3,0.2,Estimated,Estimated using AADF from previous year on this link,N,233,147,14118,645,1981,84,92,27,12,11,41,267,17157
17853,2023,A60,Major,LA Boundary,B685,458050,338300,52.93898452,-1.13768461,0.3,0.2,Estimated,Estimated using AADF from previous year on this link,S,342,133,16264,611,2533,91,106,35,38,17,90,377,19918
17853,2024,A60,Major,LA Boundary,B685,458050,338300,52.93898452,-1.13768461,0.3,0.2,Estimated,Estimated using AADF from previous year on this link,N,235,151,14332,648,2016,86,93,26,11,11,39,266,17413
17853,2024,A60,Major,LA Boundary,B685,458050,338300,52.93898452,-1.13768461,0.3,0.2,Estimated,Estimated using AADF from previous year on this link,S,346,137,16510,613,2579,92,106,35,37,16,87,374,20213
17853,2025,A60,Major,LA Boundary,B685,458050,338300,52.93898452,-1.13768461,0.3,0.2,Estimated,Estimated using AADF from previous year on this link,N,236,154,14349,633,2058,85,93,27,12,11,39,265,17459
17853,2025,A60,Major,LA Boundary,B685,458050,338300,52.93898452,-1.13768461,0.3,0.2,Estimated,Estimated using AADF from previous year on this link,S,347,140,16530,599,2632,91,106,35,37,16,86,372,20273
17854,2000,A609,Major,A6514,A6130,455000,340100,52.95548431,-1.18275669,1.1,0.7,Estimated,Estimated using AADF from previous year on this link,E,105,136,8133,278,1250,200,27,6,12,14,9,268,10065
17854,2000,A609,Major,A6514,A6130,455000,340100,52.95548431,-1.18275669,1.1,0.7,Estimated,Estimated using AADF from previous year on this link,W,92,109,7780,302,1286,220,16,6,12,11,7,272,9749
17854,2001,A609,Major,A6514,A6130,455000,340100,52.95548431,-1.18275669,1.1,0.7,Estimated,Estimated using AADF from previous year on this link,E,101,143,7881,291,1259,191,30,6,10,11,9,257,9831
17854,2001,A609,Major,A6514,A6130,455000,340100,52.95548431,-1.18275669,1.1,0.7,Estimated,Estimated using AADF from previous year on this link,W,88,114,7539,316,1295,210,18,6,10,9,7,260,9524
17854,2002,A609,Major,A6514,A6130,455000,340100,52.95548431,-1.18275669,1.1,0.7,Counted,Manual count,E,112,125,7080,202,1082,151,32,24,12,22,8,249,8738
17854,2002,A609,Major,A6514,A6130,455000,340100,52.95548431,-1.18275669,1.1,0.7,Counted,Manual count,W,105,100,6207,201,1084,141,26,24,6,19,11,227,7819
17854,2003,A609,Major,A6514,A6130,455000,340100,52.95548431,-1.18275669,1.1,0.7,Estimated,Estimated using AADF from previous year on this link,E,100,178,6818,197,1175,146,33,25,12,20,9,245,8613
17854,2003,A609,Major,A6514,A6130,455000,340100,52.95548431,-1.18275669,1.1,0.7,Estimated,Estimated using AADF from previous year on this link,W,94,142,5977,196,1177,137,27,25,6,17,12,224,7716
17854,2004,A609,Major,A6514,A6130,455000,340100,52.95548431,-1.18275669,1.1,0.7,Estimated,Estimated using AADF from previous year on this link,E,81,117,6907,161,1294,178,42,34,12,18,10,294,8773
17854,2004,A609,Major,A6514,A6130,455000,340100,52.95548431,-1.18275669,1.1,0.7,Estimated,Estimated using AADF from previous year on this link,W,76,93,6055,160,1296,166,34,34,6,16,14,270,7874
17854,2005,A609,Major,A6514,A6130,455000,340100,52.95548431,-1.18275669,1.1,0.7,Estimated,Estimated using AADF from previous year on this link,E,69,96,6589,152,1379,193,44,39,10,15,10,311,8527
17854,2005,A609,Major,A6514,A6130,455000,340100,52.95548431,-1.18275669,1.1,0.7,Estimated,Estimated using AADF from previous year on this link,W,64,77,5777,151,1382,180,36,39,5,13,14,287,7674
17854,2006,A609,Major,A6514,A6130,455000,340100,52.95548431,-1.18275669,1.1,0.7,Counted,Manual count,E,106,68,7020,232,1024,125,26,12,3,5,5,176,8520
17854,2006,A609,Major,A6514,A6130,455000,340100,52.95548431,-1.18275669,1.1,0.7,Counted,Manual count,W,98,51,6554,227,1099,120,32,13,2,7,7,181,8112
17854,2007,A609,Major,A6514,A6130,455000,340100,52.95548431,-1.18275669,1.1,0.7,Estimated,Estimated using AADF from previous year on this link,E,66,65,6907,211,1078,116,25,12,2,5,5,165,8426
17854,2007,A609,Major,A6514,A6130,455000,340100,52.95548431,-1.18275669,1.1,0.7,Estimated,Estimated using AADF from previous year on this link,W,61,49,6449,206,1157,112,30,13,1,6,7,169,8030
17854,2008,A609,Major,A6514,A6130,455000,340100,52.95548431,-1.18275669,1.1,0.7,Estimated,Estimated using AADF from previous year on this link,E,74,62,6755,183,1101,116,28,13,2,4,5,168,8269
17854,2008,A609,Major,A6514,A6130,455000,340100,52.95548431,-1.18275669,1.1,0.7,Estimated,Estimated using AADF from previous year on this link,W,69,47,6307,179,1182,112,33,14,1,5,6,171,7886
17854,2009,A609,Major,A6514,A6130,455000,340100,52.95548431,-1.18275669,1.1,0.7,Estimated,Estimated using AADF from previous year on this link,E,74,69,6904,181,1118,106,28,12,2,3,5,156,8428
17854,2009,A609,Major,A6514,A6130,455000,340100,52.95548431,-1.18275669,1.1,0.7,Estimated,Estimated using AADF from previous year on this link,W,69,52,6446,177,1200,102,33,13,1,4,6,159,8034
17854,2010,A609,Major,A6514,A6130,455000,340100,52.95548431,-1.18275669,1.1,0.7,Estimated,Estimated using AADF from previous year on this link,E,74,66,6863,205,1194,113,28,10,2,3,5,161,8489
17854,2010,A609,Major,A6514,A6130,455000,340100,52.95548431,-1.18275669,1.1,0.7,Estimated,Estimated using AADF from previous year on this link,W,69,50,6407,201,1282,109,33,11,1,4,6,164,8104
17854,2011,A609,Major,A6514,A6130,455000,340100,52.95548431,-1.18275669,1.1,0.7,Estimated,Estimated using AADF from previous year on this link,E,82,56,6842,194,1333,115,31,11,2,3,6,168,8593
17854,2011,A609,Major,A6514,A6130,455000,340100,52.95548431,-1.18275669,1.1,0.7,Estimated,Estimated using AADF from previous year on this link,W,76,42,6388,190,1431,111,36,13,1,4,7,172,8223
17854,2012,A609,Major,A6514,A6130,455000,340100,52.95548431,-1.18275669,1.1,0.7,Estimated,Estimated using AADF from previous year on this link,E,78,54,6735,211,1349,116,34,13,1,3,6,172,8521
17854,2012,A609,Major,A6514,A6130,455000,340100,52.95548431,-1.18275669,1.1,0.7,Estimated,Estimated using AADF from previous year on this link,W,72,40,6288,207,1448,112,39,15,1,4,7,177,8160
17854,2013,A609,Major,A6514,A6130,455000,340100,52.95548431,-1.18275669,1.1,0.7,Estimated,Estimated using AADF from previous year on this link,E,77,60,6676,221,1402,117,37,14,1,3,6,178,8535
17854,2013,A609,Major,A6514,A6130,455000,340100,52.95548431,-1.18275669,1.1,0.7,Estimated,Estimated using AADF from previous year on this link,W,71,45,6233,216,1505,113,43,17,1,3,7,183,8182
17854,2014,A609,Major,A6514,A6130,455000,340100,52.95548431,-1.18275669,1.1,0.7,Estimated,Estimated using AADF from previous year on this link,E,74,57,6857,212,1499,120,41,16,1,2,5,185,8810
17854,2014,A609,Major,A6514,A6130,455000,340100,52.95548431,-1.18275669,1.1,0.7,Estimated,Estimated using AADF from previous year on this link,W,69,43,6402,208,1609,116,47,18,0,3,6,191,8453
17854,2015,A609,Major,A6514,A6130,455000,340100,52.95548431,-1.18275669,1.1,0.7,Counted,Manual count,E,152,51,7274,306,949,99,11,12,1,2,3,127,8708
17854,2015,A609,Major,A6514,A6130,455000,340100,52.95548431,-1.18275669,1.1,0.7,Counted,Manual count,W,143,52,7315,324,1065,95,18,20,2,10,2,147,8903
17854,2016,A609,Major,A6514,A6130,455000,340100,52.95548431,-1.18275669,1.1,0.7,Estimated,Estimated using AADF from previous year on this link,E,142,50,7388,284,1037,100,11,13,1,2,3,130,8888
17854,2016,A609,Major,A6514,A6130,455000,340100,52.95548431,-1.18275669,1.1,0.7,Estimated,Estimated using AADF from previous year on this link,W,133,51,7429,300,1163,97,18,22,2,9,2,150,9094
17854,2017,A609,Major,A6514,A6130,455000,340100,52.95548431,-1.18275669,1.1,0.7,Estimated,Estimated using AADF from previous year on this link,E,136,50,7333,265,1091,99,11,13,1,2,3,129,8870
17854,2017,A609,Major,A6514,A6130,455000,340100,52.95548431,-1.18275669,1.1,0.7,Estimated,Estimated using AADF from previous year on this link,W,127,52,7374,280,1224,96,18,23,2,9,2,150,9081
17854,2018,A609,Major,A6514,A6130,455000,340100,52.95548431,-1.18275669,1.1,0.7,Estimated,Estimated using AADF from previous year on this link,E,150,50,7252,240,1112,100,11,13,1,2,3,130,8785
17854,2018,A609,Major,A6514,A6130,455000,340100,52.95548431,-1.18275669,1.1,0.7,Estimated,Estimated using AADF from previous year on this link,W,141,51,7293,254,1247,97,18,22,2,9,2,151,8997
17854,2019,A609,Major,A6514,A6130,455000,340100,52.95548431,-1.18275669,1.1,0.7,Estimated,Estimated using AADF from previous year on this link,E,165,47,7343,243,1102,99,11,13,1,2,3,129,8865
17854,2019,A609,Major,A6514,A6130,455000,340100,52.95548431,-1.18275669,1.1,0.7,Estimated,Estimated using AADF from previous year on this link,W,155,48,7385,257,1236,96,19,22,2,9,2,150,9076
17854,2020,A609,Major,A6514,A6130,455000,340100,52.95548431,-1.18275669,1.1,0.7,Counted,Manual count,E,96,40,5374,104,879,71,11,12,7,2,5,109,6507
17854,2020,A609,Major,A6514,A6130,455000,340100,52.95548431,-1.18275669,1.1,0.7,Counted,Manual count,W,96,37,5882,112,991,73,14,10,8,7,2,115,7137
17854,2021,A609,Major,A6514,A6130,455000,340100,52.95548431,-1.18275669,1.1,0.7,Estimated,Estimated using AADF from previous year on this link,E,79,43,5921,108,958,76,12,13,8,2,6,117,7146
17854,2021,A609,Major,A6514,A6130,455000,340100,52.95548431,-1.18275669,1.1,0.7,Estimated,Estimated using AADF from previous year on this link,W,79,39,6480,116,1080,79,15,11,9,8,2,123,7838
17854,2022,A609,Major,A6514,A6130,455000,340100,52.95548431,-1.18275669,1.1,0.7,Estimated,Estimated using AADF from previous year on this link,E,70,47,6324,116,1038,79,12,14,8,2,6,121,7646
17854,2022,A609,Major,A6514,A6130,455000,340100,52.95548431,-1.18275669,1.1,0.7,Estimated,Estimated using AADF from previous year on this link,W,70,43,6921,124,1171,81,16,11,9,8,2,128,8387
17854,2023,A609,Major,A6514,A6130,455000,340100,52.95548431,-1.18275669,1.1,0.7,Estimated,Estimated using AADF from previous year on this link,E,69,46,6443,117,1056,78,12,14,8,2,5,119,7782
17854,2023,A609,Major,A6514,A6130,455000,340100,52.95548431,-1.18275669,1.1,0.7,Estimated,Estimated using AADF from previous year on this link,W,69,42,7051,126,1191,80,16,11,9,8,2,126,8536
17854,2024,A609,Major,A6514,A6130,455000,340100,52.95548431,-1.18275669,1.1,0.7,Estimated,Estimated using AADF from previous year on this link,E,70,48,6541,118,1075,79,12,13,8,2,5,120,7901
17854,2024,A609,Major,A6514,A6130,455000,340100,52.95548431,-1.18275669,1.1,0.7,Estimated,Estimated using AADF from previous year on this link,W,70,44,7158,126,1212,81,16,11,9,7,2,127,8667
17854,2025,A609,Major,A6514,A6130,455000,340100,52.95548431,-1.18275669,1.1,0.7,Estimated,Estimated using AADF from previous year on this link,E,70,49,6549,115,1097,78,12,14,8,2,5,119,7928
17854,2025,A609,Major,A6514,A6130,455000,340100,52.95548431,-1.18275669,1.1,0.7,Estimated,Estimated using AADF from previous year on this link,W,70,44,7167,123,1237,81,16,11,9,7,2,126,8697
17855,2000,A6011,Major,A60,A6011 Meadow Lane,458000,338840,52.94384359,-1.13833223,0.4,0.2,Estimated,Estimated using AADF from previous year on this link,E,26,85,6017,23,1354,253,49,27,40,36,28,433,7912
17855,2000,A6011,Major,A60,A6011 Meadow Lane,458000,338840,52.94384359,-1.13833223,0.4,0.2,Estimated,Estimated using AADF from previous year on this link,W,30,60,3920,19,956,246,26,26,27,33,22,380,5335
17855,2001,A6011,Major,A60,A6011 Meadow Lane,458000,338840,52.94384359,-1.13833223,0.4,0.2,Estimated,Estimated using AADF from previous year on this link,E,25,89,5830,24,1363,241,55,26,32,29,29,412,7718
17855,2001,A6011,Major,A60,A6011 Meadow Lane,458000,338840,52.94384359,-1.13833223,0.4,0.2,Estimated,Estimated using AADF from previous year on this link,W,29,63,3798,20,963,235,29,25,22,26,23,360,5204
17855,2002,A6011,Major,A60,A6011 Meadow Lane,458000,338840,52.94384359,-1.13833223,0.4,0.2,Estimated,Estimated using AADF from previous year on this link,E,26,92,5923,24,1461,228,56,27,29,25,32,397,7897
17855,2002,A6011,Major,A60,A6011 Meadow Lane,458000,338840,52.94384359,-1.13833223,0.4,0.2,Estimated,Estimated using AADF from previous year on this link,W,30,65,3859,20,1032,222,30,26,20,23,25,346,5322
17855,2003,A6011,Major,A60,A6011 Meadow Lane,458000,338840,52.94384359,-1.13833223,0.4,0.2,Counted,Manual count,E,84,56,4255,26,941,244,47,27,25,43,18,404,5682
17855,2003,A6011,Major,A60,A6011 Meadow Lane,458000,338840,52.94384359,-1.13833223,0.4,0.2,Counted,Manual count,W,77,84,7479,46,1466,350,75,55,30,50,36,596,9671
17855,2004,A6011,Major,A60,A6011 Meadow Lane,458000,338840,52.94384359,-1.13833223,0.4,0.2,Estimated,Estimated using AADF from previous year on this link,E,68,37,4311,22,1037,297,60,36,25,41,20,479,5886
17855,2004,A6011,Major,A60,A6011 Meadow Lane,458000,338840,52.94384359,-1.13833223,0.4,0.2,Estimated,Estimated using AADF from previous year on this link,W,62,55,7576,38,1614,427,96,73,30,47,42,715,9998
17855,2005,A6011,Major,A60,A6011 Meadow Lane,458000,338840,52.94384359,-1.13833223,0.4,0.2,Estimated,Estimated using AADF from previous year on this link,E,58,30,4112,20,1105,322,64,41,21,33,20,501,5768
17855,2005,A6011,Major,A60,A6011 Meadow Lane,458000,338840,52.94384359,-1.13833223,0.4,0.2,Estimated,Estimated using AADF from previous year on this link,W,53,46,7228,36,1721,462,102,84,25,38,41,752,9783
17855,2006,A6011,Major,A60,A6011 Meadow Lane,458000,338840,52.94384359,-1.13833223,0.4,0.2,Estimated,Estimated using AADF from previous year on this link,E,90,26,4034,19,1122,310,60,42,17,26,19,474,5675
17855,2006,A6011,Major,A60,A6011 Meadow Lane,458000,338840,52.94384359,-1.13833223,0.4,0.2,Estimated,Estimated using AADF from previous year on this link,W,83,40,7090,33,1747,445,96,85,20,30,39,715,9625
17855,2007,A6011,Major,A60,A6011 Meadow Lane,458000,338840,52.94384359,-1.13833223,0.4,0.2,Estimated,Estimated using AADF from previous year on this link,E,56,25,3970,17,1181,288,56,43,13,23,18,441,5634
17855,2007,A6011,Major,A60,A6011 Meadow Lane,458000,338840,52.94384359,-1.13833223,0.4,0.2,Estimated,Estimated using AADF from previous year on this link,W,52,38,6977,30,1839,414,89,87,16,26,37,669,9553
17855,2008,A6011,Major,A60,B685,458000,338840,52.94384359,-1.13833223,0.4,0.2,Estimated,Estimated using AADF from previous year on this link,E,63,24,3882,15,1206,288,63,45,11,20,17,444,5571
17855,2008,A6011,Major,A60,B685,458000,338840,52.94384359,-1.13833223,0.4,0.2,Estimated,Estimated using AADF from previous year on this link,W,58,36,6824,26,1878,413,100,92,13,23,36,677,9441
17855,2009,A6011,Major,A60,B685,458000,338840,52.94384359,-1.13833223,0.4,0.2,Estimated,Estimated using AADF from previous year on this link,E,63,27,3967,15,1224,262,62,43,10,17,16,410,5643
17855,2009,A6011,Major,A60,B685,458000,338840,52.94384359,-1.13833223,0.4,0.2,Estimated,Estimated using AADF from previous year on this link,W,58,40,6974,26,1906,376,99,87,12,20,35,629,9575
17855,2010,A6011,Major,A60,B685,458000,338840,52.94384359,-1.13833223,0.4,0.2,Estimated,Estimated using AADF from previous year on this link,E,63,26,3943,17,1307,279,63,38,12,16,16,424,5717
17855,2010,A6011,Major,A60,B685,458000,338840,52.94384359,-1.13833223,0.4,0.2,Estimated,Estimated using AADF from previous year on this link,W,58,38,6932,29,2036,400,100,76,14,19,35,644,9679
17855,2011,A6011,Major,A60,B685,458000,338840,52.94384359,-1.13833223,0.4,0.2,Counted,Manual count,E,50,68,7070,52,1449,183,80,52,9,34,17,375,9014
17855,2011,A6011,Major,A60,B685,458000,338840,52.94384359,-1.13833223,0.4,0.2,Counted,Manual count,W,48,53,4075,35,1013,140,54,41,7,16,13,271,5447
17855,2012,A6011,Major,A60,B685,458000,338840,52.94384359,-1.13833223,0.4,0.2,Estimated,Estimated using AADF from previous year on this link,E,47,65,6960,57,1466,185,87,59,6,30,16,384,8932
17855,2012,A6011,Major,A60,B685,458000,338840,52.94384359,-1.13833223,0.4,0.2,Estimated,Estimated using AADF from previous year on this link,W,45,51,4011,38,1025,142,59,47,5,14,12,279,5404
17855,2013,A6011,Major,A60,B685,458000,338840,52.94384359,-1.13833223,0.4,0.2,Estimated,Estimated using AADF from previous year on this link,E,47,72,6898,59,1524,187,95,67,5,29,16,399,8952
17855,2013,A6011,Major,A60,B685,458000,338840,52.94384359,-1.13833223,0.4,0.2,Estimated,Estimated using AADF from previous year on this link,W,45,56,3976,40,1065,143,64,53,4,14,13,290,5427
17855,2014,A6011,Major,A60,B685,458000,338840,52.94384359,-1.13833223,0.4,0.2,Estimated,Estimated using AADF from previous year on this link,E,45,69,7085,57,1630,191,105,74,4,23,16,413,9254
17855,2014,A6011,Major,A60,B685,458000,338840,52.94384359,-1.13833223,0.4,0.2,Estimated,Estimated using AADF from previous year on this link,W,43,54,4084,38,1139,146,71,58,3,11,12,301,5617
17855,2015,A6011,Major,A60,B685,458000,338840,52.94384359,-1.13833223,0.4,0.2,Estimated,Estimated using AADF from previous year on this link,E,42,61,7226,61,1709,181,108,70,5,23,15,401,9458
17855,2015,A6011,Major,A60,B685,458000,338840,52.94384359,-1.13833223,0.4,0.2,Estimated,Estimated using AADF from previous year on this link,W,40,48,4165,41,1195,139,73,55,4,11,11,292,5741
17855,2016,A6011,Major,A60,B685,458000,338840,52.94384359,-1.13833223,0.4,0.2,Estimated,Estimated using AADF from previous year on this link,E,39,60,7338,57,1867,184,107,79,5,20,15,409,9731
17855,2016,A6011,Major,A60,B685,458000,338840,52.94384359,-1.13833223,0.4,0.2,Estimated,Estimated using AADF from previous year on this link,W,38,47,4230,38,1305,141,72,62,4,9,11,300,5919
17855,2017,A6011,Major,A60,B685,458000,338840,52.94384359,-1.13833223,0.4,0.2,Estimated,Estimated using AADF from previous year on this link,E,38,60,7284,53,1965,183,109,81,5,20,15,413,9775
17855,2017,A6011,Major,A60,B685,458000,338840,52.94384359,-1.13833223,0.4,0.2,Estimated,Estimated using AADF from previous year on this link,W,36,47,4199,36,1374,140,73,64,4,9,12,302,5957
17855,2018,A6011,Major,A60,B685,458000,338840,52.94384359,-1.13833223,0.4,0.2,Estimated,Estimated using AADF from previous year on this link,E,42,60,7204,48,2002,184,108,79,5,21,16,413,9727
17855,2018,A6011,Major,A60,B685,458000,338840,52.94384359,-1.13833223,0.4,0.2,Estimated,Estimated using AADF from previous year on this link,W,40,47,4152,32,1399,141,73,62,4,10,12,302,5933
17855,2019,A6011,Major,A60,B685,458000,338840,52.94384359,-1.13833223,0.4,0.2,Counted,Manual count,E,56,33,6122,17,1189,165,56,75,11,38,36,381,7741
17855,2019,A6011,Major,A60,B685,458000,338840,52.94384359,-1.13833223,0.4,0.2,Counted,Manual count,W,47,49,3437,15,851,110,28,45,7,23,39,251,4604
17855,2020,A6011,Major,A60,B685,458000,338840,52.94384359,-1.13833223,0.4,0.2,Estimated,Estimated using AADF from previous year on this link,E,64,24,4650,11,1049,145,49,67,9,33,31,335,6069
17855,2020,A6011,Major,A60,B685,458000,338840,52.94384359,-1.13833223,0.4,0.2,Estimated,Estimated using AADF from previous year on this link,W,54,36,2611,9,751,96,24,41,6,20,34,221,3629
17855,2021,A6011,Major,A60,B685,458000,338840,52.94384359,-1.13833223,0.4,0.2,Estimated,Estimated using AADF from previous year on this link,E,52,26,5123,11,1144,155,52,74,10,36,33,360,6663
17855,2021,A6011,Major,A60,B685,458000,338840,52.94384359,-1.13833223,0.4,0.2,Estimated,Estimated using AADF from previous year on this link,W,44,38,2876,10,819,103,26,44,6,21,36,238,3981
17855,2022,A6011,Major,A60,B685,458000,338840,52.94384359,-1.13833223,0.4,0.2,Estimated,Estimated using AADF from previous year on this link,E,47,28,5472,12,1240,161,54,78,10,36,34,374,7125
17855,2022,A6011,Major,A60,B685,458000,338840,52.94384359,-1.13833223,0.4,0.2,Estimated,Estimated using AADF from previous year on this link,W,39,42,3072,10,888,107,27,47,7,22,37,246,4259
17855,2023,A6011,Major,A60,B685,458000,338840,52.94384359,-1.13833223,0.4,0.2,Estimated,Estimated using AADF from previous year on this link,E,46,28,5575,12,1261,159,53,77,11,35,33,368,7243
17855,2023,A6011,Major,A60,B685,458000,338840,52.94384359,-1.13833223,0.4,0.2,Estimated,Estimated using AADF from previous year on this link,W,38,41,3130,10,903,105,27,46,7,21,35,242,4327
17855,2024,A6011,Major,A60,B685,458000,338840,52.94384359,-1.13833223,0.4,0.2,Estimated,Estimated using AADF from previous year on this link,E,46,28,5659,12,1284,161,53,75,10,34,32,366,7349
17855,2024,A6011,Major,A60,B685,458000,338840,52.94384359,-1.13833223,0.4,0.2,Estimated,Estimated using AADF from previous year on this link,W,39,43,3177,10,919,107,27,45,7,21,34,241,4390
17855,2025,A6011,Major,A60,B685,458000,338840,52.94384359,-1.13833223,0.4,0.2,Estimated,Estimated using AADF from previous year on this link,E,47,29,5666,12,1310,159,54,77,10,34,31,365,7382
17855,2025,A6011,Major,A60,B685,458000,338840,52.94384359,-1.13833223,0.4,0.2,Estimated,Estimated using AADF from previous year on this link,W,39,43,3181,10,938,106,27,47,7,20,34,240,4413
17856,2000,A6130,Major,A6200,A609,455500,340000,52.9545341,-1.17533234,0.5,0.3,Estimated,Estimated using AADF from previous year on this link,N,225,90,8404,47,1256,156,6,7,5,6,8,188,9985
17856,2000,A6130,Major,A6200,A609,455500,340000,52.9545341,-1.17533234,0.5,0.3,Estimated,Estimated using AADF from previous year on this link,S,218,65,8845,46,1159,111,8,5,8,2,4,138,10253
17856,2001,A6130,Major,A6200,A609,455500,340000,52.9545341,-1.17533234,0.5,0.3,Estimated,Estimated using AADF from previous year on this link,N,216,94,8143,49,1265,149,7,7,4,5,8,180,9731
17856,2001,A6130,Major,A6200,A609,455500,340000,52.9545341,-1.17533234,0.5,0.3,Estimated,Estimated using AADF from previous year on this link,S,209,68,8571,48,1167,106,9,5,6,2,4,132,9986
17856,2002,A6130,Major,A6200,A609,455500,340000,52.9545341,-1.17533234,0.5,0.3,Counted,Manual count,N,208,46,7621,40,919,125,15,4,7,17,6,174,8800
17856,2002,A6130,Major,A6200,A609,455500,340000,52.9545341,-1.17533234,0.5,0.3,Counted,Manual count,S,194,50,6867,41,652,106,8,6,5,6,3,134,7744
17856,2003,A6130,Major,A6200,A609,455500,340000,52.9545341,-1.17533234,0.5,0.3,Estimated,Estimated using AADF from previous year on this link,N,186,65,7339,39,998,121,15,4,7,15,7,169,8610
17856,2003,A6130,Major,A6200,A609,455500,340000,52.9545341,-1.17533234,0.5,0.3,Estimated,Estimated using AADF from previous year on this link,S,173,71,6613,40,708,103,8,6,5,5,3,130,7562
17856,2004,A6130,Major,A6200,A609,455500,340000,52.9545341,-1.17533234,0.5,0.3,Estimated,Estimated using AADF from previous year on this link,N,150,43,7434,32,1099,148,20,6,7,14,8,203,8811
17856,2004,A6130,Major,A6200,A609,455500,340000,52.9545341,-1.17533234,0.5,0.3,Estimated,Estimated using AADF from previous year on this link,S,140,47,6699,33,780,125,11,8,5,5,4,158,7717
17856,2005,A6130,Major,A6200,A609,455500,340000,52.9545341,-1.17533234,0.5,0.3,Estimated,Estimated using AADF from previous year on this link,N,127,35,7092,30,1171,160,21,6,6,12,8,213,8541
17856,2005,A6130,Major,A6200,A609,455500,340000,52.9545341,-1.17533234,0.5,0.3,Estimated,Estimated using AADF from previous year on this link,S,119,38,6391,31,831,135,11,10,4,4,4,168,7459
17856,2006,A6130,Major,A6200,A609,455500,340000,52.9545341,-1.17533234,0.5,0.3,Estimated,Estimated using AADF from previous year on this link,N,200,31,6958,28,1189,154,20,7,4,9,7,201,8407
17856,2006,A6130,Major,A6200,A609,455500,340000,52.9545341,-1.17533234,0.5,0.3,Estimated,Estimated using AADF from previous year on this link,S,186,33,6269,29,844,131,10,10,3,3,4,161,7336
17856,2007,A6130,Major,A6200,A609,455500,340000,52.9545341,-1.17533234,0.5,0.3,Estimated,Estimated using AADF from previous year on this link,N,125,29,6846,25,1252,143,18,7,4,8,7,187,8339
17856,2007,A6130,Major,A6200,A609,455500,340000,52.9545341,-1.17533234,0.5,0.3,Estimated,Estimated using AADF from previous year on this link,S,116,32,6169,26,888,121,10,10,3,3,3,150,7265
17856,2008,A6130,Major,A6200,A609,455500,340000,52.9545341,-1.17533234,0.5,0.3,Estimated,Estimated using AADF from previous year on this link,N,140,28,6696,22,1278,143,20,7,3,7,7,187,8211
17856,2008,A6130,Major,A6200,A609,455500,340000,52.9545341,-1.17533234,0.5,0.3,Estimated,Estimated using AADF from previous year on this link,S,130,31,6033,23,907,121,11,11,2,2,3,150,7144
17856,2009,A6130,Major,A6200,A609,455500,340000,52.9545341,-1.17533234,0.5,0.3,Estimated,Estimated using AADF from previous year on this link,N,140,31,6843,22,1297,130,20,7,3,6,7,173,8366
17856,2009,A6130,Major,A6200,A609,455500,340000,52.9545341,-1.17533234,0.5,0.3,Estimated,Estimated using AADF from previous year on this link,S,130,35,6166,23,921,110,11,10,2,2,3,138,7283
17856,2010,A6130,Major,A6200,A609,455500,340000,52.9545341,-1.17533234,0.5,0.3,Estimated,Estimated using AADF from previous year on this link,N,141,30,6802,25,1385,138,20,6,4,6,7,181,8423
17856,2010,A6130,Major,A6200,A609,455500,340000,52.9545341,-1.17533234,0.5,0.3,Estimated,Estimated using AADF from previous year on this link,S,131,33,6129,26,984,117,11,9,2,2,3,144,7316
17856,2011,A6130,Major,A6200,A609,455500,340000,52.9545341,-1.17533234,0.5,0.3,Estimated,Estimated using AADF from previous year on this link,N,156,25,6782,24,1546,140,22,7,3,6,8,186,8563
17856,2011,A6130,Major,A6200,A609,455500,340000,52.9545341,-1.17533234,0.5,0.3,Estimated,Estimated using AADF from previous year on this link,S,144,28,6111,25,1098,119,12,10,2,2,3,148,7410
17856,2012,A6130,Major,A6200,A609,455500,340000,52.9545341,-1.17533234,0.5,0.3,Estimated,Estimated using AADF from previous year on this link,N,148,24,6676,26,1564,142,24,8,2,5,8,189,8479
17856,2012,A6130,Major,A6200,A609,455500,340000,52.9545341,-1.17533234,0.5,0.3,Estimated,Estimated using AADF from previous year on this link,S,136,27,6016,27,1111,120,13,11,1,2,3,151,7331
17856,2013,A6130,Major,A6200,A609,455500,340000,52.9545341,-1.17533234,0.5,0.3,Counted,Manual count,N,169,35,5647,5,669,53,23,12,3,6,3,100,6456
17856,2013,A6130,Major,A6200,A609,455500,340000,52.9545341,-1.17533234,0.5,0.3,Counted,Manual count,S,189,35,6730,13,495,38,15,7,4,2,3,69,7342
17856,2014,A6130,Major,A6200,A609,455500,340000,52.9545341,-1.17533234,0.5,0.3,Estimated,Estimated using AADF from previous year on this link,N,164,33,5801,5,715,54,25,13,3,5,3,103,6657
17856,2014,A6130,Major,A6200,A609,455500,340000,52.9545341,-1.17533234,0.5,0.3,Estimated,Estimated using AADF from previous year on this link,S,184,33,6912,12,530,39,17,8,3,2,3,72,7559
17856,2015,A6130,Major,A6200,A609,455500,340000,52.9545341,-1.17533234,0.5,0.3,Estimated,Estimated using AADF from previous year on this link,N,153,29,5915,5,750,51,26,13,3,4,3,101,6800
17856,2015,A6130,Major,A6200,A609,455500,340000,52.9545341,-1.17533234,0.5,0.3,Estimated,Estimated using AADF from previous year on this link,S,171,29,7049,13,556,37,17,7,4,2,3,70,7717
17856,2016,A6130,Major,A6200,A609,455500,340000,52.9545341,-1.17533234,0.5,0.3,Estimated,Estimated using AADF from previous year on this link,N,142,29,6008,5,819,52,26,14,3,4,3,102,6963
17856,2016,A6130,Major,A6200,A609,455500,340000,52.9545341,-1.17533234,0.5,0.3,Estimated,Estimated using AADF from previous year on this link,S,159,29,7159,12,607,37,17,8,4,2,3,71,7878
17856,2017,A6130,Major,A6200,A609,455500,340000,52.9545341,-1.17533234,0.5,0.3,Estimated,Estimated using AADF from previous year on this link,N,136,29,5963,4,862,52,26,15,4,4,3,103,6962
17856,2017,A6130,Major,A6200,A609,455500,340000,52.9545341,-1.17533234,0.5,0.3,Estimated,Estimated using AADF from previous year on this link,S,152,29,7107,11,639,37,17,8,4,2,3,72,7857
17856,2018,A6130,Major,A6200,A609,455500,340000,52.9545341,-1.17533234,0.5,0.3,Estimated,Estimated using AADF from previous year on this link,N,151,29,5898,4,879,52,26,14,4,4,3,103,6912
17856,2018,A6130,Major,A6200,A609,455500,340000,52.9545341,-1.17533234,0.5,0.3,Estimated,Estimated using AADF from previous year on this link,S,168,29,7028,10,651,37,17,8,5,2,3,72,7790
17856,2019,A6130,Major,A6200,A609,455500,340000,52.9545341,-1.17533234,0.5,0.3,Estimated,Estimated using AADF from previous year on this link,N,165,27,5972,4,871,52,27,14,4,4,3,103,6977
17856,2019,A6130,Major,A6200,A609,455500,340000,52.9545341,-1.17533234,0.5,0.3,Estimated,Estimated using AADF from previous year on this link,S,185,27,7116,10,645,37,17,8,5,2,3,72,7871
17856,2020,A6130,Major,A6200,A609,455500,340000,52.9545341,-1.17533234,0.5,0.3,Estimated,Estimated using AADF from previous year on this link,N,189,20,4536,3,769,45,23,13,3,4,3,91,5418
17856,2020,A6130,Major,A6200,A609,455500,340000,52.9545341,-1.17533234,0.5,0.3,Estimated,Estimated using AADF from previous year on this link,S,211,20,5405,7,569,32,15,7,4,2,3,63,6064
17856,2021,A6130,Major,A6200,A609,455500,340000,52.9545341,-1.17533234,0.5,0.3,Counted,Manual count,N,162,40,5058,0,850,104,11,8,4,8,4,140,6088
17856,2021,A6130,Major,A6200,A609,455500,340000,52.9545341,-1.17533234,0.5,0.3,Counted,Manual count,S,157,30,4354,1,649,55,11,7,1,2,2,79,5112
17856,2022,A6130,Major,A6200,A609,455500,340000,52.9545341,-1.17533234,0.5,0.3,Estimated,Estimated using AADF from previous year on this link,N,145,44,5402,0,921,108,12,8,4,8,4,145,6512
17856,2022,A6130,Major,A6200,A609,455500,340000,52.9545341,-1.17533234,0.5,0.3,Estimated,Estimated using AADF from previous year on this link,S,140,32,4651,1,704,57,12,7,1,2,2,82,5469
17856,2023,A6130,Major,A6200,A609,455500,340000,52.9545341,-1.17533234,0.5,0.3,Estimated,Estimated using AADF from previous year on this link,N,142,44,5503,0,937,107,12,8,4,8,4,143,6627
17856,2023,A6130,Major,A6200,A609,455500,340000,52.9545341,-1.17533234,0.5,0.3,Estimated,Estimated using AADF from previous year on this link,S,138,32,4738,1,715,57,12,7,1,2,2,80,5567
17856,2024,A6130,Major,A6200,A609,455500,340000,52.9545341,-1.17533234,0.5,0.3,Estimated,Estimated using AADF from previous year on this link,N,144,45,5587,0,954,108,12,8,4,8,4,144,6729
17856,2024,A6130,Major,A6200,A609,455500,340000,52.9545341,-1.17533234,0.5,0.3,Estimated,Estimated using AADF from previous year on this link,S,139,33,4810,1,728,58,12,7,1,2,2,81,5653
17856,2025,A6130,Major,A6200,A609,455500,340000,52.9545341,-1.17533234,0.5,0.3,Estimated,Estimated using AADF from previous year on this link,N,144,46,5594,0,973,107,12,8,4,8,4,142,6755
17856,2025,A6130,Major,A6200,A609,455500,340000,52.9545341,-1.17533234,0.5,0.3,Estimated,Estimated using AADF from previous year on this link,S,140,34,4816,1,743,57,12,7,1,2,2,81,5674
17857,2000,A6008,Major,Carrington St,A60,457600,339120,52.9464033,-1.14423452,0.5,0.3,Estimated,Estimated using AADF from previous year on this link,E,23,30,5624,36,792,265,44,17,17,15,7,365,6847
17857,2001,A6008,Major,Carrington St,A60,457600,339120,52.9464033,-1.14423452,0.5,0.3,Estimated,Estimated using AADF from previous year on this link,E,22,31,5450,38,798,253,49,17,14,12,7,352,6669
17857,2002,A6008,Major,Carrington St,A60,457600,339120,52.9464033,-1.14423452,0.5,0.3,Estimated,Estimated using AADF from previous year on this link,E,23,32,5537,38,855,239,50,17,13,10,8,337,6799
17857,2003,A6008,Major,Carrington St,A60,457600,339120,52.9464033,-1.14423452,0.5,0.3,Counted,Manual count,E,31,72,7201,45,971,251,50,21,24,28,15,389,8678
17857,2003,A6008,Major,Carrington St,A60,457600,339120,52.9464033,-1.14423452,0.5,0.3,Counted,Manual count,W,39,29,3476,28,422,104,20,3,22,19,10,178,4133
17857,2004,A6008,Major,Carrington St,A60,457600,339120,52.9464033,-1.14423452,0.5,0.3,Estimated,Estimated using AADF from previous year on this link,E,25,47,7295,37,1069,306,64,28,24,26,18,466,8914
17857,2004,A6008,Major,Carrington St,A60,457600,339120,52.9464033,-1.14423452,0.5,0.3,Estimated,Estimated using AADF from previous year on this link,W,32,19,3521,23,464,127,26,4,23,18,12,210,4237
17857,2005,A6008,Major,Carrington St,A60,457600,339120,52.9464033,-1.14423452,0.5,0.3,Estimated,Estimated using AADF from previous year on this link,E,21,39,6959,35,1139,331,67,32,20,21,17,488,8660
17857,2005,A6008,Major,Carrington St,A60,457600,339120,52.9464033,-1.14423452,0.5,0.3,Estimated,Estimated using AADF from previous year on this link,W,27,16,3359,21,495,137,28,5,19,15,12,216,4107
17857,2006,A6008,Major,Carrington St,A60,457600,339120,52.9464033,-1.14423452,0.5,0.3,Estimated,Estimated using AADF from previous year on this link,E,33,34,6827,32,1156,319,63,33,16,17,17,465,8514
17857,2006,A6008,Major,Carrington St,A60,457600,339120,52.9464033,-1.14423452,0.5,0.3,Estimated,Estimated using AADF from previous year on this link,W,42,14,3295,20,502,132,26,5,15,12,11,201,4032
17857,2007,A6008,Major,Carrington St,A60,457600,339120,52.9464033,-1.14423452,0.5,0.3,Estimated,Estimated using AADF from previous year on this link,E,21,32,6718,29,1218,297,59,33,13,15,16,433,8430
17857,2007,A6008,Major,Carrington St,A60,457600,339120,52.9464033,-1.14423452,0.5,0.3,Estimated,Estimated using AADF from previous year on this link,W,26,13,3242,18,529,123,24,5,12,10,11,185,3987
17857,2008,A6008,Major,Carrington St,A60,457600,339120,52.9464033,-1.14423452,0.5,0.3,Estimated,Estimated using AADF from previous year on this link,E,23,31,6570,25,1243,296,66,35,11,13,15,436,8305
17857,2008,A6008,Major,Carrington St,A60,457600,339120,52.9464033,-1.14423452,0.5,0.3,Estimated,Estimated using AADF from previous year on this link,W,30,12,3171,16,540,123,27,5,10,9,10,184,3923
17857,2009,A6008,Major,Carrington St,A60,457600,339120,52.9464033,-1.14423452,0.5,0.3,Estimated,Estimated using AADF from previous year on this link,E,23,35,6715,25,1262,269,65,33,10,11,15,403,8440
17857,2009,A6008,Major,Carrington St,A60,457600,339120,52.9464033,-1.14423452,0.5,0.3,Estimated,Estimated using AADF from previous year on this link,W,30,13,3241,16,548,112,27,5,9,8,10,171,3989
17857,2010,A6008,Major,Carrington St,A60,457600,339120,52.9464033,-1.14423452,0.5,0.3,Estimated,Estimated using AADF from previous year on this link,E,23,33,6675,28,1348,286,66,29,12,10,15,418,8502
17857,2010,A6008,Major,Carrington St,A60,457600,339120,52.9464033,-1.14423452,0.5,0.3,Estimated,Estimated using AADF from previous year on this link,W,30,12,3222,18,585,119,27,4,11,8,10,179,4016
17857,2011,A6008,Major,Carrington St,A60,457600,339120,52.9464033,-1.14423452,0.5,0.3,Counted,Manual count,E,19,57,8501,25,872,132,48,25,27,34,19,285,9740
17857,2011,A6008,Major,Carrington St,A60,457600,339120,52.9464033,-1.14423452,0.5,0.3,Counted,Manual count,W,23,64,4858,21,862,141,31,16,22,21,12,243,6048
17857,2012,A6008,Major,Carrington St,A60,457600,339120,52.9464033,-1.14423452,0.5,0.3,Estimated,Estimated using AADF from previous year on this link,E,18,55,8368,27,882,133,52,28,19,30,18,281,9614
17857,2012,A6008,Major,Carrington St,A60,457600,339120,52.9464033,-1.14423452,0.5,0.3,Estimated,Estimated using AADF from previous year on this link,W,22,61,4782,23,872,143,34,18,15,19,11,240,5978
17857,2013,A6008,Major,Carrington St,A60,457600,339120,52.9464033,-1.14423452,0.5,0.3,Estimated,Estimated using AADF from previous year on this link,E,18,61,8295,28,917,135,57,32,14,29,18,285,9586
17857,2013,A6008,Major,Carrington St,A60,457600,339120,52.9464033,-1.14423452,0.5,0.3,Estimated,Estimated using AADF from previous year on this link,W,21,68,4740,24,907,144,37,21,11,18,12,242,5981
17857,2014,A6008,Major,Carrington St,A60,457600,339120,52.9464033,-1.14423452,0.5,0.3,Estimated,Estimated using AADF from previous year on this link,E,17,58,8520,27,981,138,63,35,12,23,17,290,9875
17857,2014,A6008,Major,Carrington St,A60,457600,339120,52.9464033,-1.14423452,0.5,0.3,Estimated,Estimated using AADF from previous year on this link,W,21,65,4869,23,969,147,41,23,10,15,11,246,6172
17857,2015,A6008,Major,Carrington St,A60,457600,339120,52.9464033,-1.14423452,0.5,0.3,Estimated,Estimated using AADF from previous year on this link,E,16,51,8688,29,1028,131,65,34,15,23,17,283,10080
17857,2015,A6008,Major,Carrington St,A60,457600,339120,52.9464033,-1.14423452,0.5,0.3,Estimated,Estimated using AADF from previous year on this link,W,19,58,4965,25,1017,140,42,22,12,14,11,239,6303
17857,2016,A6008,Major,Carrington St,A60,457600,339120,52.9464033,-1.14423452,0.5,0.3,Estimated,Estimated using AADF from previous year on this link,E,15,50,8824,27,1123,133,64,38,15,20,16,286,10311
17857,2016,A6008,Major,Carrington St,A60,457600,339120,52.9464033,-1.14423452,0.5,0.3,Estimated,Estimated using AADF from previous year on this link,W,18,56,5042,23,1110,142,41,24,12,12,10,243,6475
17857,2017,A6008,Major,Carrington St,A60,457600,339120,52.9464033,-1.14423452,0.5,0.3,Estimated,Estimated using AADF from previous year on this link,E,14,51,8759,25,1183,132,65,39,16,20,17,289,10306
17857,2017,A6008,Major,Carrington St,A60,457600,339120,52.9464033,-1.14423452,0.5,0.3,Estimated,Estimated using AADF from previous year on this link,W,17,57,5005,21,1169,141,42,25,13,12,11,244,6496
17857,2018,A6008,Major,Carrington St,A60,457600,339120,52.9464033,-1.14423452,0.5,0.3,Estimated,Estimated using AADF from previous year on this link,E,16,50,8662,23,1205,133,65,38,16,21,18,290,10230
17857,2018,A6008,Major,Carrington St,A60,457600,339120,52.9464033,-1.14423452,0.5,0.3,Estimated,Estimated using AADF from previous year on this link,W,19,56,4950,19,1191,142,42,24,13,13,11,245,6462
17857,2019,A6008,Major,Carrington St,A60,457757,339134,52.9465123,-1.14189578,0.5,0.3,Counted,Manual count,E,50,55,7579,27,1190,141,53,38,8,28,27,295,9145
17857,2019,A6008,Major,Carrington St,A60,457757,339134,52.9465123,-1.14189578,0.5,0.3,Counted,Manual count,W,58,60,7783,19,1154,160,39,32,9,26,25,291,9306
17857,2020,A6008,Major,Carrington St,A60,457757,339134,52.9465123,-1.14189578,0.5,0.3,Estimated,Estimated using AADF from previous year on this link,E,58,41,5757,17,1050,124,46,34,7,25,24,259,7123
17857,2020,A6008,Major,Carrington St,A60,457757,339134,52.9465123,-1.14189578,0.5,0.3,Estimated,Estimated using AADF from previous year on this link,W,66,44,5911,12,1019,140,34,29,8,23,22,255,7242
17857,2021,A6008,Major,Carrington St,A60,457757,339134,52.9465123,-1.14189578,0.5,0.3,Estimated,Estimated using AADF from previous year on this link,E,47,43,6343,17,1145,133,49,37,7,26,25,278,7825
17857,2021,A6008,Major,Carrington St,A60,457757,339134,52.9465123,-1.14189578,0.5,0.3,Estimated,Estimated using AADF from previous year on this link,W,54,47,6513,12,1111,150,36,32,8,25,23,274,7956
17857,2022,A6008,Major,Carrington St,A60,457757,339134,52.9465123,-1.14189578,0.5,0.3,Estimated,Estimated using AADF from previous year on this link,E,42,47,6775,19,1241,137,51,39,7,27,26,288,8369
17857,2022,A6008,Major,Carrington St,A60,457757,339134,52.9465123,-1.14189578,0.5,0.3,Estimated,Estimated using AADF from previous year on this link,W,48,51,6956,13,1204,155,37,34,8,25,24,284,8508
17857,2023,A6008,Major,Carrington St,A60,457757,339134,52.9465123,-1.14189578,0.5,0.3,Estimated,Estimated using AADF from previous year on this link,E,41,46,6902,19,1262,136,50,39,8,26,25,283,8512
17857,2023,A6008,Major,Carrington St,A60,457757,339134,52.9465123,-1.14189578,0.5,0.3,Estimated,Estimated using AADF from previous year on this link,W,47,50,7087,13,1224,153,37,33,8,25,23,279,8654
17857,2024,A6008,Major,Carrington St,A60,457757,339134,52.9465123,-1.14189578,0.5,0.3,Estimated,Estimated using AADF from previous year on this link,E,42,48,7007,19,1284,138,50,38,7,26,24,283,8640
17857,2024,A6008,Major,Carrington St,A60,457757,339134,52.9465123,-1.14189578,0.5,0.3,Estimated,Estimated using AADF from previous year on this link,W,48,52,7194,13,1246,156,37,32,8,24,22,279,8785
17857,2025,A6008,Major,Carrington St,A60,457757,339134,52.9465123,-1.14189578,0.5,0.3,Estimated,Estimated using AADF from previous year on this link,E,42,49,7015,19,1311,136,50,39,7,25,24,281,8674
17857,2025,A6008,Major,Carrington St,A60,457757,339134,52.9465123,-1.14189578,0.5,0.3,Estimated,Estimated using AADF from previous year on this link,W,48,53,7203,13,1272,154,37,33,8,23,22,278,8819
18325,2000,A6008,Major,A610,A60,457150,340200,52.95615866,-1.15074093,0.3,0.2,Estimated,Estimated using AADF from previous year on this link,S,100,186,12955,1713,2008,247,27,18,15,12,11,330,17192
18325,2001,A6008,Major,A610,A60,457150,340200,52.95615866,-1.15074093,0.3,0.2,Estimated,Estimated using AADF from previous year on this link,S,96,195,12553,1794,2022,236,30,18,12,10,11,317,16881
18325,2002,A6008,Major,A610,A60,457150,340200,52.95615866,-1.15074093,0.3,0.2,Estimated,Estimated using AADF from previous year on this link,S,100,202,12754,1808,2168,223,31,18,11,9,12,304,17236
18325,2003,A6008,Major,A610,A60,457150,340200,52.95615866,-1.15074093,0.3,0.2,Estimated,Estimated using AADF from previous year on this link,S,89,287,12282,1759,2354,216,32,19,11,8,13,299,16981
18325,2004,A6008,Major,A610,A60,457150,340200,52.95615866,-1.15074093,0.3,0.2,Estimated,Estimated using AADF from previous year on this link,S,72,189,12442,1441,2592,263,41,25,11,8,16,364,17028
18325,2005,A6008,Major,A610,A60,457150,340200,52.95615866,-1.15074093,0.3,0.2,Counted,Manual count,W,25,48,3809,166,467,70,18,7,6,3,4,108,4598
18325,2006,A6008,Major,A610,A60,457150,340200,52.95615866,-1.15074093,0.3,0.2,Counted,Manual count,W,28,45,3380,88,408,85,24,8,5,6,4,132,4053
18325,2007,A6008,Major,A610,A60,457150,340200,52.95615866,-1.15074093,0.7,0.4,Estimated,Estimated using AADF from previous year on this link,W,18,43,3326,80,429,79,22,9,4,5,4,123,4001
18325,2008,A6008,Major,A6008 Upper Parliament Street,A60,457150,340200,52.95615866,-1.15074093,0.7,0.4,Estimated,Estimated using AADF from previous year on this link,W,20,41,3252,70,438,79,25,9,3,4,4,124,3925
18325,2009,A6008,Major,A6008 Upper Parliament Street,A60,457150,340200,52.95615866,-1.15074093,0.7,0.4,Estimated,Estimated using AADF from previous year on this link,W,20,46,3324,69,445,72,25,9,3,3,4,116,4000
18325,2010,A6008,Major,A6008 Upper Parliament Street,A60,457150,340200,52.95615866,-1.15074093,0.7,0.4,Estimated,Estimated using AADF from previous year on this link,W,20,44,3304,78,475,77,25,8,4,3,4,121,4022
18325,2011,A6008,Major,A6008 Upper Parliament Street,A60,457150,340200,52.95615866,-1.15074093,0.7,0.4,Estimated,Estimated using AADF from previous year on this link,W,22,37,3294,74,530,78,27,9,3,3,4,124,4059
18325,2012,A6008,Major,A6008 Upper Parliament Street,A60,457150,340200,52.95615866,-1.15074093,0.7,0.4,Estimated,Estimated using AADF from previous year on this link,W,21,35,3243,80,536,79,29,10,2,3,4,127,4022
18325,2013,A6008,Major,A6008 Upper Parliament Street,A60,457150,340200,52.95615866,-1.15074093,0.7,0.4,Estimated,Estimated using AADF from previous year on this link,N,21,39,3214,84,557,80,32,12,2,3,4,131,4026
18325,2014,A6008,Major,A6008 Upper Parliament Street,A60,457150,340200,52.95615866,-1.15074093,0.7,0.4,Estimated,Estimated using AADF from previous year on this link,N,20,38,3301,81,596,81,35,13,1,2,4,137,4153
18325,2015,A6008,Major,A6008 Upper Parliament Street,A60,457150,340200,52.95615866,-1.15074093,0.7,0.4,Counted,Manual count,N,44,45,5209,236,690,103,20,11,5,3,2,144,6325
18325,2016,A6008,Major,A6008 Upper Parliament Street,A60,457150,340200,52.95615866,-1.15074093,0.7,0.4,Estimated,Estimated using AADF from previous year on this link,N,41,44,5291,219,754,105,19,13,6,2,2,147,6454
18325,2017,A6008,Major,A6008 Upper Parliament Street,A60,457150,340200,52.95615866,-1.15074093,0.7,0.4,Estimated,Estimated using AADF from previous year on this link,N,39,44,5252,205,793,104,20,13,6,2,2,147,6441
18325,2018,A6008,Major,A6008 Upper Parliament Street,A60,457150,340200,52.95615866,-1.15074093,0.8,0.5,Estimated,Estimated using AADF from previous year on this link,N,43,44,5194,186,808,105,20,13,6,2,2,147,6379
18325,2019,A6008,Major,A6008 Upper Parliament Street,A60,457150,340200,52.95615866,-1.15074093,0.8,0.5,Estimated,Estimated using AADF from previous year on this link,N,47,41,5259,188,801,104,20,13,6,3,2,147,6436
18325,2020,A6008,Major,A6008 Upper Parliament Street,A60,457150,340200,52.95615866,-1.15074093,0.8,0.5,Estimated,Estimated using AADF from previous year on this link,N,54,30,3995,118,707,91,17,11,5,2,2,129,4979
18325,2021,A6008,Major,A6008 Upper Parliament Street,A60,457150,340200,52.95615866,-1.15074093,0.8,0.5,Estimated,Estimated using AADF from previous year on this link,N,44,32,4401,122,771,98,19,12,6,2,2,138,5464
18325,2022,A6008,Major,A6008 Upper Parliament Street,A60,457150,340200,52.95615866,-1.15074093,0.8,0.5,Estimated,Estimated using AADF from previous year on this link,N,40,35,4701,131,836,101,19,13,6,2,2,143,5846
18325,2023,A6008,Major,A6008 Upper Parliament Street,A60,457150,340200,52.95615866,-1.15074093,0.8,0.5,Counted,Manual count,W,59,236,4796,290,597,64,9,5,4,0,0,82,6002
18325,2024,A6008,Major,A6008 Upper Parliament Street,A60,457150,340200,52.95615866,-1.15074093,0.8,0.5,Estimated,Estimated using AADF from previous year on this link,W,59,244,4869,292,608,65,9,5,4,0,0,83,6095
18325,2025,A6008,Major,A6008 Upper Parliament Street,A60,457150,340200,52.95615866,-1.15074093,0.8,0.5,Estimated,Estimated using AADF from previous year on this link,W,59,248,4874,285,620,64,9,5,4,0,0,83,6111
26550,2000,A6200,Major,A6130,A610,455962,339964,52.95416261,-1.16846296,1,0.6,Counted,Manual count,E,67,75,7636,605,702,93,8,5,1,6,7,120,9138
26550,2000,A6200,Major,A6130,A610,455962,339964,52.95416261,-1.16846296,1,0.6,Counted,Manual count,W,101,110,7937,633,707,110,10,4,8,5,3,140,9527
26550,2001,A6200,Major,A6130,A610,455962,339964,52.95416261,-1.16846296,1,0.6,Estimated,Estimated using AADF from previous year on this link,E,64,79,7399,633,707,89,9,5,1,5,7,116,8934
26550,2001,A6200,Major,A6130,A610,455962,339964,52.95416261,-1.16846296,1,0.6,Estimated,Estimated using AADF from previous year on this link,W,97,115,7691,663,712,105,11,4,6,4,3,133,9314
26550,2002,A6200,Major,A6130,A610,455962,339964,52.95416261,-1.16846296,1,0.6,Estimated,Estimated using AADF from previous year on this link,E,67,82,7517,638,758,84,9,5,1,4,8,111,9106
26550,2002,A6200,Major,A6130,A610,455962,339964,52.95416261,-1.16846296,1,0.6,Estimated,Estimated using AADF from previous year on this link,W,101,119,7814,668,763,99,11,4,5,3,3,125,9489
26550,2003,A6200,Major,A6130,A610,455962,339964,52.95416261,-1.16846296,1,0.6,Estimated,Estimated using AADF from previous year on this link,E,60,117,7239,621,823,81,9,5,1,4,9,109,8909
26550,2003,A6200,Major,A6130,A610,455962,339964,52.95416261,-1.16846296,1,0.6,Estimated,Estimated using AADF from previous year on this link,W,90,169,7525,650,829,96,11,4,5,3,3,122,9295
26550,2004,A6200,Major,A6130,A610,455962,339964,52.95416261,-1.16846296,1,0.6,Estimated,Estimated using AADF from previous year on this link,E,48,77,7333,508,906,99,12,7,1,3,10,132,8956
26550,2004,A6200,Major,A6130,A610,455962,339964,52.95416261,-1.16846296,1,0.6,Estimated,Estimated using AADF from previous year on this link,W,73,111,7623,532,912,117,14,6,5,3,4,149,9327
26550,2005,A6200,Major,A6130,A610,455962,339964,52.95416261,-1.16846296,1,0.6,Counted,Manual count,N,124,60,7362,556,758,71,12,16,5,6,5,115,8851
26550,2005,A6200,Major,A6130,A610,455962,339964,52.95416261,-1.16846296,1,0.6,Counted,Manual count,S,138,57,7005,576,708,60,9,18,8,5,4,104,8450
26550,2006,A6200,Major,A6130,A610,455962,339964,52.95416261,-1.16846296,1,0.6,Estimated,Estimated using AADF from previous year on this link,N,195,53,7222,516,769,68,11,16,4,4,5,108,8668
26550,2006,A6200,Major,A6130,A610,455962,339964,52.95416261,-1.16846296,1,0.6,Estimated,Estimated using AADF from previous year on this link,S,217,50,6872,535,718,58,8,18,6,4,4,98,8273
26550,2007,A6200,Major,A6130,A610,455962,339964,52.95416261,-1.16846296,1,0.6,Estimated,Estimated using AADF from previous year on this link,N,121,50,7107,469,810,63,10,17,3,4,4,101,8537
26550,2007,A6200,Major,A6130,A610,455962,339964,52.95416261,-1.16846296,1,0.6,Estimated,Estimated using AADF from previous year on this link,S,135,47,6762,487,756,54,7,19,5,3,4,92,8144
26550,2008,A6200,Major,A6130,A609/A610,455962,339964,52.95416261,-1.16846296,1,0.6,Estimated,Estimated using AADF from previous year on this link,N,136,48,6950,408,827,63,12,18,3,3,4,103,8336
26550,2008,A6200,Major,A6130,A609/A610,455962,339964,52.95416261,-1.16846296,1,0.6,Estimated,Estimated using AADF from previous year on this link,S,152,45,6614,423,772,54,8,20,4,3,3,92,7946
26550,2009,A6200,Major,A6130,A609/A610,455962,339964,52.95416261,-1.16846296,1,0.6,Estimated,Estimated using AADF from previous year on this link,N,136,54,7103,404,839,57,12,17,3,3,4,96,8496
26550,2009,A6200,Major,A6130,A609/A610,455962,339964,52.95416261,-1.16846296,1,0.6,Estimated,Estimated using AADF from previous year on this link,S,152,50,6760,418,784,49,8,19,4,3,3,86,8098
26550,2010,A6200,Major,A6130,A609/A610,455962,339964,52.95416261,-1.16846296,1,0.6,Estimated,Estimated using AADF from previous year on this link,N,137,51,7060,458,896,61,12,15,4,3,4,99,8564
26550,2010,A6200,Major,A6130,A609/A610,455962,339964,52.95416261,-1.16846296,1,0.6,Estimated,Estimated using AADF from previous year on this link,S,153,48,6719,474,837,52,8,17,5,3,3,88,8166
26550,2011,A6200,Major,A6130,A609/A610,455962,339964,52.95416261,-1.16846296,1,0.6,Estimated,Estimated using AADF from previous year on this link,N,151,43,7039,433,1000,62,13,17,3,3,4,102,8617
26550,2011,A6200,Major,A6130,A609/A610,455962,339964,52.95416261,-1.16846296,1,0.6,Estimated,Estimated using AADF from previous year on this link,S,169,41,6699,448,934,53,9,19,4,3,3,91,8213
26550,2012,A6200,Major,A6130,A609/A610,455962,339964,52.95416261,-1.16846296,1,0.6,Estimated,Estimated using AADF from previous year on this link,N,143,41,6929,471,1012,63,14,19,2,3,4,105,8558
26550,2012,A6200,Major,A6130,A609/A610,455962,339964,52.95416261,-1.16846296,1,0.6,Estimated,Estimated using AADF from previous year on this link,S,160,39,6594,487,945,54,10,22,3,3,3,93,8159
26550,2013,A6200,Major,A6130,A609/A610,455962,339964,52.95416261,-1.16846296,1,0.6,Counted,Manual count,E,80,56,5907,739,677,48,12,5,4,1,1,71,7450
26550,2013,A6200,Major,A6130,A609/A610,455962,339964,52.95416261,-1.16846296,1,0.6,Counted,Manual count,W,82,35,4241,642,380,56,7,1,3,1,2,70,5368
26550,2014,A6200,Major,A6130,A609/A610,455962,339964,52.95416261,-1.16846296,1,0.6,Estimated,Estimated using AADF from previous year on this link,E,78,54,6067,711,724,49,14,5,3,1,1,73,7629
26550,2014,A6200,Major,A6130,A609/A610,455962,339964,52.95416261,-1.16846296,1,0.6,Estimated,Estimated using AADF from previous year on this link,W,80,34,4356,618,406,57,7,1,2,1,2,71,5485
26550,2015,A6200,Major,A6130,A609/A610,455962,339964,52.95416261,-1.16846296,1,0.6,Estimated,Estimated using AADF from previous year on this link,E,72,48,6188,766,759,47,14,5,4,1,1,71,7831
26550,2015,A6200,Major,A6130,A609/A610,455962,339964,52.95416261,-1.16846296,1,0.6,Estimated,Estimated using AADF from previous year on this link,W,74,30,4442,666,426,54,8,1,3,1,2,69,5632
26550,2016,A6200,Major,A6130,A609/A610,455962,339964,52.95416261,-1.16846296,1,0.6,Estimated,Estimated using AADF from previous year on this link,E,67,46,6284,710,829,48,14,6,4,0,1,73,7942
26550,2016,A6200,Major,A6130,A609/A610,455962,339964,52.95416261,-1.16846296,1,0.6,Estimated,Estimated using AADF from previous year on this link,W,69,29,4512,617,465,55,7,1,3,1,2,70,5692
26550,2017,A6200,Major,A6130,A609/A610,455962,339964,52.95416261,-1.16846296,1,0.6,Estimated,Estimated using AADF from previous year on this link,E,64,47,6238,663,873,47,14,6,4,0,1,73,7893
26550,2017,A6200,Major,A6130,A609/A610,455962,339964,52.95416261,-1.16846296,1,0.6,Estimated,Estimated using AADF from previous year on this link,W,66,29,4478,576,490,55,8,1,3,1,2,70,5643
26550,2018,A6200,Major,A6130,A609/A610,455962,339964,52.95416261,-1.16846296,1.2,0.7,Estimated,Estimated using AADF from previous year on this link,E,71,46,6169,601,889,48,14,6,4,1,1,73,7779
26550,2018,A6200,Major,A6130,A609/A610,455962,339964,52.95416261,-1.16846296,1.2,0.7,Estimated,Estimated using AADF from previous year on this link,W,73,29,4429,522,499,55,8,1,3,1,2,70,5550
26550,2019,A6200,Major,A6130,A609/A610,455962,339964,52.95416261,-1.16846296,1.2,0.7,Estimated,Estimated using AADF from previous year on this link,E,78,44,6247,608,881,47,14,6,4,1,1,73,7852
26550,2019,A6200,Major,A6130,A609/A610,455962,339964,52.95416261,-1.16846296,1.2,0.7,Estimated,Estimated using AADF from previous year on this link,W,80,27,4485,528,495,54,8,1,3,1,2,70,5604
26550,2020,A6200,Major,A6130,A609/A610,455962,339964,52.95416261,-1.16846296,1.2,0.7,Estimated,Estimated using AADF from previous year on this link,E,89,32,4745,384,778,41,12,5,4,0,1,64,6003
26550,2020,A6200,Major,A6130,A609/A610,455962,339964,52.95416261,-1.16846296,1.2,0.7,Estimated,Estimated using AADF from previous year on this link,W,92,20,3406,333,437,48,7,1,3,1,2,61,4258
26550,2021,A6200,Major,A6130,A609/A610,455962,339964,52.95416261,-1.16846296,1.2,0.7,Counted,Manual count,E,49,45,4388,426,803,22,8,3,0,1,0,33,5694
26550,2021,A6200,Major,A6130,A609/A610,455962,339964,52.95416261,-1.16846296,1.2,0.7,Counted,Manual count,W,67,41,4506,441,757,22,6,3,1,1,0,32,5777
26550,2022,A6200,Major,A6130,A609/A610,455962,339964,52.95416261,-1.16846296,1.2,0.7,Estimated,Estimated using AADF from previous year on this link,E,44,49,4686,458,871,22,8,3,0,1,0,34,6098
26550,2022,A6200,Major,A6130,A609/A610,455962,339964,52.95416261,-1.16846296,1.2,0.7,Estimated,Estimated using AADF from previous year on this link,W,60,45,4813,474,821,22,6,3,1,1,0,33,6186
26550,2023,A6200,Major,A6130,A609/A610,455962,339964,52.95416261,-1.16846296,1.2,0.7,Estimated,Estimated using AADF from previous year on this link,E,43,48,4774,462,886,22,8,3,0,1,0,34,6204
26550,2023,A6200,Major,A6130,A609/A610,455962,339964,52.95416261,-1.16846296,1.2,0.7,Estimated,Estimated using AADF from previous year on this link,W,59,44,4904,479,834,22,6,3,1,1,0,33,6294
26550,2024,A6200,Major,A6130,A609/A610,455962,339964,52.95416261,-1.16846296,1.2,0.7,Estimated,Estimated using AADF from previous year on this link,E,43,50,4847,464,902,22,8,3,0,1,0,34,6296
26550,2024,A6200,Major,A6130,A609/A610,455962,339964,52.95416261,-1.16846296,1.2,0.7,Estimated,Estimated using AADF from previous year on this link,W,59,45,4978,481,849,22,6,3,1,1,0,33,6386
26550,2025,A6200,Major,A6130,A609/A610,455962,339964,52.95416261,-1.16846296,1.2,0.7,Estimated,Estimated using AADF from previous year on this link,E,44,51,4853,453,920,22,8,3,0,1,0,34,6310
26550,2025,A6200,Major,A6130,A609/A610,455962,339964,52.95416261,-1.16846296,1.2,0.7,Estimated,Estimated using AADF from previous year on this link,W,60,46,4984,470,867,22,6,3,1,1,0,33,6400
27200,2000,A6005,Major,A6464,A52,455000,338340,52.93966507,-1.18305491,1.8,1.1,Counted,Manual count,E,63,219,18093,248,2227,426,40,26,36,33,17,578,21365
27200,2000,A6005,Major,A6464,A52,455000,338340,52.93966507,-1.18305491,1.8,1.1,Counted,Manual count,W,94,219,17865,246,2039,356,46,31,19,28,14,494,20863
27200,2001,A6005,Major,A6464,A52,455000,338340,52.93966507,-1.18305491,1.8,1.1,Estimated,Estimated using AADF from previous year on this link,E,60,227,18455,253,2218,417,46,26,32,28,19,568,21721
27200,2001,A6005,Major,A6464,A52,455000,338340,52.93966507,-1.18305491,1.8,1.1,Estimated,Estimated using AADF from previous year on this link,W,90,227,18222,251,2031,349,53,31,17,24,16,490,21221
27200,2002,A6005,Major,A6464,A52,455000,338340,52.93966507,-1.18305491,1.8,1.1,Counted,Manual count,E,146,275,18075,269,1998,429,36,36,32,30,23,586,21203
27200,2002,A6005,Major,A6464,A52,455000,338340,52.93966507,-1.18305491,1.8,1.1,Counted,Manual count,W,133,271,18855,250,2165,380,34,47,32,31,20,544,22085
27200,2003,A6005,Major,A6464,A52,455000,338340,52.93966507,-1.18305491,1.8,1.1,Counted,Manual count,E,195,320,19090,251,2044,496,61,35,33,27,20,672,22377
27200,2003,A6005,Major,A6464,A52,455000,338340,52.93966507,-1.18305491,1.8,1.1,Counted,Manual count,W,165,318,17829,226,2154,364,53,39,26,22,17,521,21048
27200,2004,A6005,Major,A6464,A52,455000,338340,52.93966507,-1.18305491,1.8,1.1,Counted,Manual count,E,172,160,17398,251,1890,315,48,35,17,27,7,449,20148
27200,2004,A6005,Major,A6464,A52,455000,338340,52.93966507,-1.18305491,1.8,1.1,Counted,Manual count,W,132,188,17250,217,2076,337,46,28,18,34,18,481,20212
27200,2005,A6005,Major,A6464,A52,455000,338340,52.93966507,-1.18305491,1.8,1.1,Counted,Manual count,E,65,255,17223,192,2176,315,30,22,10,24,8,409,20255
27200,2005,A6005,Major,A6464,A52,455000,338340,52.93966507,-1.18305491,1.8,1.1,Counted,Manual count,W,89,221,16520,194,2122,351,28,19,25,21,17,461,19518
27200,2006,A6005,Major,A6464,A52,455000,338340,52.93966507,-1.18305491,1.8,1.1,Counted,Manual count,E,84,255,18145,292,2502,305,55,29,18,17,13,437,21631
27200,2006,A6005,Major,A6464,A52,455000,338340,52.93966507,-1.18305491,1.8,1.1,Counted,Manual count,W,111,234,18252,290,2501,376,57,32,16,15,20,516,21793
27200,2007,A6005,Major,A6464,A52,455000,338340,52.93966507,-1.18305491,1.8,1.1,Counted,Manual count,E,107,205,16780,408,1830,321,38,30,10,30,11,440,19663
27200,2007,A6005,Major,A6464,A52,455000,338340,52.93966507,-1.18305491,1.8,1.1,Counted,Manual count,W,102,178,15108,262,2068,236,41,23,20,31,14,365,17981
27200,2008,A6005,Major,A6464,A52,455000,338340,52.93966507,-1.18305491,1.8,1.1,Counted,Manual count,E,112,242,16245,249,2357,266,24,16,13,25,17,361,19454
27200,2008,A6005,Major,A6464,A52,455000,338340,52.93966507,-1.18305491,1.8,1.1,Counted,Manual count,W,147,234,15375,208,2189,226,49,15,16,15,13,334,18340
27200,2009,A6005,Major,A6464,A52,455000,338340,52.93966507,-1.18305491,1.8,1.1,Estimated,Estimated using AADF from previous year on this link,E,112,228,15985,244,2553,256,25,16,12,22,17,348,19358
27200,2009,A6005,Major,A6464,A52,455000,338340,52.93966507,-1.18305491,1.8,1.1,Estimated,Estimated using AADF from previous year on this link,W,147,221,15129,203,2371,218,51,15,15,13,13,325,18249
27200,2010,A6005,Major,A6464,A52,455000,338340,52.93966507,-1.18305491,1.8,1.1,Counted,Manual count,E,126,228,14890,265,2103,263,46,47,12,21,12,401,17887
27200,2010,A6005,Major,A6464,A52,455000,338340,52.93966507,-1.18305491,1.8,1.1,Counted,Manual count,W,161,231,15384,225,2290,245,43,54,19,16,12,389,18519
27200,2011,A6005,Major,A6464,A52,455000,338340,52.93966507,-1.18305491,1.8,1.1,Estimated,Estimated using AADF from previous year on this link,E,139,242,14816,265,2168,262,49,53,9,21,13,407,17898
27200,2011,A6005,Major,A6464,A52,455000,338340,52.93966507,-1.18305491,1.8,1.1,Estimated,Estimated using AADF from previous year on this link,W,178,245,15307,225,2361,244,46,61,15,16,13,395,18533
27200,2012,A6005,Major,A6464,A52,455000,338340,52.93966507,-1.18305491,1.8,1.1,Counted,Manual count,E,113,205,16788,413,2240,225,54,32,10,20,18,360,20007
27200,2012,A6005,Major,A6464,A52,455000,338340,52.93966507,-1.18305491,1.8,1.1,Counted,Manual count,W,108,193,15381,245,1696,199,33,34,20,27,10,323,17838
27200,2013,A6005,Major,A6464,A52,455000,338340,52.93966507,-1.18305491,1.8,1.1,Estimated,Estimated using AADF from previous year on this link,E,111,205,16693,389,2266,225,58,36,7,19,19,363,19916
27200,2013,A6005,Major,A6464,A52,455000,338340,52.93966507,-1.18305491,1.8,1.1,Estimated,Estimated using AADF from previous year on this link,W,107,193,15293,231,1716,198,35,39,15,25,10,322,17755
27200,2014,A6005,Major,A6464,A52,455000,338340,52.93966507,-1.18305491,1.8,1.1,Counted,Manual count,E,161,196,13627,279,1926,216,51,60,23,21,15,385,16413
27200,2014,A6005,Major,A6464,A52,455000,338340,52.93966507,-1.18305491,1.8,1.1,Counted,Manual count,W,134,183,12284,229,2057,227,37,59,20,16,14,374,15126
27200,2015,A6005,Major,A6464,A52,455000,338340,52.93966507,-1.18305491,1.8,1.1,Estimated,Estimated using AADF from previous year on this link,E,150,199,13377,277,2026,210,53,58,28,21,15,385,16263
27200,2015,A6005,Major,A6464,A52,455000,338340,52.93966507,-1.18305491,1.8,1.1,Estimated,Estimated using AADF from previous year on this link,W,124,186,12058,227,2163,221,39,57,25,16,14,372,15007
27200,2016,A6005,Major,A6464,A52,455000,338340,52.93966507,-1.18305491,1.8,1.1,Estimated,Estimated using AADF from previous year on this link,E,140,195,13585,257,2213,213,53,65,29,18,15,393,16643
27200,2016,A6005,Major,A6464,A52,455000,338340,52.93966507,-1.18305491,1.8,1.1,Estimated,Estimated using AADF from previous year on this link,W,116,182,12246,210,2363,224,39,64,26,14,14,381,15383
27200,2017,A6005,Major,A6464,A52,455000,338340,52.93966507,-1.18305491,1.8,1.1,Estimated,Estimated using AADF from previous year on this link,E,134,197,13485,240,2330,211,54,67,30,18,15,396,16647
27200,2017,A6005,Major,A6464,A52,455000,338340,52.93966507,-1.18305491,1.8,1.1,Estimated,Estimated using AADF from previous year on this link,W,111,184,12156,196,2488,223,39,66,27,14,15,383,15407
27200,2018,A6005,Major,A6464,A52,455000,338340,52.93966507,-1.18305491,1.9,1.2,Counted,Manual count,E,104,165,16327,359,2044,313,34,25,7,36,36,451,19346
27200,2018,A6005,Major,A6464,A52,455000,338340,52.93966507,-1.18305491,1.9,1.2,Counted,Manual count,W,69,151,13749,155,1858,284,34,23,12,35,27,415,16329
27200,2019,A6005,Major,A6464,A52,455000,338340,52.93966507,-1.18305491,1.9,1.2,Estimated,Estimated using AADF from previous year on this link,E,114,155,16532,363,2026,309,34,25,7,37,36,449,19525
27200,2019,A6005,Major,A6464,A52,455000,338340,52.93966507,-1.18305491,1.9,1.2,Estimated,Estimated using AADF from previous year on this link,W,75,142,13922,157,1842,280,34,23,12,36,27,414,16476
27200,2020,A6005,Major,A6464,A52,455000,338340,52.93966507,-1.18305491,1.9,1.2,Counted,Manual count,E,38,120,9132,188,1778,120,22,21,4,4,27,198,11415
27200,2020,A6005,Major,A6464,A52,455000,338340,52.93966507,-1.18305491,1.9,1.2,Counted,Manual count,W,65,100,9469,164,1929,167,12,24,0,7,23,233,11896
27200,2021,A6005,Major,A6464,A52,455000,338340,52.93966507,-1.18305491,1.9,1.2,Estimated,Estimated using AADF from previous year on this link,E,31,127,10060,194,1939,128,23,23,4,4,29,212,12532
27200,2021,A6005,Major,A6464,A52,455000,338340,52.93966507,-1.18305491,1.9,1.2,Estimated,Estimated using AADF from previous year on this link,W,53,106,10432,170,2103,178,13,27,0,8,25,250,13061
27200,2022,A6005,Major,A6464,A52,455000,338340,52.93966507,-1.18305491,1.9,1.2,Estimated,Estimated using AADF from previous year on this link,E,28,138,10745,209,2102,132,24,24,5,5,30,220,13414
27200,2022,A6005,Major,A6464,A52,455000,338340,52.93966507,-1.18305491,1.9,1.2,Estimated,Estimated using AADF from previous year on this link,W,48,116,11143,183,2280,185,13,28,0,8,25,259,13980
27200,2023,A6005,Major,A6464,A52,455000,338340,52.93966507,-1.18305491,1.9,1.2,Estimated,Estimated using AADF from previous year on this link,E,27,136,10947,211,2137,131,24,24,5,4,29,216,13648
27200,2023,A6005,Major,A6464,A52,455000,338340,52.93966507,-1.18305491,1.9,1.2,Estimated,Estimated using AADF from previous year on this link,W,47,114,11352,184,2318,182,13,28,0,8,24,255,14224
27200,2024,A6005,Major,A6464,A52,455000,338340,52.93966507,-1.18305491,1.9,1.2,Counted,Manual count,E,82,157,13547,236,1918,92,30,15,5,14,35,191,16049
27200,2024,A6005,Major,A6464,A52,455000,338340,52.93966507,-1.18305491,1.9,1.2,Counted,Manual count,W,75,156,13016,135,1859,82,27,16,2,9,29,165,15330
27200,2025,A6005,Major,A6464,A52,455000,338340,52.93966507,-1.18305491,1.9,1.2,Estimated,Estimated using AADF from previous year on this link,E,82,160,13564,231,1957,91,30,16,5,14,34,189,16100
27200,2025,A6005,Major,A6464,A52,455000,338340,52.93966507,-1.18305491,1.9,1.2,Estimated,Estimated using AADF from previous year on this link,W,75,159,13031,132,1897,82,27,17,2,9,28,164,15383
27360,2000,A609,Major,A6002,A6514,454000,340000,52.95468682,-1.19765734,3.6,2.2,Estimated,Estimated using AADF from previous year on this link,E,31,71,9044,175,1002,150,18,7,16,17,25,233,10525
27360,2000,A609,Major,A6002,A6514,454000,340000,52.95468682,-1.19765734,3.6,2.2,Estimated,Estimated using AADF from previous year on this link,W,63,75,9364,187,1045,165,18,7,21,21,10,242,10913
27360,2001,A609,Major,A6002,A6514,454000,340000,52.95468682,-1.19765734,3.6,2.2,Counted,Manual count,E,74,91,9341,148,915,163,22,9,37,43,13,287,10782
27360,2001,A609,Major,A6002,A6514,454000,340000,52.95468682,-1.19765734,3.6,2.2,Counted,Manual count,W,85,98,9568,150,978,160,26,2,39,38,13,278,11072
27360,2002,A609,Major,A6002,A6514,454000,340000,52.95468682,-1.19765734,3.6,2.2,Counted,Manual count,E,31,153,9579,109,1053,137,17,8,26,45,17,250,11144
27360,2002,A609,Major,A6002,A6514,454000,340000,52.95468682,-1.19765734,3.6,2.2,Counted,Manual count,W,43,139,9544,112,1006,147,25,14,16,43,13,258,11059
27360,2003,A609,Major,A6002,A6514,454000,340000,52.95468682,-1.19765734,3.6,2.2,Counted,Manual count,E,50,124,9194,125,799,99,71,9,13,35,26,253,10495
27360,2003,A609,Major,A6002,A6514,454000,340000,52.95468682,-1.19765734,3.6,2.2,Counted,Manual count,W,60,152,9219,123,914,137,74,11,20,32,36,310,10718
27360,2004,A609,Major,A6002,A6514,454000,340000,52.95468682,-1.19765734,3.6,2.2,Counted,Manual count,E,43,108,9378,135,1089,119,22,8,17,22,17,205,10915
27360,2004,A609,Major,A6002,A6514,454000,340000,52.95468682,-1.19765734,3.6,2.2,Counted,Manual count,W,43,90,9537,136,1146,143,29,6,18,34,7,237,11146
27360,2005,A609,Major,A6002,A6514,454000,340000,52.95468682,-1.19765734,3.6,2.2,Counted,Manual count,E,38,77,9298,134,1051,131,16,11,19,21,11,209,10769
27360,2005,A609,Major,A6002,A6514,454000,340000,52.95468682,-1.19765734,3.6,2.2,Counted,Manual count,W,59,91,9624,130,1095,148,23,10,20,26,14,241,11181
27360,2006,A609,Major,A6002,A6514,454000,340000,52.95468682,-1.19765734,3.6,2.2,Counted,Manual count,E,28,57,9214,154,1122,148,14,6,10,16,11,205,10752
27360,2006,A609,Major,A6002,A6514,454000,340000,52.95468682,-1.19765734,3.6,2.2,Counted,Manual count,W,46,52,9654,180,1177,157,17,4,14,24,13,229,11292
27360,2007,A609,Major,A6002,A6514,454000,340000,52.95468682,-1.19765734,3.6,2.2,Counted,Manual count,E,42,80,8734,129,1144,100,21,1,14,16,18,170,10257
27360,2007,A609,Major,A6002,A6514,454000,340000,52.95468682,-1.19765734,3.6,2.2,Counted,Manual count,W,43,71,9114,137,1235,139,28,9,12,24,11,223,10780
27360,2008,A609,Major,A6002,A6514,454000,340000,52.95468682,-1.19765734,3.6,2.2,Counted,Manual count,E,91,93,10465,137,948,104,17,6,4,10,9,150,11793
27360,2008,A609,Major,A6002,A6514,454000,340000,52.95468682,-1.19765734,3.6,2.2,Counted,Manual count,W,72,73,12416,149,1059,116,26,8,5,19,17,191,13888
27360,2009,A609,Major,A6002,A6514,454000,340000,52.95468682,-1.19765734,3.6,2.2,Estimated,Estimated using AADF from previous year on this link,E,91,88,10298,134,1027,100,18,6,4,9,9,146,11693
27360,2009,A609,Major,A6002,A6514,454000,340000,52.95468682,-1.19765734,3.6,2.2,Estimated,Estimated using AADF from previous year on this link,W,72,69,12217,146,1147,112,27,8,5,17,17,186,13765
27360,2010,A609,Major,A6002,A6514,454000,340000,52.95468682,-1.19765734,3.6,2.2,Estimated,Estimated using AADF from previous year on this link,E,91,81,10082,141,1032,99,17,5,4,8,8,141,11477
27360,2010,A609,Major,A6002,A6514,454000,340000,52.95468682,-1.19765734,3.6,2.2,Estimated,Estimated using AADF from previous year on this link,W,72,64,11960,153,1153,111,26,7,5,15,16,180,13510
27360,2011,A609,Major,A6002,A6514,454000,340000,52.95468682,-1.19765734,3.6,2.2,Estimated,Estimated using AADF from previous year on this link,E,100,86,10032,141,1064,99,18,6,3,8,8,142,11465
27360,2011,A609,Major,A6002,A6514,454000,340000,52.95468682,-1.19765734,3.6,2.2,Estimated,Estimated using AADF from previous year on this link,W,79,68,11900,153,1189,111,28,8,4,15,17,183,13493
27360,2012,A609,Major,A6002,A6514,454000,340000,52.95468682,-1.19765734,3.6,2.2,Counted,Manual count,E,98,63,8468,125,1047,85,15,4,6,8,12,130,9832
27360,2012,A609,Major,A6002,A6514,454000,340000,52.95468682,-1.19765734,3.6,2.2,Counted,Manual count,W,94,73,8883,128,1204,97,18,14,7,23,14,173,10460
27360,2013,A609,Major,A6002,A6514,454000,340000,52.95468682,-1.19765734,3.6,2.2,Estimated,Estimated using AADF from previous year on this link,E,97,63,8420,118,1059,84,16,5,4,8,12,129,9788
27360,2013,A609,Major,A6002,A6514,454000,340000,52.95468682,-1.19765734,3.6,2.2,Estimated,Estimated using AADF from previous year on this link,W,93,73,8833,120,1217,97,19,15,5,21,14,172,10416
27360,2014,A609,Major,A6002,A6514,454000,340000,52.95468682,-1.19765734,3.6,2.2,Estimated,Estimated using AADF from previous year on this link,E,94,67,8332,125,1206,89,18,5,4,8,14,139,9868
27360,2014,A609,Major,A6002,A6514,454000,340000,52.95468682,-1.19765734,3.6,2.2,Estimated,Estimated using AADF from previous year on this link,W,90,77,8741,128,1386,103,22,17,5,21,16,184,10517
27360,2015,A609,Major,A6002,A6514,454000,340000,52.95468682,-1.19765734,3.6,2.2,Estimated,Estimated using AADF from previous year on this link,E,87,68,8179,124,1268,87,19,5,5,8,14,138,9777
27360,2015,A609,Major,A6002,A6514,454000,340000,52.95468682,-1.19765734,3.6,2.2,Estimated,Estimated using AADF from previous year on this link,W,84,79,8581,127,1458,100,23,17,6,20,16,182,10427
27360,2016,A609,Major,A6002,A6514,454000,340000,52.95468682,-1.19765734,3.6,2.2,Counted,Manual count,E,100,52,8532,140,1009,63,19,25,3,8,10,128,9860
27360,2016,A609,Major,A6002,A6514,454000,340000,52.95468682,-1.19765734,3.6,2.2,Counted,Manual count,W,98,56,8361,156,1058,86,29,35,2,21,11,184,9814
27360,2017,A609,Major,A6002,A6514,454000,340000,52.95468682,-1.19765734,3.6,2.2,Estimated,Estimated using AADF from previous year on this link,E,96,52,8469,130,1062,63,20,25,3,8,10,128,9842
27360,2017,A609,Major,A6002,A6514,454000,340000,52.95468682,-1.19765734,3.6,2.2,Estimated,Estimated using AADF from previous year on this link,W,94,57,8299,145,1113,85,29,36,2,21,11,185,9800
27360,2018,A609,Major,A6002,A6514,454000,340000,52.95468682,-1.19765734,3.6,2.2,Estimated,Estimated using AADF from previous year on this link,E,106,51,8376,118,1082,63,20,24,3,8,11,129,9757
27360,2018,A609,Major,A6002,A6514,454000,340000,52.95468682,-1.19765734,3.6,2.2,Estimated,Estimated using AADF from previous year on this link,W,104,56,8208,132,1134,86,29,35,2,22,12,186,9716
27360,2019,A609,Major,A6002,A6514,454000,340000,52.95468682,-1.19765734,3.6,2.2,Estimated,Estimated using AADF from previous year on this link,E,116,48,8481,120,1073,63,20,25,3,8,11,129,9850
27360,2019,A609,Major,A6002,A6514,454000,340000,52.95468682,-1.19765734,3.6,2.2,Estimated,Estimated using AADF from previous year on this link,W,114,53,8311,133,1124,85,30,35,2,22,12,186,9807
27360,2020,A609,Major,A6002,A6514,454000,340000,52.95468682,-1.19765734,3.6,2.2,Counted,Manual count,E,57,54,6355,127,992,61,20,17,4,5,22,128,7656
27360,2020,A609,Major,A6002,A6514,454000,340000,52.95468682,-1.19765734,3.6,2.2,Counted,Manual count,W,56,55,6986,133,1085,124,19,23,7,5,20,197,8457
27360,2021,A609,Major,A6002,A6514,454000,340000,52.95468682,-1.19765734,3.6,2.2,Counted,Automatic counter,E,47,52,6376,119,985,59,19,16,4,5,21,125,7658
27360,2021,A609,Major,A6002,A6514,454000,340000,52.95468682,-1.19765734,3.6,2.2,Counted,Automatic counter,W,46,51,6671,119,1026,115,18,22,7,4,18,183,8050
27360,2022,A609,Major,A6002,A6514,454000,340000,52.95468682,-1.19765734,3.6,2.2,Counted,Automatic counter,E,42,56,6607,124,1036,59,19,17,4,5,21,125,7948
27360,2022,A609,Major,A6002,A6514,454000,340000,52.95468682,-1.19765734,3.6,2.2,Counted,Automatic counter,W,41,53,6752,121,1054,113,17,22,7,4,18,180,8159
27360,2023,A609,Major,A6002,A6514,454000,340000,52.95468682,-1.19765734,3.6,2.2,Counted,Automatic counter,E,41,58,7080,132,1108,62,20,18,4,5,21,130,8508
27360,2023,A609,Major,A6002,A6514,454000,340000,52.95468682,-1.19765734,3.6,2.2,Counted,Automatic counter,W,40,55,7233,128,1127,117,18,23,7,4,18,186,8729
27360,2024,A609,Major,A6002,A6514,454000,340000,52.95468682,-1.19765734,3.6,2.2,Counted,Automatic counter,E,42,60,7297,135,1145,64,20,17,4,5,21,131,8768
27360,2024,A609,Major,A6002,A6514,454000,340000,52.95468682,-1.19765734,3.6,2.2,Counted,Automatic counter,W,41,56,7357,129,1149,119,18,22,7,4,17,187,8879
27360,2025,A609,Major,A6002,A6514,454000,340000,52.95468682,-1.19765734,3.6,2.2,Counted,Automatic counter,E,42,63,7463,135,1194,64,21,18,4,5,21,133,8988
27360,2025,A609,Major,A6002,A6514,454000,340000,52.95468682,-1.19765734,3.6,2.2,Counted,Automatic counter,W,41,58,7425,127,1182,119,18,23,7,4,17,188,8980
27363,2000,A6002,Major,B682,A611,454360,346100,53.0094781,-1.19127634,0.6,0.4,Estimated,Estimated using AADF from previous year on this link,N,51,84,11881,255,1842,294,19,20,27,29,17,406,14468
27363,2000,A6002,Major,B682,A611,454360,346100,53.0094781,-1.19127634,0.6,0.4,Estimated,Estimated using AADF from previous year on this link,S,70,98,12292,240,1829,293,16,20,26,25,8,388,14847
27363,2001,A6002,Major,B682,A611,454360,346100,53.0094781,-1.19127634,0.6,0.4,Estimated,Estimated using AADF from previous year on this link,N,49,87,12119,260,1835,288,22,20,24,25,19,398,14699
27363,2001,A6002,Major,B682,A611,454360,346100,53.0094781,-1.19127634,0.6,0.4,Estimated,Estimated using AADF from previous year on this link,S,67,102,12538,245,1822,287,18,20,23,21,9,378,15085
27363,2002,A6002,Major,B682,A611,454360,346100,53.0094781,-1.19127634,0.6,0.4,Estimated,Estimated using AADF from previous year on this link,N,51,88,12095,266,1839,277,23,21,22,22,21,386,14674
27363,2002,A6002,Major,B682,A611,454360,346100,53.0094781,-1.19127634,0.6,0.4,Estimated,Estimated using AADF from previous year on this link,S,70,103,12513,250,1826,276,19,21,21,18,10,365,15057
27363,2003,A6002,Major,B682,A611,454360,346100,53.0094781,-1.19127634,0.6,0.4,Estimated,Estimated using AADF from previous year on this link,N,46,99,11926,238,2005,297,26,25,21,20,23,412,14680
27363,2003,A6002,Major,B682,A611,454360,346100,53.0094781,-1.19127634,0.6,0.4,Estimated,Estimated using AADF from previous year on this link,S,63,116,12338,223,1990,296,22,25,20,16,11,390,15057
27363,2004,A6002,Major,B682,A611,454360,346100,53.0094781,-1.19127634,0.6,0.4,Estimated,Estimated using AADF from previous year on this link,N,37,87,11950,221,1986,298,28,27,20,17,25,415,14659
27363,2004,A6002,Major,B682,A611,454360,346100,53.0094781,-1.19127634,0.6,0.4,Estimated,Estimated using AADF from previous year on this link,S,51,102,12362,208,1972,297,23,27,19,14,12,392,15036
27363,2005,A6002,Major,B682,A611,454360,346100,53.0094781,-1.19127634,0.6,0.4,Estimated,Estimated using AADF from previous year on this link,N,31,88,11651,217,2038,287,26,27,18,15,27,400,14394
27363,2005,A6002,Major,B682,A611,454360,346100,53.0094781,-1.19127634,0.6,0.4,Estimated,Estimated using AADF from previous year on this link,S,43,103,12053,204,2024,286,21,27,17,12,13,376,14760
27363,2006,A6002,Major,B682,A611,454360,346100,53.0094781,-1.19127634,0.6,0.4,Estimated,Estimated using AADF from previous year on this link,N,49,91,11686,214,2071,293,26,30,16,13,29,407,14469
27363,2006,A6002,Major,B682,A611,454360,346100,53.0094781,-1.19127634,0.6,0.4,Estimated,Estimated using AADF from previous year on this link,S,67,107,12090,201,2056,292,21,30,15,11,14,383,14837
27363,2007,A6002,Major,B682,A611,454360,346100,53.0094781,-1.19127634,0.6,0.4,Counted,Manual count,N,74,94,11375,114,2063,263,37,45,25,40,16,426,14072
27363,2007,A6002,Major,B682,A611,454360,346100,53.0094781,-1.19127634,0.6,0.4,Counted,Manual count,S,19,74,11776,89,1806,208,41,36,22,40,8,355,14100
27363,2008,A6002,Major,B682,A611,454360,346100,53.0094781,-1.19127634,0.6,0.4,Estimated,Estimated using AADF from previous year on this link,N,83,88,11159,115,2160,253,40,46,22,35,16,412,13934
27363,2008,A6002,Major,B682,A611,454360,346100,53.0094781,-1.19127634,0.6,0.4,Estimated,Estimated using AADF from previous year on this link,S,21,69,11552,90,1891,199,44,37,19,35,8,342,13944
27363,2009,A6002,Major,B682,A611,454360,346100,53.0094781,-1.19127634,0.6,0.4,Estimated,Estimated using AADF from previous year on this link,N,83,83,10980,112,2339,244,42,46,21,31,16,400,13914
27363,2009,A6002,Major,B682,A611,454360,346100,53.0094781,-1.19127634,0.6,0.4,Estimated,Estimated using AADF from previous year on this link,S,21,65,11367,88,2048,192,46,37,18,31,8,332,13900
27363,2010,A6002,Major,B682,A611,454360,346100,53.0094781,-1.19127634,0.6,0.4,Counted,Manual count,N,94,129,11983,127,2240,212,61,37,9,23,30,372,14851
27363,2010,A6002,Major,B682,A611,454360,346100,53.0094781,-1.19127634,0.6,0.4,Counted,Manual count,S,75,144,11798,166,1959,189,59,34,8,19,32,341,14408
27363,2011,A6002,Major,B682,A611,454360,346100,53.0094781,-1.19127634,0.6,0.4,Estimated,Estimated using AADF from previous year on this link,N,104,137,11923,127,2309,211,65,42,7,23,32,380,14876
27363,2011,A6002,Major,B682,A611,454360,346100,53.0094781,-1.19127634,0.6,0.4,Estimated,Estimated using AADF from previous year on this link,S,83,153,11739,166,2020,188,63,38,6,19,34,348,14426
27363,2012,A6002,Major,B682,A611,454360,346100,53.0094781,-1.19127634,0.6,0.4,Estimated,Estimated using AADF from previous year on this link,N,98,124,11872,136,2217,187,62,42,5,21,32,349,14699
27363,2012,A6002,Major,B682,A611,454360,346100,53.0094781,-1.19127634,0.6,0.4,Estimated,Estimated using AADF from previous year on this link,S,79,138,11689,178,1940,166,60,38,4,18,34,320,14265
27363,2013,A6002,Major,B682,A611,454360,346100,53.0094781,-1.19127634,0.6,0.4,Estimated,Estimated using AADF from previous year on this link,N,97,124,11805,128,2243,186,67,47,4,20,32,355,14655
27363,2013,A6002,Major,B682,A611,454360,346100,53.0094781,-1.19127634,0.6,0.4,Estimated,Estimated using AADF from previous year on this link,S,77,138,11623,168,1962,166,65,43,3,16,34,327,14218
27363,2014,A6002,Major,B682,A611,454360,346100,53.0094781,-1.19127634,0.6,0.4,Counted,Manual count,N,78,127,11605,151,2360,226,37,68,15,33,33,413,14655
27363,2014,A6002,Major,B682,A611,454360,346100,53.0094781,-1.19127634,0.6,0.4,Counted,Manual count,S,62,136,11632,127,2310,189,45,55,14,69,20,392,14597
27363,2015,A6002,Major,B682,A611,454360,346100,53.0094781,-1.19127634,0.6,0.4,Estimated,Estimated using AADF from previous year on this link,N,72,130,11392,149,2482,220,39,66,18,33,33,409,14562
27363,2015,A6002,Major,B682,A611,454360,346100,53.0094781,-1.19127634,0.6,0.4,Estimated,Estimated using AADF from previous year on this link,S,57,138,11419,126,2430,184,48,53,17,68,20,389,14502
27363,2016,A6002,Major,B682,A611,454360,346100,53.0094781,-1.19127634,0.6,0.4,Estimated,Estimated using AADF from previous year on this link,N,67,127,11570,138,2711,223,38,75,19,29,32,417,14963
27363,2016,A6002,Major,B682,A611,454360,346100,53.0094781,-1.19127634,0.6,0.4,Estimated,Estimated using AADF from previous year on this link,S,53,135,11597,117,2654,187,47,60,17,60,19,391,14894
27363,2017,A6002,Major,B682,A611,454360,346100,53.0094781,-1.19127634,0.6,0.4,Estimated,Estimated using AADF from previous year on this link,N,65,128,11484,129,2854,222,39,77,19,29,34,419,15015
27363,2017,A6002,Major,B682,A611,454360,346100,53.0094781,-1.19127634,0.6,0.4,Estimated,Estimated using AADF from previous year on this link,S,51,137,11512,109,2794,185,48,62,18,60,20,393,14945
27363,2018,A6002,Major,B682,A611,454360,346100,53.0094781,-1.19127634,0.6,0.4,Counted,Manual count,N,73,83,12355,114,2118,268,31,50,11,23,24,407,15078
27363,2018,A6002,Major,B682,A611,454360,346100,53.0094781,-1.19127634,0.6,0.4,Counted,Manual count,S,52,81,12220,118,1957,153,23,39,7,22,20,265,14642
27363,2019,A6002,Major,B682,A611,454360,346100,53.0094781,-1.19127634,0.6,0.4,Estimated,Estimated using AADF from previous year on this link,N,80,78,12510,115,2100,265,32,50,11,24,24,406,15209
27363,2019,A6002,Major,B682,A611,454360,346100,53.0094781,-1.19127634,0.6,0.4,Estimated,Estimated using AADF from previous year on this link,S,57,76,12373,120,1940,151,24,40,7,23,20,265,14774
27363,2020,A6002,Major,B682,A611,454360,346100,53.0094781,-1.19127634,0.6,0.4,Estimated,Estimated using AADF from previous year on this link,N,92,58,9502,73,1853,233,28,45,9,21,21,357,11843
27363,2020,A6002,Major,B682,A611,454360,346100,53.0094781,-1.19127634,0.6,0.4,Estimated,Estimated using AADF from previous year on this link,S,66,56,9399,76,1712,133,21,35,6,20,18,233,11475
27363,2021,A6002,Major,B682,A611,454360,346100,53.0094781,-1.19127634,0.6,0.4,Estimated,Estimated using AADF from previous year on this link,N,75,61,10469,75,2020,249,30,49,10,23,23,383,13008
27363,2021,A6002,Major,B682,A611,454360,346100,53.0094781,-1.19127634,0.6,0.4,Estimated,Estimated using AADF from previous year on this link,S,54,59,10355,78,1866,142,22,39,6,22,19,250,12608
27363,2022,A6002,Major,B682,A611,454360,346100,53.0094781,-1.19127634,0.6,0.4,Counted,Manual count,N,58,97,11259,95,2620,275,25,67,11,39,23,440,14510
27363,2022,A6002,Major,B682,A611,454360,346100,53.0094781,-1.19127634,0.6,0.4,Counted,Manual count,S,57,94,10572,91,2252,210,19,50,6,21,21,327,13335
27363,2023,A6002,Major,B682,A611,454360,346100,53.0094781,-1.19127634,0.6,0.4,Estimated,Estimated using AADF from previous year on this link,N,57,95,11471,96,2664,271,25,66,11,38,22,433,14760
27363,2023,A6002,Major,B682,A611,454360,346100,53.0094781,-1.19127634,0.6,0.4,Estimated,Estimated using AADF from previous year on this link,S,56,92,10770,92,2290,208,19,49,6,20,20,322,13567
27363,2024,A6002,Major,B682,A611,454360,346100,53.0094781,-1.19127634,0.6,0.4,Estimated,Estimated using AADF from previous year on this link,N,58,98,11645,96,2712,275,25,64,11,37,21,434,14985
27363,2024,A6002,Major,B682,A611,454360,346100,53.0094781,-1.19127634,0.6,0.4,Estimated,Estimated using AADF from previous year on this link,S,56,95,10934,92,2331,211,19,48,6,20,19,323,13775
27363,2025,A6002,Major,B682,A611,454360,346100,53.0094781,-1.19127634,0.6,0.4,Estimated,Estimated using AADF from previous year on this link,N,58,100,11659,94,2767,272,25,66,11,36,21,432,15052
27363,2025,A6002,Major,B682,A611,454360,346100,53.0094781,-1.19127634,0.6,0.4,Estimated,Estimated using AADF from previous year on this link,S,57,97,10947,90,2379,209,19,49,6,19,19,321,13834
27369,2000,A6514,Major,A609,A610,454450,341000,52.9636295,-1.1907922,2,1.2,Estimated,Estimated using AADF from previous year on this link,N,63,185,16803,86,2250,455,42,39,71,100,93,800,20124
27369,2000,A6514,Major,A609,A610,454450,341000,52.9636295,-1.1907922,2,1.2,Estimated,Estimated using AADF from previous year on this link,S,80,207,17267,98,2630,443,49,48,67,91,84,782,20984
27369,2001,A6514,Major,A609,A610,454450,341000,52.9636295,-1.1907922,2,1.2,Counted,Manual count,N,144,227,16841,87,2318,527,56,36,75,95,76,865,20338
27369,2001,A6514,Major,A609,A610,454450,341000,52.9636295,-1.1907922,2,1.2,Counted,Manual count,S,115,211,16582,72,2382,477,48,38,72,97,65,797,20044
27369,2002,A6514,Major,A609,A610,454450,341000,52.9636295,-1.1907922,2,1.2,Estimated,Estimated using AADF from previous year on this link,N,150,229,16807,89,2323,508,58,38,68,83,83,838,20286
27369,2002,A6514,Major,A609,A610,454450,341000,52.9636295,-1.1907922,2,1.2,Estimated,Estimated using AADF from previous year on this link,S,120,213,16549,74,2387,459,50,40,65,84,71,769,19992
27369,2003,A6514,Major,A609,A610,454450,341000,52.9636295,-1.1907922,2,1.2,Counted,Manual count,N,174,224,15823,68,2064,388,67,30,45,96,96,722,18901
27369,2003,A6514,Major,A609,A610,454450,341000,52.9636295,-1.1907922,2,1.2,Counted,Manual count,S,205,216,16119,67,2365,451,42,32,45,99,74,743,19510
27369,2004,A6514,Major,A609,A610,454450,341000,52.9636295,-1.1907922,2,1.2,Estimated,Estimated using AADF from previous year on this link,N,141,198,15855,63,2046,390,71,33,43,85,105,727,18889
27369,2004,A6514,Major,A609,A610,454450,341000,52.9636295,-1.1907922,2,1.2,Estimated,Estimated using AADF from previous year on this link,S,166,191,16151,63,2344,452,45,35,43,87,81,743,19492
27369,2005,A6514,Major,A609,A610,454450,341000,52.9636295,-1.1907922,2,1.2,Counted,Manual count,N,80,137,16773,71,2529,336,64,32,50,124,86,692,20202
27369,2005,A6514,Major,A609,A610,454450,341000,52.9636295,-1.1907922,2,1.2,Counted,Manual count,S,104,202,18363,86,2732,410,49,32,69,112,64,736,22119
27369,2006,A6514,Major,A609,A610,454450,341000,52.9636295,-1.1907922,2,1.2,Estimated,Estimated using AADF from previous year on this link,N,125,142,16823,70,2570,344,64,34,45,111,94,692,20297
27369,2006,A6514,Major,A609,A610,454450,341000,52.9636295,-1.1907922,2,1.2,Estimated,Estimated using AADF from previous year on this link,S,163,211,18418,85,2776,419,49,34,63,100,70,735,22225
27369,2007,A6514,Major,A609,A610,454450,341000,52.9636295,-1.1907922,2,1.2,Counted,Manual count,N,101,219,20173,130,2507,331,67,32,46,127,72,675,23704
27369,2007,A6514,Major,A609,A610,454450,341000,52.9636295,-1.1907922,2,1.2,Counted,Manual count,S,88,208,18751,140,2516,339,55,30,46,133,99,702,22317
27369,2008,A6514,Major,A609,A610,454450,341000,52.9636295,-1.1907922,2,1.2,Estimated,Estimated using AADF from previous year on this link,N,114,204,19789,131,2625,318,73,33,40,112,70,646,23395
27369,2008,A6514,Major,A609,A610,454450,341000,52.9636295,-1.1907922,2,1.2,Estimated,Estimated using AADF from previous year on this link,S,99,194,18394,142,2635,326,60,30,40,117,96,669,22034
27369,2009,A6514,Major,A609,A610,454450,341000,52.9636295,-1.1907922,2,1.2,Counted,Manual count,N,198,215,18357,144,2564,298,36,15,61,118,91,619,21899
27369,2009,A6514,Major,A609,A610,454450,341000,52.9636295,-1.1907922,2,1.2,Counted,Manual count,S,156,203,14009,149,2758,321,56,38,59,65,114,653,17772
27369,2010,A6514,Major,A609,A610,454450,341000,52.9636295,-1.1907922,2,1.2,Counted,Manual count,N,134,240,15791,128,2556,364,44,32,41,101,67,649,19364
27369,2010,A6514,Major,A609,A610,454450,341000,52.9636295,-1.1907922,2,1.2,Counted,Manual count,S,65,214,17052,149,2614,296,47,34,25,81,66,549,20578
27369,2011,A6514,Major,A609,A610,454450,341000,52.9636295,-1.1907922,2,1.2,Counted,Manual count,N,182,195,17046,115,2433,562,54,40,16,58,139,869,20658
27369,2011,A6514,Major,A609,A610,454450,341000,52.9636295,-1.1907922,2,1.2,Counted,Manual count,S,160,162,19931,122,1815,840,59,46,13,28,135,1121,23151
27369,2012,A6514,Major,A609,A610,454450,341000,52.9636295,-1.1907922,2,1.2,Estimated,Estimated using AADF from previous year on this link,N,172,176,16974,124,2336,497,51,40,12,54,138,792,20402
27369,2012,A6514,Major,A609,A610,454450,341000,52.9636295,-1.1907922,2,1.2,Estimated,Estimated using AADF from previous year on this link,S,151,146,19847,131,1743,743,56,46,9,26,134,1014,22881
27369,2013,A6514,Major,A609,A610,454450,341000,52.9636295,-1.1907922,2,1.2,Counted,Manual count,N,94,141,16048,128,2317,266,53,39,17,36,140,551,19185
27369,2013,A6514,Major,A609,A610,454450,341000,52.9636295,-1.1907922,2,1.2,Counted,Manual count,S,97,162,14647,119,2249,254,59,49,18,45,148,573,17749
27369,2014,A6514,Major,A609,A610,454450,341000,52.9636295,-1.1907922,2,1.2,Estimated,Estimated using AADF from previous year on this link,N,91,150,15882,136,2638,281,61,44,18,35,158,597,19403
27369,2014,A6514,Major,A609,A610,454450,341000,52.9636295,-1.1907922,2,1.2,Estimated,Estimated using AADF from previous year on this link,S,95,173,14495,126,2560,268,67,56,19,44,168,621,17975
27369,2015,A6514,Major,A609,A610,454450,341000,52.9636295,-1.1907922,2,1.2,Estimated,Estimated using AADF from previous year on this link,N,85,153,15591,135,2775,273,64,43,22,35,156,593,19246
27369,2015,A6514,Major,A609,A610,454450,341000,52.9636295,-1.1907922,2,1.2,Estimated,Estimated using AADF from previous year on this link,S,88,176,14229,125,2693,261,71,54,23,43,166,617,17840
27369,2016,A6514,Major,A609,A610,454450,341000,52.9636295,-1.1907922,2,1.2,Estimated,Estimated using AADF from previous year on this link,N,79,150,15834,125,3031,277,63,49,23,31,154,596,19735
27369,2016,A6514,Major,A609,A610,454450,341000,52.9636295,-1.1907922,2,1.2,Estimated,Estimated using AADF from previous year on this link,S,82,172,14451,116,2942,264,70,61,24,38,163,621,18301
27369,2017,A6514,Major,A609,A610,454450,341000,52.9636295,-1.1907922,2,1.2,Estimated,Estimated using AADF from previous year on this link,N,76,151,15717,116,3191,275,64,50,24,31,160,603,19779
27369,2017,A6514,Major,A609,A610,454450,341000,52.9636295,-1.1907922,2,1.2,Estimated,Estimated using AADF from previous year on this link,S,78,174,14345,108,3097,262,71,63,25,38,170,629,18352
27369,2018,A6514,Major,A609,A610,454450,341000,52.9636295,-1.1907922,2.1,1.3,Estimated,Estimated using AADF from previous year on this link,N,84,149,15544,106,3250,277,64,48,24,32,167,613,19662
27369,2018,A6514,Major,A609,A610,454450,341000,52.9636295,-1.1907922,2.1,1.3,Estimated,Estimated using AADF from previous year on this link,S,87,172,14187,98,3155,265,71,61,26,39,177,639,18250
27369,2019,A6514,Major,A609,A610,454450,341000,52.9636295,-1.1907922,2.1,1.3,Counted,Manual count,N,167,171,18520,117,2995,269,52,49,18,50,131,568,22373
27369,2019,A6514,Major,A609,A610,454450,341000,52.9636295,-1.1907922,2.1,1.3,Counted,Manual count,S,226,153,18689,113,3073,272,49,47,16,62,134,581,22610
27369,2020,A6514,Major,A609,A610,454450,341000,52.9636295,-1.1907922,2.1,1.3,Estimated,Estimated using AADF from previous year on this link,N,191,127,14068,74,2644,236,45,43,15,44,114,499,17411
27369,2020,A6514,Major,A609,A610,454450,341000,52.9636295,-1.1907922,2.1,1.3,Estimated,Estimated using AADF from previous year on this link,S,258,113,14196,72,2712,239,43,42,14,55,116,510,17603
27369,2021,A6514,Major,A609,A610,454450,341000,52.9636295,-1.1907922,2.1,1.3,Counted,Manual count,N,201,159,16811,147,3037,228,70,53,12,78,147,588,20742
27369,2021,A6514,Major,A609,A610,454450,341000,52.9636295,-1.1907922,2.1,1.3,Counted,Manual count,S,142,155,16528,132,3058,230,59,56,14,70,148,577,20450
27369,2022,A6514,Major,A609,A610,454450,341000,52.9636295,-1.1907922,2.1,1.3,Estimated,Estimated using AADF from previous year on this link,N,180,173,17956,158,3292,236,72,56,13,80,150,607,22187
27369,2022,A6514,Major,A609,A610,454450,341000,52.9636295,-1.1907922,2.1,1.3,Estimated,Estimated using AADF from previous year on this link,S,127,170,17653,142,3315,238,61,60,15,72,151,596,21876
27369,2023,A6514,Major,A609,A610,454450,341000,52.9636295,-1.1907922,2.1,1.3,Counted,Manual count,N,200,127,17241,111,3287,241,46,73,15,38,162,574,21340
27369,2023,A6514,Major,A609,A610,454450,341000,52.9636295,-1.1907922,2.1,1.3,Counted,Manual count,S,200,121,18196,111,3304,230,54,74,15,26,157,556,22287
27369,2024,A6514,Major,A609,A610,454450,341000,52.9636295,-1.1907922,2.1,1.3,Estimated,Estimated using AADF from previous year on this link,N,203,131,17502,112,3346,245,46,71,15,37,157,570,21660
27369,2024,A6514,Major,A609,A610,454450,341000,52.9636295,-1.1907922,2.1,1.3,Estimated,Estimated using AADF from previous year on this link,S,203,124,18471,112,3363,234,54,73,15,25,151,552,22622
27369,2025,A6514,Major,A609,A610,454450,341000,52.9636295,-1.1907922,2.1,1.3,Estimated,Estimated using AADF from previous year on this link,N,203,134,17523,109,3414,242,46,73,15,36,154,565,21746
27369,2025,A6514,Major,A609,A610,454450,341000,52.9636295,-1.1907922,2.1,1.3,Estimated,Estimated using AADF from previous year on this link,S,203,127,18493,109,3432,231,54,75,15,25,149,548,22710
27898,2000,A60,Major,A6008,Station St,457880,339200,52.9470923,-1.14005373,0.2,0.1,Estimated,Estimated using AADF from previous year on this link,N,52,106,16665,86,1842,286,38,11,17,37,22,411,19110
27898,2000,A60,Major,A6008,Station St,457880,339200,52.9470923,-1.14005373,0.2,0.1,Estimated,Estimated using AADF from previous year on this link,S,78,116,18010,114,2246,332,56,25,22,23,20,478,20964
27898,2001,A60,Major,A6008,Station St,457880,339200,52.9470923,-1.14005373,0.2,0.1,Estimated,Estimated using AADF from previous year on this link,N,50,110,16998,88,1835,280,44,11,15,32,25,407,19438
27898,2001,A60,Major,A6008,Station St,457880,339200,52.9470923,-1.14005373,0.2,0.1,Estimated,Estimated using AADF from previous year on this link,S,75,120,18370,116,2237,325,64,25,19,20,22,475,21318
27898,2002,A60,Major,A6008,Station St,457880,339200,52.9470923,-1.14005373,0.2,0.1,Estimated,Estimated using AADF from previous year on this link,N,52,111,16964,90,1839,270,46,11,14,28,27,396,19400
27898,2002,A60,Major,A6008,Station St,457880,339200,52.9470923,-1.14005373,0.2,0.1,Estimated,Estimated using AADF from previous year on this link,S,78,121,18333,119,2241,313,67,26,17,17,24,464,21278
27898,2003,A60,Major,A6008,Station St,457880,339200,52.9470923,-1.14005373,0.2,0.1,Estimated,Estimated using AADF from previous year on this link,N,46,125,16727,80,2005,290,52,13,13,25,30,423,19360
27898,2003,A60,Major,A6008,Station St,457880,339200,52.9470923,-1.14005373,0.2,0.1,Estimated,Estimated using AADF from previous year on this link,S,70,136,18076,106,2443,336,76,30,16,15,26,499,21260
27898,2004,A60,Major,A6008,Station St,457880,339200,52.9470923,-1.14005373,0.2,0.1,Estimated,Estimated using AADF from previous year on this link,N,38,110,16760,75,1986,291,55,14,13,22,33,428,19359
27898,2004,A60,Major,A6008,Station St,457880,339200,52.9470923,-1.14005373,0.2,0.1,Estimated,Estimated using AADF from previous year on this link,S,56,120,18112,99,2421,337,81,33,15,13,29,508,21260
27898,2005,A60,Major,A6008,Station St,457880,339200,52.9470923,-1.14005373,0.2,0.1,Estimated,Estimated using AADF from previous year on this link,N,32,111,16341,74,2038,280,52,14,11,19,34,410,18974
27898,2005,A60,Major,A6008,Station St,457880,339200,52.9470923,-1.14005373,0.2,0.1,Estimated,Estimated using AADF from previous year on this link,S,48,121,17660,97,2484,324,75,34,14,12,30,489,20851
27898,2006,A60,Major,A6008,Station St,457880,339200,52.9470923,-1.14005373,0.2,0.1,Counted,Manual count,N,67,121,20284,86,2085,213,42,28,17,20,8,328,22904
27898,2006,A60,Major,A6008,Station St,457880,339200,52.9470923,-1.14005373,0.2,0.1,Counted,Manual count,S,71,133,18526,110,2117,285,65,22,11,21,40,444,21330
27898,2007,A60,Major,A6008,Station St,457880,339200,52.9470923,-1.14005373,0.2,0.1,Estimated,Estimated using AADF from previous year on this link,N,42,123,19330,83,2275,210,41,31,14,19,8,323,22134
27898,2007,A60,Major,A6008,Station St,457880,339200,52.9470923,-1.14005373,0.2,0.1,Estimated,Estimated using AADF from previous year on this link,S,45,134,17656,105,2309,281,64,24,10,20,41,440,20644
27898,2008,A60,Major,A6008,Station St,457880,339200,52.9470923,-1.14005373,0.2,0.1,Estimated,Estimated using AADF from previous year on this link,N,47,114,18963,84,2382,202,45,31,12,17,8,315,21858
27898,2008,A60,Major,A6008,Station St,457880,339200,52.9470923,-1.14005373,0.2,0.1,Estimated,Estimated using AADF from previous year on this link,S,50,125,17320,107,2418,270,69,24,9,18,40,430,20400
27898,2009,A60,Major,A6008,Station St,457880,339200,52.9470923,-1.14005373,0.2,0.1,Counted,Manual count,N,149,123,15087,72,1723,148,25,21,6,22,27,249,17254
27898,2009,A60,Major,A6008,Station St,457880,339200,52.9470923,-1.14005373,0.2,0.1,Counted,Manual count,S,135,82,13685,56,1591,108,23,16,8,29,16,200,15614
27898,2010,A60,Major,A6008,Station St,457880,339200,52.9470923,-1.14005373,0.2,0.1,Counted,Manual count,N,67,157,18157,53,2016,176,48,23,20,3,14,284,20667
27898,2010,A60,Major,A6008,Station St,457880,339200,52.9470923,-1.14005373,0.2,0.1,Counted,Manual count,S,97,140,17427,75,2210,236,63,26,26,12,22,385,20237
27898,2011,A60,Major,A6008,Station St,457880,339200,52.9470923,-1.14005373,0.2,0.1,Estimated,Estimated using AADF from previous year on this link,N,74,166,18066,53,2078,175,52,26,15,3,15,286,20649
27898,2011,A60,Major,A6008,Station St,457880,339200,52.9470923,-1.14005373,0.2,0.1,Estimated,Estimated using AADF from previous year on this link,S,107,148,17340,75,2279,235,68,29,20,12,23,387,20229
27898,2012,A60,Major,A6008,Station St,457880,339200,52.9470923,-1.14005373,0.2,0.1,Counted,Manual count,N,73,135,19359,88,1745,217,39,36,19,24,9,344,21670
27898,2012,A60,Major,A6008,Station St,457880,339200,52.9470923,-1.14005373,0.2,0.1,Counted,Manual count,S,124,136,17039,93,2359,202,54,39,25,24,9,353,19979
27898,2013,A60,Major,A6008,Station St,457880,339200,52.9470923,-1.14005373,0.2,0.1,Estimated,Estimated using AADF from previous year on this link,N,72,135,19249,83,1765,217,42,40,14,22,9,344,21576
27898,2013,A60,Major,A6008,Station St,457880,339200,52.9470923,-1.14005373,0.2,0.1,Estimated,Estimated using AADF from previous year on this link,S,122,136,16943,87,2386,202,58,44,18,22,9,353,19905
27898,2014,A60,Major,A6008,Station St,457880,339200,52.9470923,-1.14005373,0.2,0.1,Counted,Manual count,N,106,93,18225,64,2183,203,47,31,3,3,27,315,20881
27898,2014,A60,Major,A6008,Station St,457880,339200,52.9470923,-1.14005373,0.2,0.1,Counted,Manual count,S,108,93,18763,94,2188,175,89,41,11,5,28,348,21486
27898,2015,A60,Major,A6008,Station St,457880,339200,52.9470923,-1.14005373,0.2,0.1,Estimated,Estimated using AADF from previous year on this link,N,98,95,17890,64,2296,198,49,31,4,3,27,311,20657
27898,2015,A60,Major,A6008,Station St,457880,339200,52.9470923,-1.14005373,0.2,0.1,Estimated,Estimated using AADF from previous year on this link,S,101,95,18418,93,2301,170,93,40,13,5,28,349,21257
27898,2016,A60,Major,A6008,Station St,457880,339200,52.9470923,-1.14005373,0.2,0.1,Estimated,Estimated using AADF from previous year on this link,N,92,93,18169,59,2508,200,49,34,4,3,26,317,21147
27898,2016,A60,Major,A6008,Station St,457880,339200,52.9470923,-1.14005373,0.2,0.1,Estimated,Estimated using AADF from previous year on this link,S,94,93,18706,87,2513,172,92,45,14,5,27,355,21754
27898,2017,A60,Major,A6008,Station St,457880,339200,52.9470923,-1.14005373,0.2,0.1,Counted,Manual count,N,72,166,16798,68,2083,138,47,19,8,10,6,228,19342
27898,2017,A60,Major,A6008,Station St,457880,339200,52.9470923,-1.14005373,0.2,0.1,Counted,Manual count,S,92,195,18407,71,2218,195,74,18,11,24,2,324,21215
27898,2018,A60,Major,A6008,Station St,457880,339200,52.9470923,-1.14005373,0.2,0.1,Estimated,Estimated using AADF from previous year on this link,N,79,164,16613,61,2122,139,47,19,8,11,6,229,19189
27898,2018,A60,Major,A6008,Station St,457880,339200,52.9470923,-1.14005373,0.2,0.1,Estimated,Estimated using AADF from previous year on this link,S,101,192,18204,65,2259,197,73,18,12,24,2,326,21047
27898,2019,A60,Major,A6008,Station St,457880,339200,52.9470923,-1.14005373,0.2,0.1,Estimated,Estimated using AADF from previous year on this link,N,87,154,16821,62,2103,138,48,19,8,11,6,229,19369
27898,2019,A60,Major,A6008,Station St,457880,339200,52.9470923,-1.14005373,0.2,0.1,Estimated,Estimated using AADF from previous year on this link,S,111,180,18433,65,2240,195,74,18,12,25,2,326,21244
27898,2020,A60,Major,A6008,Station St,457880,339200,52.9470923,-1.14005373,0.2,0.1,Estimated,Estimated using AADF from previous year on this link,N,99,114,12777,39,1856,121,41,17,7,10,5,201,14987
27898,2020,A60,Major,A6008,Station St,457880,339200,52.9470923,-1.14005373,0.2,0.1,Estimated,Estimated using AADF from previous year on this link,S,127,133,14001,41,1976,171,65,16,10,22,2,286,16438
27898,2021,A60,Major,A6008,Station St,457880,339200,52.9470923,-1.14005373,0.2,0.1,Estimated,Estimated using AADF from previous year on this link,N,81,121,14076,40,2024,129,45,18,7,10,6,215,16477
27898,2021,A60,Major,A6008,Station St,457880,339200,52.9470923,-1.14005373,0.2,0.1,Estimated,Estimated using AADF from previous year on this link,S,104,141,15425,43,2155,183,69,17,11,24,2,306,18070
27898,2022,A60,Major,A6008,Station St,457880,339200,52.9470923,-1.14005373,0.2,0.1,Estimated,Estimated using AADF from previous year on this link,N,73,132,15035,43,2194,134,46,19,8,11,6,223,17627
27898,2022,A60,Major,A6008,Station St,457880,339200,52.9470923,-1.14005373,0.2,0.1,Estimated,Estimated using AADF from previous year on this link,S,93,154,16476,46,2336,190,72,18,11,24,2,317,19329
27898,2023,A60,Major,A6008,Station St,457880,339200,52.9470923,-1.14005373,0.2,0.1,Estimated,Estimated using AADF from previous year on this link,N,71,130,15318,44,2231,132,45,19,8,10,5,220,17943
27898,2023,A60,Major,A6008,Station St,457880,339200,52.9470923,-1.14005373,0.2,0.1,Estimated,Estimated using AADF from previous year on this link,S,91,152,16785,46,2375,187,71,18,11,24,2,313,19672
27898,2024,A60,Major,A6008,Station St,457880,339200,52.9470923,-1.14005373,0.2,0.1,Counted,Manual count,N,66,104,14774,28,1942,80,11,14,1,9,8,122,16971
27898,2024,A60,Major,A6008,Station St,457880,339200,52.9470923,-1.14005373,0.2,0.1,Counted,Manual count,S,93,99,15999,47,2366,85,26,25,1,12,8,155,18667
27898,2025,A60,Major,A6008,Station St,457880,339200,52.9470923,-1.14005373,0.2,0.1,Estimated,Estimated using AADF from previous year on this link,N,67,106,14791,28,1982,79,11,14,1,8,7,121,17029
27898,2025,A60,Major,A6008,Station St,457880,339200,52.9470923,-1.14005373,0.2,0.1,Estimated,Estimated using AADF from previous year on this link,S,93,101,16018,46,2414,84,26,25,1,12,7,155,18735
27899,2000,A6464,Major,Derby Road,University Boulevard,452843,338029,52.93708536,-1.21519698,1.3,0.8,Counted,Manual count,N,64,127,7755,131,965,146,20,12,9,6,8,201,9179
27899,2000,A6464,Major,Derby Road,University Boulevard,452843,338029,52.93708536,-1.21519698,1.3,0.8,Counted,Manual count,S,118,158,7314,123,885,148,20,15,20,17,10,230,8710
27899,2001,A6464,Major,Derby Road,University Boulevard,452843,338029,52.93708536,-1.21519698,1.3,0.8,Estimated,Estimated using AADF from previous year on this link,N,61,133,7515,137,972,139,22,12,7,5,8,193,8950
27899,2001,A6464,Major,Derby Road,University Boulevard,452843,338029,52.93708536,-1.21519698,1.3,0.8,Estimated,Estimated using AADF from previous year on this link,S,113,166,7087,129,891,141,22,15,16,13,10,217,8490
27899,2002,A6464,Major,Derby Road,University Boulevard,452843,338029,52.93708536,-1.21519698,1.3,0.8,Estimated,Estimated using AADF from previous year on this link,N,63,138,7635,138,1042,131,22,12,6,4,9,184,9137
27899,2002,A6464,Major,Derby Road,University Boulevard,452843,338029,52.93708536,-1.21519698,1.3,0.8,Estimated,Estimated using AADF from previous year on this link,S,118,172,7200,130,955,133,22,15,15,11,11,207,8664
27899,2003,A6464,Major,Derby Road,University Boulevard,452843,338029,52.93708536,-1.21519698,1.3,0.8,Estimated,Estimated using AADF from previous year on this link,N,56,196,7353,134,1132,127,23,13,6,4,10,183,8998
27899,2003,A6464,Major,Derby Road,University Boulevard,452843,338029,52.93708536,-1.21519698,1.3,0.8,Estimated,Estimated using AADF from previous year on this link,S,105,245,6934,126,1037,129,23,16,14,10,12,204,8546
27899,2004,A6464,Major,Derby Road,University Boulevard,452843,338029,52.93708536,-1.21519698,1.3,0.8,Counted,Manual count,N,203,121,9950,120,1156,175,24,29,16,16,21,281,11628
27899,2004,A6464,Major,Derby Road,University Boulevard,452843,338029,52.93708536,-1.21519698,1.3,0.8,Counted,Manual count,S,223,96,8204,118,1013,174,20,18,22,25,15,274,9705
27899,2005,A6464,Major,Derby Road,University Boulevard,452843,338029,52.93708536,-1.21519698,1.3,0.8,Estimated,Estimated using AADF from previous year on this link,N,172,100,9492,113,1233,190,25,33,13,13,21,295,11233
27899,2005,A6464,Major,Derby Road,University Boulevard,452843,338029,52.93708536,-1.21519698,1.3,0.8,Estimated,Estimated using AADF from previous year on this link,S,189,79,7826,112,1080,189,21,21,18,20,14,283,9380
27899,2006,A6464,Major,Derby Road,University Boulevard,452843,338029,52.93708536,-1.21519698,1.3,0.8,Estimated,Estimated using AADF from previous year on this link,N,269,87,9312,105,1251,183,24,33,10,10,20,280,11035
27899,2006,A6464,Major,Derby Road,University Boulevard,452843,338029,52.93708536,-1.21519698,1.3,0.8,Estimated,Estimated using AADF from previous year on this link,S,296,69,7678,104,1096,182,20,21,14,16,14,267,9214
27899,2007,A6464,Major,Derby Road,University Boulevard,452843,338029,52.93708536,-1.21519698,1.3,0.8,Estimated,Estimated using AADF from previous year on this link,N,168,105,9073,107,1366,191,25,38,10,11,23,298,10949
27899,2007,A6464,Major,Derby Road,University Boulevard,452843,338029,52.93708536,-1.21519698,1.3,0.8,Estimated,Estimated using AADF from previous year on this link,S,185,83,7481,106,1197,191,21,24,14,17,16,283,9150
27899,2008,A6464,Major,A52,A6005,452843,338029,52.93708536,-1.21519698,1.3,0.8,Counted,Manual count,N,130,86,8084,135,954,120,24,13,8,9,14,188,9447
27899,2008,A6464,Major,A52,A6005,452843,338029,52.93708536,-1.21519698,1.3,0.8,Counted,Manual count,S,201,92,7177,119,954,129,29,11,6,16,24,215,8557
27899,2009,A6464,Major,A52,A6005,452843,338029,52.93708536,-1.21519698,1.3,0.8,Estimated,Estimated using AADF from previous year on this link,N,130,96,8262,134,968,109,24,12,7,8,14,174,9634
27899,2009,A6464,Major,A52,A6005,452843,338029,52.93708536,-1.21519698,1.3,0.8,Estimated,Estimated using AADF from previous year on this link,S,201,103,7335,118,968,117,29,10,6,14,23,199,8723
27899,2010,A6464,Major,A52,A6005,452843,338029,52.93708536,-1.21519698,1.3,0.8,Estimated,Estimated using AADF from previous year on this link,N,131,91,8212,152,1034,116,24,10,8,8,14,180,9669
27899,2010,A6464,Major,A52,A6005,452843,338029,52.93708536,-1.21519698,1.3,0.8,Estimated,Estimated using AADF from previous year on this link,S,202,98,7291,134,1034,124,29,9,7,13,23,205,8762
27899,2011,A6464,Major,A52,A6005,452843,338029,52.93708536,-1.21519698,1.3,0.8,Estimated,Estimated using AADF from previous year on this link,N,144,77,8187,144,1154,118,26,11,6,8,15,184,9746
27899,2011,A6464,Major,A52,A6005,452843,338029,52.93708536,-1.21519698,1.3,0.8,Estimated,Estimated using AADF from previous year on this link,S,223,83,7269,127,1154,126,32,10,6,13,25,212,8845
27899,2012,A6464,Major,A52,A6005,452843,338029,52.93708536,-1.21519698,1.3,0.8,Estimated,Estimated using AADF from previous year on this link,N,136,74,8059,157,1168,119,28,13,4,7,14,186,9643
27899,2012,A6464,Major,A52,A6005,452843,338029,52.93708536,-1.21519698,1.3,0.8,Estimated,Estimated using AADF from previous year on this link,S,211,79,7156,138,1168,127,35,11,4,12,24,213,8754
27899,2013,A6464,Major,A52,A6005,452843,338029,52.93708536,-1.21519698,1.3,0.8,Estimated,Estimated using AADF from previous year on this link,E,134,82,7988,164,1214,120,31,14,3,7,15,190,9637
27899,2013,A6464,Major,A52,A6005,452843,338029,52.93708536,-1.21519698,1.3,0.8,Estimated,Estimated using AADF from previous year on this link,W,208,88,7092,144,1214,128,38,13,3,11,24,218,8756
27899,2014,A6464,Major,A52,A6005,452843,338029,52.93708536,-1.21519698,1.3,0.8,Estimated,Estimated using AADF from previous year on this link,E,130,79,8205,158,1298,123,34,16,3,6,14,195,9934
27899,2014,A6464,Major,A52,A6005,452843,338029,52.93708536,-1.21519698,1.3,0.8,Estimated,Estimated using AADF from previous year on this link,W,202,85,7285,139,1298,132,42,14,3,9,23,222,9029
27899,2015,A6464,Major,A52,A6005,452843,338029,52.93708536,-1.21519698,1.3,0.8,Estimated,Estimated using AADF from previous year on this link,E,121,69,8367,170,1361,117,35,15,3,5,13,188,10156
27899,2015,A6464,Major,A52,A6005,452843,338029,52.93708536,-1.21519698,1.3,0.8,Estimated,Estimated using AADF from previous year on this link,W,188,75,7429,150,1361,125,43,13,3,9,22,215,9230
27899,2016,A6464,Major,A52,A6005,452843,338029,52.93708536,-1.21519698,1.3,0.8,Counted,Manual count,E,264,78,7803,167,985,121,4,2,9,22,13,171,9204
27899,2016,A6464,Major,A52,A6005,452843,338029,52.93708536,-1.21519698,1.3,0.8,Counted,Manual count,W,270,55,6132,160,879,113,11,7,6,16,18,170,7396
27899,2017,A6464,Major,A52,A6005,452843,338029,52.93708536,-1.21519698,1.3,0.8,Estimated,Estimated using AADF from previous year on this link,E,253,79,7745,156,1037,120,5,2,10,21,14,171,9188
27899,2017,A6464,Major,A52,A6005,452843,338029,52.93708536,-1.21519698,1.3,0.8,Estimated,Estimated using AADF from previous year on this link,W,258,55,6087,150,925,112,11,7,6,16,18,170,7388
27899,2018,A6464,Major,A52,A6005,452843,338029,52.93708536,-1.21519698,1.4,0.9,Estimated,Estimated using AADF from previous year on this link,E,280,78,7660,141,1056,121,4,2,10,22,14,173,9110
27899,2018,A6464,Major,A52,A6005,452843,338029,52.93708536,-1.21519698,1.4,0.9,Estimated,Estimated using AADF from previous year on this link,W,285,55,6020,136,943,113,11,7,6,16,19,172,7326
27899,2019,A6464,Major,A52,A6005,452843,338029,52.93708536,-1.21519698,1.4,0.9,Estimated,Estimated using AADF from previous year on this link,E,307,74,7756,143,1047,119,5,2,10,23,14,173,9193
27899,2019,A6464,Major,A52,A6005,452843,338029,52.93708536,-1.21519698,1.4,0.9,Estimated,Estimated using AADF from previous year on this link,W,313,51,6095,137,935,112,11,7,6,17,19,172,7391
27899,2020,A6464,Major,A52,A6005,452843,338029,52.93708536,-1.21519698,1.4,0.9,Estimated,Estimated using AADF from previous year on this link,E,351,54,5891,90,924,105,4,2,9,20,12,152,7112
27899,2020,A6464,Major,A52,A6005,452843,338029,52.93708536,-1.21519698,1.4,0.9,Estimated,Estimated using AADF from previous year on this link,W,358,38,4630,87,825,98,10,6,5,15,17,151,5730
27899,2021,A6464,Major,A52,A6005,452843,338029,52.93708536,-1.21519698,1.4,0.9,Estimated,Estimated using AADF from previous year on this link,E,287,58,6491,93,1007,112,4,2,9,21,13,162,7811
27899,2021,A6464,Major,A52,A6005,452843,338029,52.93708536,-1.21519698,1.4,0.9,Estimated,Estimated using AADF from previous year on this link,W,293,40,5101,90,899,105,10,7,6,16,18,162,6291
27899,2022,A6464,Major,A52,A6005,452843,338029,52.93708536,-1.21519698,1.4,0.9,Estimated,Estimated using AADF from previous year on this link,E,256,63,6933,100,1092,116,4,2,10,22,14,168,8356
27899,2022,A6464,Major,A52,A6005,452843,338029,52.93708536,-1.21519698,1.4,0.9,Estimated,Estimated using AADF from previous year on this link,W,262,44,5448,96,975,109,11,7,6,16,18,167,6730
27899,2023,A6464,Major,A52,A6005,452843,338029,52.93708536,-1.21519698,1.4,0.9,Estimated,Estimated using AADF from previous year on this link,E,252,62,7063,101,1110,115,4,2,10,21,13,165,8502
27899,2023,A6464,Major,A52,A6005,452843,338029,52.93708536,-1.21519698,1.4,0.9,Estimated,Estimated using AADF from previous year on this link,W,257,43,5551,97,991,107,10,7,6,16,18,164,6847
27899,2024,A6464,Major,A52,A6005,452843,338029,52.93708536,-1.21519698,1.4,0.9,Estimated,Estimated using AADF from previous year on this link,E,255,64,7170,102,1130,117,4,2,10,21,13,166,8632
27899,2024,A6464,Major,A52,A6005,452843,338029,52.93708536,-1.21519698,1.4,0.9,Estimated,Estimated using AADF from previous year on this link,W,260,45,5635,98,1009,109,10,7,6,15,17,165,6951
27899,2025,A6464,Major,A52,A6005,452843,338029,52.93708536,-1.21519698,1.4,0.9,Estimated,Estimated using AADF from previous year on this link,E,256,65,7179,99,1153,115,4,2,10,20,12,164,8661
27899,2025,A6464,Major,A52,A6005,452843,338029,52.93708536,-1.21519698,1.4,0.9,Estimated,Estimated using AADF from previous year on this link,W,261,46,5641,95,1030,108,10,7,6,15,17,163,6975
28303,2000,A60,Major,Station St,A6008,457860,339400,52.94889211,-1.14031576,0.2,0.1,Estimated,Estimated using AADF from previous year on this link,N,92,232,21448,129,2924,438,64,18,38,27,39,624,25357
28303,2000,A60,Major,Station St,A6008,457860,339400,52.94889211,-1.14031576,0.2,0.1,Estimated,Estimated using AADF from previous year on this link,S,132,201,18610,108,2595,384,66,34,25,17,27,553,22067
28303,2001,A60,Major,Station St,A6008,457860,339400,52.94889211,-1.14031576,0.2,0.1,Estimated,Estimated using AADF from previous year on this link,N,88,240,21877,131,2912,429,74,18,33,23,44,621,25781
28303,2001,A60,Major,Station St,A6008,457860,339400,52.94889211,-1.14031576,0.2,0.1,Estimated,Estimated using AADF from previous year on this link,S,126,208,18982,110,2585,376,76,34,22,15,30,553,22438
28303,2002,A60,Major,Station St,A6008,457860,339400,52.94889211,-1.14031576,0.2,0.1,Counted,Manual count,N,82,211,22015,84,2139,256,40,28,20,24,13,381,24830
28303,2002,A60,Major,Station St,A6008,457860,339400,52.94889211,-1.14031576,0.2,0.1,Counted,Manual count,S,162,215,22641,98,2412,375,54,40,41,27,16,553,25919
28303,2003,A60,Major,Station St,A6008,457860,339400,52.94889211,-1.14031576,0.2,0.1,Estimated,Estimated using AADF from previous year on this link,N,73,237,21707,75,2332,275,45,33,19,21,14,407,24758
28303,2003,A60,Major,Station St,A6008,457860,339400,52.94889211,-1.14031576,0.2,0.1,Estimated,Estimated using AADF from previous year on this link,S,145,241,22324,88,2629,402,61,47,39,24,18,591,25873
28303,2004,A60,Major,Station St,A6008,457860,339400,52.94889211,-1.14031576,0.2,0.1,Estimated,Estimated using AADF from previous year on this link,N,59,209,21750,70,2311,276,48,36,18,19,16,413,24753
28303,2004,A60,Major,Station St,A6008,457860,339400,52.94889211,-1.14031576,0.2,0.1,Estimated,Estimated using AADF from previous year on this link,S,117,213,22369,81,2605,404,65,51,37,21,19,597,25865
28303,2005,A60,Major,Station St,A6008,457860,339400,52.94889211,-1.14031576,0.2,0.1,Estimated,Estimated using AADF from previous year on this link,N,50,211,21206,69,2371,265,45,37,16,16,16,395,24252
28303,2005,A60,Major,Station St,A6008,457860,339400,52.94889211,-1.14031576,0.2,0.1,Estimated,Estimated using AADF from previous year on this link,S,99,215,21809,80,2673,388,61,52,33,18,20,572,25349
28303,2006,A60,Major,Station St,A6008,457860,339400,52.94889211,-1.14031576,0.2,0.1,Estimated,Estimated using AADF from previous year on this link,N,79,219,21270,68,2409,271,45,39,14,15,18,402,24368
28303,2006,A60,Major,Station St,A6008,457860,339400,52.94889211,-1.14031576,0.2,0.1,Estimated,Estimated using AADF from previous year on this link,S,156,223,21875,79,2716,397,61,56,30,16,22,582,25475
28303,2007,A60,Major,Station St,A6008,457860,339400,52.94889211,-1.14031576,0.2,0.1,Estimated,Estimated using AADF from previous year on this link,N,49,221,20270,65,2628,268,44,43,12,14,18,399,23583
28303,2007,A60,Major,Station St,A6008,457860,339400,52.94889211,-1.14031576,0.2,0.1,Estimated,Estimated using AADF from previous year on this link,S,97,225,20847,76,2963,392,60,61,25,16,22,576,24687
28303,2008,A60,Major,Station St,A6008,457860,339400,52.94889211,-1.14031576,0.2,0.1,Estimated,Estimated using AADF from previous year on this link,N,55,206,19885,66,2751,257,48,44,11,12,18,390,23298
28303,2008,A60,Major,Station St,A6008,457860,339400,52.94889211,-1.14031576,0.2,0.1,Estimated,Estimated using AADF from previous year on this link,S,109,210,20451,77,3102,376,65,62,22,14,22,561,24401
28303,2009,A60,Major,Station St,A6008,457860,339400,52.94889211,-1.14031576,0.2,0.1,Counted,Manual count,N,97,133,19220,78,2077,243,37,10,34,21,6,351,21859
28303,2009,A60,Major,Station St,A6008,457860,339400,52.94889211,-1.14031576,0.2,0.1,Counted,Manual count,S,394,111,17386,98,2390,273,54,19,21,14,11,392,20377
28303,2010,A60,Major,Station St,A6008,457860,339400,52.94889211,-1.14031576,0.2,0.1,Counted,Manual count,N,188,123,17913,82,2041,209,48,33,11,8,13,322,20481
28303,2010,A60,Major,Station St,A6008,457860,339400,52.94889211,-1.14031576,0.2,0.1,Counted,Manual count,S,214,100,15829,86,1769,211,64,20,18,14,16,343,18127
28303,2011,A60,Major,Station St,A6008,457860,339400,52.94889211,-1.14031576,0.2,0.1,Counted,Manual count,N,87,187,18709,130,2196,216,40,30,29,6,21,342,21564
28303,2011,A60,Major,Station St,A6008,457860,339400,52.94889211,-1.14031576,0.2,0.1,Counted,Manual count,S,325,156,18662,128,2217,235,55,12,59,7,20,388,21551
28303,2012,A60,Major,Station St,A6008,457860,339400,52.94889211,-1.14031576,0.2,0.1,Estimated,Estimated using AADF from previous year on this link,N,82,169,18630,140,2109,191,38,30,21,6,21,307,21354
28303,2012,A60,Major,Station St,A6008,457860,339400,52.94889211,-1.14031576,0.2,0.1,Estimated,Estimated using AADF from previous year on this link,S,307,141,18583,138,2129,208,52,12,43,6,20,341,21332
28303,2013,A60,Major,Station St,A6008,457860,339400,52.94889211,-1.14031576,0.2,0.1,Counted,Manual count,N,117,158,18521,90,2340,170,60,20,11,9,16,285,21396
28303,2013,A60,Major,Station St,A6008,457860,339400,52.94889211,-1.14031576,0.2,0.1,Counted,Manual count,S,409,149,18347,136,2229,188,99,17,11,11,19,345,21206
28303,2014,A60,Major,Station St,A6008,457860,339400,52.94889211,-1.14031576,0.2,0.1,Estimated,Estimated using AADF from previous year on this link,N,114,168,18329,96,2665,179,69,22,11,9,18,309,21568
28303,2014,A60,Major,Station St,A6008,457860,339400,52.94889211,-1.14031576,0.2,0.1,Estimated,Estimated using AADF from previous year on this link,S,397,158,18156,145,2539,199,113,19,11,10,21,375,21373
28303,2015,A60,Major,Station St,A6008,457860,339400,52.94889211,-1.14031576,0.2,0.1,Counted,Manual count,N,438,155,20244,74,2596,163,42,24,8,6,11,254,23322
28303,2015,A60,Major,Station St,A6008,457860,339400,52.94889211,-1.14031576,0.2,0.1,Counted,Manual count,S,478,114,18831,45,2459,170,61,27,6,11,18,294,21743
28303,2016,A60,Major,Station St,A6008,457860,339400,52.94889211,-1.14031576,0.2,0.1,Estimated,Estimated using AADF from previous year on this link,N,408,151,20560,68,2836,166,42,27,9,5,11,259,23874
28303,2016,A60,Major,Station St,A6008,457860,339400,52.94889211,-1.14031576,0.2,0.1,Estimated,Estimated using AADF from previous year on this link,S,445,111,19125,42,2686,173,60,31,7,10,18,298,22262
28303,2017,A60,Major,Station St,A6008,457860,339400,52.94889211,-1.14031576,0.2,0.1,Estimated,Estimated using AADF from previous year on this link,N,391,153,20408,64,2985,164,43,27,9,5,11,260,23870
28303,2017,A60,Major,Station St,A6008,457860,339400,52.94889211,-1.14031576,0.2,0.1,Estimated,Estimated using AADF from previous year on this link,S,426,112,18984,39,2827,171,61,31,7,10,19,300,22263
28303,2018,A60,Major,Station St,A6008,457860,339400,52.94889211,-1.14031576,0.2,0.1,Estimated,Estimated using AADF from previous year on this link,N,432,151,20184,58,3041,166,42,27,9,5,12,261,23695
28303,2018,A60,Major,Station St,A6008,457860,339400,52.94889211,-1.14031576,0.2,0.1,Estimated,Estimated using AADF from previous year on this link,S,471,111,18775,36,2880,173,61,30,7,10,20,301,22103
28303,2019,A60,Major,Station St,A6008,457860,339400,52.94889211,-1.14031576,0.2,0.1,Counted,Manual count,N,187,151,17247,86,2382,160,50,15,4,15,15,259,20125
28303,2019,A60,Major,Station St,A6008,457860,339400,52.94889211,-1.14031576,0.2,0.1,Counted,Manual count,S,127,173,18800,122,2514,153,46,18,2,10,5,234,21844
28303,2020,A60,Major,Station St,A6008,457860,339400,52.94889211,-1.14031576,0.2,0.1,Estimated,Estimated using AADF from previous year on this link,N,214,111,13101,54,2102,140,44,13,3,13,13,227,15595
28303,2020,A60,Major,Station St,A6008,457860,339400,52.94889211,-1.14031576,0.2,0.1,Estimated,Estimated using AADF from previous year on this link,S,145,128,14280,77,2218,135,40,16,2,9,4,206,16910
28303,2021,A60,Major,Station St,A6008,457860,339400,52.94889211,-1.14031576,0.2,0.1,Estimated,Estimated using AADF from previous year on this link,N,175,118,14433,56,2292,150,47,14,4,14,14,243,17142
28303,2021,A60,Major,Station St,A6008,457860,339400,52.94889211,-1.14031576,0.2,0.1,Estimated,Estimated using AADF from previous year on this link,S,119,136,15732,80,2418,144,43,18,2,10,4,221,18587
28303,2022,A60,Major,Station St,A6008,457860,339400,52.94889211,-1.14031576,0.2,0.1,Counted,Manual count,N,84,144,17533,107,2623,308,37,28,1,18,19,410,20817
28303,2022,A60,Major,Station St,A6008,457860,339400,52.94889211,-1.14031576,0.2,0.1,Counted,Manual count,S,127,110,15414,65,2297,315,35,40,2,6,14,413,18297
28303,2023,A60,Major,Station St,A6008,457860,339400,52.94889211,-1.14031576,0.2,0.1,Estimated,Estimated using AADF from previous year on this link,N,83,142,17862,108,2668,304,36,27,1,17,18,404,21184
28303,2023,A60,Major,Station St,A6008,457860,339400,52.94889211,-1.14031576,0.2,0.1,Estimated,Estimated using AADF from previous year on this link,S,125,108,15704,65,2336,311,34,40,2,5,14,407,18619
28303,2024,A60,Major,Station St,A6008,457860,339400,52.94889211,-1.14031576,0.2,0.1,Estimated,Estimated using AADF from previous year on this link,N,84,146,18133,108,2715,309,36,27,1,17,18,407,21510
28303,2024,A60,Major,Station St,A6008,457860,339400,52.94889211,-1.14031576,0.2,0.1,Estimated,Estimated using AADF from previous year on this link,S,127,112,15942,65,2377,316,35,39,2,5,13,410,18906
28303,2025,A60,Major,Station St,A6008,457860,339400,52.94889211,-1.14031576,0.2,0.1,Estimated,Estimated using AADF from previous year on this link,N,84,149,18155,106,2771,306,36,27,1,16,17,404,21585
28303,2025,A60,Major,Station St,A6008,457860,339400,52.94889211,-1.14031576,0.2,0.1,Estimated,Estimated using AADF from previous year on this link,S,127,114,15961,64,2426,313,35,40,2,5,13,408,18972
28415,2000,A6008,Major,A610 South Sherwood Street,A60 Milton Street,457200,340080,52.95507476,-1.15001786,0.2,0.1,Estimated,Estimated using AADF from previous year on this link,W,104,408,13520,1559,1850,320,22,17,12,8,3,382,17719
28415,2001,A6008,Major,A610 South Sherwood Street,A60 Milton Street,457200,340080,52.95507476,-1.15001786,0.2,0.1,Counted,Manual count,W,69,175,12065,1761,1578,271,35,5,10,9,6,336,15915
28415,2002,A6008,Major,A610 South Sherwood Street,A60 Milton Street,457200,340080,52.95507476,-1.15001786,0.2,0.1,Estimated,Estimated using AADF from previous year on this link,W,72,181,12258,1775,1692,256,36,5,9,8,7,321,16227
28415,2003,A6008,Major,A610 South Sherwood Street,A60 Milton Street,457200,340080,52.95507476,-1.15001786,0.2,0.1,Estimated,Estimated using AADF from previous year on this link,W,64,258,11804,1727,1838,248,37,5,9,7,8,314,15941
28415,2004,A6008,Major,A610 South Sherwood Street,A60 Milton Street,457200,340080,52.95507476,-1.15001786,0.2,0.1,Estimated,Estimated using AADF from previous year on this link,W,52,169,11958,1414,2023,302,47,7,9,7,9,381,15945
28415,2005,A6008,Major,A610 South Sherwood Street,A60 Milton Street,457200,340080,52.95507476,-1.15001786,0.2,0.1,Estimated,Estimated using AADF from previous year on this link,W,44,139,11408,1335,2157,327,50,8,7,5,9,406,15445
28415,2006,A6008,Major,A610 South Sherwood Street,A60 Milton Street,457200,340080,52.95507476,-1.15001786,0.2,0.1,Estimated,Estimated using AADF from previous year on this link,W,69,121,11191,1239,2189,315,47,8,6,4,8,388,15128
28415,2007,A6008,Major,A610 South Sherwood Street,A60 Milton Street,457200,340080,52.95507476,-1.15001786,0.2,0.1,Estimated,Estimated using AADF from previous year on this link,W,43,116,11012,1128,2305,293,44,8,5,4,8,362,14923
28415,2008,A6008,Major,A610 South Sherwood Street,A60 Milton Street,457200,340080,52.95507476,-1.15001786,0.2,0.1,Estimated,Estimated using AADF from previous year on this link,W,48,111,10770,980,2353,293,49,9,4,3,8,366,14580
28415,2009,A6008,Major,A610 South Sherwood Street,A60 Milton Street,457200,340080,52.95507476,-1.15001786,0.2,0.1,Counted,Manual count,E,98,3,370,1092,138,31,9,0,1,0,2,43,1646
28415,2009,A6008,Major,A610 South Sherwood Street,A60 Milton Street,457200,340080,52.95507476,-1.15001786,0.2,0.1,Counted,Manual count,W,69,4,480,1352,128,15,5,0,3,0,0,23,1987
28415,2010,A6008,Major,A610 South Sherwood Street,A60 Milton Street,457200,340080,52.95507476,-1.15001786,0.2,0.1,Counted,Manual count,E,42,4,621,1435,141,36,3,0,1,0,0,40,2241
28415,2010,A6008,Major,A610 South Sherwood Street,A60 Milton Street,457200,340080,52.95507476,-1.15001786,0.2,0.1,Counted,Manual count,W,42,6,560,1604,81,9,3,0,0,0,0,12,2263
28415,2011,A6008,Major,A610 South Sherwood Street,A60 Milton Street,457200,340080,52.95507476,-1.15001786,0.2,0.1,Counted,Manual count,E,92,3,302,1543,91,16,5,0,2,0,0,23,1962
28415,2011,A6008,Major,A610 South Sherwood Street,A60 Milton Street,457200,340080,52.95507476,-1.15001786,0.2,0.1,Counted,Manual count,W,171,3,353,2218,88,20,2,1,0,0,0,23,2685
28415,2012,A6008,Major,A610 South Sherwood Street,A60 Milton Street,457200,340080,52.95507476,-1.15001786,0.2,0.1,Estimated,Estimated using AADF from previous year on this link,E,87,3,297,1678,92,16,5,0,1,0,0,23,2093
28415,2012,A6008,Major,A610 South Sherwood Street,A60 Milton Street,457200,340080,52.95507476,-1.15001786,0.2,0.1,Estimated,Estimated using AADF from previous year on this link,W,162,3,347,2412,89,20,2,1,0,0,0,24,2875
28415,2013,A6008,Major,A610 South Sherwood Street,A60 Milton Street,457200,340080,52.95507476,-1.15001786,0.2,0.1,Estimated,Estimated using AADF from previous year on this link,E,86,3,295,1754,96,16,6,0,1,0,0,23,2171
28415,2013,A6008,Major,A610 South Sherwood Street,A60 Milton Street,457200,340080,52.95507476,-1.15001786,0.2,0.1,Estimated,Estimated using AADF from previous year on this link,W,160,3,344,2521,93,20,2,1,0,0,0,24,2985
28415,2014,A6008,Major,A610 South Sherwood Street,A60 Milton Street,457200,340080,52.95507476,-1.15001786,0.2,0.1,Estimated,Estimated using AADF from previous year on this link,E,83,3,303,1689,102,17,7,0,1,0,0,24,2121
28415,2014,A6008,Major,A610 South Sherwood Street,A60 Milton Street,457200,340080,52.95507476,-1.15001786,0.2,0.1,Estimated,Estimated using AADF from previous year on this link,W,155,3,354,2427,99,21,3,1,0,0,0,25,2908
28415,2015,A6008,Major,A610 South Sherwood Street,A60 Milton Street,457200,340080,52.95507476,-1.15001786,0.2,0.1,Estimated,Estimated using AADF from previous year on this link,E,77,3,309,1819,107,16,7,0,1,0,0,24,2261
28415,2015,A6008,Major,A610 South Sherwood Street,A60 Milton Street,457200,340080,52.95507476,-1.15001786,0.2,0.1,Estimated,Estimated using AADF from previous year on this link,W,144,3,361,2615,104,20,3,1,0,0,0,24,3106
28415,2016,A6008,Major,A610 South Sherwood Street,A60 Milton Street,457200,340080,52.95507476,-1.15001786,0.2,0.1,Estimated,Estimated using AADF from previous year on this link,E,72,3,313,1685,117,16,7,0,1,0,0,24,2142
28415,2016,A6008,Major,A610 South Sherwood Street,A60 Milton Street,457200,340080,52.95507476,-1.15001786,0.2,0.1,Estimated,Estimated using AADF from previous year on this link,W,134,3,366,2422,113,20,3,2,0,0,0,24,2929
28415,2017,A6008,Major,A610 South Sherwood Street,A60 Milton Street,457200,340080,52.95507476,-1.15001786,0.2,0.1,Estimated,Estimated using AADF from previous year on this link,E,69,3,311,1574,123,16,7,0,1,0,0,24,2035
28415,2017,A6008,Major,A610 South Sherwood Street,A60 Milton Street,457200,340080,52.95507476,-1.15001786,0.2,0.1,Estimated,Estimated using AADF from previous year on this link,W,129,3,364,2262,119,20,3,2,0,0,0,24,2772
28415,2018,A6008,Major,A610 South Sherwood Street,A60 Milton Street,457200,340080,52.95507476,-1.15001786,0.2,0.1,Estimated,Estimated using AADF from previous year on this link,E,76,3,308,1427,126,16,7,0,1,0,0,24,1887
28415,2018,A6008,Major,A610 South Sherwood Street,A60 Milton Street,457200,340080,52.95507476,-1.15001786,0.2,0.1,Estimated,Estimated using AADF from previous year on this link,W,142,3,360,2052,122,20,3,2,0,0,0,24,2560
28415,2019,A6008,Major,A610 South Sherwood Street,A60 Milton Street,457200,340080,52.95507476,-1.15001786,0.2,0.1,Counted,Manual count,E,103,107,467,1349,143,29,7,0,3,0,0,39,2105
28415,2019,A6008,Major,A610 South Sherwood Street,A60 Milton Street,457200,340080,52.95507476,-1.15001786,0.2,0.1,Counted,Manual count,W,92,46,275,954,31,7,0,0,0,0,0,7,1314
28415,2020,A6008,Major,A610 South Sherwood Street,A60 Milton Street,457200,340080,52.95507476,-1.15001786,0.2,0.1,Estimated,Estimated using AADF from previous year on this link,E,118,79,355,852,126,25,6,0,3,0,0,34,1446
28415,2020,A6008,Major,A610 South Sherwood Street,A60 Milton Street,457200,340080,52.95507476,-1.15001786,0.2,0.1,Estimated,Estimated using AADF from previous year on this link,W,105,34,209,602,27,6,0,0,0,0,0,6,879
28415,2021,A6008,Major,A610 South Sherwood Street,A60 Milton Street,457200,340080,52.95507476,-1.15001786,0.2,0.1,Estimated,Estimated using AADF from previous year on this link,E,96,84,391,880,137,27,7,0,3,0,0,36,1528
28415,2021,A6008,Major,A610 South Sherwood Street,A60 Milton Street,457200,340080,52.95507476,-1.15001786,0.2,0.1,Estimated,Estimated using AADF from previous year on this link,W,86,36,230,622,30,7,0,0,0,0,0,7,925
28415,2022,A6008,Major,A610 South Sherwood Street,A60 Milton Street,457200,340080,52.95507476,-1.15001786,0.2,0.1,Estimated,Estimated using AADF from previous year on this link,E,86,92,417,945,149,28,7,0,3,0,0,38,1641
28415,2022,A6008,Major,A610 South Sherwood Street,A60 Milton Street,457200,340080,52.95507476,-1.15001786,0.2,0.1,Estimated,Estimated using AADF from previous year on this link,W,77,40,246,668,32,7,0,0,0,0,0,7,994
28415,2023,A6008,Major,A610 South Sherwood Street,A60 Milton Street,457200,340080,52.95507476,-1.15001786,0.2,0.1,Estimated,Estimated using AADF from previous year on this link,E,85,91,425,954,151,28,7,0,3,0,0,37,1659
28415,2023,A6008,Major,A610 South Sherwood Street,A60 Milton Street,457200,340080,52.95507476,-1.15001786,0.2,0.1,Estimated,Estimated using AADF from previous year on this link,W,76,39,251,675,33,7,0,0,0,0,0,7,1004
28415,2024,A6008,Major,A610 South Sherwood Street,A60 Milton Street,457200,340080,52.95507476,-1.15001786,0.2,0.1,Estimated,Estimated using AADF from previous year on this link,E,86,93,432,958,154,28,7,0,3,0,0,38,1675
28415,2024,A6008,Major,A610 South Sherwood Street,A60 Milton Street,457200,340080,52.95507476,-1.15001786,0.2,0.1,Estimated,Estimated using AADF from previous year on this link,W,77,40,254,677,34,7,0,0,0,0,0,7,1013
28415,2025,A6008,Major,A610 South Sherwood Street,A60 Milton Street,457200,340080,52.95507476,-1.15001786,0.2,0.1,Estimated,Estimated using AADF from previous year on this link,E,86,95,432,937,157,28,7,0,3,0,0,37,1659
28415,2025,A6008,Major,A610 South Sherwood Street,A60 Milton Street,457200,340080,52.95507476,-1.15001786,0.2,0.1,Estimated,Estimated using AADF from previous year on this link,W,77,41,255,662,34,7,0,0,0,0,0,7,999
37407,2000,A6008,Major,Collin St,A610,457000,339800,52.9525793,-1.15304362,0.7,0.4,Estimated,Estimated using AADF from previous year on this link,N,93,154,11637,312,1377,208,29,8,16,25,5,291,13771
37407,2000,A6008,Major,Collin St,A610,457000,339800,52.9525793,-1.15304362,0.7,0.4,Estimated,Estimated using AADF from previous year on this link,S,84,128,12529,188,1498,199,30,11,10,10,6,266,14609
37407,2001,A6008,Major,Collin St,A610,457000,339800,52.9525793,-1.15304362,0.7,0.4,Estimated,Estimated using AADF from previous year on this link,N,89,160,11870,318,1371,204,33,8,14,21,6,286,14005
37407,2001,A6008,Major,Collin St,A610,457000,339800,52.9525793,-1.15304362,0.7,0.4,Estimated,Estimated using AADF from previous year on this link,S,80,133,12780,192,1492,195,34,11,9,9,7,265,14862
37407,2002,A6008,Major,Collin St,A610,457000,339800,52.9525793,-1.15304362,0.7,0.4,Counted,Manual count,N,71,198,10810,67,1333,198,43,11,16,12,4,284,12692
37407,2002,A6008,Major,Collin St,A610,457000,339800,52.9525793,-1.15304362,0.7,0.4,Counted,Manual count,S,85,246,11173,1259,1673,242,50,16,14,19,2,343,14694
37407,2003,A6008,Major,Collin St,A610,457000,339800,52.9525793,-1.15304362,0.7,0.4,Estimated,Estimated using AADF from previous year on this link,N,63,222,10659,60,1453,212,49,13,15,11,4,304,12698
37407,2003,A6008,Major,Collin St,A610,457000,339800,52.9525793,-1.15304362,0.7,0.4,Estimated,Estimated using AADF from previous year on this link,S,76,276,11017,1124,1824,260,57,19,13,17,2,368,14609
37407,2004,A6008,Major,Collin St,A610,457000,339800,52.9525793,-1.15304362,0.7,0.4,Estimated,Estimated using AADF from previous year on this link,N,51,196,10680,56,1440,213,52,14,15,9,5,308,12680
37407,2004,A6008,Major,Collin St,A610,457000,339800,52.9525793,-1.15304362,0.7,0.4,Estimated,Estimated using AADF from previous year on this link,S,61,243,11039,1046,1807,261,60,21,13,15,2,372,14507
37407,2005,A6008,Major,Collin St,A610,457000,339800,52.9525793,-1.15304362,0.7,0.4,Estimated,Estimated using AADF from previous year on this link,N,43,198,10413,55,1477,205,48,14,13,8,5,293,12436
37407,2005,A6008,Major,Collin St,A610,457000,339800,52.9525793,-1.15304362,0.7,0.4,Estimated,Estimated using AADF from previous year on this link,S,52,246,10763,1029,1854,251,56,21,11,13,3,355,14247
37407,2006,A6008,Major,Collin St,A610,457000,339800,52.9525793,-1.15304362,0.7,0.4,Estimated,Estimated using AADF from previous year on this link,N,68,206,10444,54,1501,210,48,16,12,7,5,298,12503
37407,2006,A6008,Major,Collin St,A610,457000,339800,52.9525793,-1.15304362,0.7,0.4,Estimated,Estimated using AADF from previous year on this link,S,82,255,10795,1012,1884,256,56,23,10,12,3,360,14306
37407,2007,A6008,Major,Collin St,A610,457000,339800,52.9525793,-1.15304362,0.7,0.4,Estimated,Estimated using AADF from previous year on this link,N,43,208,9953,52,1638,207,48,17,10,7,6,295,12146
37407,2007,A6008,Major,Collin St,A610,457000,339800,52.9525793,-1.15304362,0.7,0.4,Estimated,Estimated using AADF from previous year on this link,S,51,258,10288,974,2055,253,55,24,9,11,3,355,13930
37407,2008,A6008,Major,A6008 Collin St,A610,457000,339800,52.9525793,-1.15304362,0.7,0.4,Estimated,Estimated using AADF from previous year on this link,N,48,194,9764,52,1715,199,52,17,9,6,5,288,12013
37407,2008,A6008,Major,A6008 Collin St,A610,457000,339800,52.9525793,-1.15304362,0.7,0.4,Estimated,Estimated using AADF from previous year on this link,S,57,241,10092,984,2152,243,60,25,8,10,3,349,13818
37407,2009,A6008,Major,A6008 Collin St,A610,457000,339800,52.9525793,-1.15304362,0.7,0.4,Counted,Manual count,N,160,109,9236,136,1195,127,45,22,7,9,4,214,10890
37407,2009,A6008,Major,A6008 Collin St,A610,457000,339800,52.9525793,-1.15304362,0.7,0.4,Counted,Manual count,S,127,212,11644,1222,1797,170,85,22,20,16,8,321,15196
37407,2010,A6008,Major,A6008 Collin St,A610,457000,339800,52.9525793,-1.15304362,0.7,0.4,Estimated,Estimated using AADF from previous year on this link,N,160,100,9042,143,1201,126,43,18,8,8,4,207,10693
37407,2010,A6008,Major,A6008 Collin St,A610,457000,339800,52.9525793,-1.15304362,0.7,0.4,Estimated,Estimated using AADF from previous year on this link,S,127,195,11399,1284,1806,169,80,18,22,14,7,310,14994
37407,2011,A6008,Major,A6008 Collin St,A610,457000,339800,52.9525793,-1.15304362,0.7,0.4,Estimated,Estimated using AADF from previous year on this link,N,176,106,8997,143,1238,125,46,20,6,8,4,209,10693
37407,2011,A6008,Major,A6008 Collin St,A610,457000,339800,52.9525793,-1.15304362,0.7,0.4,Estimated,Estimated using AADF from previous year on this link,S,140,207,11342,1283,1862,168,86,20,17,14,7,312,15006
37407,2012,A6008,Major,A6008 Collin St,A610,457000,339800,52.9525793,-1.15304362,0.7,0.4,Estimated,Estimated using AADF from previous year on this link,N,166,96,8959,154,1189,111,44,20,4,7,4,190,10587
37407,2012,A6008,Major,A6008 Collin St,A610,457000,339800,52.9525793,-1.15304362,0.7,0.4,Estimated,Estimated using AADF from previous year on this link,S,132,187,11294,1379,1788,149,82,20,12,13,7,283,14930
37407,2013,A6008,Major,A6008 Collin St,A610,457000,339800,52.9525793,-1.15304362,0.7,0.4,Counted,Manual count,N,96,70,9476,50,1111,147,45,35,15,17,10,269,10976
37407,2013,A6008,Major,A6008 Collin St,A610,457000,339800,52.9525793,-1.15304362,0.7,0.4,Counted,Manual count,S,118,77,10955,1582,1391,164,43,40,13,18,12,290,14295
37407,2014,A6008,Major,A6008 Collin St,A610,457000,339800,52.9525793,-1.15304362,0.7,0.4,Estimated,Estimated using AADF from previous year on this link,N,93,74,9377,53,1265,156,51,40,16,16,11,290,11060
37407,2014,A6008,Major,A6008 Collin St,A610,457000,339800,52.9525793,-1.15304362,0.7,0.4,Estimated,Estimated using AADF from previous year on this link,S,114,82,10842,1679,1583,173,49,46,14,17,13,312,14499
37407,2015,A6008,Major,A6008 Collin St,A610,457000,339800,52.9525793,-1.15304362,0.7,0.4,Estimated,Estimated using AADF from previous year on this link,N,86,75,9205,53,1331,151,54,39,19,16,11,290,10955
37407,2015,A6008,Major,A6008 Collin St,A610,457000,339800,52.9525793,-1.15304362,0.7,0.4,Estimated,Estimated using AADF from previous year on this link,S,106,84,10643,1665,1665,168,52,44,17,17,13,311,14368
37407,2016,A6008,Major,A6008 Collin St,A610,457000,339800,52.9525793,-1.15304362,0.7,0.4,Estimated,Estimated using AADF from previous year on this link,N,81,74,9349,49,1454,154,54,43,20,14,11,296,11221
37407,2016,A6008,Major,A6008 Collin St,A610,457000,339800,52.9525793,-1.15304362,0.7,0.4,Estimated,Estimated using AADF from previous year on this link,S,99,82,10809,1542,1819,171,51,50,17,15,13,318,14570
37407,2017,A6008,Major,A6008 Collin St,A610,456991,339774,52.95234656,-1.15318212,0.7,0.4,Counted,Manual count,N,126,92,8568,183,1278,185,40,11,3,19,15,272,10393
37407,2017,A6008,Major,A6008 Collin St,A610,456991,339774,52.95234656,-1.15318212,0.7,0.4,Counted,Manual count,S,182,119,10081,1331,1607,178,43,12,2,17,22,274,13413
37407,2018,A6008,Major,A6008 Collin St,A610,456991,339774,52.95234656,-1.15318212,0.7,0.4,Estimated,Estimated using AADF from previous year on this link,N,139,91,8474,166,1302,186,40,11,3,20,16,275,10307
37407,2018,A6008,Major,A6008 Collin St,A610,456991,339774,52.95234656,-1.15318212,0.7,0.4,Estimated,Estimated using AADF from previous year on this link,S,201,118,9970,1208,1637,180,43,12,2,18,23,277,13210
37407,2019,A6008,Major,A6008 Collin St,A610,456991,339774,52.95234656,-1.15318212,0.7,0.4,Estimated,Estimated using AADF from previous year on this link,N,153,85,8580,168,1290,184,40,11,3,20,16,274,10397
37407,2019,A6008,Major,A6008 Collin St,A610,456991,339774,52.95234656,-1.15318212,0.7,0.4,Estimated,Estimated using AADF from previous year on this link,S,220,111,10095,1221,1623,178,44,12,2,18,23,276,13326
37407,2020,A6008,Major,A6008 Collin St,A610,456991,339774,52.95234656,-1.15318212,0.7,0.4,Estimated,Estimated using AADF from previous year on this link,N,174,63,6517,106,1139,162,35,10,3,18,14,240,8065
37407,2020,A6008,Major,A6008 Collin St,A610,456991,339774,52.95234656,-1.15318212,0.7,0.4,Estimated,Estimated using AADF from previous year on this link,S,252,82,7668,771,1432,156,38,10,2,16,20,242,10195
37407,2021,A6008,Major,A6008 Collin St,A610,456991,339774,52.95234656,-1.15318212,0.7,0.4,Counted,Manual count,N,174,81,5332,27,963,65,24,15,2,7,12,125,6526
37407,2021,A6008,Major,A6008 Collin St,A610,456991,339774,52.95234656,-1.15318212,0.7,0.4,Counted,Manual count,S,150,113,6215,1180,1163,103,46,25,1,10,20,205,8876
37407,2022,A6008,Major,A6008 Collin St,A610,456991,339774,52.95234656,-1.15318212,0.7,0.4,Estimated,Estimated using AADF from previous year on this link,N,156,88,5695,29,1043,68,25,16,2,7,12,129,6984
37407,2022,A6008,Major,A6008 Collin St,A610,456991,339774,52.95234656,-1.15318212,0.7,0.4,Estimated,Estimated using AADF from previous year on this link,S,134,123,6639,1269,1261,107,48,26,1,10,20,212,9504
37407,2023,A6008,Major,A6008 Collin St,A610,456991,339774,52.95234656,-1.15318212,0.7,0.4,Estimated,Estimated using AADF from previous year on this link,N,153,87,5802,29,1061,67,24,15,2,6,12,127,7106
37407,2023,A6008,Major,A6008 Collin St,A610,456991,339774,52.95234656,-1.15318212,0.7,0.4,Estimated,Estimated using AADF from previous year on this link,S,132,122,6763,1281,1282,105,47,26,1,10,19,209,9656
37407,2024,A6008,Major,A6008 Collin St,A610,456991,339774,52.95234656,-1.15318212,0.7,0.4,Estimated,Estimated using AADF from previous year on this link,N,155,90,5890,29,1080,68,24,15,2,6,11,127,7216
37407,2024,A6008,Major,A6008 Collin St,A610,456991,339774,52.95234656,-1.15318212,0.7,0.4,Estimated,Estimated using AADF from previous year on this link,S,133,125,6866,1286,1305,107,47,25,1,10,19,209,9791
37407,2025,A6008,Major,A6008 Collin St,A610,456991,339774,52.95234656,-1.15318212,0.7,0.4,Estimated,Estimated using AADF from previous year on this link,N,155,91,5897,29,1102,67,24,15,2,6,11,126,7246
37407,2025,A6008,Major,A6008 Collin St,A610,456991,339774,52.95234656,-1.15318212,0.7,0.4,Estimated,Estimated using AADF from previous year on this link,S,133,128,6874,1257,1332,106,47,26,1,10,18,208,9799
37409,2000,A610,Major,B6008 roundabout,A6514,454000,343260,52.98398797,-1.19711516,2,1.2,Estimated,Estimated using AADF from previous year on this link,E,83,166,18212,239,2546,600,72,61,87,127,69,1016,22179
37409,2000,A610,Major,B6008 roundabout,A6514,454000,343260,52.98398797,-1.19711516,2,1.2,Estimated,Estimated using AADF from previous year on this link,W,61,154,17225,231,2416,528,78,55,92,145,79,977,21003
37409,2001,A610,Major,B6008 roundabout,A6514,454000,343260,52.98398797,-1.19711516,2,1.2,Counted,Manual count,E,99,161,17131,240,2166,583,79,122,93,138,75,1090,20788
37409,2001,A610,Major,B6008 roundabout,A6514,454000,343260,52.98398797,-1.19711516,2,1.2,Counted,Manual count,W,69,119,16663,267,2095,660,106,40,71,123,135,1135,20279
37409,2002,A610,Major,B6008 roundabout,A6514,454000,343260,52.98398797,-1.19711516,2,1.2,Estimated,Estimated using AADF from previous year on this link,E,103,163,17097,245,2170,561,82,127,85,120,82,1057,20732
37409,2002,A610,Major,B6008 roundabout,A6514,454000,343260,52.98398797,-1.19711516,2,1.2,Estimated,Estimated using AADF from previous year on this link,W,72,120,16630,273,2099,636,110,42,65,107,148,1108,20230
37409,2003,A610,Major,B6008 roundabout,A6514,454000,343260,52.98398797,-1.19711516,2,1.2,Counted,Manual count,E,135,200,15988,200,2051,470,68,38,101,167,84,928,19367
37409,2003,A610,Major,B6008 roundabout,A6514,454000,343260,52.98398797,-1.19711516,2,1.2,Counted,Manual count,W,127,140,16115,179,2031,476,72,44,69,174,83,918,19383
37409,2004,A610,Major,B6008 roundabout,A6514,454000,343260,52.98398797,-1.19711516,2,1.2,Counted,Manual count,E,53,74,15941,160,2115,576,85,82,89,74,144,1050,19340
37409,2004,A610,Major,B6008 roundabout,A6514,454000,343260,52.98398797,-1.19711516,2,1.2,Counted,Manual count,W,60,79,15459,131,2312,425,72,117,77,147,93,931,18912
37409,2005,A610,Major,B6008 roundabout,A6514,454000,343260,52.98398797,-1.19711516,2,1.2,Counted,Manual count,E,96,167,16521,127,2452,447,79,53,71,160,104,914,20181
37409,2005,A610,Major,B6008 roundabout,A6514,454000,343260,52.98398797,-1.19711516,2,1.2,Counted,Manual count,W,83,136,16295,116,2447,468,75,48,62,119,170,942,19936
37409,2006,A610,Major,B6008 roundabout,A6514,454000,343260,52.98398797,-1.19711516,2,1.2,Counted,Manual count,E,59,157,17564,155,2799,431,98,74,67,186,135,991,21666
37409,2006,A610,Major,B6008 roundabout,A6514,454000,343260,52.98398797,-1.19711516,2,1.2,Counted,Manual count,W,45,156,17073,158,2873,502,87,64,55,237,139,1084,21344
37409,2007,A610,Major,B6008 roundabout,A6514,454000,343260,52.98398797,-1.19711516,2,1.2,Counted,Manual count,E,79,148,17021,174,2912,498,73,71,61,161,120,984,21239
37409,2007,A610,Major,B6008 roundabout,A6514,454000,343260,52.98398797,-1.19711516,2,1.2,Counted,Manual count,W,48,122,15580,177,2535,346,86,44,54,134,115,779,19193
37409,2008,A610,Major,B6008,A6514,454000,343260,52.98398797,-1.19711516,2,1.2,Counted,Manual count,E,156,140,16064,177,2605,404,99,43,53,161,82,842,19828
37409,2008,A610,Major,B6008,A6514,454000,343260,52.98398797,-1.19711516,2,1.2,Counted,Manual count,W,181,119,14473,157,2504,352,79,56,65,148,113,813,18066
37409,2009,A610,Major,B6008,A6514,454000,343260,52.98398797,-1.19711516,2,1.2,Counted,Manual count,E,130,120,19216,164,2837,372,59,44,55,109,78,717,23054
37409,2009,A610,Major,B6008,A6514,454000,343260,52.98398797,-1.19711516,2,1.2,Counted,Manual count,W,156,116,18727,171,2632,464,74,38,61,125,77,839,22485
37409,2010,A610,Major,B6008,A6514,454000,343260,52.98398797,-1.19711516,2,1.2,Estimated,Estimated using AADF from previous year on this link,E,130,111,18812,172,2851,369,56,36,59,95,72,687,22633
37409,2010,A610,Major,B6008,A6514,454000,343260,52.98398797,-1.19711516,2,1.2,Estimated,Estimated using AADF from previous year on this link,W,156,107,18334,180,2645,460,70,31,66,109,71,807,22073
37409,2011,A610,Major,B6008,A6514,454000,343260,52.98398797,-1.19711516,2,1.2,Counted,Manual count,N,44,72,16508,153,2627,439,57,53,14,48,266,877,20237
37409,2011,A610,Major,B6008,A6514,454000,343260,52.98398797,-1.19711516,2,1.2,Counted,Manual count,S,55,87,17878,130,2729,373,80,47,18,49,295,862,21686
37409,2012,A610,Major,B6008,A6514,454000,343260,52.98398797,-1.19711516,2,1.2,Estimated,Estimated using AADF from previous year on this link,N,42,65,16438,164,2523,388,54,53,10,45,264,814,20004
37409,2012,A610,Major,B6008,A6514,454000,343260,52.98398797,-1.19711516,2,1.2,Estimated,Estimated using AADF from previous year on this link,S,52,79,17802,140,2621,330,76,47,13,45,293,804,21445
37409,2013,A610,Major,B6008,A6514,454000,343260,52.98398797,-1.19711516,2,1.2,Counted,Manual count,N,53,102,15360,210,2611,324,59,52,37,51,213,736,19019
37409,2013,A610,Major,B6008,A6514,454000,343260,52.98398797,-1.19711516,2,1.2,Counted,Manual count,S,54,95,15657,168,2588,355,57,42,26,36,193,709,19217
37409,2014,A610,Major,B6008,A6514,454000,343260,52.98398797,-1.19711516,2,1.2,Estimated,Estimated using AADF from previous year on this link,N,51,109,15201,223,2973,343,68,59,39,49,240,799,19304
37409,2014,A610,Major,B6008,A6514,454000,343260,52.98398797,-1.19711516,2,1.2,Estimated,Estimated using AADF from previous year on this link,S,52,101,15495,178,2947,375,65,47,28,35,218,768,19489
37409,2015,A610,Major,B6008,A6514,454000,343260,52.98398797,-1.19711516,2,1.2,Counted,Manual count,N,67,122,16396,131,2870,339,95,84,31,65,203,816,20335
37409,2015,A610,Major,B6008,A6514,454000,343260,52.98398797,-1.19711516,2,1.2,Counted,Manual count,S,84,135,16426,137,2903,358,101,87,27,71,221,866,20467
37409,2016,A610,Major,B6008,A6514,454000,343260,52.98398797,-1.19711516,2,1.2,Estimated,Estimated using AADF from previous year on this link,N,63,119,16652,121,3135,344,94,95,32,57,200,821,20849
37409,2016,A610,Major,B6008,A6514,454000,343260,52.98398797,-1.19711516,2,1.2,Estimated,Estimated using AADF from previous year on this link,S,78,132,16682,127,3172,363,100,98,28,63,218,871,20983
37409,2017,A610,Major,B6008,A6514,454000,343260,52.98398797,-1.19711516,2,1.2,Estimated,Estimated using AADF from previous year on this link,N,60,121,16530,113,3300,341,95,97,33,57,208,832,20895
37409,2017,A610,Major,B6008,A6514,454000,343260,52.98398797,-1.19711516,2,1.2,Estimated,Estimated using AADF from previous year on this link,S,75,133,16559,118,3339,360,102,101,30,63,227,882,21032
37409,2018,A610,Major,B6008,A6514,454000,343260,52.98398797,-1.19711516,2.2,1.4,Estimated,Estimated using AADF from previous year on this link,N,66,119,16347,103,3362,344,95,94,34,59,217,844,20774
37409,2018,A610,Major,B6008,A6514,454000,343260,52.98398797,-1.19711516,2.2,1.4,Estimated,Estimated using AADF from previous year on this link,S,83,132,16377,107,3401,364,102,98,30,65,237,895,20912
37409,2019,A610,Major,B6008,A6514,454000,343260,52.98398797,-1.19711516,2.2,1.4,Counted,Manual count,N,77,68,16760,123,3047,276,62,57,26,76,169,665,20663
37409,2019,A610,Major,B6008,A6514,454000,343260,52.98398797,-1.19711516,2.2,1.4,Counted,Manual count,S,70,97,16957,120,3027,258,56,67,20,81,173,656,20857
37409,2020,A610,Major,B6008,A6514,454000,343260,52.98398797,-1.19711516,2.2,1.4,Estimated,Estimated using AADF from previous year on this link,N,88,50,12730,78,2689,243,54,51,22,67,147,583,16131
37409,2020,A610,Major,B6008,A6514,454000,343260,52.98398797,-1.19711516,2.2,1.4,Estimated,Estimated using AADF from previous year on this link,S,80,72,12880,76,2671,226,49,60,17,72,151,576,16275
37409,2021,A610,Major,B6008,A6514,454000,343260,52.98398797,-1.19711516,2.2,1.4,Counted,Manual count,N,63,78,13569,123,2944,355,86,80,21,82,195,819,17534
37409,2021,A610,Major,B6008,A6514,454000,343260,52.98398797,-1.19711516,2.2,1.4,Counted,Manual count,S,85,106,13179,110,2841,376,87,71,25,88,161,808,17043
37409,2022,A610,Major,B6008,A6514,454000,343260,52.98398797,-1.19711516,2.2,1.4,Estimated,Estimated using AADF from previous year on this link,N,57,85,14493,133,3192,367,89,85,22,84,199,847,18749
37409,2022,A610,Major,B6008,A6514,454000,343260,52.98398797,-1.19711516,2.2,1.4,Estimated,Estimated using AADF from previous year on this link,S,76,116,14076,118,3080,389,90,76,26,90,164,835,18225
37409,2023,A610,Major,B6008,A6514,454000,343260,52.98398797,-1.19711516,2.2,1.4,Counted,Manual count,N,56,92,15239,125,3229,224,51,93,4,106,155,632,19318
37409,2023,A610,Major,B6008,A6514,454000,343260,52.98398797,-1.19711516,2.2,1.4,Counted,Manual count,S,35,79,15756,128,3327,243,46,66,4,31,178,567,19857
37409,2024,A610,Major,B6008,A6514,454000,343260,52.98398797,-1.19711516,2.2,1.4,Estimated,Estimated using AADF from previous year on this link,N,57,95,15470,126,3287,227,51,91,4,103,149,624,19603
37409,2024,A610,Major,B6008,A6514,454000,343260,52.98398797,-1.19711516,2.2,1.4,Estimated,Estimated using AADF from previous year on this link,S,36,81,15995,129,3386,247,47,64,4,30,172,562,20153
37409,2025,A610,Major,B6008,A6514,454000,343260,52.98398797,-1.19711516,2.2,1.4,Estimated,Estimated using AADF from previous year on this link,N,57,97,15489,123,3355,225,51,93,4,100,147,619,19683
37409,2025,A610,Major,B6008,A6514,454000,343260,52.98398797,-1.19711516,2.2,1.4,Estimated,Estimated using AADF from previous year on this link,S,36,83,16014,126,3456,244,47,66,4,29,168,558,20236
37416,2000,A52,Major,A6200,A6005,454717,338620,52.94221065,-1.18721796,0.7,0.4,Counted,Manual count,N,144,341,23388,223,3297,871,75,76,180,210,125,1537,28786
37416,2000,A52,Major,A6200,A6005,454717,338620,52.94221065,-1.18721796,0.7,0.4,Counted,Manual count,S,74,305,26542,219,3410,810,82,79,169,238,144,1522,31998
37416,2001,A52,Major,A6200,A6005,454717,338620,52.94221065,-1.18721796,0.7,0.4,Estimated,Estimated using AADF from previous year on this link,N,138,353,23856,227,3284,854,86,76,158,180,140,1494,29214
37416,2001,A52,Major,A6200,A6005,454717,338620,52.94221065,-1.18721796,0.7,0.4,Estimated,Estimated using AADF from previous year on this link,S,71,316,27073,223,3396,794,94,79,148,204,161,1480,32488
37416,2002,A52,Major,A6200,A6005,454717,338620,52.94221065,-1.18721796,0.7,0.4,Estimated,Estimated using AADF from previous year on this link,N,144,357,23808,232,3291,822,90,79,144,156,153,1444,29132
37416,2002,A52,Major,A6200,A6005,454717,338620,52.94221065,-1.18721796,0.7,0.4,Estimated,Estimated using AADF from previous year on this link,S,74,319,27019,228,3403,765,98,82,135,177,176,1433,32402
37416,2003,A52,Major,A6200,A6005,454717,338620,52.94221065,-1.18721796,0.7,0.4,Estimated,Estimated using AADF from previous year on this link,N,129,401,23475,207,3587,882,102,93,138,139,168,1522,29192
37416,2003,A52,Major,A6200,A6005,454717,338620,52.94221065,-1.18721796,0.7,0.4,Estimated,Estimated using AADF from previous year on this link,S,66,358,26641,204,3709,821,111,96,129,157,194,1508,32420
37416,2004,A52,Major,A6200,A6005,454717,338620,52.94221065,-1.18721796,0.7,0.4,Counted,Manual count,N,327,284,27794,286,3861,715,109,71,135,232,188,1450,33675
37416,2004,A52,Major,A6200,A6005,454717,338620,52.94221065,-1.18721796,0.7,0.4,Counted,Manual count,S,297,290,28123,295,3848,712,94,95,114,241,174,1430,33986
37416,2005,A52,Major,A6200,A6005,454717,338620,52.94221065,-1.18721796,0.7,0.4,Estimated,Estimated using AADF from previous year on this link,N,277,287,27099,282,3961,687,102,72,119,202,198,1380,33009
37416,2005,A52,Major,A6200,A6005,454717,338620,52.94221065,-1.18721796,0.7,0.4,Estimated,Estimated using AADF from previous year on this link,S,251,293,27420,290,3948,684,88,97,101,209,183,1362,33313
37416,2006,A52,Major,A6200,A6005,454717,338620,52.94221065,-1.18721796,0.7,0.4,Estimated,Estimated using AADF from previous year on this link,N,435,298,27181,277,4025,703,102,78,108,180,214,1385,33166
37416,2006,A52,Major,A6200,A6005,454717,338620,52.94221065,-1.18721796,0.7,0.4,Estimated,Estimated using AADF from previous year on this link,S,394,304,27502,286,4011,700,87,105,91,187,198,1368,33471
37416,2007,A52,Major,A6200,A6005,454717,338620,52.94221065,-1.18721796,0.7,0.4,Estimated,Estimated using AADF from previous year on this link,N,271,301,25903,267,4391,693,100,85,92,170,219,1359,32221
37416,2007,A52,Major,A6200,A6005,454717,338620,52.94221065,-1.18721796,0.7,0.4,Estimated,Estimated using AADF from previous year on this link,S,246,307,26210,275,4376,691,86,113,78,177,202,1347,32515
37416,2008,A52,Major,A6200,A6005,454717,338620,52.94221065,-1.18721796,0.7,0.4,Estimated,Estimated using AADF from previous year on this link,N,304,281,25411,269,4597,666,108,87,80,150,214,1305,31863
37416,2008,A52,Major,A6200,A6005,454717,338620,52.94221065,-1.18721796,0.7,0.4,Estimated,Estimated using AADF from previous year on this link,S,276,287,25712,278,4582,663,93,116,68,155,197,1292,32151
37416,2009,A52,Major,A6200,A6005,454717,338620,52.94221065,-1.18721796,0.7,0.4,Estimated,Estimated using AADF from previous year on this link,N,304,265,25004,263,4979,641,113,87,76,132,212,1261,31772
37416,2009,A52,Major,A6200,A6005,454717,338620,52.94221065,-1.18721796,0.7,0.4,Estimated,Estimated using AADF from previous year on this link,S,276,271,25301,272,4962,638,97,116,64,137,195,1247,32053
37416,2010,A52,Major,A6200,A6005,454717,338620,52.94221065,-1.18721796,0.7,0.4,Counted,Manual count,N,102,208,25337,315,3153,475,87,59,60,171,156,1008,30021
37416,2010,A52,Major,A6200,A6005,454717,338620,52.94221065,-1.18721796,0.7,0.4,Counted,Manual count,S,59,247,25701,358,3657,449,102,64,59,127,187,988,30951
37416,2011,A52,Major,A6200,A6005,454717,338620,52.94221065,-1.18721796,0.7,0.4,Counted,Manual count,E,268,334,26472,336,4041,617,92,62,62,174,169,1176,32359
37416,2011,A52,Major,A6200,A6005,454717,338620,52.94221065,-1.18721796,0.7,0.4,Counted,Manual count,W,160,267,30163,228,3139,539,91,54,71,166,181,1102,34899
37416,2012,A52,Major,A6200,A6005,454717,338620,52.94221065,-1.18721796,0.7,0.4,Counted,Manual count,E,273,243,26614,268,4504,571,131,67,80,212,169,1230,32859
37416,2012,A52,Major,A6200,A6005,454717,338620,52.94221065,-1.18721796,0.7,0.4,Counted,Manual count,W,162,219,30336,317,3457,612,108,84,55,179,177,1216,35545
37416,2013,A52,Major,A6200,A6005,454717,338620,52.94221065,-1.18721796,0.7,0.4,Counted,Manual count,E,189,223,29471,284,4888,599,101,86,23,72,230,1111,35976
37416,2013,A52,Major,A6200,A6005,454717,338620,52.94221065,-1.18721796,0.7,0.4,Counted,Manual count,W,177,320,27678,385,5002,585,145,71,53,60,264,1178,34564
37416,2014,A52,Major,A6200,A6005,454717,338620,52.94221065,-1.18721796,0.7,0.4,Counted,Manual count,E,225,271,24682,136,4460,497,98,140,23,107,269,1133,30682
37416,2014,A52,Major,A6200,A6005,454717,338620,52.94221065,-1.18721796,0.7,0.4,Counted,Manual count,W,308,295,26240,514,4537,529,111,125,47,119,250,1181,32767
37416,2015,A52,Major,A6200,A6005,454717,338620,52.94221065,-1.18721796,0.7,0.4,Counted,Manual count,E,171,294,24715,128,4485,711,86,80,51,80,241,1248,30869
37416,2015,A52,Major,A6200,A6005,454717,338620,52.94221065,-1.18721796,0.7,0.4,Counted,Manual count,W,322,326,24199,477,4304,678,108,76,34,91,224,1211,30518
37416,2016,A52,Major,A6200,A6005,454717,338620,52.94221065,-1.18721796,0.7,0.4,Estimated,Estimated using AADF from previous year on this link,E,203,305,25454,130,4843,755,83,91,53,77,252,1310,32043
37416,2016,A52,Major,A6200,A6005,454717,338620,52.94221065,-1.18721796,0.7,0.4,Estimated,Estimated using AADF from previous year on this link,W,382,339,24923,487,4648,719,104,87,35,87,234,1267,31665
37416,2017,A52,Major,A6200,A6005,454717,338620,52.94221065,-1.18721796,0.7,0.4,Counted,Manual count,E,95,222,28858,242,4575,505,80,107,45,253,76,1067,34963
37416,2017,A52,Major,A6200,A6005,454717,338620,52.94221065,-1.18721796,0.7,0.4,Counted,Manual count,W,12,243,28063,272,5192,544,81,110,79,209,142,1166,34936
37416,2018,A52,Major,A6200,A6005,454717,338620,52.94221065,-1.18721796,0.8,0.5,Estimated,Estimated using AADF from previous year on this link,E,98,233,28760,234,4790,514,80,110,46,256,77,1083,35101
37416,2018,A52,Major,A6200,A6005,454717,338620,52.94221065,-1.18721796,0.8,0.5,Estimated,Estimated using AADF from previous year on this link,W,12,255,27968,263,5437,554,82,114,80,211,143,1184,35107
37416,2019,A52,Major,A6200,A6005,454717,338620,52.94221065,-1.18721796,0.8,0.5,Counted,Manual count,E,208,239,30332,236,4924,453,104,76,47,147,185,1012,36743
37416,2019,A52,Major,A6200,A6005,454717,338620,52.94221065,-1.18721796,0.8,0.5,Counted,Manual count,W,221,261,27163,221,4469,436,95,103,36,153,212,1035,33149
37416,2020,A52,Major,A6200,A6005,454717,338620,52.94221065,-1.18721796,0.8,0.5,Counted,Manual count,E,173,116,18776,186,3999,525,43,87,36,40,294,1026,24103
37416,2020,A52,Major,A6200,A6005,454717,338620,52.94221065,-1.18721796,0.8,0.5,Counted,Manual count,W,152,129,20585,229,4735,554,36,88,43,43,341,1105,26783
37416,2021,A52,Major,A6200,A6005,454735,338607,52.94209197,-1.18695234,0.8,0.5,Counted,Manual count,E,165,160,23696,194,4894,378,91,324,10,18,147,968,29911
37416,2021,A52,Major,A6200,A6005,454735,338607,52.94209197,-1.18695234,0.8,0.5,Counted,Manual count,W,171,170,22681,218,4930,409,91,265,20,15,197,997,28997
37416,2022,A52,Major,A6200,A6005,454735,338607,52.94209197,-1.18695234,0.8,0.5,Counted,Manual count,E,91,219,27725,217,5232,438,66,211,26,191,184,1115,34508
37416,2022,A52,Major,A6200,A6005,454735,338607,52.94209197,-1.18695234,0.8,0.5,Counted,Manual count,W,212,244,27118,176,5238,476,68,195,31,271,84,1124,33900
37416,2023,A52,Major,A6200,A6005,454735,338607,52.94209197,-1.18695234,0.8,0.5,Counted,Manual count,E,125,180,28529,223,4645,372,82,113,41,122,165,896,34472
37416,2023,A52,Major,A6200,A6005,454735,338607,52.94209197,-1.18695234,0.8,0.5,Counted,Manual count,W,218,214,26629,299,4567,432,90,106,41,136,159,965,32674
37416,2024,A52,Major,A6200,A6005,454735,338607,52.94209197,-1.18695234,0.8,0.5,Estimated,Estimated using AADF from previous year on this link,E,119,183,29051,226,4840,377,82,112,42,123,169,904,35205
37416,2024,A52,Major,A6200,A6005,454735,338607,52.94209197,-1.18695234,0.8,0.5,Estimated,Estimated using AADF from previous year on this link,W,208,218,27117,303,4760,437,90,106,42,137,163,974,33372
37416,2025,A52,Major,A6200,A6005,454735,338607,52.94209197,-1.18695234,0.8,0.5,Estimated,Estimated using AADF from previous year on this link,E,126,188,29046,224,4901,376,82,111,41,121,168,898,35257
37416,2025,A52,Major,A6200,A6005,454735,338607,52.94209197,-1.18695234,0.8,0.5,Estimated,Estimated using AADF from previous year on this link,W,219,224,27111,300,4819,436,90,105,41,134,162,968,33422
37959,2000,A6008,Major,Hockley,Lower Parliament St,457747,340000,52.95429723,-1.14189079,0.2,0.1,Counted,Manual count,N,57,234,15026,836,1646,293,20,8,31,15,10,377,18119
37959,2001,A6008,Major,Hockley,Lower Parliament St,457747,340000,52.95429723,-1.14189079,0.2,0.1,Estimated,Estimated using AADF from previous year on this link,N,55,245,14560,875,1658,280,22,8,25,12,10,357,17695
37959,2002,A6008,Major,Hockley,Lower Parliament St,457747,340000,52.95429723,-1.14189079,0.2,0.1,Estimated,Estimated using AADF from previous year on this link,N,57,254,14793,882,1777,265,22,8,23,10,11,339,18045
37959,2003,A6008,Major,Hockley,Lower Parliament St,457747,340000,52.95429723,-1.14189079,0.2,0.1,Estimated,Estimated using AADF from previous year on this link,N,51,361,14246,858,1930,257,23,8,22,9,12,331,17726
37959,2004,A6008,Major,Hockley,Lower Parliament St,457747,340000,52.95429723,-1.14189079,0.2,0.1,Estimated,Estimated using AADF from previous year on this link,N,41,237,14431,703,2125,313,29,11,22,8,14,397,17893
37959,2005,A6008,Major,Hockley,Lower Parliament St,457747,340000,52.95429723,-1.14189079,0.2,0.1,Estimated,Estimated using AADF from previous year on this link,N,35,195,13767,663,2265,339,31,13,18,7,14,422,17312
37959,2006,A6008,Major,Hockley,Lower Parliament St,457747,340000,52.95429723,-1.14189079,0.2,0.1,Estimated,Estimated using AADF from previous year on this link,N,55,170,13505,616,2299,327,29,13,15,5,13,402,16992
37959,2007,A6008,Major,Hockley,Lower Parliament St,457747,340000,52.95429723,-1.14189079,0.2,0.1,Counted,Manual count,N,65,85,11405,489,1389,143,27,6,20,19,8,223,13591
37959,2008,A6008,Major,A6008 Hockley,A6008 Lower Parliament Street,457747,340000,52.95429723,-1.14189079,0.2,0.1,Estimated,Estimated using AADF from previous year on this link,N,73,81,11154,425,1418,143,30,6,18,17,8,222,13300
37959,2009,A6008,Major,A6008 Hockley,A6008 Lower Parliament Street,457747,340000,52.95429723,-1.14189079,0.2,0.1,Estimated,Estimated using AADF from previous year on this link,N,73,90,11399,420,1439,130,30,6,17,15,8,206,13554
37959,2010,A6008,Major,A6008 Hockley,A6008 Lower Parliament Street,457747,340000,52.95429723,-1.14189079,0.2,0.1,Estimated,Estimated using AADF from previous year on this link,N,73,86,11331,476,1537,138,30,5,20,14,8,215,13645
37959,2011,A6008,Major,A6008 Hockley,A6008 Lower Parliament Street,457747,340000,52.95429723,-1.14189079,0.2,0.1,Estimated,Estimated using AADF from previous year on this link,N,81,73,11297,450,1715,140,33,6,16,14,9,218,13753
37959,2012,A6008,Major,A6008 Hockley,A6008 Lower Parliament Street,457747,340000,52.95429723,-1.14189079,0.2,0.1,Estimated,Estimated using AADF from previous year on this link,N,77,70,11121,489,1735,142,36,7,11,12,9,217,13632
37959,2013,A6008,Major,A6008 Hockley,A6008 Lower Parliament Street,457747,340000,52.95429723,-1.14189079,0.2,0.1,Estimated,Estimated using AADF from previous year on this link,N,76,78,11023,512,1804,143,39,8,8,12,9,218,13634
37959,2014,A6008,Major,A6008 Hockley,A6008 Lower Parliament Street,457747,340000,52.95429723,-1.14189079,0.2,0.1,Estimated,Estimated using AADF from previous year on this link,N,73,74,11322,492,1929,146,43,9,7,10,8,223,14040
37959,2015,A6008,Major,A6008 Hockley,A6008 Lower Parliament Street,457747,340000,52.95429723,-1.14189079,0.2,0.1,Estimated,Estimated using AADF from previous year on this link,N,68,66,11546,531,2023,139,44,8,9,9,8,217,14382
37959,2016,A6008,Major,A6008 Hockley,A6008 Lower Parliament Street,457747,340000,52.95429723,-1.14189079,0.2,0.1,Counted,Manual count,N,78,100,10901,432,1324,108,26,15,11,4,2,165,12923
37959,2017,A6008,Major,A6008 Hockley,A6008 Lower Parliament Street,457747,340000,52.95429723,-1.14189079,0.2,0.1,Estimated,Estimated using AADF from previous year on this link,N,75,101,10821,403,1394,108,26,15,11,4,2,166,12885
37959,2018,A6008,Major,A6008 Hockley,A6008 Lower Parliament Street,457747,340000,52.95429723,-1.14189079,0.2,0.1,Estimated,Estimated using AADF from previous year on this link,N,83,100,10702,366,1420,109,26,15,11,4,2,167,12754
37959,2019,A6008,Major,A6008 Hockley,A6008 Lower Parliament Street,457747,340000,52.95429723,-1.14189079,0.2,0.1,Estimated,Estimated using AADF from previous year on this link,N,91,94,10836,370,1407,107,26,15,12,4,2,166,12873
37959,2020,A6008,Major,A6008 Hockley,A6008 Lower Parliament Street,457747,340000,52.95429723,-1.14189079,0.2,0.1,Estimated,Estimated using AADF from previous year on this link,N,104,70,8231,234,1242,94,23,13,10,3,2,146,9922
37959,2021,A6008,Major,A6008 Hockley,A6008 Lower Parliament Street,457747,340000,52.95429723,-1.14189079,0.2,0.1,Estimated,Estimated using AADF from previous year on this link,N,85,74,9068,241,1354,101,25,15,11,4,2,156,10893
37959,2022,A6008,Major,A6008 Hockley,A6008 Lower Parliament Street,457747,340000,52.95429723,-1.14189079,0.2,0.1,Estimated,Estimated using AADF from previous year on this link,N,76,81,9686,259,1468,104,25,16,11,4,2,162,11655
37959,2023,A6008,Major,A6008 Hockley,A6008 Lower Parliament Street,457747,340000,52.95429723,-1.14189079,0.2,0.1,Estimated,Estimated using AADF from previous year on this link,N,75,79,9868,262,1493,103,25,15,11,4,2,160,11861
37959,2024,A6008,Major,A6008 Hockley,A6008 Lower Parliament Street,457747,340000,52.95429723,-1.14189079,0.2,0.1,Counted,Manual count,N,60,134,8871,349,1115,82,21,10,3,2,9,126,10597
37959,2025,A6008,Major,A6008 Hockley,A6008 Lower Parliament Street,457747,340000,52.95429723,-1.14189079,0.2,0.1,Estimated,Estimated using AADF from previous year on this link,N,60,137,8882,342,1138,81,21,10,3,2,9,126,10624
37960,2000,A611,Major,A60,A6514,456890,342000,52.97236485,-1.15429497,1.8,1.1,Estimated,Estimated using AADF from previous year on this link,N,60,95,6713,268,774,71,9,4,8,4,0,96,7946
37960,2000,A611,Major,A60,A6514,456890,342000,52.97236485,-1.15429497,1.8,1.1,Estimated,Estimated using AADF from previous year on this link,S,66,93,6799,274,813,88,6,3,1,4,1,103,8082
37960,2001,A611,Major,A60,A6514,456890,342000,52.97236485,-1.15429497,1.8,1.1,Estimated,Estimated using AADF from previous year on this link,N,57,100,6505,281,779,68,10,4,6,3,0,91,7756
37960,2001,A611,Major,A60,A6514,456890,342000,52.97236485,-1.15429497,1.8,1.1,Estimated,Estimated using AADF from previous year on this link,S,63,97,6588,287,819,84,7,3,1,3,1,99,7890
37960,2002,A611,Major,A60,A6514,456890,342000,52.97236485,-1.15429497,1.8,1.1,Counted,Manual count,N,74,73,6907,298,655,82,2,4,2,4,0,94,8027
37960,2002,A611,Major,A60,A6514,456890,342000,52.97236485,-1.15429497,1.8,1.1,Counted,Manual count,S,67,66,6905,276,626,99,4,2,2,7,1,115,7988
37960,2003,A611,Major,A60,A6514,456890,342000,52.97236485,-1.15429497,1.8,1.1,Estimated,Estimated using AADF from previous year on this link,N,66,104,6651,290,711,79,2,4,2,4,0,91,7847
37960,2003,A611,Major,A60,A6514,456890,342000,52.97236485,-1.15429497,1.8,1.1,Estimated,Estimated using AADF from previous year on this link,S,60,94,6650,269,680,96,4,2,2,6,1,111,7804
37960,2004,A611,Major,A60,A6514,456890,342000,52.97236485,-1.15429497,1.8,1.1,Estimated,Estimated using AADF from previous year on this link,N,54,68,6738,237,783,97,3,6,2,3,0,111,7937
37960,2004,A611,Major,A60,A6514,456890,342000,52.97236485,-1.15429497,1.8,1.1,Estimated,Estimated using AADF from previous year on this link,S,48,62,6736,220,748,117,5,3,2,6,1,134,7900
37960,2005,A611,Major,A60,A6514,456890,342000,52.97236485,-1.15429497,1.8,1.1,Estimated,Estimated using AADF from previous year on this link,N,45,56,6428,224,835,105,3,6,2,3,0,119,7662
37960,2005,A611,Major,A60,A6514,456890,342000,52.97236485,-1.15429497,1.8,1.1,Estimated,Estimated using AADF from previous year on this link,S,41,51,6426,208,798,127,6,3,2,5,1,144,7627
37960,2006,A611,Major,A60,A6514,456890,342000,52.97236485,-1.15429497,1.8,1.1,Counted,Manual count,N,50,73,6003,321,615,97,17,10,1,1,6,132,7144
37960,2006,A611,Major,A60,A6514,456890,342000,52.97236485,-1.15429497,1.8,1.1,Counted,Manual count,S,50,72,6223,353,664,95,18,8,1,4,3,129,7441
37960,2007,A611,Major,A60,A6514,456890,342000,52.97236485,-1.15429497,1.8,1.1,Estimated,Estimated using AADF from previous year on this link,N,31,70,5907,292,647,90,16,10,1,1,6,124,7040
37960,2007,A611,Major,A60,A6514,456890,342000,52.97236485,-1.15429497,1.8,1.1,Estimated,Estimated using AADF from previous year on this link,S,31,69,6123,321,699,88,17,8,1,3,3,120,7332
37960,2008,A611,Major,A60,A6514,456890,342000,52.97236485,-1.15429497,1.8,1.1,Estimated,Estimated using AADF from previous year on this link,N,35,67,5777,253,661,90,18,10,1,1,6,126,6884
37960,2008,A611,Major,A60,A6514,456890,342000,52.97236485,-1.15429497,1.8,1.1,Estimated,Estimated using AADF from previous year on this link,S,35,66,5988,279,713,88,19,8,1,3,3,122,7168
37960,2009,A611,Major,A60,A6514,456890,342000,52.97236485,-1.15429497,1.8,1.1,Estimated,Estimated using AADF from previous year on this link,N,35,75,5904,250,671,82,18,9,1,1,6,117,7017
37960,2009,A611,Major,A60,A6514,456890,342000,52.97236485,-1.15429497,1.8,1.1,Estimated,Estimated using AADF from previous year on this link,S,35,74,6120,276,724,80,19,8,1,3,3,114,7308
37960,2010,A611,Major,A60,A6514,456890,342000,52.97236485,-1.15429497,1.8,1.1,Estimated,Estimated using AADF from previous year on this link,N,35,71,5869,283,717,87,18,8,1,1,6,121,7061
37960,2010,A611,Major,A60,A6514,456890,342000,52.97236485,-1.15429497,1.8,1.1,Estimated,Estimated using AADF from previous year on this link,S,35,70,6083,313,773,85,19,7,1,3,3,118,7357
37960,2011,A611,Major,A60,A6514,456890,342000,52.97236485,-1.15429497,1.8,1.1,Estimated,Estimated using AADF from previous year on this link,N,39,60,5851,267,800,88,20,9,1,1,7,126,7104
37960,2011,A611,Major,A60,A6514,456890,342000,52.97236485,-1.15429497,1.8,1.1,Estimated,Estimated using AADF from previous year on this link,S,39,59,6065,296,863,86,21,8,1,3,3,122,7405
37960,2012,A611,Major,A60,A6514,456890,342000,52.97236485,-1.15429497,1.8,1.1,Estimated,Estimated using AADF from previous year on this link,N,37,57,5760,290,809,89,22,10,1,1,7,129,7046
37960,2012,A611,Major,A60,A6514,456890,342000,52.97236485,-1.15429497,1.8,1.1,Estimated,Estimated using AADF from previous year on this link,S,37,56,5970,322,873,87,23,9,1,3,3,125,7347
37960,2013,A611,Major,A60,A6514,456890,342000,52.97236485,-1.15429497,1.8,1.1,Estimated,Estimated using AADF from previous year on this link,N,36,64,5709,304,841,90,24,12,1,1,7,133,7051
37960,2013,A611,Major,A60,A6514,456890,342000,52.97236485,-1.15429497,1.8,1.1,Estimated,Estimated using AADF from previous year on this link,S,36,63,5918,336,908,88,25,10,1,3,3,129,7353
37960,2014,A611,Major,A60,A6514,456890,342000,52.97236485,-1.15429497,1.8,1.1,Estimated,Estimated using AADF from previous year on this link,N,35,61,5864,292,900,92,26,13,0,1,6,138,7255
37960,2014,A611,Major,A60,A6514,456890,342000,52.97236485,-1.15429497,1.8,1.1,Estimated,Estimated using AADF from previous year on this link,S,35,60,6078,324,971,90,28,11,0,2,3,134,7567
37960,2015,A611,Major,A60,A6514,456890,342000,52.97236485,-1.15429497,1.8,1.1,Counted,Manual count,N,93,76,6081,282,647,80,10,15,4,3,4,115,7200
37960,2015,A611,Major,A60,A6514,456890,342000,52.97236485,-1.15429497,1.8,1.1,Counted,Manual count,S,74,81,6251,260,695,79,12,12,5,8,1,117,7404
37960,2016,A611,Major,A60,A6514,456890,342000,52.97236485,-1.15429497,1.8,1.1,Estimated,Estimated using AADF from previous year on this link,N,86,74,6176,261,706,81,9,17,4,3,4,118,7335
37960,2016,A611,Major,A60,A6514,456890,342000,52.97236485,-1.15429497,1.8,1.1,Estimated,Estimated using AADF from previous year on this link,S,69,80,6348,241,759,80,12,14,5,8,1,118,7547
37960,2017,A611,Major,A60,A6514,456890,342000,52.97236485,-1.15429497,1.8,1.1,Estimated,Estimated using AADF from previous year on this link,N,83,75,6130,244,743,81,10,17,4,3,4,118,7311
37960,2017,A611,Major,A60,A6514,456890,342000,52.97236485,-1.15429497,1.8,1.1,Estimated,Estimated using AADF from previous year on this link,S,66,80,6301,225,799,79,12,14,5,8,1,119,7525
37960,2018,A611,Major,A60,A6514,456890,342000,52.97236485,-1.15429497,1.8,1.1,Estimated,Estimated using AADF from previous year on this link,N,91,74,6063,221,757,82,10,16,4,3,4,119,7234
37960,2018,A611,Major,A60,A6514,456890,342000,52.97236485,-1.15429497,1.8,1.1,Estimated,Estimated using AADF from previous year on this link,S,73,80,6232,204,814,80,12,14,5,8,1,119,7449
37960,2019,A611,Major,A60,A6514,456890,342000,52.97236485,-1.15429497,1.8,1.1,Estimated,Estimated using AADF from previous year on this link,N,100,70,6139,223,751,81,10,17,4,3,4,118,7301
37960,2019,A611,Major,A60,A6514,456890,342000,52.97236485,-1.15429497,1.8,1.1,Estimated,Estimated using AADF from previous year on this link,S,80,75,6310,207,807,79,12,14,5,8,1,119,7517
37960,2020,A611,Major,A60,A6514,456890,342000,52.97236485,-1.15429497,1.8,1.1,Estimated,Estimated using AADF from previous year on this link,N,115,52,4663,141,663,71,8,15,4,3,4,104,5622
37960,2020,A611,Major,A60,A6514,456890,342000,52.97236485,-1.15429497,1.8,1.1,Estimated,Estimated using AADF from previous year on this link,S,92,55,4793,130,712,69,11,12,4,7,1,105,5795
37960,2021,A611,Major,A60,A6514,456890,342000,52.97236485,-1.15429497,1.8,1.1,Estimated,Estimated using AADF from previous year on this link,N,94,55,5137,146,722,76,9,16,4,3,4,112,6171
37960,2021,A611,Major,A60,A6514,456890,342000,52.97236485,-1.15429497,1.8,1.1,Estimated,Estimated using AADF from previous year on this link,S,75,58,5281,135,776,74,11,13,5,8,1,112,6362
37960,2022,A611,Major,A60,A6514,456890,342000,52.97236485,-1.15429497,1.8,1.1,Estimated,Estimated using AADF from previous year on this link,N,84,60,5487,157,783,78,9,17,4,3,4,116,6602
37960,2022,A611,Major,A60,A6514,456890,342000,52.97236485,-1.15429497,1.8,1.1,Estimated,Estimated using AADF from previous year on this link,S,67,64,5640,145,842,77,12,14,5,8,1,116,6807
37960,2023,A611,Major,A60,A6514,456890,342000,52.97236485,-1.15429497,1.8,1.1,Counted,Manual count,N,105,108,5472,217,637,54,16,1,1,1,1,74,6507
37960,2023,A611,Major,A60,A6514,456890,342000,52.97236485,-1.15429497,1.8,1.1,Counted,Manual count,S,115,109,5640,220,613,46,17,6,1,0,2,72,6656
37960,2024,A611,Major,A60,A6514,456890,342000,52.97236485,-1.15429497,1.8,1.1,Estimated,Estimated using AADF from previous year on this link,N,106,111,5555,218,648,55,17,1,1,1,1,75,6607
37960,2024,A611,Major,A60,A6514,456890,342000,52.97236485,-1.15429497,1.8,1.1,Estimated,Estimated using AADF from previous year on this link,S,116,113,5726,221,624,47,17,6,1,0,2,73,6757
37960,2025,A611,Major,A60,A6514,456890,342000,52.97236485,-1.15429497,1.8,1.1,Estimated,Estimated using AADF from previous year on this link,N,106,113,5561,213,661,54,17,1,1,1,1,74,6623
37960,2025,A611,Major,A60,A6514,456890,342000,52.97236485,-1.15429497,1.8,1.1,Estimated,Estimated using AADF from previous year on this link,S,116,115,5733,216,637,46,17,6,1,0,2,72,6773
37961,2000,A6005,Major,A52,A6130,455600,339000,52.94553563,-1.17401544,1.1,0.7,Counted,Manual count,E,56,105,10336,105,1044,159,9,7,15,8,7,205,11795
37961,2000,A6005,Major,A52,A6130,455600,339000,52.94553563,-1.17401544,1.1,0.7,Counted,Manual count,W,46,95,9992,64,1078,165,15,17,10,15,1,223,11452
37961,2001,A6005,Major,A52,A6130,455600,339000,52.94553563,-1.17401544,1.1,0.7,Estimated,Estimated using AADF from previous year on this link,E,54,109,10543,107,1040,156,10,7,13,7,8,201,12000
37961,2001,A6005,Major,A52,A6130,455600,339000,52.94553563,-1.17401544,1.1,0.7,Estimated,Estimated using AADF from previous year on this link,W,44,98,10192,65,1074,162,17,17,9,13,1,219,11648
37961,2002,A6005,Major,A52,A6130,455600,339000,52.94553563,-1.17401544,1.1,0.7,Estimated,Estimated using AADF from previous year on this link,E,56,110,10522,109,1042,150,10,7,12,6,9,194,11977
37961,2002,A6005,Major,A52,A6130,455600,339000,52.94553563,-1.17401544,1.1,0.7,Estimated,Estimated using AADF from previous year on this link,W,46,99,10172,66,1076,156,18,18,8,11,1,212,11625
37961,2003,A6005,Major,A52,A6130,455600,339000,52.94553563,-1.17401544,1.1,0.7,Counted,Manual count,E,68,158,9154,50,907,135,13,7,7,11,7,180,10449
37961,2003,A6005,Major,A52,A6130,455600,339000,52.94553563,-1.17401544,1.1,0.7,Counted,Manual count,W,72,148,9613,66,1140,157,20,10,8,13,11,219,11186
37961,2004,A6005,Major,A52,A6130,455600,339000,52.94553563,-1.17401544,1.1,0.7,Estimated,Estimated using AADF from previous year on this link,E,55,139,9172,47,899,136,14,8,6,9,7,180,10437
37961,2004,A6005,Major,A52,A6130,455600,339000,52.94553563,-1.17401544,1.1,0.7,Estimated,Estimated using AADF from previous year on this link,W,59,131,9633,61,1129,157,22,11,7,12,12,221,11175
37961,2005,A6005,Major,A52,A6130,455600,339000,52.94553563,-1.17401544,1.1,0.7,Estimated,Estimated using AADF from previous year on this link,E,47,140,8943,46,922,131,13,8,6,8,8,174,10225
37961,2005,A6005,Major,A52,A6130,455600,339000,52.94553563,-1.17401544,1.1,0.7,Estimated,Estimated using AADF from previous year on this link,W,50,132,9392,60,1159,151,20,11,6,10,12,210,10953
37961,2006,A6005,Major,A52,A6130,455600,339000,52.94553563,-1.17401544,1.1,0.7,Estimated,Estimated using AADF from previous year on this link,E,73,146,8970,45,937,134,13,9,5,7,8,176,10274
37961,2006,A6005,Major,A52,A6130,455600,339000,52.94553563,-1.17401544,1.1,0.7,Estimated,Estimated using AADF from previous year on this link,W,78,137,9420,59,1177,155,20,12,6,9,13,215,11008
37961,2007,A6005,Major,A52,A6130,455600,339000,52.94553563,-1.17401544,1.1,0.7,Counted,Manual count,E,68,96,8823,86,883,121,13,11,9,15,5,174,10062
37961,2007,A6005,Major,A52,A6130,455600,339000,52.94553563,-1.17401544,1.1,0.7,Counted,Manual count,W,95,124,8575,85,1058,154,14,12,3,9,7,199,10041
37961,2008,A6005,Major,A52,A6130,455600,339000,52.94553563,-1.17401544,1.1,0.7,Estimated,Estimated using AADF from previous year on this link,E,76,90,8655,87,924,117,14,11,8,14,5,169,9925
37961,2008,A6005,Major,A52,A6130,455600,339000,52.94553563,-1.17401544,1.1,0.7,Estimated,Estimated using AADF from previous year on this link,W,107,115,8412,86,1108,148,15,12,3,8,7,193,9914
37961,2009,A6005,Major,A52,A6130,455600,339000,52.94553563,-1.17401544,1.1,0.7,Estimated,Estimated using AADF from previous year on this link,E,76,100,8845,86,938,106,14,10,7,12,5,154,10123
37961,2009,A6005,Major,A52,A6130,455600,339000,52.94553563,-1.17401544,1.1,0.7,Estimated,Estimated using AADF from previous year on this link,W,107,128,8597,85,1125,135,15,11,3,7,7,178,10113
37961,2010,A6005,Major,A52,A6130,455600,339000,52.94553563,-1.17401544,1.1,0.7,Counted,Manual count,E,103,116,9314,101,1051,108,23,18,3,10,4,166,10748
37961,2010,A6005,Major,A52,A6130,455600,339000,52.94553563,-1.17401544,1.1,0.7,Counted,Manual count,W,96,126,9093,81,1183,140,17,21,7,4,4,193,10676
37961,2011,A6005,Major,A52,A6130,455600,339000,52.94553563,-1.17401544,1.1,0.7,Estimated,Estimated using AADF from previous year on this link,E,114,123,9267,101,1084,108,25,20,2,10,4,169,10744
37961,2011,A6005,Major,A52,A6130,455600,339000,52.94553563,-1.17401544,1.1,0.7,Estimated,Estimated using AADF from previous year on this link,W,106,134,9048,81,1220,139,18,24,5,4,4,194,10677
37961,2012,A6005,Major,A52,A6130,455600,339000,52.94553563,-1.17401544,1.1,0.7,Estimated,Estimated using AADF from previous year on this link,E,108,111,9228,109,1041,96,24,20,1,9,4,154,10642
37961,2012,A6005,Major,A52,A6130,455600,339000,52.94553563,-1.17401544,1.1,0.7,Estimated,Estimated using AADF from previous year on this link,W,100,121,9010,87,1172,123,17,24,4,4,4,175,10565
37961,2013,A6005,Major,A52,A6130,455600,339000,52.94553563,-1.17401544,1.1,0.7,Estimated,Estimated using AADF from previous year on this link,N,106,111,9175,102,1053,95,26,22,1,9,4,157,10599
37961,2013,A6005,Major,A52,A6130,455600,339000,52.94553563,-1.17401544,1.1,0.7,Estimated,Estimated using AADF from previous year on this link,S,99,121,8959,82,1185,123,18,27,3,3,4,178,10525
37961,2014,A6005,Major,A52,A6130,455600,339000,52.94553563,-1.17401544,1.1,0.7,Estimated,Estimated using AADF from previous year on this link,N,103,118,9080,108,1199,101,29,25,1,8,4,169,10675
37961,2014,A6005,Major,A52,A6130,455600,339000,52.94553563,-1.17401544,1.1,0.7,Estimated,Estimated using AADF from previous year on this link,S,96,129,8866,87,1349,130,21,30,3,3,4,192,10622
37961,2015,A6005,Major,A52,A6130,455600,339000,52.94553563,-1.17401544,1.1,0.7,Counted,Manual count,N,149,99,7965,99,981,124,28,19,2,8,8,187,9332
37961,2015,A6005,Major,A52,A6130,455600,339000,52.94553563,-1.17401544,1.1,0.7,Counted,Manual count,S,143,111,8725,90,1097,177,22,17,5,8,11,241,10264
37961,2016,A6005,Major,A52,A6130,455600,339000,52.94553563,-1.17401544,1.1,0.7,Estimated,Estimated using AADF from previous year on this link,N,139,97,8089,92,1072,125,28,22,2,7,7,190,9540
37961,2016,A6005,Major,A52,A6130,455600,339000,52.94553563,-1.17401544,1.1,0.7,Estimated,Estimated using AADF from previous year on this link,S,133,109,8861,84,1198,180,21,20,5,7,11,245,10496
37961,2017,A6005,Major,A52,A6130,455600,339000,52.94553563,-1.17401544,1.1,0.7,Estimated,Estimated using AADF from previous year on this link,N,133,98,8030,86,1128,124,28,22,2,7,8,191,9532
37961,2017,A6005,Major,A52,A6130,455600,339000,52.94553563,-1.17401544,1.1,0.7,Estimated,Estimated using AADF from previous year on this link,S,127,110,8796,78,1261,179,22,20,6,7,12,245,10490
37961,2018,A6005,Major,A52,A6130,455600,339000,52.94553563,-1.17401544,1.2,0.7,Estimated,Estimated using AADF from previous year on this link,N,147,97,7941,78,1149,126,28,21,2,7,8,192,9457
37961,2018,A6005,Major,A52,A6130,455600,339000,52.94553563,-1.17401544,1.2,0.7,Estimated,Estimated using AADF from previous year on this link,S,141,109,8699,71,1285,180,22,20,6,8,12,247,10410
37961,2019,A6005,Major,A52,A6130,455600,339000,52.94553563,-1.17401544,1.2,0.7,Estimated,Estimated using AADF from previous year on this link,N,161,91,8041,79,1139,124,29,22,2,7,8,191,9540
37961,2019,A6005,Major,A52,A6130,455600,339000,52.94553563,-1.17401544,1.2,0.7,Estimated,Estimated using AADF from previous year on this link,S,155,102,8808,72,1273,178,22,20,6,8,12,245,10500
37961,2020,A6005,Major,A52,A6130,455600,339000,52.94553563,-1.17401544,1.2,0.7,Counted,Manual count,N,84,56,4444,40,695,48,21,35,7,6,2,120,5355
37961,2020,A6005,Major,A52,A6130,455600,339000,52.94553563,-1.17401544,1.2,0.7,Counted,Manual count,S,94,69,4846,43,761,77,15,36,7,12,0,147,5867
37961,2021,A6005,Major,A52,A6130,455600,339000,52.94553563,-1.17401544,1.2,0.7,Estimated,Estimated using AADF from previous year on this link,N,68,59,4896,42,758,52,22,39,7,6,2,129,5883
37961,2021,A6005,Major,A52,A6130,455600,339000,52.94553563,-1.17401544,1.2,0.7,Estimated,Estimated using AADF from previous year on this link,S,77,73,5339,45,829,82,17,40,7,12,0,158,6445
37961,2022,A6005,Major,A52,A6130,455600,339000,52.94553563,-1.17401544,1.2,0.7,Estimated,Estimated using AADF from previous year on this link,N,61,65,5229,45,821,54,23,41,8,6,3,134,6295
37961,2022,A6005,Major,A52,A6130,455600,339000,52.94553563,-1.17401544,1.2,0.7,Estimated,Estimated using AADF from previous year on this link,S,69,80,5703,48,899,85,17,42,8,13,0,165,6895
37961,2023,A6005,Major,A52,A6130,455600,339000,52.94553563,-1.17401544,1.2,0.7,Estimated,Estimated using AADF from previous year on this link,N,60,64,5328,45,835,53,23,40,8,6,2,133,6404
37961,2023,A6005,Major,A52,A6130,455600,339000,52.94553563,-1.17401544,1.2,0.7,Estimated,Estimated using AADF from previous year on this link,S,67,79,5810,48,914,84,17,42,8,12,0,163,7015
37961,2024,A6005,Major,A52,A6130,455600,339000,52.94553563,-1.17401544,1.2,0.7,Estimated,Estimated using AADF from previous year on this link,N,61,66,5408,45,850,54,23,39,8,6,2,132,6502
37961,2024,A6005,Major,A52,A6130,455600,339000,52.94553563,-1.17401544,1.2,0.7,Estimated,Estimated using AADF from previous year on this link,S,68,82,5898,49,931,86,17,41,8,12,0,163,7121
37961,2025,A6005,Major,A52,A6130,455600,339000,52.94553563,-1.17401544,1.2,0.7,Estimated,Estimated using AADF from previous year on this link,N,61,67,5415,44,868,53,23,40,8,6,2,132,6526
37961,2025,A6005,Major,A52,A6130,455600,339000,52.94553563,-1.17401544,1.2,0.7,Estimated,Estimated using AADF from previous year on this link,S,68,83,5905,47,950,85,17,42,8,12,0,163,7148
37963,2000,A6130,Major,A609,A610,455430,340500,52.9590353,-1.17628884,1,0.6,Estimated,Estimated using AADF from previous year on this link,N,127,54,7249,38,804,87,6,3,8,7,5,116,8261
37963,2000,A6130,Major,A609,A610,455430,340500,52.9590353,-1.17628884,1,0.6,Estimated,Estimated using AADF from previous year on this link,S,137,64,8352,44,830,122,3,4,4,3,5,141,9431
37963,2001,A6130,Major,A609,A610,455430,340500,52.9590353,-1.17628884,1,0.6,Estimated,Estimated using AADF from previous year on this link,N,122,57,7024,40,810,83,7,3,6,6,5,110,8041
37963,2001,A6130,Major,A609,A610,455430,340500,52.9590353,-1.17628884,1,0.6,Estimated,Estimated using AADF from previous year on this link,S,131,67,8093,46,836,116,3,4,3,2,5,133,9175
37963,2002,A6130,Major,A609,A610,455430,340500,52.9590353,-1.17628884,1,0.6,Estimated,Estimated using AADF from previous year on this link,N,127,59,7136,40,868,78,7,3,5,5,5,103,8206
37963,2002,A6130,Major,A609,A610,455430,340500,52.9590353,-1.17628884,1,0.6,Estimated,Estimated using AADF from previous year on this link,S,136,69,8222,46,896,110,3,4,3,2,5,127,9360
37963,2003,A6130,Major,A609,A610,455430,340500,52.9590353,-1.17628884,1,0.6,Counted,Manual count,N,217,21,6983,25,778,81,8,5,7,8,5,114,7921
37963,2003,A6130,Major,A609,A610,455430,340500,52.9590353,-1.17628884,1,0.6,Counted,Manual count,S,244,27,7545,23,773,70,10,3,4,3,6,96,8464
37963,2004,A6130,Major,A609,A610,455430,340500,52.9590353,-1.17628884,1,0.6,Estimated,Estimated using AADF from previous year on this link,N,176,14,7074,21,857,99,10,7,7,7,6,136,8102
37963,2004,A6130,Major,A609,A610,455430,340500,52.9590353,-1.17628884,1,0.6,Estimated,Estimated using AADF from previous year on this link,S,198,18,7643,19,851,85,13,4,4,3,7,116,8647
37963,2005,A6130,Major,A609,A610,455430,340500,52.9590353,-1.17628884,1,0.6,Estimated,Estimated using AADF from previous year on this link,N,149,12,6749,20,913,107,11,8,6,6,6,144,7838
37963,2005,A6130,Major,A609,A610,455430,340500,52.9590353,-1.17628884,1,0.6,Estimated,Estimated using AADF from previous year on this link,S,167,15,7292,18,908,92,14,4,4,2,7,123,8356
37963,2006,A6130,Major,A609,A610,455430,340500,52.9590353,-1.17628884,1,0.6,Estimated,Estimated using AADF from previous year on this link,N,234,10,6621,18,927,103,10,8,5,5,5,136,7712
37963,2006,A6130,Major,A609,A610,455430,340500,52.9590353,-1.17628884,1,0.6,Estimated,Estimated using AADF from previous year on this link,S,262,13,7153,17,921,89,13,4,3,2,6,117,8221
37963,2007,A6130,Major,A609,A610,455430,340500,52.9590353,-1.17628884,1,0.6,Estimated,Estimated using AADF from previous year on this link,N,146,10,6515,17,976,96,9,8,4,4,5,126,7644
37963,2007,A6130,Major,A609,A610,455430,340500,52.9590353,-1.17628884,1,0.6,Estimated,Estimated using AADF from previous year on this link,S,164,12,7039,15,970,83,12,5,2,1,6,109,8145
37963,2008,A6130,Major,A609,A610,455430,340500,52.9590353,-1.17628884,1,0.6,Estimated,Estimated using AADF from previous year on this link,N,164,9,6371,14,997,96,11,8,3,4,5,127,7518
37963,2008,A6130,Major,A609,A610,455430,340500,52.9590353,-1.17628884,1,0.6,Estimated,Estimated using AADF from previous year on this link,S,184,12,6884,13,990,83,13,5,2,1,6,110,8009
37963,2009,A6130,Major,A609,A610,455430,340500,52.9590353,-1.17628884,1,0.6,Estimated,Estimated using AADF from previous year on this link,N,164,10,6511,14,1012,87,11,8,3,3,5,117,7664
37963,2009,A6130,Major,A609,A610,455430,340500,52.9590353,-1.17628884,1,0.6,Estimated,Estimated using AADF from previous year on this link,S,184,13,7035,13,1005,76,13,5,2,1,6,103,8169
37963,2010,A6130,Major,A609,A610,455430,340500,52.9590353,-1.17628884,1,0.6,Estimated,Estimated using AADF from previous year on this link,N,165,10,6472,16,1081,93,11,7,4,3,5,123,7702
37963,2010,A6130,Major,A609,A610,455430,340500,52.9590353,-1.17628884,1,0.6,Estimated,Estimated using AADF from previous year on this link,S,185,12,6993,15,1073,81,13,4,2,1,6,107,8200
37963,2011,A6130,Major,A609,A610,455430,340500,52.9590353,-1.17628884,1,0.6,Counted,Manual count,N,144,27,6115,12,759,49,5,4,0,3,10,71,6984
37963,2011,A6130,Major,A609,A610,455430,340500,52.9590353,-1.17628884,1,0.6,Counted,Manual count,S,119,35,7269,5,506,34,9,5,2,1,1,52,7867
37963,2012,A6130,Major,A609,A610,455430,340500,52.9590353,-1.17628884,1,0.6,Estimated,Estimated using AADF from previous year on this link,N,136,26,6020,13,768,50,5,5,0,3,10,72,6898
37963,2012,A6130,Major,A609,A610,455430,340500,52.9590353,-1.17628884,1,0.6,Estimated,Estimated using AADF from previous year on this link,S,113,33,7156,5,512,34,10,6,1,1,1,53,7760
37963,2013,A6130,Major,A609,A610,455430,340500,52.9590353,-1.17628884,1,0.6,Estimated,Estimated using AADF from previous year on this link,N,134,29,5966,14,798,50,6,5,0,3,10,73,6880
37963,2013,A6130,Major,A609,A610,455430,340500,52.9590353,-1.17628884,1,0.6,Estimated,Estimated using AADF from previous year on this link,S,111,37,7092,6,532,35,11,6,1,1,1,55,7722
37963,2014,A6130,Major,A609,A610,455430,340500,52.9590353,-1.17628884,1,0.6,Estimated,Estimated using AADF from previous year on this link,N,130,28,6128,13,854,51,7,6,0,2,9,75,7097
37963,2014,A6130,Major,A609,A610,455430,340500,52.9590353,-1.17628884,1,0.6,Estimated,Estimated using AADF from previous year on this link,S,108,36,7285,5,569,35,12,7,1,1,1,57,7952
37963,2015,A6130,Major,A609,A610,455430,340500,52.9590353,-1.17628884,1,0.6,Estimated,Estimated using AADF from previous year on this link,N,121,24,6250,14,895,49,7,5,0,2,9,71,7255
37963,2015,A6130,Major,A609,A610,455430,340500,52.9590353,-1.17628884,1,0.6,Estimated,Estimated using AADF from previous year on this link,S,100,31,7429,6,597,34,12,7,1,1,1,55,8118
37963,2016,A6130,Major,A609,A610,455430,340500,52.9590353,-1.17628884,1,0.6,Estimated,Estimated using AADF from previous year on this link,N,113,24,6347,13,978,49,7,6,0,2,9,72,7434
37963,2016,A6130,Major,A609,A610,455430,340500,52.9590353,-1.17628884,1,0.6,Estimated,Estimated using AADF from previous year on this link,S,93,31,7545,5,652,34,12,8,1,1,1,56,8289
37963,2017,A6130,Major,A609,A610,455430,340500,52.9590353,-1.17628884,1,0.6,Estimated,Estimated using AADF from previous year on this link,N,108,24,6300,12,1029,49,7,6,0,2,9,73,7439
37963,2017,A6130,Major,A609,A610,455430,340500,52.9590353,-1.17628884,1,0.6,Estimated,Estimated using AADF from previous year on this link,S,89,31,7489,5,686,34,12,8,1,1,1,57,8268
37963,2018,A6130,Major,A609,A610,455430,340500,52.9590353,-1.17628884,1,0.6,Estimated,Estimated using AADF from previous year on this link,N,120,24,6231,11,1049,49,7,6,0,2,9,73,7388
37963,2018,A6130,Major,A609,A610,455430,340500,52.9590353,-1.17628884,1,0.6,Estimated,Estimated using AADF from previous year on this link,S,99,31,7407,5,699,34,12,8,1,1,1,57,8198
37963,2019,A6130,Major,A609,A610,455430,340500,52.9590353,-1.17628884,1,0.6,Counted,Manual count,N,200,29,5045,0,613,35,3,2,3,1,6,50,5737
37963,2019,A6130,Major,A609,A610,455430,340500,52.9590353,-1.17628884,1,0.6,Counted,Manual count,S,159,46,5643,0,673,41,8,4,1,5,7,66,6428
37963,2020,A6130,Major,A609,A610,455430,340500,52.9590353,-1.17628884,1,0.6,Estimated,Estimated using AADF from previous year on this link,N,229,22,3832,0,541,31,2,2,3,1,5,44,4438
37963,2020,A6130,Major,A609,A610,455430,340500,52.9590353,-1.17628884,1,0.6,Estimated,Estimated using AADF from previous year on this link,S,182,34,4286,0,594,36,7,4,1,5,6,58,4972
37963,2021,A6130,Major,A609,A610,455430,340500,52.9590353,-1.17628884,1,0.6,Estimated,Estimated using AADF from previous year on this link,N,187,23,4222,0,590,33,2,2,3,1,6,47,4881
37963,2021,A6130,Major,A609,A610,455430,340500,52.9590353,-1.17628884,1,0.6,Estimated,Estimated using AADF from previous year on this link,S,149,36,4722,0,648,38,7,4,1,5,7,62,5468
37963,2022,A6130,Major,A609,A610,455430,340500,52.9590353,-1.17628884,1,0.6,Estimated,Estimated using AADF from previous year on this link,N,167,25,4509,0,639,34,3,2,3,1,6,49,5222
37963,2022,A6130,Major,A609,A610,455430,340500,52.9590353,-1.17628884,1,0.6,Estimated,Estimated using AADF from previous year on this link,S,133,39,5044,0,702,40,8,5,1,5,7,65,5850
37963,2023,A6130,Major,A609,A610,455430,340500,52.9590353,-1.17628884,1,0.6,Estimated,Estimated using AADF from previous year on this link,N,164,25,4594,0,650,34,3,2,3,1,6,48,5317
37963,2023,A6130,Major,A609,A610,455430,340500,52.9590353,-1.17628884,1,0.6,Estimated,Estimated using AADF from previous year on this link,S,131,39,5138,0,714,39,8,5,1,5,7,64,5955
37963,2024,A6130,Major,A609,A610,455430,340500,52.9590353,-1.17628884,1,0.6,Estimated,Estimated using AADF from previous year on this link,N,166,25,4663,0,662,35,3,2,3,1,5,48,5399
37963,2024,A6130,Major,A609,A610,455430,340500,52.9590353,-1.17628884,1,0.6,Estimated,Estimated using AADF from previous year on this link,S,132,40,5216,0,727,40,8,4,1,5,6,64,6047
37963,2025,A6130,Major,A609,A610,455430,340500,52.9590353,-1.17628884,1,0.6,Estimated,Estimated using AADF from previous year on this link,N,167,26,4669,0,676,34,3,2,3,1,5,48,5418
37963,2025,A6130,Major,A609,A610,455430,340500,52.9590353,-1.17628884,1,0.6,Estimated,Estimated using AADF from previous year on this link,S,133,41,5223,0,742,39,8,5,1,5,6,63,6068
38237,2000,A610,Major,Tollhouse Hill,A6008,457000,340084,52.95513196,-1.15299381,0.4,0.2,Estimated,Estimated using AADF from previous year on this link,E,56,131,7103,107,933,177,14,10,12,10,4,227,8501
38237,2001,A610,Major,Tollhouse Hill,A6008,457000,340084,52.95513196,-1.15299381,0.4,0.2,Estimated,Estimated using AADF from previous year on this link,E,54,137,6883,112,940,169,16,10,10,8,4,217,8289
38237,2002,A610,Major,Tollhouse Hill,A6008,457000,340084,52.95513196,-1.15299381,0.4,0.2,Estimated,Estimated using AADF from previous year on this link,E,56,142,6993,113,1008,160,16,10,9,7,4,206,8462
38358,2000,A6008,Major,A60,Glasshouse St,457450,340100,52.95522787,-1.14629344,0.2,0.1,Estimated,Estimated using AADF from previous year on this link,E,121,146,7926,610,1227,216,19,21,7,9,1,273,10182
38358,2000,A6008,Major,A60,Glasshouse St,457450,340100,52.95522787,-1.14629344,0.2,0.1,Estimated,Estimated using AADF from previous year on this link,W,131,139,10158,875,1677,213,21,8,7,9,1,259,13108
38358,2001,A6008,Major,A60,Glasshouse St,457450,340100,52.95522787,-1.14629344,0.2,0.1,Estimated,Estimated using AADF from previous year on this link,E,116,151,8085,622,1222,212,22,21,6,8,1,270,10350
38358,2001,A6008,Major,A60,Glasshouse St,457450,340100,52.95522787,-1.14629344,0.2,0.1,Estimated,Estimated using AADF from previous year on this link,W,125,144,10361,892,1670,209,24,8,6,8,1,256,13323
38358,2002,A6008,Major,A60,Glasshouse St,457450,340100,52.95522787,-1.14629344,0.2,0.1,Estimated,Estimated using AADF from previous year on this link,E,121,153,8069,636,1224,204,23,22,5,7,1,262,10344
38358,2002,A6008,Major,A60,Glasshouse St,457450,340100,52.95522787,-1.14629344,0.2,0.1,Estimated,Estimated using AADF from previous year on this link,W,130,146,10340,912,1673,201,25,8,5,7,1,247,13318
38358,2003,A6008,Major,A60,Glasshouse St,457450,340100,52.95522787,-1.14629344,0.2,0.1,Counted,Manual count,E,159,144,7804,610,1007,169,24,5,17,8,3,226,9791
38358,2003,A6008,Major,A60,Glasshouse St,457450,340100,52.95522787,-1.14629344,0.2,0.1,Counted,Manual count,W,65,103,5476,1071,569,162,124,2,4,8,2,302,7521
38358,2004,A6008,Major,A60,Glasshouse St,457450,340100,52.95522787,-1.14629344,0.2,0.1,Estimated,Estimated using AADF from previous year on this link,E,129,127,7819,568,998,170,26,5,16,7,3,227,9739
38358,2004,A6008,Major,A60,Glasshouse St,457450,340100,52.95522787,-1.14629344,0.2,0.1,Estimated,Estimated using AADF from previous year on this link,W,53,91,5487,996,563,163,131,2,4,7,2,309,7446
38358,2005,A6008,Major,A60,Glasshouse St,457450,340100,52.95522787,-1.14629344,0.2,0.1,Estimated,Estimated using AADF from previous year on this link,E,109,128,7624,559,1024,163,24,5,14,6,3,215,9550
38358,2005,A6008,Major,A60,Glasshouse St,457450,340100,52.95522787,-1.14629344,0.2,0.1,Estimated,Estimated using AADF from previous year on this link,W,45,92,5350,980,578,156,123,2,3,6,2,292,7292
38358,2006,A6008,Major,A60,Glasshouse St,457450,340100,52.95522787,-1.14629344,0.2,0.1,Estimated,Estimated using AADF from previous year on this link,E,171,134,7647,550,1040,167,24,6,13,6,4,220,9591
38358,2006,A6008,Major,A60,Glasshouse St,457450,340100,52.95522787,-1.14629344,0.2,0.1,Estimated,Estimated using AADF from previous year on this link,W,70,95,5366,965,587,160,123,2,3,6,2,296,7309
38358,2007,A6008,Major,A60,Glasshouse St,457450,340100,52.95522787,-1.14629344,0.2,0.1,Estimated,Estimated using AADF from previous year on this link,E,107,107,7359,472,1094,147,21,5,9,4,3,189,9221
38358,2007,A6008,Major,A60,Glasshouse St,457450,340100,52.95522787,-1.14629344,0.2,0.1,Estimated,Estimated using AADF from previous year on this link,W,44,76,5164,828,618,140,107,2,2,4,2,257,6943
38358,2008,A6008,Major,A60,Glasshouse St,457450,340100,52.95522787,-1.14629344,0.2,0.1,Estimated,Estimated using AADF from previous year on this link,E,120,102,7197,410,1117,146,24,6,8,4,3,191,9017
38358,2008,A6008,Major,A60,Glasshouse St,457450,340100,52.95522787,-1.14629344,0.2,0.1,Estimated,Estimated using AADF from previous year on this link,W,49,73,5050,719,631,140,121,2,2,4,2,271,6744
38358,2009,A6008,Major,A60,Glasshouse St,457450,340100,52.95522787,-1.14629344,0.2,0.1,Estimated,Estimated using AADF from previous year on this link,E,120,114,7355,405,1134,133,24,6,7,3,3,176,9184
38358,2009,A6008,Major,A60,Glasshouse St,457450,340100,52.95522787,-1.14629344,0.2,0.1,Estimated,Estimated using AADF from previous year on this link,W,49,81,5161,711,640,127,120,2,2,3,2,256,6849
38358,2010,A6008,Major,A60,Glasshouse St,457450,340100,52.95522787,-1.14629344,0.2,0.1,Estimated,Estimated using AADF from previous year on this link,E,121,109,7311,459,1211,142,24,5,8,3,3,185,9275
38358,2010,A6008,Major,A60,Glasshouse St,457450,340100,52.95522787,-1.14629344,0.2,0.1,Estimated,Estimated using AADF from previous year on this link,W,49,77,5130,806,684,135,122,2,2,3,2,266,6963
38358,2011,A6008,Major,A60,Glasshouse St,457450,340100,52.95522787,-1.14629344,0.2,0.1,Estimated,Estimated using AADF from previous year on this link,E,133,92,7289,434,1351,144,26,6,6,3,3,188,9354
38358,2011,A6008,Major,A60,Glasshouse St,457450,340100,52.95522787,-1.14629344,0.2,0.1,Estimated,Estimated using AADF from previous year on this link,W,54,65,5115,762,763,137,134,2,2,3,2,280,6985
38358,2012,A6008,Major,A60,Glasshouse St,457450,340100,52.95522787,-1.14629344,0.2,0.1,Estimated,Estimated using AADF from previous year on this link,E,126,88,7175,472,1367,146,28,7,4,3,3,190,9293
38358,2012,A6008,Major,A60,Glasshouse St,457450,340100,52.95522787,-1.14629344,0.2,0.1,Estimated,Estimated using AADF from previous year on this link,W,51,62,5035,829,772,139,146,2,1,3,2,293,6991
38358,2013,A6008,Major,A60,Glasshouse St,457450,340100,52.95522787,-1.14629344,0.2,0.1,Estimated,Estimated using AADF from previous year on this link,E,124,98,7112,493,1421,147,31,8,3,3,3,194,9318
38358,2013,A6008,Major,A60,Glasshouse St,457450,340100,52.95522787,-1.14629344,0.2,0.1,Estimated,Estimated using AADF from previous year on this link,W,50,69,4991,866,802,140,159,3,1,3,2,307,7035
38358,2014,A6008,Major,A60,Glasshouse St,457450,340100,52.95522787,-1.14629344,0.2,0.1,Counted,Manual count,E,193,2,456,602,67,2,5,0,2,1,0,10,1136
38358,2014,A6008,Major,A60,Glasshouse St,457450,340100,52.95522787,-1.14629344,0.2,0.1,Counted,Manual count,W,173,1,400,1196,44,9,2,0,1,0,0,11,1652
38358,2015,A6008,Major,A60,Glasshouse St,457450,340100,52.95522787,-1.14629344,0.2,0.1,Estimated,Estimated using AADF from previous year on this link,E,180,2,465,648,70,2,5,0,2,1,0,10,1195
38358,2015,A6008,Major,A60,Glasshouse St,457450,340100,52.95522787,-1.14629344,0.2,0.1,Estimated,Estimated using AADF from previous year on this link,W,161,1,408,1288,47,8,2,0,1,0,0,11,1754
38358,2016,A6008,Major,A60,Glasshouse St,457450,340100,52.95522787,-1.14629344,0.2,0.1,Estimated,Estimated using AADF from previous year on this link,E,167,2,472,601,76,2,5,0,2,1,0,10,1161
38358,2016,A6008,Major,A60,Glasshouse St,457450,340100,52.95522787,-1.14629344,0.2,0.1,Estimated,Estimated using AADF from previous year on this link,W,150,1,414,1193,51,8,2,0,1,0,0,11,1670
38358,2017,A6008,Major,A60,Glasshouse St,457450,340100,52.95522787,-1.14629344,0.2,0.1,Estimated,Estimated using AADF from previous year on this link,E,160,2,469,561,80,2,5,0,2,1,0,10,1122
38358,2017,A6008,Major,A60,Glasshouse St,457450,340100,52.95522787,-1.14629344,0.2,0.1,Estimated,Estimated using AADF from previous year on this link,W,143,1,411,1114,53,8,2,0,1,0,0,11,1591
38358,2018,A6008,Major,A60,Glasshouse St,457450,340100,52.95522787,-1.14629344,0.3,0.2,Estimated,Estimated using AADF from previous year on this link,E,177,2,463,509,82,2,5,0,2,1,0,10,1066
38358,2018,A6008,Major,A60,Glasshouse St,457450,340100,52.95522787,-1.14629344,0.3,0.2,Estimated,Estimated using AADF from previous year on this link,W,158,1,407,1011,54,8,2,0,1,0,0,11,1484
38358,2019,A6008,Major,A60,Glasshouse St,457450,340100,52.95522787,-1.14629344,0.3,0.2,Estimated,Estimated using AADF from previous year on this link,E,194,2,469,514,81,2,5,0,2,1,0,10,1077
38358,2019,A6008,Major,A60,Glasshouse St,457450,340100,52.95522787,-1.14629344,0.3,0.2,Estimated,Estimated using AADF from previous year on this link,W,174,1,412,1022,54,8,2,0,1,0,0,11,1500
38358,2020,A6008,Major,A60,Glasshouse St,457450,340100,52.95522787,-1.14629344,0.3,0.2,Estimated,Estimated using AADF from previous year on this link,E,222,1,356,325,72,2,4,0,2,1,0,9,763
38358,2020,A6008,Major,A60,Glasshouse St,457450,340100,52.95522787,-1.14629344,0.3,0.2,Estimated,Estimated using AADF from previous year on this link,W,199,1,313,645,48,7,1,0,1,0,0,10,1016
38358,2021,A6008,Major,A60,Glasshouse St,457450,340100,52.95522787,-1.14629344,0.3,0.2,Estimated,Estimated using AADF from previous year on this link,E,182,1,393,335,78,2,5,0,2,1,0,9,817
38358,2021,A6008,Major,A60,Glasshouse St,457450,340100,52.95522787,-1.14629344,0.3,0.2,Estimated,Estimated using AADF from previous year on this link,W,162,1,345,666,52,8,2,0,1,0,0,10,1074
38358,2022,A6008,Major,A60,Glasshouse St,457450,340100,52.95522787,-1.14629344,0.3,0.2,Counted,Manual count,E,261,175,676,562,78,18,2,0,0,0,0,19,1511
38358,2022,A6008,Major,A60,Glasshouse St,457450,340100,52.95522787,-1.14629344,0.3,0.2,Counted,Manual count,W,155,154,789,1064,51,6,2,0,0,0,0,7,2066
38358,2023,A6008,Major,A60,Glasshouse St,457450,340100,52.95522787,-1.14629344,0.3,0.2,Estimated,Estimated using AADF from previous year on this link,E,257,173,689,567,79,17,2,0,0,0,0,19,1527
38358,2023,A6008,Major,A60,Glasshouse St,457450,340100,52.95522787,-1.14629344,0.3,0.2,Estimated,Estimated using AADF from previous year on this link,W,152,152,804,1074,52,5,2,0,0,0,0,7,2089
38358,2024,A6008,Major,A60,Glasshouse St,457450,340100,52.95522787,-1.14629344,0.3,0.2,Estimated,Estimated using AADF from previous year on this link,E,260,178,699,570,81,18,2,0,0,0,0,19,1547
38358,2024,A6008,Major,A60,Glasshouse St,457450,340100,52.95522787,-1.14629344,0.3,0.2,Estimated,Estimated using AADF from previous year on this link,W,154,157,816,1078,53,6,2,0,0,0,0,7,2112
38358,2025,A6008,Major,A60,Glasshouse St,457450,340100,52.95522787,-1.14629344,0.3,0.2,Estimated,Estimated using AADF from previous year on this link,E,261,182,700,557,82,17,2,0,0,0,0,19,1540
38358,2025,A6008,Major,A60,Glasshouse St,457450,340100,52.95522787,-1.14629344,0.3,0.2,Estimated,Estimated using AADF from previous year on this link,W,155,160,817,1054,54,5,2,0,0,0,0,7,2092
38423,2000,A6002,Major,LA Boundary,LA Boundary,451013,340600,52.96037067,-1.24202074,0.7,0.4,Counted,Manual count,N,41,148,10238,50,1467,255,30,29,40,51,17,422,12325
38423,2000,A6002,Major,LA Boundary,LA Boundary,451013,340600,52.96037067,-1.24202074,0.7,0.4,Counted,Manual count,S,29,140,8695,47,1204,259,29,25,31,39,12,395,10481
38423,2001,A6002,Major,LA Boundary,LA Boundary,451013,340600,52.96037067,-1.24202074,0.7,0.4,Counted,Manual count,N,24,68,9262,39,1376,289,48,76,28,41,25,507,11252
38423,2001,A6002,Major,LA Boundary,LA Boundary,451013,340600,52.96037067,-1.24202074,0.7,0.4,Counted,Manual count,S,29,80,8603,36,1316,289,27,67,30,46,30,489,10524
38423,2002,A6002,Major,LA Boundary,LA Boundary,451013,340600,52.96037067,-1.24202074,0.7,0.4,Estimated,Estimated using AADF from previous year on this link,N,25,69,9243,40,1379,278,50,79,25,36,27,495,11226
38423,2002,A6002,Major,LA Boundary,LA Boundary,451013,340600,52.96037067,-1.24202074,0.7,0.4,Estimated,Estimated using AADF from previous year on this link,S,30,81,8586,37,1319,278,28,70,27,40,33,476,10499
38423,2003,A6002,Major,LA Boundary,LA Boundary,451013,340600,52.96037067,-1.24202074,0.7,0.4,Counted,Manual count,N,35,163,9935,45,1466,248,52,39,32,65,27,463,12072
38423,2003,A6002,Major,LA Boundary,LA Boundary,451013,340600,52.96037067,-1.24202074,0.7,0.4,Counted,Manual count,S,30,153,8398,48,1337,226,45,36,36,57,37,437,10373
38423,2004,A6002,Major,LA Boundary,LA Boundary,451013,340600,52.96037067,-1.24202074,0.7,0.4,Counted,Manual count,N,30,102,10107,37,1592,250,45,27,39,39,27,427,12265
38423,2004,A6002,Major,LA Boundary,LA Boundary,451013,340600,52.96037067,-1.24202074,0.7,0.4,Counted,Manual count,S,33,95,9282,28,1485,245,46,31,29,56,27,434,11324
38423,2005,A6002,Major,LA Boundary,LA Boundary,451013,340600,52.96037067,-1.24202074,0.7,0.4,Counted,Manual count,N,18,151,10139,49,1601,226,40,33,36,54,27,416,12356
38423,2005,A6002,Major,LA Boundary,LA Boundary,451013,340600,52.96037067,-1.24202074,0.7,0.4,Counted,Manual count,S,24,138,9014,46,1407,199,31,37,36,45,38,386,10991
38423,2006,A6002,Major,LA Boundary,LA Boundary,451013,340600,52.96037067,-1.24202074,0.7,0.4,Estimated,Estimated using AADF from previous year on this link,N,29,158,10169,48,1626,232,40,36,33,48,29,418,12419
38423,2006,A6002,Major,LA Boundary,LA Boundary,451013,340600,52.96037067,-1.24202074,0.7,0.4,Estimated,Estimated using AADF from previous year on this link,S,38,144,9041,45,1429,204,31,40,33,40,41,389,11048
38423,2007,A6002,Major,LA Boundary,LA Boundary,451013,340600,52.96037067,-1.24202074,0.7,0.4,Estimated,Estimated using AADF from previous year on this link,N,18,159,9691,46,1774,229,39,39,28,46,30,411,12081
38423,2007,A6002,Major,LA Boundary,LA Boundary,451013,340600,52.96037067,-1.24202074,0.7,0.4,Estimated,Estimated using AADF from previous year on this link,S,24,145,8616,43,1559,201,30,43,28,38,42,382,10745
38423,2008,A6002,Major,LA Boundary,LA Boundary,451013,340600,52.96037067,-1.24202074,0.7,0.4,Estimated,Estimated using AADF from previous year on this link,N,20,148,9507,47,1858,219,42,40,24,40,29,394,11954
38423,2008,A6002,Major,LA Boundary,LA Boundary,451013,340600,52.96037067,-1.24202074,0.7,0.4,Estimated,Estimated using AADF from previous year on this link,S,27,136,8453,44,1633,193,33,44,24,33,41,368,10634
38423,2009,A6002,Major,LA Boundary,LA Boundary,451013,340600,52.96037067,-1.24202074,0.7,0.4,Counted,Manual count,N,41,137,9854,40,1544,171,26,19,16,46,27,305,11880
38423,2009,A6002,Major,LA Boundary,LA Boundary,451013,340600,52.96037067,-1.24202074,0.7,0.4,Counted,Manual count,S,43,105,8745,46,1404,137,19,23,9,34,24,246,10546
38423,2010,A6002,Major,LA Boundary,LA Boundary,451013,340600,52.96037067,-1.24202074,0.7,0.4,Estimated,Estimated using AADF from previous year on this link,N,41,126,9647,42,1552,170,25,16,17,40,25,293,11660
38423,2010,A6002,Major,LA Boundary,LA Boundary,451013,340600,52.96037067,-1.24202074,0.7,0.4,Estimated,Estimated using AADF from previous year on this link,S,43,97,8561,48,1411,136,18,19,10,30,22,235,10352
38423,2011,A6002,Major,LA Boundary,LA Boundary,451013,340600,52.96037067,-1.24202074,0.7,0.4,Estimated,Estimated using AADF from previous year on this link,N,45,134,9599,42,1600,169,27,18,13,39,26,292,11667
38423,2011,A6002,Major,LA Boundary,LA Boundary,451013,340600,52.96037067,-1.24202074,0.7,0.4,Estimated,Estimated using AADF from previous year on this link,S,47,103,8518,48,1455,135,19,21,8,30,23,236,10360
38423,2012,A6002,Major,LA Boundary,LA Boundary,451013,340600,52.96037067,-1.24202074,0.7,0.4,Estimated,Estimated using AADF from previous year on this link,N,43,121,9558,45,1537,149,26,18,9,36,26,265,11525
38423,2012,A6002,Major,LA Boundary,LA Boundary,451013,340600,52.96037067,-1.24202074,0.7,0.4,Estimated,Estimated using AADF from previous year on this link,S,44,93,8482,52,1397,119,18,21,6,28,23,215,10239
38423,2013,A6002,Major,LA Boundary,LA Boundary,451013,340600,52.96037067,-1.24202074,0.7,0.4,Counted,Manual count,N,30,69,9361,56,1151,145,34,21,18,29,19,265,10902
38423,2013,A6002,Major,LA Boundary,LA Boundary,451013,340600,52.96037067,-1.24202074,0.7,0.4,Counted,Manual count,S,35,85,8527,46,1274,151,31,29,9,28,25,273,10205
38423,2014,A6002,Major,LA Boundary,LA Boundary,451013,340600,52.96037067,-1.24202074,0.7,0.4,Estimated,Estimated using AADF from previous year on this link,N,30,73,9264,60,1311,153,39,23,19,28,21,284,10991
38423,2014,A6002,Major,LA Boundary,LA Boundary,451013,340600,52.96037067,-1.24202074,0.7,0.4,Estimated,Estimated using AADF from previous year on this link,S,34,91,8439,49,1451,159,35,33,9,28,28,293,10322
38423,2015,A6002,Major,LA Boundary,LA Boundary,451013,340600,52.96037067,-1.24202074,0.7,0.4,Estimated,Estimated using AADF from previous year on this link,N,27,75,9094,59,1379,149,41,23,23,28,21,284,10891
38423,2015,A6002,Major,LA Boundary,LA Boundary,451013,340600,52.96037067,-1.24202074,0.7,0.4,Estimated,Estimated using AADF from previous year on this link,S,31,92,8284,48,1526,155,37,32,11,27,28,290,10241
38423,2016,A6002,Major,LA Boundary,LA Boundary,451013,340600,52.96037067,-1.24202074,0.7,0.4,Estimated,Estimated using AADF from previous year on this link,N,26,73,9236,55,1506,151,41,26,24,25,20,286,11156
38423,2016,A6002,Major,LA Boundary,LA Boundary,451013,340600,52.96037067,-1.24202074,0.7,0.4,Estimated,Estimated using AADF from previous year on this link,S,29,90,8413,45,1667,157,37,36,12,24,27,293,10509
38423,2017,A6002,Major,LA Boundary,LA Boundary,451013,340600,52.96037067,-1.24202074,0.7,0.4,Estimated,Estimated using AADF from previous year on this link,N,25,74,9167,51,1586,150,42,26,25,25,21,288,11166
38423,2017,A6002,Major,LA Boundary,LA Boundary,451013,340600,52.96037067,-1.24202074,0.7,0.4,Estimated,Estimated using AADF from previous year on this link,S,28,91,8351,42,1755,156,38,37,12,24,28,295,10535
38423,2018,A6002,Major,LA Boundary,LA Boundary,451013,340600,52.96037067,-1.24202074,0.7,0.4,Counted,Manual count,N,27,91,8975,24,1321,133,22,25,11,30,26,246,10657
38423,2018,A6002,Major,LA Boundary,LA Boundary,451013,340600,52.96037067,-1.24202074,0.7,0.4,Counted,Manual count,S,28,77,8321,21,1258,129,16,39,12,36,21,253,9931
38423,2019,A6002,Major,LA Boundary,LA Boundary,451013,340600,52.96037067,-1.24202074,0.7,0.4,Estimated,Estimated using AADF from previous year on this link,N,30,85,9087,24,1309,131,22,25,11,31,26,246,10752
38423,2019,A6002,Major,LA Boundary,LA Boundary,451013,340600,52.96037067,-1.24202074,0.7,0.4,Estimated,Estimated using AADF from previous year on this link,S,31,72,8426,21,1247,128,16,39,12,37,21,253,10020
38423,2020,A6002,Major,LA Boundary,LA Boundary,451013,340600,52.96037067,-1.24202074,0.7,0.4,Estimated,Estimated using AADF from previous year on this link,N,34,63,6903,15,1156,115,19,22,10,27,22,216,8353
38423,2020,A6002,Major,LA Boundary,LA Boundary,451013,340600,52.96037067,-1.24202074,0.7,0.4,Estimated,Estimated using AADF from previous year on this link,S,35,54,6400,13,1101,112,14,35,10,32,18,223,7791
38423,2021,A6002,Major,LA Boundary,LA Boundary,451013,340600,52.96037067,-1.24202074,0.7,0.4,Estimated,Estimated using AADF from previous year on this link,N,28,67,7605,16,1260,123,21,24,10,29,24,232,9179
38423,2021,A6002,Major,LA Boundary,LA Boundary,451013,340600,52.96037067,-1.24202074,0.7,0.4,Estimated,Estimated using AADF from previous year on this link,S,29,57,7051,14,1200,120,15,38,11,35,20,239,8561
38423,2022,A6002,Major,LA Boundary,LA Boundary,451013,340600,52.96037067,-1.24202074,0.7,0.4,Counted,Manual count,N,39,89,8849,17,1646,161,2,39,0,67,0,268,10870
38423,2022,A6002,Major,LA Boundary,LA Boundary,451013,340600,52.96037067,-1.24202074,0.7,0.4,Counted,Manual count,S,27,70,7358,20,1349,116,11,45,0,70,0,241,9037
38423,2023,A6002,Major,LA Boundary,LA Boundary,451013,340600,52.96037067,-1.24202074,0.7,0.4,Estimated,Estimated using AADF from previous year on this link,N,38,88,9016,17,1674,159,2,38,0,65,0,264,11059
38423,2023,A6002,Major,LA Boundary,LA Boundary,451013,340600,52.96037067,-1.24202074,0.7,0.4,Estimated,Estimated using AADF from previous year on this link,S,26,69,7496,20,1372,114,10,44,0,68,0,237,9194
38423,2024,A6002,Major,LA Boundary,LA Boundary,451013,340600,52.96037067,-1.24202074,0.7,0.4,Estimated,Estimated using AADF from previous year on this link,N,39,91,9152,17,1704,161,2,37,0,63,0,263,11227
38423,2024,A6002,Major,LA Boundary,LA Boundary,451013,340600,52.96037067,-1.24202074,0.7,0.4,Estimated,Estimated using AADF from previous year on this link,S,27,71,7610,20,1396,116,10,43,0,66,0,235,9333
38423,2025,A6002,Major,LA Boundary,LA Boundary,451013,340600,52.96037067,-1.24202074,0.7,0.4,Estimated,Estimated using AADF from previous year on this link,N,39,93,9163,17,1739,160,2,38,0,61,0,261,11272
38423,2025,A6002,Major,LA Boundary,LA Boundary,451013,340600,52.96037067,-1.24202074,0.7,0.4,Estimated,Estimated using AADF from previous year on this link,S,27,72,7619,20,1425,115,10,44,0,64,0,234,9370
46610,2000,A6008,Major,Lower Parliament St,Hockley,457850,340000,52.95428616,-1.14035782,0.2,0.1,Estimated,Estimated using AADF from previous year on this link,N,35,81,5510,128,761,122,18,4,9,12,14,179,6659
46610,2000,A6008,Major,Lower Parliament St,Hockley,457850,340000,52.95428616,-1.14035782,0.2,0.1,Estimated,Estimated using AADF from previous year on this link,S,138,192,16375,648,2125,351,46,31,17,25,14,484,19824
46610,2001,A6008,Major,Lower Parliament St,Hockley,457850,340000,52.95428616,-1.14035782,0.2,0.1,Estimated,Estimated using AADF from previous year on this link,N,34,84,5620,130,758,120,21,4,8,10,16,179,6771
46610,2001,A6008,Major,Lower Parliament St,Hockley,457850,340000,52.95428616,-1.14035782,0.2,0.1,Estimated,Estimated using AADF from previous year on this link,S,132,199,16702,660,2116,344,53,31,15,21,16,480,20157
46610,2002,A6008,Major,Lower Parliament St,Hockley,457850,340000,52.95428616,-1.14035782,0.2,0.1,Estimated,Estimated using AADF from previous year on this link,N,35,85,5609,133,760,116,22,4,7,9,18,176,6763
46610,2002,A6008,Major,Lower Parliament St,Hockley,457850,340000,52.95428616,-1.14035782,0.2,0.1,Estimated,Estimated using AADF from previous year on this link,S,137,201,16669,675,2120,331,55,32,14,18,18,468,20133
46610,2003,A6008,Major,Lower Parliament St,Hockley,457850,340000,52.95428616,-1.14035782,0.2,0.1,Estimated,Estimated using AADF from previous year on this link,N,31,95,5530,119,828,124,25,5,7,8,20,189,6761
46610,2003,A6008,Major,Lower Parliament St,Hockley,457850,340000,52.95428616,-1.14035782,0.2,0.1,Estimated,Estimated using AADF from previous year on this link,S,122,226,16436,603,2311,355,62,38,13,16,20,504,20080
46610,2004,A6008,Major,Lower Parliament St,Hockley,457850,340000,52.95428616,-1.14035782,0.2,0.1,Counted,Manual count,N,63,62,5527,114,667,113,9,25,9,6,7,169,6539
46610,2004,A6008,Major,Lower Parliament St,Hockley,457850,340000,52.95428616,-1.14035782,0.2,0.1,Counted,Manual count,S,195,185,16265,515,2084,314,44,42,33,24,18,475,19524
46610,2005,A6008,Major,Lower Parliament St,Hockley,457850,340000,52.95428616,-1.14035782,0.2,0.1,Estimated,Estimated using AADF from previous year on this link,N,53,62,5389,113,685,109,9,25,8,5,8,164,6413
46610,2005,A6008,Major,Lower Parliament St,Hockley,457850,340000,52.95428616,-1.14035782,0.2,0.1,Estimated,Estimated using AADF from previous year on this link,S,165,186,15859,507,2138,302,41,42,29,21,18,453,19143
46610,2006,A6008,Major,Lower Parliament St,Hockley,457850,340000,52.95428616,-1.14035782,0.2,0.1,Estimated,Estimated using AADF from previous year on this link,N,83,65,5405,111,696,111,9,27,7,5,8,167,6444
46610,2006,A6008,Major,Lower Parliament St,Hockley,457850,340000,52.95428616,-1.14035782,0.2,0.1,Estimated,Estimated using AADF from previous year on this link,S,259,194,15906,499,2172,309,41,46,26,18,20,460,19231
46610,2007,A6008,Major,Lower Parliament St,Hockley,457850,340000,52.95428616,-1.14035782,0.2,0.1,Counted,Manual count,N,87,67,16010,441,2153,252,40,18,23,9,27,369,19040
46610,2007,A6008,Major,Lower Parliament St,Hockley,457850,340000,52.95428616,-1.14035782,0.2,0.1,Counted,Manual count,S,37,21,3668,27,473,100,15,6,8,10,8,147,4336
46610,2008,A6008,Major,A6008 Lower Parliament Street,A6008 Hockley,457850,340000,52.95428616,-1.14035782,0.2,0.1,Estimated,Estimated using AADF from previous year on this link,N,97,63,15706,446,2254,242,43,19,20,8,26,358,18827
46610,2008,A6008,Major,A6008 Lower Parliament Street,A6008 Hockley,457850,340000,52.95428616,-1.14035782,0.2,0.1,Estimated,Estimated using AADF from previous year on this link,S,42,20,3598,28,495,96,17,7,7,9,8,144,4285
46610,2009,A6008,Major,A6008 Lower Parliament Street,A6008 Hockley,457850,340000,52.95428616,-1.14035782,0.2,0.1,Estimated,Estimated using AADF from previous year on this link,N,97,59,15455,436,2441,233,45,19,19,7,26,349,18740
46610,2009,A6008,Major,A6008 Lower Parliament Street,A6008 Hockley,457850,340000,52.95428616,-1.14035782,0.2,0.1,Estimated,Estimated using AADF from previous year on this link,S,42,19,3540,27,536,92,18,7,7,8,8,140,4262
46610,2010,A6008,Major,A6008 Lower Parliament Street,A6008 Hockley,457850,340000,52.95428616,-1.14035782,0.2,0.1,Estimated,Estimated using AADF from previous year on this link,N,97,54,15130,458,2453,231,43,16,20,6,24,340,18435
46610,2010,A6008,Major,A6008 Lower Parliament Street,A6008 Hockley,457850,340000,52.95428616,-1.14035782,0.2,0.1,Estimated,Estimated using AADF from previous year on this link,S,42,18,3466,28,539,91,17,6,8,7,7,136,4187
46610,2011,A6008,Major,A6008 Lower Parliament Street,A6008 Hockley,457850,340000,52.95428616,-1.14035782,0.2,0.1,Counted,Manual count,N,51,24,3879,29,521,76,21,12,4,6,4,123,4576
46610,2011,A6008,Major,A6008 Lower Parliament Street,A6008 Hockley,457850,340000,52.95428616,-1.14035782,0.2,0.1,Counted,Manual count,S,172,83,11899,484,1401,168,47,28,7,10,8,268,14135
46610,2012,A6008,Major,A6008 Lower Parliament Street,A6008 Hockley,457850,340000,52.95428616,-1.14035782,0.2,0.1,Estimated,Estimated using AADF from previous year on this link,N,48,23,3818,32,527,77,23,14,3,5,4,125,4525
46610,2012,A6008,Major,A6008 Lower Parliament Street,A6008 Hockley,457850,340000,52.95428616,-1.14035782,0.2,0.1,Estimated,Estimated using AADF from previous year on this link,S,163,79,11713,526,1418,170,51,32,5,9,8,274,14011
46610,2013,A6008,Major,A6008 Lower Parliament Street,A6008 Hockley,457850,340000,52.95428616,-1.14035782,0.2,0.1,Estimated,Estimated using AADF from previous year on this link,N,48,26,3785,33,548,77,25,16,2,5,4,129,4520
46610,2013,A6008,Major,A6008 Lower Parliament Street,A6008 Hockley,457850,340000,52.95428616,-1.14035782,0.2,0.1,Estimated,Estimated using AADF from previous year on this link,S,161,88,11610,550,1473,171,56,36,4,8,8,283,14005
46610,2014,A6008,Major,A6008 Lower Parliament Street,A6008 Hockley,457850,340000,52.95428616,-1.14035782,0.2,0.1,Estimated,Estimated using AADF from previous year on this link,N,46,24,3887,32,586,79,28,17,2,4,4,134,4663
46610,2014,A6008,Major,A6008 Lower Parliament Street,A6008 Hockley,457850,340000,52.95428616,-1.14035782,0.2,0.1,Estimated,Estimated using AADF from previous year on this link,S,156,85,11925,530,1576,175,62,40,3,7,7,294,14409
46610,2015,A6008,Major,A6008 Lower Parliament Street,A6008 Hockley,457850,340000,52.95428616,-1.14035782,0.2,0.1,Estimated,Estimated using AADF from previous year on this link,N,43,22,3964,34,614,75,28,16,2,4,4,129,4764
46610,2015,A6008,Major,A6008 Lower Parliament Street,A6008 Hockley,457850,340000,52.95428616,-1.14035782,0.2,0.1,Estimated,Estimated using AADF from previous year on this link,S,145,75,12161,571,1652,166,63,38,4,7,7,285,14743
46610,2016,A6008,Major,A6008 Lower Parliament Street,A6008 Hockley,457850,340000,52.95428616,-1.14035782,0.2,0.1,Counted,Manual count,N,86,42,4408,38,626,89,16,11,4,4,3,126,5239
46610,2016,A6008,Major,A6008 Lower Parliament Street,A6008 Hockley,457850,340000,52.95428616,-1.14035782,0.2,0.1,Counted,Manual count,S,219,115,13745,464,1980,157,66,25,19,12,15,292,16597
46610,2017,A6008,Major,A6008 Lower Parliament Street,A6008 Hockley,457850,340000,52.95428616,-1.14035782,0.2,0.1,Estimated,Estimated using AADF from previous year on this link,N,83,42,4376,35,659,89,16,11,4,4,3,126,5238
46610,2017,A6008,Major,A6008 Lower Parliament Street,A6008 Hockley,457850,340000,52.95428616,-1.14035782,0.2,0.1,Estimated,Estimated using AADF from previous year on this link,S,210,116,13644,434,2084,156,67,25,20,12,15,294,16572
46610,2018,A6008,Major,A6008 Lower Parliament Street,A6008 Hockley,457850,340000,52.95428616,-1.14035782,0.2,0.1,Estimated,Estimated using AADF from previous year on this link,N,91,42,4327,32,671,90,16,11,4,4,3,127,5199
46610,2018,A6008,Major,A6008 Lower Parliament Street,A6008 Hockley,457850,340000,52.95428616,-1.14035782,0.2,0.1,Estimated,Estimated using AADF from previous year on this link,S,232,115,13494,393,2123,157,66,25,20,12,16,296,16421
46610,2019,A6008,Major,A6008 Lower Parliament Street,A6008 Hockley,457850,340000,52.95428616,-1.14035782,0.2,0.1,Estimated,Estimated using AADF from previous year on this link,N,100,39,4382,32,665,89,16,11,4,4,3,126,5244
46610,2019,A6008,Major,A6008 Lower Parliament Street,A6008 Hockley,457850,340000,52.95428616,-1.14035782,0.2,0.1,Estimated,Estimated using AADF from previous year on this link,S,255,107,13663,398,2105,155,67,25,21,12,16,296,16569
46610,2020,A6008,Major,A6008 Lower Parliament Street,A6008 Hockley,457850,340000,52.95428616,-1.14035782,0.2,0.1,Counted,Manual count,N,65,80,4081,11,781,65,18,14,1,0,11,110,5064
46610,2020,A6008,Major,A6008 Lower Parliament Street,A6008 Hockley,457850,340000,52.95428616,-1.14035782,0.2,0.1,Counted,Manual count,S,140,120,9232,159,1813,117,69,34,4,7,15,245,11569
46610,2021,A6008,Major,A6008 Lower Parliament Street,A6008 Hockley,457850,340000,52.95428616,-1.14035782,0.2,0.1,Estimated,Estimated using AADF from previous year on this link,N,53,85,4496,11,852,70,20,15,1,0,12,118,5562
46610,2021,A6008,Major,A6008 Lower Parliament Street,A6008 Hockley,457850,340000,52.95428616,-1.14035782,0.2,0.1,Estimated,Estimated using AADF from previous year on this link,S,114,127,10171,164,1976,126,74,37,4,8,16,263,12702
46610,2022,A6008,Major,A6008 Lower Parliament Street,A6008 Hockley,457850,340000,52.95428616,-1.14035782,0.2,0.1,Estimated,Estimated using AADF from previous year on this link,N,48,93,4802,12,923,72,21,16,1,0,12,122,5953
46610,2022,A6008,Major,A6008 Lower Parliament Street,A6008 Hockley,457850,340000,52.95428616,-1.14035782,0.2,0.1,Estimated,Estimated using AADF from previous year on this link,S,102,139,10864,176,2142,130,76,39,4,8,16,273,13595
46610,2023,A6008,Major,A6008 Lower Parliament Street,A6008 Hockley,457850,340000,52.95428616,-1.14035782,0.2,0.1,Estimated,Estimated using AADF from previous year on this link,N,47,92,4893,12,939,71,20,16,1,0,11,121,6056
46610,2023,A6008,Major,A6008 Lower Parliament Street,A6008 Hockley,457850,340000,52.95428616,-1.14035782,0.2,0.1,Estimated,Estimated using AADF from previous year on this link,S,100,137,11068,178,2179,128,75,39,4,8,15,269,13831
46610,2024,A6008,Major,A6008 Lower Parliament Street,A6008 Hockley,457850,340000,52.95428616,-1.14035782,0.2,0.1,Estimated,Estimated using AADF from previous year on this link,N,48,94,4967,12,956,72,20,16,1,0,11,121,6150
46610,2024,A6008,Major,A6008 Lower Parliament Street,A6008 Hockley,457850,340000,52.95428616,-1.14035782,0.2,0.1,Estimated,Estimated using AADF from previous year on this link,S,102,142,11235,179,2218,130,75,38,4,8,15,269,14043
46610,2025,A6008,Major,A6008 Lower Parliament Street,A6008 Hockley,457850,340000,52.95428616,-1.14035782,0.2,0.1,Estimated,Estimated using AADF from previous year on this link,N,48,96,4973,12,976,72,20,16,1,0,11,120,6177
46610,2025,A6008,Major,A6008 Lower Parliament Street,A6008 Hockley,457850,340000,52.95428616,-1.14035782,0.2,0.1,Estimated,Estimated using AADF from previous year on this link,S,102,144,11249,175,2263,129,75,39,4,7,15,269,14100
47925,2000,A453,Major,A52,A6008,456900,338911,52.94459931,-1.15468752,2.5,1.6,Counted,Manual count,N,36,106,12029,191,1363,369,31,43,40,49,15,547,14236
47925,2000,A453,Major,A52,A6008,456900,338911,52.94459931,-1.15468752,2.5,1.6,Counted,Manual count,S,26,85,10010,247,1268,292,34,40,30,31,9,436,12046
47925,2001,A453,Major,A52,A6008,456900,338911,52.94459931,-1.15468752,2.5,1.6,Estimated,Estimated using AADF from previous year on this link,N,34,110,12270,195,1358,362,36,43,35,42,17,535,14468
47925,2001,A453,Major,A52,A6008,456900,338911,52.94459931,-1.15468752,2.5,1.6,Estimated,Estimated using AADF from previous year on this link,S,25,88,10210,252,1263,286,39,40,26,27,10,428,12241
47925,2002,A453,Major,A52,A6008,456900,338911,52.94459931,-1.15468752,2.5,1.6,Counted,Manual count,N,28,142,12734,127,1600,315,74,49,31,41,40,550,15153
47925,2002,A453,Major,A52,A6008,456900,338911,52.94459931,-1.15468752,2.5,1.6,Counted,Manual count,S,30,128,11327,146,1556,307,37,32,32,45,17,470,13627
47925,2003,A453,Major,A52,A6008,456900,338911,52.94459931,-1.15468752,2.5,1.6,Counted,Manual count,N,43,151,12745,70,1568,337,51,41,29,36,34,528,15062
47925,2003,A453,Major,A52,A6008,456900,338911,52.94459931,-1.15468752,2.5,1.6,Counted,Manual count,S,48,107,10712,107,1389,297,37,29,31,49,22,465,12780
47925,2004,A453,Major,A52,A6008,456900,338911,52.94459931,-1.15468752,2.5,1.6,Counted,Manual count,N,41,110,12108,136,1758,280,55,48,35,46,29,493,14605
47925,2004,A453,Major,A52,A6008,456900,338911,52.94459931,-1.15468752,2.5,1.6,Counted,Manual count,S,31,97,11027,141,1627,278,50,33,41,42,22,466,13358
47925,2005,A453,Major,A52,A6008,456900,338911,52.94459931,-1.15468752,2.5,1.6,Counted,Manual count,N,37,104,13155,130,1575,317,54,35,34,40,20,500,15464
47925,2005,A453,Major,A52,A6008,456900,338911,52.94459931,-1.15468752,2.5,1.6,Counted,Manual count,S,30,97,10193,139,1436,282,48,57,31,34,25,477,12342
47925,2006,A453,Major,A52,A6008,456900,338911,52.94459931,-1.15468752,2.5,1.6,Counted,Manual count,N,23,70,10453,125,1445,239,35,40,13,30,44,401,12494
47925,2006,A453,Major,A52,A6008,456900,338911,52.94459931,-1.15468752,2.5,1.6,Counted,Manual count,S,39,85,12194,132,1591,269,36,34,23,52,24,438,14440
47925,2007,A453,Major,A52,A6008,456900,338911,52.94459931,-1.15468752,2.5,1.6,Counted,Manual count,N,39,122,11655,141,1694,265,44,31,16,33,23,412,14024
47925,2007,A453,Major,A52,A6008,456900,338911,52.94459931,-1.15468752,2.5,1.6,Counted,Manual count,S,12,88,9490,127,1269,257,38,34,18,35,23,405,11379
47925,2008,A453,Major,A52,A6008,456900,338911,52.94459931,-1.15468752,2.5,1.6,Counted,Manual count,N,45,131,12829,152,1915,217,47,33,19,40,27,383,15410
47925,2008,A453,Major,A52,A6008,456900,338911,52.94459931,-1.15468752,2.5,1.6,Counted,Manual count,S,33,100,10079,138,1447,150,46,23,24,23,31,297,12061
47925,2009,A453,Major,A52,A6008,456900,338911,52.94459931,-1.15468752,2.5,1.6,Estimated,Estimated using AADF from previous year on this link,N,45,124,12624,149,2074,209,49,33,18,35,27,371,15342
47925,2009,A453,Major,A52,A6008,456900,338911,52.94459931,-1.15468752,2.5,1.6,Estimated,Estimated using AADF from previous year on this link,S,33,94,9918,135,1567,144,48,23,23,20,31,289,12003
47925,2010,A453,Major,A52,A6008,456900,338911,52.94459931,-1.15468752,2.5,1.6,Counted,Manual count,N,22,103,11851,155,1607,223,49,34,22,31,24,383,14099
47925,2010,A453,Major,A52,A6008,456900,338911,52.94459931,-1.15468752,2.5,1.6,Counted,Manual count,S,21,86,9989,142,1198,220,34,25,20,29,24,352,11767
47925,2011,A453,Major,A52,A6008,456900,338911,52.94459931,-1.15468752,2.5,1.6,Estimated,Estimated using AADF from previous year on this link,N,24,109,11792,155,1657,222,53,38,17,31,25,386,14099
47925,2011,A453,Major,A52,A6008,456900,338911,52.94459931,-1.15468752,2.5,1.6,Estimated,Estimated using AADF from previous year on this link,S,23,91,9939,142,1235,219,36,28,15,29,25,352,11759
47925,2012,A453,Major,A52,A6008,456900,338911,52.94459931,-1.15468752,2.5,1.6,Estimated,Estimated using AADF from previous year on this link,N,23,98,11742,167,1591,196,51,38,12,29,25,351,13949
47925,2012,A453,Major,A52,A6008,456900,338911,52.94459931,-1.15468752,2.5,1.6,Estimated,Estimated using AADF from previous year on this link,S,22,82,9897,153,1186,194,34,28,11,27,25,319,11636
47925,2013,A453,Major,A52,A6008,456900,338911,52.94459931,-1.15468752,2.5,1.6,Estimated,Estimated using AADF from previous year on this link,N,22,98,11675,157,1609,196,54,43,9,27,25,354,13894
47925,2013,A453,Major,A52,A6008,456900,338911,52.94459931,-1.15468752,2.5,1.6,Estimated,Estimated using AADF from previous year on this link,S,21,82,9841,144,1200,193,37,31,8,25,25,319,11586
47925,2014,A453,Major,A52,A6008,456900,338911,52.94459931,-1.15468752,2.5,1.6,Estimated,Estimated using AADF from previous year on this link,N,22,105,11554,166,1833,207,62,48,10,26,28,381,14039
47925,2014,A453,Major,A52,A6008,456900,338911,52.94459931,-1.15468752,2.5,1.6,Estimated,Estimated using AADF from previous year on this link,S,21,87,9739,152,1366,204,42,35,8,25,28,343,11687
47925,2015,A453,Major,A52,A6008,456900,338911,52.94459931,-1.15468752,2.5,1.6,Counted,Manual count,N,43,78,13416,145,1859,302,46,56,16,35,24,480,15977
47925,2015,A453,Major,A52,A6008,456900,338911,52.94459931,-1.15468752,2.5,1.6,Counted,Manual count,S,19,71,9813,142,1429,251,41,40,12,46,27,416,11871
47925,2016,A453,Major,A52,A6008,456900,338911,52.94459931,-1.15468752,2.5,1.6,Estimated,Estimated using AADF from previous year on this link,N,40,76,13625,134,2030,307,46,63,17,31,24,488,16353
47925,2016,A453,Major,A52,A6008,456900,338911,52.94459931,-1.15468752,2.5,1.6,Estimated,Estimated using AADF from previous year on this link,S,17,69,9966,132,1561,255,40,45,12,41,27,419,12147
47925,2017,A453,Major,A52,A6008,456900,338911,52.94459931,-1.15468752,2.5,1.6,Estimated,Estimated using AADF from previous year on this link,N,38,77,13525,125,2137,305,47,65,18,31,25,489,16354
47925,2017,A453,Major,A52,A6008,456900,338911,52.94459931,-1.15468752,2.5,1.6,Estimated,Estimated using AADF from previous year on this link,S,17,70,9892,123,1643,253,41,46,12,41,28,421,12149
47927,2000,A6130,Major,A6005,A6200,455600,339200,52.94733326,-1.17398118,0.6,0.4,Counted,Manual count,N,81,48,6961,54,850,163,9,9,18,24,9,232,8145
47927,2000,A6130,Major,A6005,A6200,455600,339200,52.94733326,-1.17398118,0.6,0.4,Counted,Manual count,S,78,52,6494,60,769,96,4,3,7,9,8,127,7502
47927,2001,A6130,Major,A6005,A6200,455600,339200,52.94733326,-1.17398118,0.6,0.4,Estimated,Estimated using AADF from previous year on this link,N,78,50,6745,57,856,156,10,9,15,19,9,218,7926
47927,2001,A6130,Major,A6005,A6200,455600,339200,52.94733326,-1.17398118,0.6,0.4,Estimated,Estimated using AADF from previous year on this link,S,75,54,6293,63,774,92,4,3,6,7,8,120,7304
47927,2002,A6130,Major,A6005,A6200,455600,339200,52.94733326,-1.17398118,0.6,0.4,Estimated,Estimated using AADF from previous year on this link,N,81,52,6853,57,918,147,10,9,14,17,10,207,8087
47927,2002,A6130,Major,A6005,A6200,455600,339200,52.94733326,-1.17398118,0.6,0.4,Estimated,Estimated using AADF from previous year on this link,S,78,56,6394,64,830,87,4,3,5,6,9,114,7458
47927,2003,A6130,Major,A6005,A6200,455600,339200,52.94733326,-1.17398118,0.6,0.4,Estimated,Estimated using AADF from previous year on this link,N,72,74,6599,55,997,142,10,10,13,15,11,201,7926
47927,2003,A6130,Major,A6005,A6200,455600,339200,52.94733326,-1.17398118,0.6,0.4,Estimated,Estimated using AADF from previous year on this link,S,70,80,6157,62,901,84,4,3,5,5,10,111,7311
47927,2004,A6130,Major,A6005,A6200,455600,339200,52.94733326,-1.17398118,0.6,0.4,Estimated,Estimated using AADF from previous year on this link,N,59,49,6685,45,1098,173,13,13,14,14,13,240,8117
47927,2004,A6130,Major,A6005,A6200,455600,339200,52.94733326,-1.17398118,0.6,0.4,Estimated,Estimated using AADF from previous year on this link,S,56,52,6237,51,992,103,5,4,5,5,12,134,7466
47927,2005,A6130,Major,A6005,A6200,455600,339200,52.94733326,-1.17398118,0.6,0.4,Estimated,Estimated using AADF from previous year on this link,N,50,40,6378,43,1170,188,14,14,11,12,13,252,7883
47927,2005,A6130,Major,A6005,A6200,455600,339200,52.94733326,-1.17398118,0.6,0.4,Estimated,Estimated using AADF from previous year on this link,S,48,43,5951,48,1058,111,6,5,4,4,11,141,7241
47927,2006,A6130,Major,A6005,A6200,455600,339200,52.94733326,-1.17398118,0.6,0.4,Estimated,Estimated using AADF from previous year on this link,N,78,35,6257,40,1188,181,13,15,9,9,12,239,7759
47927,2006,A6130,Major,A6005,A6200,455600,339200,52.94733326,-1.17398118,0.6,0.4,Estimated,Estimated using AADF from previous year on this link,S,75,37,5837,45,1074,107,5,5,3,3,11,134,7127
47927,2007,A6130,Major,A6005,A6200,455600,339200,52.94733326,-1.17398118,0.6,0.4,Counted,Manual count,N,69,76,6613,30,792,110,21,8,2,6,19,166,7677
47927,2007,A6130,Major,A6005,A6200,455600,339200,52.94733326,-1.17398118,0.6,0.4,Counted,Manual count,S,106,54,6176,20,676,84,13,2,3,4,15,121,7047
47927,2008,A6130,Major,A6005,A6200,455600,339200,52.94733326,-1.17398118,0.6,0.4,Estimated,Estimated using AADF from previous year on this link,N,77,73,6467,26,809,110,23,8,2,6,19,168,7543
47927,2008,A6130,Major,A6005,A6200,455600,339200,52.94733326,-1.17398118,0.6,0.4,Estimated,Estimated using AADF from previous year on this link,S,119,51,6040,17,690,84,14,3,2,4,14,121,6919
47927,2009,A6130,Major,A6005,A6200,455600,339200,52.94733326,-1.17398118,0.6,0.4,Estimated,Estimated using AADF from previous year on this link,N,77,81,6609,26,821,100,23,8,2,5,18,156,7693
47927,2009,A6130,Major,A6005,A6200,455600,339200,52.94733326,-1.17398118,0.6,0.4,Estimated,Estimated using AADF from previous year on this link,S,119,57,6173,17,700,76,14,3,2,3,14,112,7059
47927,2010,A6130,Major,A6005,A6200,455600,339200,52.94733326,-1.17398118,0.6,0.4,Estimated,Estimated using AADF from previous year on this link,N,77,77,6569,29,877,106,23,7,2,5,18,161,7713
47927,2010,A6130,Major,A6005,A6200,455600,339200,52.94733326,-1.17398118,0.6,0.4,Estimated,Estimated using AADF from previous year on this link,S,120,54,6136,19,748,81,14,3,2,3,14,117,7074
47927,2011,A6130,Major,A6005,A6200,455600,339200,52.94733326,-1.17398118,0.6,0.4,Estimated,Estimated using AADF from previous year on this link,N,85,65,6549,27,979,108,25,8,2,5,20,168,7788
47927,2011,A6130,Major,A6005,A6200,455600,339200,52.94733326,-1.17398118,0.6,0.4,Estimated,Estimated using AADF from previous year on this link,S,132,46,6118,18,835,82,15,3,2,3,15,120,7137
47927,2012,A6130,Major,A6005,A6200,455600,339200,52.94733326,-1.17398118,0.6,0.4,Estimated,Estimated using AADF from previous year on this link,N,80,62,6447,29,991,109,27,9,1,4,19,170,7699
47927,2012,A6130,Major,A6005,A6200,455600,339200,52.94733326,-1.17398118,0.6,0.4,Estimated,Estimated using AADF from previous year on this link,S,125,44,6023,20,845,83,16,3,1,3,14,121,7052
47927,2013,A6130,Major,A6005,A6200,455600,339200,52.94733326,-1.17398118,0.6,0.4,Estimated,Estimated using AADF from previous year on this link,N,79,69,6390,31,1030,110,30,10,1,4,19,175,7694
47927,2013,A6130,Major,A6005,A6200,455600,339200,52.94733326,-1.17398118,0.6,0.4,Estimated,Estimated using AADF from previous year on this link,S,123,49,5969,20,878,84,18,4,1,3,15,123,7040
47927,2014,A6130,Major,A6005,A6200,455600,339200,52.94733326,-1.17398118,0.6,0.4,Estimated,Estimated using AADF from previous year on this link,N,77,66,6563,30,1101,113,33,11,1,3,18,180,7940
47927,2014,A6130,Major,A6005,A6200,455600,339200,52.94733326,-1.17398118,0.6,0.4,Estimated,Estimated using AADF from previous year on this link,S,120,47,6131,20,939,86,20,4,1,2,14,126,7263
47927,2015,A6130,Major,A6005,A6200,455600,339200,52.94733326,-1.17398118,0.6,0.4,Estimated,Estimated using AADF from previous year on this link,N,72,58,6693,32,1155,107,34,11,1,3,18,173,8112
47927,2015,A6130,Major,A6005,A6200,455600,339200,52.94733326,-1.17398118,0.6,0.4,Estimated,Estimated using AADF from previous year on this link,S,111,41,6253,21,985,81,20,4,1,2,13,122,7422
47927,2016,A6130,Major,A6005,A6200,455600,339200,52.94733326,-1.17398118,0.6,0.4,Counted,Manual count,N,131,55,5610,19,875,46,11,4,5,2,2,70,6629
47927,2016,A6130,Major,A6005,A6200,455600,339200,52.94733326,-1.17398118,0.6,0.4,Counted,Manual count,S,119,29,5178,16,734,33,3,1,1,1,0,39,5996
47927,2017,A6130,Major,A6005,A6200,455600,339200,52.94733326,-1.17398118,0.6,0.4,Estimated,Estimated using AADF from previous year on this link,N,125,56,5568,17,921,46,11,5,5,2,2,70,6634
47927,2017,A6130,Major,A6005,A6200,455600,339200,52.94733326,-1.17398118,0.6,0.4,Estimated,Estimated using AADF from previous year on this link,S,114,30,5140,15,772,33,3,1,1,1,0,39,5995
47927,2018,A6130,Major,A6005,A6200,455600,339200,52.94733326,-1.17398118,0.6,0.4,Estimated,Estimated using AADF from previous year on this link,N,138,55,5507,16,939,46,11,4,5,2,2,71,6588
47927,2018,A6130,Major,A6005,A6200,455600,339200,52.94733326,-1.17398118,0.6,0.4,Estimated,Estimated using AADF from previous year on this link,S,126,29,5083,13,787,33,3,1,1,1,0,39,5952
47927,2019,A6130,Major,A6005,A6200,455600,339200,52.94733326,-1.17398118,0.6,0.4,Estimated,Estimated using AADF from previous year on this link,N,152,52,5576,16,930,45,11,5,5,2,2,71,6645
47927,2019,A6130,Major,A6005,A6200,455600,339200,52.94733326,-1.17398118,0.6,0.4,Estimated,Estimated using AADF from previous year on this link,S,139,27,5147,13,780,33,3,1,1,1,0,39,6007
47927,2020,A6130,Major,A6005,A6200,455600,339200,52.94733326,-1.17398118,0.6,0.4,Estimated,Estimated using AADF from previous year on this link,N,174,38,4236,10,821,40,10,4,5,2,2,62,5167
47927,2020,A6130,Major,A6005,A6200,455600,339200,52.94733326,-1.17398118,0.6,0.4,Estimated,Estimated using AADF from previous year on this link,S,159,20,3909,9,688,29,2,1,1,1,0,34,4661
47927,2021,A6130,Major,A6005,A6200,455600,339200,52.94733326,-1.17398118,0.6,0.4,Estimated,Estimated using AADF from previous year on this link,N,142,41,4666,10,895,43,10,4,5,2,2,66,5679
47927,2021,A6130,Major,A6005,A6200,455600,339200,52.94733326,-1.17398118,0.6,0.4,Estimated,Estimated using AADF from previous year on this link,S,130,22,4307,9,751,31,3,1,1,1,0,36,5124
47927,2022,A6130,Major,A6005,A6200,455600,339200,52.94733326,-1.17398118,0.6,0.4,Estimated,Estimated using AADF from previous year on this link,N,127,45,4984,11,970,44,11,5,5,2,2,69,6079
47927,2022,A6130,Major,A6005,A6200,455600,339200,52.94733326,-1.17398118,0.6,0.4,Estimated,Estimated using AADF from previous year on this link,S,116,24,4600,9,814,32,3,1,1,1,0,38,5485
47927,2023,A6130,Major,A6005,A6200,455600,339200,52.94733326,-1.17398118,0.6,0.4,Estimated,Estimated using AADF from previous year on this link,N,125,44,5078,11,987,44,11,5,5,2,2,68,6188
47927,2023,A6130,Major,A6005,A6200,455600,339200,52.94733326,-1.17398118,0.6,0.4,Estimated,Estimated using AADF from previous year on this link,S,114,23,4687,10,827,32,3,1,1,1,0,37,5584
47927,2024,A6130,Major,A6005,A6200,455600,339200,52.94733326,-1.17398118,0.6,0.4,Counted,Manual count,N,98,44,6038,2,768,33,12,3,0,4,1,53,6905
47927,2024,A6130,Major,A6005,A6200,455600,339200,52.94733326,-1.17398118,0.6,0.4,Counted,Manual count,S,104,27,5479,2,665,28,5,1,0,2,0,36,6209
47927,2025,A6130,Major,A6005,A6200,455600,339200,52.94733326,-1.17398118,0.6,0.4,Estimated,Estimated using AADF from previous year on this link,N,98,44,6045,2,784,33,12,3,0,3,1,53,6928
47927,2025,A6130,Major,A6005,A6200,455600,339200,52.94733326,-1.17398118,0.6,0.4,Estimated,Estimated using AADF from previous year on this link,S,104,28,5486,2,678,28,5,1,0,2,0,36,6230
48221,2000,A60,Major,A6008,Huntingdon St,457196,340631,52.96002768,-1.14998039,0.8,0.5,Estimated,Estimated using AADF from previous year on this link,N,89,58,5314,952,529,81,17,2,5,2,5,112,6965
48221,2000,A60,Major,A6008,Huntingdon St,457196,340631,52.96002768,-1.14998039,0.8,0.5,Estimated,Estimated using AADF from previous year on this link,S,117,73,6085,947,513,70,12,1,6,3,0,92,7710
48221,2001,A60,Major,A6008,Huntingdon St,457196,340631,52.96002768,-1.14998039,0.8,0.5,Estimated,Estimated using AADF from previous year on this link,N,85,61,5149,997,533,77,19,2,4,2,5,109,6849
48221,2001,A60,Major,A6008,Huntingdon St,457196,340631,52.96002768,-1.14998039,0.8,0.5,Estimated,Estimated using AADF from previous year on this link,S,112,77,5896,992,517,67,13,1,5,2,0,88,7570
48221,2002,A60,Major,A6008,Huntingdon St,457196,340631,52.96002768,-1.14998039,0.8,0.5,Estimated,Estimated using AADF from previous year on this link,N,88,63,5231,1005,571,73,19,2,4,2,5,105,6975
48221,2002,A60,Major,A6008,Huntingdon St,457196,340631,52.96002768,-1.14998039,0.8,0.5,Estimated,Estimated using AADF from previous year on this link,S,116,80,5990,1000,554,63,13,1,5,2,0,84,7708
48221,2003,A60,Major,A6008,Huntingdon St,457196,340631,52.96002768,-1.14998039,0.8,0.5,Estimated,Estimated using AADF from previous year on this link,N,79,90,5037,978,620,71,19,2,4,2,6,104,6829
48221,2003,A60,Major,A6008,Huntingdon St,457196,340631,52.96002768,-1.14998039,0.8,0.5,Estimated,Estimated using AADF from previous year on this link,S,104,114,5768,973,602,61,13,1,5,2,0,82,7539
48221,2004,A60,Major,A6008,Huntingdon St,457196,340631,52.96002768,-1.14998039,0.8,0.5,Counted,Manual count,N,105,68,5836,852,618,111,11,10,6,9,3,150,7524
48221,2004,A60,Major,A6008,Huntingdon St,457196,340631,52.96002768,-1.14998039,0.8,0.5,Counted,Manual count,S,136,75,5054,843,443,73,9,2,5,7,2,98,6513
48221,2005,A60,Major,A6008,Huntingdon St,457196,340631,52.96002768,-1.14998039,0.8,0.5,Estimated,Estimated using AADF from previous year on this link,N,89,56,5568,804,659,120,12,11,5,7,3,158,7245
48221,2005,A60,Major,A6008,Huntingdon St,457196,340631,52.96002768,-1.14998039,0.8,0.5,Estimated,Estimated using AADF from previous year on this link,S,115,62,4821,796,472,79,9,2,4,6,2,102,6253
48221,2006,A60,Major,A6008,Huntingdon St,457196,340631,52.96002768,-1.14998039,0.8,0.5,Estimated,Estimated using AADF from previous year on this link,N,140,49,5462,746,669,116,11,11,4,6,3,151,7077
48221,2006,A60,Major,A6008,Huntingdon St,457196,340631,52.96002768,-1.14998039,0.8,0.5,Estimated,Estimated using AADF from previous year on this link,S,180,54,4730,739,479,76,9,2,3,5,1,96,6098
48221,2007,A60,Major,A6008,Huntingdon St,457196,340631,52.96002768,-1.14998039,0.7,0.4,Estimated,Estimated using AADF from previous year on this link,N,87,47,5375,679,704,108,11,12,3,5,3,142,6947
48221,2007,A60,Major,A6008,Huntingdon St,457196,340631,52.96002768,-1.14998039,0.7,0.4,Estimated,Estimated using AADF from previous year on this link,S,112,51,4654,672,505,71,8,2,2,4,1,88,5970
48221,2008,A60,Major,A6008,A60 Huntingdon St,457196,340631,52.96002768,-1.14998039,0.7,0.4,Estimated,Estimated using AADF from previous year on this link,N,98,45,5256,590,719,108,12,12,3,4,3,142,6752
48221,2008,A60,Major,A6008,A60 Huntingdon St,457196,340631,52.96002768,-1.14998039,0.7,0.4,Estimated,Estimated using AADF from previous year on this link,S,126,49,4552,584,515,71,9,2,2,3,1,88,5788
48221,2009,A60,Major,A6008,A60 Huntingdon St,457196,340631,52.96002768,-1.14998039,0.7,0.4,Estimated,Estimated using AADF from previous year on this link,N,98,50,5372,584,730,98,12,11,3,3,3,130,6866
48221,2009,A60,Major,A6008,A60 Huntingdon St,457196,340631,52.96002768,-1.14998039,0.7,0.4,Estimated,Estimated using AADF from previous year on this link,S,126,55,4652,578,523,65,9,2,2,3,1,82,5890
48221,2010,A60,Major,A6008,A60 Huntingdon St,457196,340631,52.96002768,-1.14998039,0.7,0.4,Estimated,Estimated using AADF from previous year on this link,N,99,48,5340,662,780,104,12,10,4,3,3,136,6966
48221,2010,A60,Major,A6008,A60 Huntingdon St,457196,340631,52.96002768,-1.14998039,0.7,0.4,Estimated,Estimated using AADF from previous year on this link,S,127,52,4624,655,559,69,9,2,2,3,1,86,5976
48221,2011,A60,Major,A6008,A60 Huntingdon St,457196,340631,52.96002768,-1.14998039,0.7,0.4,Estimated,Estimated using AADF from previous year on this link,N,109,41,5324,626,870,106,13,11,3,3,3,139,7000
48221,2011,A60,Major,A6008,A60 Huntingdon St,457196,340631,52.96002768,-1.14998039,0.7,0.4,Estimated,Estimated using AADF from previous year on this link,S,140,44,4610,619,624,70,10,2,2,3,1,88,5985
48221,2012,A60,Major,A6008,A60 Huntingdon St,457196,340631,52.96002768,-1.14998039,0.7,0.4,Counted,Manual count,N,79,42,3844,739,417,42,5,10,2,1,2,62,5103
48221,2012,A60,Major,A6008,A60 Huntingdon St,457196,340631,52.96002768,-1.14998039,0.7,0.4,Counted,Manual count,S,143,28,4292,866,397,34,5,2,4,0,2,47,5629
48221,2013,A60,Major,A6008,A60 Huntingdon St,457196,340631,52.96002768,-1.14998039,0.7,0.4,Estimated,Estimated using AADF from previous year on this link,N,78,46,3810,773,433,42,5,11,2,1,2,63,5125
48221,2013,A60,Major,A6008,A60 Huntingdon St,457196,340631,52.96002768,-1.14998039,0.7,0.4,Estimated,Estimated using AADF from previous year on this link,S,141,31,4254,905,412,35,5,2,3,0,2,47,5650
48221,2014,A60,Major,A6008,A60 Huntingdon St,457196,340631,52.96002768,-1.14998039,0.7,0.4,Estimated,Estimated using AADF from previous year on this link,N,76,44,3913,744,463,43,6,12,1,1,2,65,5230
48221,2014,A60,Major,A6008,A60 Huntingdon St,457196,340631,52.96002768,-1.14998039,0.7,0.4,Estimated,Estimated using AADF from previous year on this link,S,137,30,4370,871,441,35,6,2,2,0,2,48,5760
48221,2015,A60,Major,A6008,A60 Huntingdon St,457196,340631,52.96002768,-1.14998039,0.7,0.4,Estimated,Estimated using AADF from previous year on this link,N,71,39,3991,802,486,41,6,11,2,1,2,63,5380
48221,2015,A60,Major,A6008,A60 Huntingdon St,457196,340631,52.96002768,-1.14998039,0.7,0.4,Estimated,Estimated using AADF from previous year on this link,S,127,26,4456,938,462,34,6,2,3,0,2,47,5930
48221,2016,A60,Major,A6008,A60 Huntingdon St,457196,340631,52.96002768,-1.14998039,0.7,0.4,Estimated,Estimated using AADF from previous year on this link,N,66,38,4053,743,531,42,6,13,2,0,2,65,5429
48221,2016,A60,Major,A6008,A60 Huntingdon St,457196,340631,52.96002768,-1.14998039,0.7,0.4,Estimated,Estimated using AADF from previous year on this link,S,119,26,4526,869,505,34,6,3,3,0,2,48,5973
48221,2017,A60,Major,A6008,A60 Huntingdon St,457196,340631,52.96002768,-1.14998039,0.7,0.4,Estimated,Estimated using AADF from previous year on this link,N,63,39,4023,693,559,41,6,13,2,0,2,65,5378
48221,2017,A60,Major,A6008,A60 Huntingdon St,457196,340631,52.96002768,-1.14998039,0.7,0.4,Estimated,Estimated using AADF from previous year on this link,S,114,26,4493,812,531,34,6,3,3,0,2,48,5909
48221,2018,A60,Major,A6008,A60 Huntingdon St,457196,340631,52.96002768,-1.14998039,0.8,0.5,Estimated,Estimated using AADF from previous year on this link,N,70,38,3979,629,569,42,6,13,2,1,2,65,5280
48221,2018,A60,Major,A6008,A60 Huntingdon St,457196,340631,52.96002768,-1.14998039,0.8,0.5,Estimated,Estimated using AADF from previous year on this link,S,125,26,4443,736,541,34,6,3,3,0,2,48,5794
48221,2019,A60,Major,A6008,A60 Huntingdon St,457196,340631,52.96002768,-1.14998039,0.8,0.5,Estimated,Estimated using AADF from previous year on this link,N,76,36,4029,636,564,41,6,13,2,1,2,65,5329
48221,2019,A60,Major,A6008,A60 Huntingdon St,457196,340631,52.96002768,-1.14998039,0.8,0.5,Estimated,Estimated using AADF from previous year on this link,S,138,24,4499,744,537,34,6,3,3,0,2,48,5852
48221,2020,A60,Major,A6008,A60 Huntingdon St,457196,340631,52.96002768,-1.14998039,0.8,0.5,Counted,Manual count,N,116,160,2804,377,453,23,8,7,1,0,2,41,3836
48221,2020,A60,Major,A6008,A60 Huntingdon St,457196,340631,52.96002768,-1.14998039,0.8,0.5,Counted,Manual count,S,140,188,1929,383,260,10,2,3,1,0,1,17,2778
48221,2021,A60,Major,A6008,A60 Huntingdon St,457196,340631,52.96002768,-1.14998039,0.8,0.5,Estimated,Estimated using AADF from previous year on this link,N,94,170,3090,389,494,25,9,8,1,0,2,45,4187
48221,2021,A60,Major,A6008,A60 Huntingdon St,457196,340631,52.96002768,-1.14998039,0.8,0.5,Estimated,Estimated using AADF from previous year on this link,S,114,199,2125,396,284,11,2,3,1,0,1,19,3022
48221,2022,A60,Major,A6008,A60 Huntingdon St,457196,340631,52.96002768,-1.14998039,0.8,0.5,Estimated,Estimated using AADF from previous year on this link,N,84,186,3300,418,536,26,9,8,1,0,2,46,4486
48221,2022,A60,Major,A6008,A60 Huntingdon St,457196,340631,52.96002768,-1.14998039,0.8,0.5,Estimated,Estimated using AADF from previous year on this link,S,102,218,2269,425,308,11,2,3,1,0,1,19,3240
48221,2023,A60,Major,A6008,A60 Huntingdon St,457196,340631,52.96002768,-1.14998039,0.8,0.5,Estimated,Estimated using AADF from previous year on this link,N,83,183,3362,422,545,25,9,8,1,0,2,46,4558
48221,2023,A60,Major,A6008,A60 Huntingdon St,457196,340631,52.96002768,-1.14998039,0.8,0.5,Estimated,Estimated using AADF from previous year on this link,S,100,215,2312,429,313,11,2,3,1,0,1,19,3288
48221,2024,A60,Major,A6008,A60 Huntingdon St,457196,340631,52.96002768,-1.14998039,0.8,0.5,Estimated,Estimated using AADF from previous year on this link,N,84,189,3413,424,555,26,9,8,1,0,2,46,4626
48221,2024,A60,Major,A6008,A60 Huntingdon St,457196,340631,52.96002768,-1.14998039,0.8,0.5,Estimated,Estimated using AADF from previous year on this link,S,102,222,2347,431,318,11,2,3,1,0,1,19,3337
48221,2025,A60,Major,A6008,A60 Huntingdon St,457196,340631,52.96002768,-1.14998039,0.8,0.5,Estimated,Estimated using AADF from previous year on this link,N,84,192,3417,414,566,25,9,8,1,0,2,46,4635
48221,2025,A60,Major,A6008,A60 Huntingdon St,457196,340631,52.96002768,-1.14998039,0.8,0.5,Estimated,Estimated using AADF from previous year on this link,S,102,226,2350,421,325,11,2,3,1,0,1,19,3341
48407,2000,A6002,Major,LA Boundary,B682,452790,345100,53.00064652,-1.21483693,2.1,1.3,Counted,Manual count,N,28,99,6117,38,1258,312,16,34,51,89,51,553,8065
48407,2000,A6002,Major,LA Boundary,B682,452790,345100,53.00064652,-1.21483693,2.1,1.3,Counted,Manual count,S,29,101,5584,27,1139,267,15,32,57,99,28,498,7349
48407,2001,A6002,Major,LA Boundary,B682,452790,345100,53.00064652,-1.21483693,2.1,1.3,Estimated,Estimated using AADF from previous year on this link,N,27,104,5927,40,1267,298,18,33,41,70,53,513,7851
48407,2001,A6002,Major,LA Boundary,B682,452790,345100,53.00064652,-1.21483693,2.1,1.3,Estimated,Estimated using AADF from previous year on this link,S,28,106,5411,28,1147,255,17,31,46,78,29,456,7148
48407,2002,A6002,Major,LA Boundary,B682,452790,345100,53.00064652,-1.21483693,2.1,1.3,Counted,Manual count,N,10,72,6033,24,1297,264,24,22,42,81,48,481,7907
48407,2002,A6002,Major,LA Boundary,B682,452790,345100,53.00064652,-1.21483693,2.1,1.3,Counted,Manual count,S,9,65,5360,26,1084,221,32,23,37,83,34,430,6965
48407,2003,A6002,Major,LA Boundary,B682,452790,345100,53.00064652,-1.21483693,2.1,1.3,Estimated,Estimated using AADF from previous year on this link,N,9,102,5810,23,1409,256,25,23,40,72,53,469,7813
48407,2003,A6002,Major,LA Boundary,B682,452790,345100,53.00064652,-1.21483693,2.1,1.3,Estimated,Estimated using AADF from previous year on this link,S,8,92,5162,25,1177,214,33,24,36,74,38,419,6875
48407,2004,A6002,Major,LA Boundary,B682,452790,345100,53.00064652,-1.21483693,2.1,1.3,Counted,Manual count,N,18,79,7196,108,1531,332,41,44,41,99,58,615,9529
48407,2004,A6002,Major,LA Boundary,B682,452790,345100,53.00064652,-1.21483693,2.1,1.3,Counted,Manual count,S,13,101,6572,102,1311,261,39,34,46,95,36,511,8597
48407,2005,A6002,Major,LA Boundary,B682,452790,345100,53.00064652,-1.21483693,2.1,1.3,Estimated,Estimated using AADF from previous year on this link,N,15,65,6865,102,1632,360,43,51,33,80,57,624,9288
48407,2005,A6002,Major,LA Boundary,B682,452790,345100,53.00064652,-1.21483693,2.1,1.3,Estimated,Estimated using AADF from previous year on this link,S,11,83,6270,96,1397,283,41,39,38,77,35,513,8359
48407,2006,A6002,Major,LA Boundary,B682,452790,345100,53.00064652,-1.21483693,2.1,1.3,Counted,Manual count,N,16,71,7042,73,1481,319,66,46,39,63,72,605,9272
48407,2006,A6002,Major,LA Boundary,B682,452790,345100,53.00064652,-1.21483693,2.1,1.3,Counted,Manual count,S,20,63,6356,74,1220,258,45,35,33,87,47,505,8218
48407,2007,A6002,Major,LA Boundary,B682,452790,345100,53.00064652,-1.21483693,2.1,1.3,Estimated,Estimated using AADF from previous year on this link,N,10,68,6929,66,1559,296,62,47,31,55,68,559,9181
48407,2007,A6002,Major,LA Boundary,B682,452790,345100,53.00064652,-1.21483693,2.1,1.3,Estimated,Estimated using AADF from previous year on this link,S,12,60,6254,68,1285,240,41,35,26,76,44,462,8129
48407,2008,A6002,Major,LA Boundary,B682,452790,345100,53.00064652,-1.21483693,2.1,1.3,Counted,Manual count,E,19,85,6596,95,1440,247,43,34,49,81,52,506,8722
48407,2008,A6002,Major,LA Boundary,B682,452790,345100,53.00064652,-1.21483693,2.1,1.3,Counted,Manual count,W,41,80,6240,80,1167,190,31,16,49,91,28,405,7972
48407,2009,A6002,Major,LA Boundary,B682,452790,345100,53.00064652,-1.21483693,2.1,1.3,Estimated,Estimated using AADF from previous year on this link,E,19,95,6741,94,1462,225,43,32,45,70,50,465,8857
48407,2009,A6002,Major,LA Boundary,B682,452790,345100,53.00064652,-1.21483693,2.1,1.3,Estimated,Estimated using AADF from previous year on this link,W,41,89,6377,79,1185,173,31,15,45,78,27,369,8099
48407,2010,A6002,Major,LA Boundary,B682,452790,345100,53.00064652,-1.21483693,2.1,1.3,Estimated,Estimated using AADF from previous year on this link,E,19,90,6701,107,1561,239,44,28,53,66,51,481,8940
48407,2010,A6002,Major,LA Boundary,B682,452790,345100,53.00064652,-1.21483693,2.1,1.3,Estimated,Estimated using AADF from previous year on this link,W,41,85,6339,90,1266,184,31,13,53,74,27,382,8162
48407,2011,A6002,Major,LA Boundary,B682,452790,345100,53.00064652,-1.21483693,2.1,1.3,Estimated,Estimated using AADF from previous year on this link,E,21,76,6681,101,1742,243,48,32,43,68,56,490,9090
48407,2011,A6002,Major,LA Boundary,B682,452790,345100,53.00064652,-1.21483693,2.1,1.3,Estimated,Estimated using AADF from previous year on this link,W,45,72,6320,85,1413,187,34,15,43,76,30,385,8275
48407,2012,A6002,Major,LA Boundary,B682,452790,345100,53.00064652,-1.21483693,2.1,1.3,Estimated,Estimated using AADF from previous year on this link,E,20,73,6577,110,1763,246,52,36,30,61,53,478,9000
48407,2012,A6002,Major,LA Boundary,B682,452790,345100,53.00064652,-1.21483693,2.1,1.3,Estimated,Estimated using AADF from previous year on this link,W,43,69,6221,92,1430,189,37,17,30,68,29,369,8182
48407,2013,A6002,Major,LA Boundary,B682,452790,345100,53.00064652,-1.21483693,2.1,1.3,Estimated,Estimated using AADF from previous year on this link,E,20,81,6519,115,1832,248,57,41,22,57,54,480,9027
48407,2013,A6002,Major,LA Boundary,B682,452790,345100,53.00064652,-1.21483693,2.1,1.3,Estimated,Estimated using AADF from previous year on this link,W,42,77,6167,97,1486,191,40,19,22,64,29,366,8192
48407,2014,A6002,Major,LA Boundary,B682,452790,345100,53.00064652,-1.21483693,2.1,1.3,Estimated,Estimated using AADF from previous year on this link,E,19,77,6696,111,1959,254,63,45,20,47,51,480,9323
48407,2014,A6002,Major,LA Boundary,B682,452790,345100,53.00064652,-1.21483693,2.1,1.3,Estimated,Estimated using AADF from previous year on this link,W,41,73,6334,93,1589,195,45,21,20,53,27,361,8450
48407,2015,A6002,Major,LA Boundary,B682,452790,345100,53.00064652,-1.21483693,2.1,1.3,Estimated,Estimated using AADF from previous year on this link,E,18,68,6828,119,2054,241,65,43,24,45,49,466,9536
48407,2015,A6002,Major,LA Boundary,B682,452790,345100,53.00064652,-1.21483693,2.1,1.3,Estimated,Estimated using AADF from previous year on this link,W,38,65,6459,100,1666,185,46,20,24,50,26,352,8642
48407,2016,A6002,Major,LA Boundary,B682,452790,345100,53.00064652,-1.21483693,2.1,1.3,Estimated,Estimated using AADF from previous year on this link,E,16,67,6935,110,2244,244,64,49,24,40,49,470,9826
48407,2016,A6002,Major,LA Boundary,B682,452790,345100,53.00064652,-1.21483693,2.1,1.3,Estimated,Estimated using AADF from previous year on this link,W,35,63,6560,93,1820,188,45,23,24,45,26,351,8888
48407,2017,A6002,Major,LA Boundary,B682,452790,345100,53.00064652,-1.21483693,2.1,1.3,Estimated,Estimated using AADF from previous year on this link,E,16,68,6884,103,2362,242,65,50,25,40,50,473,9890
48407,2017,A6002,Major,LA Boundary,B682,452790,345100,53.00064652,-1.21483693,2.1,1.3,Estimated,Estimated using AADF from previous year on this link,W,34,64,6512,87,1916,187,46,23,25,45,27,353,8932
48407,2018,A6002,Major,LA Boundary,B682,452790,345100,53.00064652,-1.21483693,2.3,1.4,Counted,Manual count,E,31,56,7408,76,1749,206,30,60,12,58,55,421,9710
48407,2018,A6002,Major,LA Boundary,B682,452790,345100,53.00064652,-1.21483693,2.3,1.4,Counted,Manual count,W,30,63,5959,71,1550,181,23,43,12,66,60,386,8028
48407,2019,A6002,Major,LA Boundary,B682,452790,345100,53.00064652,-1.21483693,2.3,1.4,Estimated,Estimated using AADF from previous year on this link,E,34,53,7501,77,1734,203,31,61,12,60,55,421,9786
48407,2019,A6002,Major,LA Boundary,B682,452790,345100,53.00064652,-1.21483693,2.3,1.4,Estimated,Estimated using AADF from previous year on this link,W,33,59,6034,71,1536,178,24,43,13,68,60,386,8087
48407,2020,A6002,Major,LA Boundary,B682,452790,345100,53.00064652,-1.21483693,2.3,1.4,Estimated,Estimated using AADF from previous year on this link,E,39,39,5698,49,1530,179,27,54,10,53,48,370,7686
48407,2020,A6002,Major,LA Boundary,B682,452790,345100,53.00064652,-1.21483693,2.3,1.4,Estimated,Estimated using AADF from previous year on this link,W,38,43,4583,45,1356,157,20,39,11,60,52,340,6367
48407,2021,A6002,Major,LA Boundary,B682,452790,345100,53.00064652,-1.21483693,2.3,1.4,Estimated,Estimated using AADF from previous year on this link,E,32,41,6277,50,1668,191,29,59,11,57,51,397,8434
48407,2021,A6002,Major,LA Boundary,B682,452790,345100,53.00064652,-1.21483693,2.3,1.4,Estimated,Estimated using AADF from previous year on this link,W,31,46,5049,47,1478,168,22,42,12,64,56,364,6984
48407,2022,A6002,Major,LA Boundary,B682,452790,345100,53.00064652,-1.21483693,2.3,1.4,Estimated,Estimated using AADF from previous year on this link,E,28,45,6704,54,1808,198,29,63,11,58,52,412,9024
48407,2022,A6002,Major,LA Boundary,B682,452790,345100,53.00064652,-1.21483693,2.3,1.4,Estimated,Estimated using AADF from previous year on this link,W,28,50,5393,50,1602,174,23,45,12,66,57,377,7473
48407,2023,A6002,Major,LA Boundary,B682,452790,345100,53.00064652,-1.21483693,2.3,1.4,Counted,Manual count,E,38,46,7223,84,2157,164,53,52,9,31,111,420,9930
48407,2023,A6002,Major,LA Boundary,B682,452790,345100,53.00064652,-1.21483693,2.3,1.4,Counted,Manual count,W,43,44,6024,52,1684,119,37,53,13,60,64,348,8152
48407,2024,A6002,Major,LA Boundary,B682,452790,345100,53.00064652,-1.21483693,2.3,1.4,Estimated,Estimated using AADF from previous year on this link,E,39,48,7332,84,2196,166,53,50,9,30,108,416,10076
48407,2024,A6002,Major,LA Boundary,B682,452790,345100,53.00064652,-1.21483693,2.3,1.4,Estimated,Estimated using AADF from previous year on this link,W,43,46,6115,52,1714,121,38,52,13,58,62,344,8271
48407,2025,A6002,Major,LA Boundary,B682,452790,345100,53.00064652,-1.21483693,2.3,1.4,Estimated,Estimated using AADF from previous year on this link,E,39,48,7341,83,2241,165,53,52,9,30,106,414,10126
48407,2025,A6002,Major,LA Boundary,B682,452790,345100,53.00064652,-1.21483693,2.3,1.4,Estimated,Estimated using AADF from previous year on this link,W,44,47,6122,51,1749,120,38,54,13,56,61,342,8311
48497,2000,A60,Major,A6008,A6008,457320,340160,52.95578103,-1.14821772,0.2,0.1,Estimated,Estimated using AADF from previous year on this link,S,251,262,13730,1896,2013,298,28,10,21,11,8,376,18277
48497,2001,A60,Major,A6008,A6008,457320,340160,52.95578103,-1.14821772,0.2,0.1,Estimated,Estimated using AADF from previous year on this link,S,240,275,13304,1985,2027,284,31,10,17,9,8,359,17950
48497,2002,A60,Major,A6008,A6008,457320,340160,52.95578103,-1.14821772,0.2,0.1,Estimated,Estimated using AADF from previous year on this link,S,250,285,13517,2001,2173,268,32,10,15,8,9,342,18318
48497,2003,A60,Major,A6008,A6008,457320,340160,52.95578103,-1.14821772,0.2,0.1,Estimated,Estimated using AADF from previous year on this link,S,223,406,13017,1947,2360,260,33,11,14,7,10,335,18065
48497,2004,A60,Major,A6008,A6008,457320,340160,52.95578103,-1.14821772,0.2,0.1,Counted,Manual count,S,133,244,11909,1392,1484,197,27,4,8,6,5,247,15276
48497,2005,A60,Major,A6008,A6008,457320,340160,52.95578103,-1.14821772,0.2,0.1,Estimated,Estimated using AADF from previous year on this link,S,113,201,11361,1314,1582,214,29,5,7,5,5,265,14723
48497,2006,A60,Major,A6008,A6008,457320,340160,52.95578103,-1.14821772,0.2,0.1,Estimated,Estimated using AADF from previous year on this link,S,177,174,11145,1219,1606,206,27,5,5,4,5,252,14396
48497,2007,A60,Major,A6008,A6008,457320,340160,52.95578103,-1.14821772,0.3,0.2,Estimated,Estimated using AADF from previous year on this link,S,110,167,10967,1110,1691,192,25,5,4,4,5,235,14170
48497,2008,A60,Major,A6008,A6008,457320,340160,52.95578103,-1.14821772,0.3,0.2,Estimated,Estimated using AADF from previous year on this link,S,124,159,10726,964,1726,191,28,6,4,3,5,237,13812
48497,2009,A60,Major,A6008,A6008,457320,340160,52.95578103,-1.14821772,0.3,0.2,Estimated,Estimated using AADF from previous year on this link,S,124,177,10962,953,1752,174,28,6,4,3,5,220,14064
48497,2010,A60,Major,A6008,A6008,457320,340160,52.95578103,-1.14821772,0.3,0.2,Estimated,Estimated using AADF from previous year on this link,S,125,169,10896,1080,1871,185,28,5,5,3,5,231,14247
48497,2011,A60,Major,A6008,A6008,457320,340160,52.95578103,-1.14821772,0.3,0.2,Estimated,Estimated using AADF from previous year on this link,S,138,143,10863,1021,2088,188,31,6,4,3,6,238,14353
48497,2012,A60,Major,A6008,A6008,457320,340160,52.95578103,-1.14821772,0.3,0.2,Counted,Manual count,N,146,2,335,845,42,14,0,0,0,0,0,14,1238
48497,2012,A60,Major,A6008,A6008,457320,340160,52.95578103,-1.14821772,0.3,0.2,Counted,Manual count,S,205,0,399,730,30,7,0,0,1,0,0,9,1169
48497,2013,A60,Major,A6008,A6008,457320,340160,52.95578103,-1.14821772,0.3,0.2,Estimated,Estimated using AADF from previous year on this link,N,144,2,332,883,43,14,0,0,0,0,0,14,1275
48497,2013,A60,Major,A6008,A6008,457320,340160,52.95578103,-1.14821772,0.3,0.2,Estimated,Estimated using AADF from previous year on this link,S,202,0,395,763,32,8,0,0,1,0,0,9,1199
48497,2014,A60,Major,A6008,A6008,457320,340160,52.95578103,-1.14821772,0.3,0.2,Estimated,Estimated using AADF from previous year on this link,N,140,2,341,850,46,14,0,0,0,0,0,14,1254
48497,2014,A60,Major,A6008,A6008,457320,340160,52.95578103,-1.14821772,0.3,0.2,Estimated,Estimated using AADF from previous year on this link,S,196,0,406,735,34,8,0,0,1,0,0,9,1184
48497,2015,A60,Major,A6008,A6008,457320,340160,52.95578103,-1.14821772,0.3,0.2,Estimated,Estimated using AADF from previous year on this link,N,130,2,348,916,49,14,0,0,0,0,0,14,1328
48497,2015,A60,Major,A6008,A6008,457320,340160,52.95578103,-1.14821772,0.3,0.2,Estimated,Estimated using AADF from previous year on this link,S,183,0,414,792,36,7,0,0,1,0,0,8,1250
48497,2016,A60,Major,A6008,A6008,457320,340160,52.95578103,-1.14821772,0.3,0.2,Estimated,Estimated using AADF from previous year on this link,N,121,2,353,849,53,14,0,0,0,0,0,14,1271
48497,2016,A60,Major,A6008,A6008,457320,340160,52.95578103,-1.14821772,0.3,0.2,Estimated,Estimated using AADF from previous year on this link,S,170,0,421,733,39,7,0,0,1,0,0,9,1201
48497,2017,A60,Major,A6008,A6008,457320,340160,52.95578103,-1.14821772,0.3,0.2,Estimated,Estimated using AADF from previous year on this link,N,116,2,351,793,56,14,0,0,0,0,0,14,1215
48497,2017,A60,Major,A6008,A6008,457320,340160,52.95578103,-1.14821772,0.3,0.2,Estimated,Estimated using AADF from previous year on this link,S,163,0,418,685,41,7,0,0,1,0,0,9,1152
48497,2018,A60,Major,A6008,A6008,457320,340160,52.95578103,-1.14821772,0.3,0.2,Estimated,Estimated using AADF from previous year on this link,N,128,2,347,719,57,14,0,0,0,0,0,14,1138
48497,2018,A60,Major,A6008,A6008,457320,340160,52.95578103,-1.14821772,0.3,0.2,Estimated,Estimated using AADF from previous year on this link,S,180,0,413,621,42,7,0,0,1,0,0,9,1084
48497,2019,A60,Major,A6008,A6008,457320,340160,52.95578103,-1.14821772,0.3,0.2,Estimated,Estimated using AADF from previous year on this link,N,140,2,351,727,56,14,0,0,0,0,0,14,1150
48497,2019,A60,Major,A6008,A6008,457320,340160,52.95578103,-1.14821772,0.3,0.2,Estimated,Estimated using AADF from previous year on this link,S,197,0,418,628,41,7,0,0,1,0,0,9,1096
48497,2020,A60,Major,A6008,A6008,457320,340160,52.95578103,-1.14821772,0.3,0.2,Counted,Manual count,N,109,53,179,257,34,5,1,0,0,0,0,6,529
48497,2020,A60,Major,A6008,A6008,457320,340160,52.95578103,-1.14821772,0.3,0.2,Counted,Manual count,S,110,10,153,279,23,1,0,0,0,0,0,1,466
48497,2021,A60,Major,A6008,A6008,457320,340160,52.95578103,-1.14821772,0.3,0.2,Estimated,Estimated using AADF from previous year on this link,N,89,57,197,265,38,5,1,0,0,0,0,6,563
48497,2021,A60,Major,A6008,A6008,457320,340160,52.95578103,-1.14821772,0.3,0.2,Estimated,Estimated using AADF from previous year on this link,S,90,10,168,288,25,1,0,0,0,0,0,1,493
48497,2022,A60,Major,A6008,A6008,457320,340160,52.95578103,-1.14821772,0.3,0.2,Estimated,Estimated using AADF from previous year on this link,N,80,62,210,285,41,5,1,0,0,0,0,6,604
48497,2022,A60,Major,A6008,A6008,457320,340160,52.95578103,-1.14821772,0.3,0.2,Estimated,Estimated using AADF from previous year on this link,S,80,11,180,310,27,1,0,0,0,0,0,1,529
48497,2023,A60,Major,A6008,A6008,457320,340160,52.95578103,-1.14821772,0.3,0.2,Estimated,Estimated using AADF from previous year on this link,N,78,61,214,288,41,5,1,0,0,0,0,6,611
48497,2023,A60,Major,A6008,A6008,457320,340160,52.95578103,-1.14821772,0.3,0.2,Estimated,Estimated using AADF from previous year on this link,S,79,11,183,313,28,1,0,0,0,0,0,1,536
48497,2024,A60,Major,A6008,A6008,457320,340160,52.95578103,-1.14821772,0.3,0.2,Estimated,Estimated using AADF from previous year on this link,N,79,63,218,289,42,5,1,0,0,0,0,6,618
48497,2024,A60,Major,A6008,A6008,457320,340160,52.95578103,-1.14821772,0.3,0.2,Estimated,Estimated using AADF from previous year on this link,S,80,11,186,314,28,1,0,0,0,0,0,1,541
48497,2025,A60,Major,A6008,A6008,457320,340160,52.95578103,-1.14821772,0.3,0.2,Estimated,Estimated using AADF from previous year on this link,N,79,64,218,283,43,5,1,0,0,0,0,6,614
48497,2025,A60,Major,A6008,A6008,457320,340160,52.95578103,-1.14821772,0.3,0.2,Estimated,Estimated using AADF from previous year on this link,S,80,12,186,307,29,1,0,0,0,0,0,1,535
56182,2000,A60,Major,A6130,A611,456930,341700,52.9696642,-1.15375214,0.3,0.2,Estimated,Estimated using AADF from previous year on this link,N,187,205,14157,607,1542,232,27,4,12,10,10,295,16806
56182,2000,A60,Major,A6130,A611,456930,341700,52.9696642,-1.15375214,0.3,0.2,Estimated,Estimated using AADF from previous year on this link,S,184,173,16745,632,1895,238,29,10,13,10,11,311,19756
56182,2001,A60,Major,A6130,A611,456930,341700,52.9696642,-1.15375214,0.3,0.2,Estimated,Estimated using AADF from previous year on this link,N,179,212,14440,619,1536,227,31,4,11,9,11,293,17100
56182,2001,A60,Major,A6130,A611,456930,341700,52.9696642,-1.15375214,0.3,0.2,Estimated,Estimated using AADF from previous year on this link,S,176,179,17080,644,1887,233,33,10,11,9,12,308,20098
56182,2002,A60,Major,A6130,A611,456930,341700,52.9696642,-1.15375214,0.3,0.2,Estimated,Estimated using AADF from previous year on this link,N,186,214,14411,633,1539,219,32,4,10,8,12,285,17082
56182,2002,A60,Major,A6130,A611,456930,341700,52.9696642,-1.15375214,0.3,0.2,Estimated,Estimated using AADF from previous year on this link,S,183,181,17046,658,1891,224,34,10,10,8,13,299,20075
56182,2003,A60,Major,A6130,A611,456930,341700,52.9696642,-1.15375214,0.3,0.2,Counted,Manual count,N,414,207,13215,558,1279,273,34,14,10,13,16,360,15619
56182,2003,A60,Major,A6130,A611,456930,341700,52.9696642,-1.15375214,0.3,0.2,Counted,Manual count,S,432,217,14333,564,1419,257,53,16,11,13,11,361,16894
56182,2004,A60,Major,A6130,A611,456930,341700,52.9696642,-1.15375214,0.3,0.2,Estimated,Estimated using AADF from previous year on this link,N,335,183,13241,519,1268,274,36,15,9,12,18,364,15575
56182,2004,A60,Major,A6130,A611,456930,341700,52.9696642,-1.15375214,0.3,0.2,Estimated,Estimated using AADF from previous year on this link,S,350,191,14362,524,1407,258,56,17,10,12,12,365,16849
56182,2005,A60,Major,A6130,A611,456930,341700,52.9696642,-1.15375214,0.3,0.2,Estimated,Estimated using AADF from previous year on this link,N,284,185,12910,510,1301,263,34,16,8,10,19,350,15256
56182,2005,A60,Major,A6130,A611,456930,341700,52.9696642,-1.15375214,0.3,0.2,Estimated,Estimated using AADF from previous year on this link,S,297,193,14003,516,1443,248,53,17,9,10,12,349,16504
56182,2006,A60,Major,A6130,A611,456930,341700,52.9696642,-1.15375214,0.3,0.2,Estimated,Estimated using AADF from previous year on this link,N,445,192,12949,502,1321,269,34,17,7,9,20,356,15320
56182,2006,A60,Major,A6130,A611,456930,341700,52.9696642,-1.15375214,0.3,0.2,Estimated,Estimated using AADF from previous year on this link,S,465,201,14045,508,1466,254,53,19,8,9,13,356,16576
56182,2007,A60,Major,A6130,A611,456930,341700,52.9696642,-1.15375214,0.3,0.2,Estimated,Estimated using AADF from previous year on this link,N,278,194,12340,483,1442,266,33,18,6,9,21,353,14812
56182,2007,A60,Major,A6130,A611,456930,341700,52.9696642,-1.15375214,0.3,0.2,Estimated,Estimated using AADF from previous year on this link,S,290,203,13385,488,1600,250,52,20,7,9,13,351,16027
56182,2008,A60,Major,A6130,A611,456930,341700,52.9696642,-1.15375214,0.3,0.2,Estimated,Estimated using AADF from previous year on this link,N,311,181,12106,488,1509,255,36,19,5,8,20,343,14627
56182,2008,A60,Major,A6130,A611,456930,341700,52.9696642,-1.15375214,0.3,0.2,Estimated,Estimated using AADF from previous year on this link,S,325,189,13130,493,1675,240,56,21,6,8,13,344,15831
56182,2009,A60,Major,A6130,A611,456930,341700,52.9696642,-1.15375214,0.3,0.2,Counted,Manual count,N,263,136,12814,631,1331,148,24,5,7,10,3,197,15109
56182,2009,A60,Major,A6130,A611,456930,341700,52.9696642,-1.15375214,0.3,0.2,Counted,Manual count,S,260,145,14050,642,1419,157,32,19,12,16,4,240,16496
56182,2010,A60,Major,A6130,A611,456930,341700,52.9696642,-1.15375214,0.3,0.2,Counted,Manual count,N,192,114,10995,664,1070,134,22,10,4,5,7,182,13025
56182,2010,A60,Major,A6130,A611,456930,341700,52.9696642,-1.15375214,0.3,0.2,Counted,Manual count,S,204,109,13200,674,1191,158,21,13,4,7,7,210,15384
56182,2011,A60,Major,A6130,A611,456930,341700,52.9696642,-1.15375214,0.3,0.2,Estimated,Estimated using AADF from previous year on this link,N,212,121,10940,663,1103,133,24,11,3,5,7,183,13010
56182,2011,A60,Major,A6130,A611,456930,341700,52.9696642,-1.15375214,0.3,0.2,Estimated,Estimated using AADF from previous year on this link,S,225,116,13134,673,1228,157,23,15,3,7,7,212,15363
56182,2012,A60,Major,A6130,A611,456930,341700,52.9696642,-1.15375214,0.3,0.2,Estimated,Estimated using AADF from previous year on this link,N,201,109,10894,712,1059,118,23,11,2,5,7,165,12940
56182,2012,A60,Major,A6130,A611,456930,341700,52.9696642,-1.15375214,0.3,0.2,Estimated,Estimated using AADF from previous year on this link,S,213,105,13078,723,1179,139,22,15,2,6,7,191,15277
56182,2013,A60,Major,A6130,A611,456930,341700,52.9696642,-1.15375214,0.3,0.2,Estimated,Estimated using AADF from previous year on this link,N,198,109,10832,670,1071,117,25,12,2,4,7,167,12850
56182,2013,A60,Major,A6130,A611,456930,341700,52.9696642,-1.15375214,0.3,0.2,Estimated,Estimated using AADF from previous year on this link,S,210,105,13004,680,1193,138,24,17,2,6,7,194,15176
56182,2014,A60,Major,A6130,A611,456930,341700,52.9696642,-1.15375214,0.3,0.2,Estimated,Estimated using AADF from previous year on this link,N,192,116,10720,712,1220,124,28,14,2,4,8,180,12947
56182,2014,A60,Major,A6130,A611,456930,341700,52.9696642,-1.15375214,0.3,0.2,Estimated,Estimated using AADF from previous year on this link,S,204,111,12869,722,1358,146,27,19,2,6,8,208,15269
56182,2015,A60,Major,A6130,A611,456930,341700,52.9696642,-1.15375214,0.3,0.2,Counted,Manual count,N,238,86,11331,724,1362,142,16,16,15,10,5,204,13707
56182,2015,A60,Major,A6130,A611,456930,341700,52.9696642,-1.15375214,0.3,0.2,Counted,Manual count,S,248,72,12069,747,1316,129,22,14,12,11,6,195,14399
56182,2016,A60,Major,A6130,A611,456930,341700,52.9696642,-1.15375214,0.3,0.2,Estimated,Estimated using AADF from previous year on this link,N,221,85,11508,671,1488,144,16,18,15,9,4,207,13958
56182,2016,A60,Major,A6130,A611,456930,341700,52.9696642,-1.15375214,0.3,0.2,Estimated,Estimated using AADF from previous year on this link,S,231,71,12258,692,1437,131,22,16,13,10,6,198,14655
56182,2017,A60,Major,A6130,A611,456930,341700,52.9696642,-1.15375214,0.3,0.2,Estimated,Estimated using AADF from previous year on this link,N,212,85,11423,626,1566,143,16,19,16,9,5,208,13908
56182,2017,A60,Major,A6130,A611,456930,341700,52.9696642,-1.15375214,0.3,0.2,Estimated,Estimated using AADF from previous year on this link,S,221,72,12167,646,1513,130,22,17,13,10,6,198,14596
56182,2018,A60,Major,A6130,A611,456930,341700,52.9696642,-1.15375214,0.3,0.2,Estimated,Estimated using AADF from previous year on this link,N,234,84,11297,568,1595,144,16,18,16,9,5,209,13754
56182,2018,A60,Major,A6130,A611,456930,341700,52.9696642,-1.15375214,0.3,0.2,Estimated,Estimated using AADF from previous year on this link,S,245,71,12033,586,1541,131,22,16,14,10,6,199,14431
56182,2019,A60,Major,A6130,A611,456930,341700,52.9696642,-1.15375214,0.3,0.2,Estimated,Estimated using AADF from previous year on this link,N,257,79,11439,574,1581,143,17,18,16,10,5,208,13882
56182,2019,A60,Major,A6130,A611,456930,341700,52.9696642,-1.15375214,0.3,0.2,Estimated,Estimated using AADF from previous year on this link,S,268,66,12184,593,1528,130,22,16,14,11,6,199,14570
56182,2020,A60,Major,A6130,A611,456930,341700,52.9696642,-1.15375214,0.3,0.2,Estimated,Estimated using AADF from previous year on this link,N,294,59,8689,363,1396,125,14,16,14,8,4,183,10688
56182,2020,A60,Major,A6130,A611,456930,341700,52.9696642,-1.15375214,0.3,0.2,Estimated,Estimated using AADF from previous year on this link,S,307,49,9255,374,1348,114,19,15,12,9,5,175,11201
56182,2021,A60,Major,A6130,A611,456930,341700,52.9696642,-1.15375214,0.3,0.2,Estimated,Estimated using AADF from previous year on this link,N,240,62,9572,374,1521,134,15,18,15,9,5,196,11726
56182,2021,A60,Major,A6130,A611,456930,341700,52.9696642,-1.15375214,0.3,0.2,Estimated,Estimated using AADF from previous year on this link,S,251,52,10196,386,1470,122,21,16,13,10,6,187,12292
56182,2022,A60,Major,A6130,A611,456930,341700,52.9696642,-1.15375214,0.3,0.2,Estimated,Estimated using AADF from previous year on this link,N,215,68,10224,402,1649,139,16,19,16,9,5,204,12547
56182,2022,A60,Major,A6130,A611,456930,341700,52.9696642,-1.15375214,0.3,0.2,Estimated,Estimated using AADF from previous year on this link,S,224,57,10891,415,1593,126,21,17,13,10,6,194,13150
56182,2023,A60,Major,A6130,A611,456930,341700,52.9696642,-1.15375214,0.3,0.2,Counted,Manual count,N,186,127,10463,620,1365,83,26,44,5,3,9,171,12746
56182,2023,A60,Major,A6130,A611,456930,341700,52.9696642,-1.15375214,0.3,0.2,Counted,Manual count,S,236,153,10614,627,1298,87,21,36,4,2,8,158,12851
56182,2024,A60,Major,A6130,A611,456930,341700,52.9696642,-1.15375214,0.3,0.2,Estimated,Estimated using AADF from previous year on this link,N,188,131,10622,623,1390,84,26,43,5,3,9,170,12936
56182,2024,A60,Major,A6130,A611,456930,341700,52.9696642,-1.15375214,0.3,0.2,Estimated,Estimated using AADF from previous year on this link,S,239,158,10775,630,1321,88,21,35,4,2,8,158,13042
56182,2025,A60,Major,A6130,A611,456930,341700,52.9696642,-1.15375214,0.3,0.2,Estimated,Estimated using AADF from previous year on this link,N,189,133,10635,609,1418,83,26,44,5,3,9,170,12966
56182,2025,A60,Major,A6130,A611,456930,341700,52.9696642,-1.15375214,0.3,0.2,Estimated,Estimated using AADF from previous year on this link,S,240,161,10788,616,1348,88,21,36,4,2,8,158,13071
56188,2000,A52,Major,A453 Queens Drive,A453 Clifton Lane,456190,336700,52.92480071,-1.16563384,0.8,0.5,Estimated,Estimated using AADF from previous year on this link,N,104,226,34833,390,4318,970,129,102,142,222,123,1688,41455
56188,2000,A52,Major,A453 Queens Drive,A453 Clifton Lane,456190,336700,52.92480071,-1.16563384,0.8,0.5,Estimated,Estimated using AADF from previous year on this link,S,230,268,34662,425,4166,768,104,108,155,185,127,1447,40968
56188,2001,A52,Major,A453 Queens Drive,A453 Clifton Lane,456190,336700,52.92480071,-1.16563384,0.8,0.5,Counted,Manual count,N,214,341,34244,351,3513,883,111,62,161,247,184,1648,40097
56188,2001,A52,Major,A453 Queens Drive,A453 Clifton Lane,456190,336700,52.92480071,-1.16563384,0.8,0.5,Counted,Manual count,S,248,388,33367,380,3519,721,93,74,173,292,103,1456,39110
56188,2002,A52,Major,A453 Queens Drive,A453 Clifton Lane,456190,336700,52.92480071,-1.16563384,0.8,0.5,Estimated,Estimated using AADF from previous year on this link,N,223,345,34176,359,3520,850,116,65,146,215,202,1594,39994
56188,2002,A52,Major,A453 Queens Drive,A453 Clifton Lane,456190,336700,52.92480071,-1.16563384,0.8,0.5,Estimated,Estimated using AADF from previous year on this link,S,258,392,33300,388,3526,694,97,77,157,254,113,1392,38998
56188,2003,A52,Major,A453 Queens Drive,A453 Clifton Lane,456190,336700,52.92480071,-1.16563384,0.8,0.5,Counted,Manual count,N,703,362,34378,260,3972,794,106,69,144,248,229,1590,40562
56188,2003,A52,Major,A453 Queens Drive,A453 Clifton Lane,456190,336700,52.92480071,-1.16563384,0.8,0.5,Counted,Manual count,S,5,322,34011,265,4118,666,88,82,126,269,177,1408,40124
56188,2004,A52,Major,A453 Queens Drive,A453 Clifton Lane,456190,336700,52.92480071,-1.16563384,0.8,0.5,Estimated,Estimated using AADF from previous year on this link,N,570,319,34447,242,3937,797,112,76,137,219,250,1591,40536
56188,2004,A52,Major,A453 Queens Drive,A453 Clifton Lane,456190,336700,52.92480071,-1.16563384,0.8,0.5,Estimated,Estimated using AADF from previous year on this link,S,4,284,34079,246,4081,668,93,90,119,237,193,1400,40090
56188,2005,A52,Major,A453 Queens Drive,A453 Clifton Lane,456190,336700,52.92480071,-1.16563384,0.8,0.5,Counted,Manual count,N,394,353,33801,212,4251,682,97,65,119,226,210,1399,40016
56188,2005,A52,Major,A453 Queens Drive,A453 Clifton Lane,456190,336700,52.92480071,-1.16563384,0.8,0.5,Counted,Manual count,S,7,290,36162,230,4060,650,100,70,126,277,203,1426,42168
56188,2006,A52,Major,A453 Queens Drive,A453 Clifton Lane,456190,336700,52.92480071,-1.16563384,0.8,0.5,Estimated,Estimated using AADF from previous year on this link,N,617,367,33902,209,4319,698,97,70,108,202,227,1402,40199
56188,2006,A52,Major,A453 Queens Drive,A453 Clifton Lane,456190,336700,52.92480071,-1.16563384,0.8,0.5,Estimated,Estimated using AADF from previous year on this link,S,12,302,36270,226,4125,665,99,75,114,248,220,1421,42344
56188,2007,A52,Major,A453 Queens Drive,A453 Clifton Lane,456190,336700,52.92480071,-1.16563384,0.8,0.5,Counted,Manual count,N,450,223,35657,203,4205,575,106,118,113,238,262,1412,41700
56188,2007,A52,Major,A453 Queens Drive,A453 Clifton Lane,456190,336700,52.92480071,-1.16563384,0.8,0.5,Counted,Manual count,S,2,243,31881,241,4138,640,105,114,110,299,184,1452,37955
56188,2008,A52,Major,A453 Queens Drive,A453 Clifton Lane,456190,336700,52.92480071,-1.16563384,0.8,0.5,Estimated,Estimated using AADF from previous year on this link,N,505,208,34979,205,4402,552,115,120,99,209,255,1350,41144
56188,2008,A52,Major,A453 Queens Drive,A453 Clifton Lane,456190,336700,52.92480071,-1.16563384,0.8,0.5,Estimated,Estimated using AADF from previous year on this link,S,3,227,31275,244,4333,615,114,116,96,263,179,1383,37462
56188,2009,A52,Major,A453 Queens Drive,A453 Clifton Lane,456190,336700,52.92480071,-1.16563384,0.8,0.5,Counted,Manual count,N,529,282,35540,218,4062,597,88,71,62,214,190,1222,41324
56188,2009,A52,Major,A453 Queens Drive,A453 Clifton Lane,456190,336700,52.92480071,-1.16563384,0.8,0.5,Counted,Manual count,S,2,244,35950,204,4223,558,63,72,62,210,181,1146,41767
56188,2010,A52,Major,A453 Queens Drive,A453 Clifton Lane,456190,336700,52.92480071,-1.16563384,0.8,0.5,Counted,Manual count,N,411,249,33092,275,4278,601,131,91,53,181,232,1289,39183
56188,2010,A52,Major,A453 Queens Drive,A453 Clifton Lane,456190,336700,52.92480071,-1.16563384,0.8,0.5,Counted,Manual count,S,8,242,36602,280,3440,436,92,73,60,118,292,1071,41635
56188,2011,A52,Major,A453 Queens Drive,A453 Clifton Lane,456190,336700,52.92480071,-1.16563384,0.8,0.5,Counted,Manual count,N,294,199,25929,239,3788,641,92,113,45,66,272,1229,31384
56188,2011,A52,Major,A453 Queens Drive,A453 Clifton Lane,456190,336700,52.92480071,-1.16563384,0.8,0.5,Counted,Manual count,S,4,265,32766,239,4347,486,107,208,9,116,342,1268,38885
56188,2012,A52,Major,A453 Queens Drive,A453 Clifton Lane,456190,336700,52.92480071,-1.16563384,0.8,0.5,Counted,Manual count,N,193,223,32836,219,4541,502,103,65,91,264,222,1247,39066
56188,2012,A52,Major,A453 Queens Drive,A453 Clifton Lane,456190,336700,52.92480071,-1.16563384,0.8,0.5,Counted,Manual count,S,198,203,31661,204,4503,415,124,56,61,227,213,1095,37666
56188,2013,A52,Major,A453 Queens Drive,A453 Clifton Lane,456190,336700,52.92480071,-1.16563384,0.8,0.5,Counted,Manual count,N,341,242,35227,243,4411,484,89,137,67,179,140,1095,41218
56188,2013,A52,Major,A453 Queens Drive,A453 Clifton Lane,456190,336700,52.92480071,-1.16563384,0.8,0.5,Counted,Manual count,S,382,208,36313,236,3807,429,110,132,58,171,147,1047,41610
56188,2014,A52,Major,A453 Queens Drive,A453 Clifton Lane,456190,336700,52.92480071,-1.16563384,0.8,0.5,Counted,Manual count,N,266,289,33502,257,4776,619,73,174,51,155,250,1322,40146
56188,2014,A52,Major,A453 Queens Drive,A453 Clifton Lane,456190,336700,52.92480071,-1.16563384,0.8,0.5,Counted,Manual count,S,287,291,33628,237,4812,570,59,182,42,135,276,1264,40233
56188,2015,A52,Major,A453 Queens Drive,A453 Clifton Lane,456190,336700,52.92480071,-1.16563384,0.8,0.5,Counted,Manual count,N,172,264,33996,175,4792,811,51,146,42,119,299,1468,40696
56188,2015,A52,Major,A453 Queens Drive,A453 Clifton Lane,456190,336700,52.92480071,-1.16563384,0.8,0.5,Counted,Manual count,S,204,289,33665,182,4887,780,44,133,30,87,388,1462,40485
56188,2016,A52,Major,A453 Queens Drive,A453 Clifton Lane,456190,336700,52.92480071,-1.16563384,0.8,0.5,Estimated,Estimated using AADF from previous year on this link,N,205,275,35013,178,5176,860,49,166,44,115,313,1547,42189
56188,2016,A52,Major,A453 Queens Drive,A453 Clifton Lane,456190,336700,52.92480071,-1.16563384,0.8,0.5,Estimated,Estimated using AADF from previous year on this link,S,243,300,34673,186,5278,827,43,151,31,84,405,1542,41978
56188,2017,A52,Major,A453 Queens Drive,A453 Clifton Lane,456190,336700,52.92480071,-1.16563384,0.8,0.5,Counted,Manual count,N,0,225,38940,194,6090,529,149,116,61,209,418,1482,46932
56188,2017,A52,Major,A453 Queens Drive,A453 Clifton Lane,456190,336700,52.92480071,-1.16563384,0.8,0.5,Counted,Manual count,S,0,261,38451,200,5887,489,124,117,61,220,391,1402,46202
56188,2018,A52,Major,A453 Queens Drive,A453 Clifton Lane,456190,336700,52.92480071,-1.16563384,0.8,0.5,Estimated,Estimated using AADF from previous year on this link,N,0,236,38808,188,6377,539,149,119,62,211,422,1503,47112
56188,2018,A52,Major,A453 Queens Drive,A453 Clifton Lane,456190,336700,52.92480071,-1.16563384,0.8,0.5,Estimated,Estimated using AADF from previous year on this link,S,0,274,38321,194,6165,498,124,120,62,222,395,1422,46375
56188,2019,A52,Major,A453 Queens Drive,A453 Clifton Lane,456190,336700,52.92480071,-1.16563384,0.8,0.5,Counted,Manual count,N,0,242,41201,187,6121,551,114,136,48,241,285,1376,49126
56188,2019,A52,Major,A453 Queens Drive,A453 Clifton Lane,456190,336700,52.92480071,-1.16563384,0.8,0.5,Counted,Manual count,S,0,252,40506,188,5744,467,116,129,56,235,269,1272,47962
56188,2020,A52,Major,A453 Queens Drive,A453 Clifton Lane,456190,336700,52.92480071,-1.16563384,0.8,0.5,Estimated,Estimated using AADF from previous year on this link,N,0,143,27682,114,4865,455,96,115,42,211,240,1160,33965
56188,2020,A52,Major,A453 Queens Drive,A453 Clifton Lane,456190,336700,52.92480071,-1.16563384,0.8,0.5,Estimated,Estimated using AADF from previous year on this link,S,0,149,27215,115,4566,385,98,109,48,207,227,1074,33119
56188,2021,A52,Major,A453 Queens Drive,A453 Clifton Lane,456190,336700,52.92480071,-1.16563384,0.8,0.5,Estimated,Estimated using AADF from previous year on this link,N,0,167,31777,139,5848,529,109,135,48,233,271,1326,39256
56188,2021,A52,Major,A453 Queens Drive,A453 Clifton Lane,456190,336700,52.92480071,-1.16563384,0.8,0.5,Estimated,Estimated using AADF from previous year on this link,S,0,173,31241,140,5488,448,111,128,55,228,257,1226,38269
56188,2022,A52,Major,A453 Queens Drive,A453 Clifton Lane,456190,336700,52.92480071,-1.16563384,0.8,0.5,Counted,Manual count,N,0,198,32175,158,6642,479,82,163,37,209,341,1311,40485
56188,2022,A52,Major,A453 Queens Drive,A453 Clifton Lane,456190,336700,52.92480071,-1.16563384,0.8,0.5,Counted,Manual count,S,0,237,33255,146,6267,436,107,133,42,221,322,1261,41165
56188,2023,A52,Major,A453 Queens Drive,A453 Clifton Lane,456190,336700,52.92480071,-1.16563384,0.8,0.5,Estimated,Estimated using AADF from previous year on this link,N,0,193,32654,158,6863,484,80,153,38,209,331,1294,41164
56188,2023,A52,Major,A453 Queens Drive,A453 Clifton Lane,456190,336700,52.92480071,-1.16563384,0.8,0.5,Estimated,Estimated using AADF from previous year on this link,S,0,231,33751,146,6475,441,104,125,42,221,313,1245,41848
56188,2024,A52,Major,A453 Queens Drive,A453 Clifton Lane,456190,336700,52.92480071,-1.16563384,0.8,0.5,Counted,Manual count,N,0,219,39738,162,6668,443,118,183,48,174,340,1306,48093
56188,2024,A52,Major,A453 Queens Drive,A453 Clifton Lane,456190,336700,52.92480071,-1.16563384,0.8,0.5,Counted,Manual count,S,4,241,39377,168,6769,420,121,160,67,130,366,1264,47820
56188,2025,A52,Major,A453 Queens Drive,A453 Clifton Lane,456190,336700,52.92480071,-1.16563384,0.8,0.5,Counted,Manual count,N,0,211,39266,179,6422,342,65,165,12,165,290,1040,47118
56188,2025,A52,Major,A453 Queens Drive,A453 Clifton Lane,456190,336700,52.92480071,-1.16563384,0.8,0.5,Counted,Manual count,S,0,245,39946,169,6284,392,102,106,45,275,244,1163,47807
56557,2000,A52,Major,A6464,A6514,454000,338860,52.94444014,-1.19784624,2,1.2,Estimated,Estimated using AADF from previous year on this link,E,52,164,16620,363,2048,346,39,11,72,96,97,661,19856
56557,2000,A52,Major,A6464,A6514,454000,338860,52.94444014,-1.19784624,2,1.2,Estimated,Estimated using AADF from previous year on this link,W,50,163,17675,352,2094,272,37,27,76,91,84,587,20871
56557,2001,A52,Major,A6464,A6514,454000,338860,52.94444014,-1.19784624,2,1.2,Counted,Manual count,E,80,123,15966,315,1879,452,48,49,54,121,80,804,19087
56557,2001,A52,Major,A6464,A6514,454000,338860,52.94444014,-1.19784624,2,1.2,Counted,Manual count,W,61,99,16136,295,1888,403,35,57,52,102,76,725,19143
56557,2002,A52,Major,A6464,A6514,454000,338860,52.94444014,-1.19784624,2,1.2,Estimated,Estimated using AADF from previous year on this link,E,83,124,15934,322,1883,435,50,51,49,105,88,778,19041
56557,2002,A52,Major,A6464,A6514,454000,338860,52.94444014,-1.19784624,2,1.2,Estimated,Estimated using AADF from previous year on this link,W,63,100,16104,301,1892,388,36,59,47,89,83,702,19099
56557,2003,A52,Major,A6464,A6514,454000,338860,52.94444014,-1.19784624,2,1.2,Counted,Manual count,E,62,292,15395,317,1770,380,78,39,53,128,90,768,18542
56557,2003,A52,Major,A6464,A6514,454000,338860,52.94444014,-1.19784624,2,1.2,Counted,Manual count,W,41,235,15280,337,1825,396,48,31,59,126,73,733,18410
56557,2004,A52,Major,A6464,A6514,454000,338860,52.94444014,-1.19784624,2,1.2,Estimated,Estimated using AADF from previous year on this link,E,50,258,15425,295,1754,382,83,43,50,113,99,770,18502
56557,2004,A52,Major,A6464,A6514,454000,338860,52.94444014,-1.19784624,2,1.2,Estimated,Estimated using AADF from previous year on this link,W,33,207,15311,314,1809,397,51,34,56,111,80,729,18370
56557,2005,A52,Major,A6464,A6514,454000,338860,52.94444014,-1.19784624,2,1.2,Counted,Manual count,E,80,128,14664,301,1914,317,41,45,63,129,93,688,17695
56557,2005,A52,Major,A6464,A6514,454000,338860,52.94444014,-1.19784624,2,1.2,Counted,Manual count,W,69,170,14804,314,1932,359,52,39,56,115,75,696,17916
56557,2006,A52,Major,A6464,A6514,454000,338860,52.94444014,-1.19784624,2,1.2,Estimated,Estimated using AADF from previous year on this link,E,126,133,14708,296,1945,324,40,49,57,115,100,685,17767
56557,2006,A52,Major,A6464,A6514,454000,338860,52.94444014,-1.19784624,2,1.2,Estimated,Estimated using AADF from previous year on this link,W,109,177,14848,309,1963,367,52,42,50,103,81,695,17992
56557,2007,A52,Major,A6464,A6514,454000,338860,52.94444014,-1.19784624,2,1.2,Counted,Manual count,E,47,131,15629,322,1843,325,56,58,36,99,93,667,18592
56557,2007,A52,Major,A6464,A6514,454000,338860,52.94444014,-1.19784624,2,1.2,Counted,Manual count,W,49,169,14682,323,2001,262,42,44,37,100,57,542,17717
56557,2008,A52,Major,A6464,A6514,454000,338860,52.94444014,-1.19784624,2,1.2,Estimated,Estimated using AADF from previous year on this link,E,53,122,15332,325,1929,312,60,59,31,87,91,640,18348
56557,2008,A52,Major,A6464,A6514,454000,338860,52.94444014,-1.19784624,2,1.2,Estimated,Estimated using AADF from previous year on this link,W,55,157,14403,326,2095,251,46,45,32,88,56,518,17499
56557,2009,A52,Major,A6464,A6514,454000,338860,52.94444014,-1.19784624,2,1.2,Estimated,Estimated using AADF from previous year on this link,E,53,115,15087,318,2089,300,63,59,29,77,90,618,18227
56557,2009,A52,Major,A6464,A6514,454000,338860,52.94444014,-1.19784624,2,1.2,Estimated,Estimated using AADF from previous year on this link,W,55,148,14173,319,2269,242,48,45,30,78,55,498,17407
56557,2010,A52,Major,A6464,A6514,454000,338860,52.94444014,-1.19784624,2,1.2,Estimated,Estimated using AADF from previous year on this link,E,53,106,14770,334,2099,298,60,48,31,67,84,588,17897
56557,2010,A52,Major,A6464,A6514,454000,338860,52.94444014,-1.19784624,2,1.2,Estimated,Estimated using AADF from previous year on this link,W,55,136,13875,335,2280,240,45,37,32,68,51,473,17099
56557,2011,A52,Major,A6464,A6514,454000,338860,52.94444014,-1.19784624,2,1.2,Counted,Manual count,E,93,132,14993,398,1735,244,52,56,38,61,50,501,17759
56557,2011,A52,Major,A6464,A6514,454000,338860,52.94444014,-1.19784624,2,1.2,Counted,Manual count,W,85,148,13597,414,1935,242,37,61,26,73,49,488,16582
56557,2012,A52,Major,A6464,A6514,454000,338860,52.94444014,-1.19784624,2,1.2,Estimated,Estimated using AADF from previous year on this link,E,88,119,14929,428,1666,216,50,56,28,57,50,455,17597
56557,2012,A52,Major,A6464,A6514,454000,338860,52.94444014,-1.19784624,2,1.2,Estimated,Estimated using AADF from previous year on this link,W,80,134,13539,445,1858,214,35,61,19,68,49,445,16421
56557,2013,A52,Major,A6464,A6514,454000,338860,52.94444014,-1.19784624,2,1.2,Estimated,Estimated using AADF from previous year on this link,E,87,119,14845,402,1685,215,53,63,20,53,50,454,17506
56557,2013,A52,Major,A6464,A6514,454000,338860,52.94444014,-1.19784624,2,1.2,Estimated,Estimated using AADF from previous year on this link,W,79,134,13463,419,1879,213,38,68,14,63,49,446,16340
56557,2014,A52,Major,A6464,A6514,454000,338860,52.94444014,-1.19784624,2,1.2,Estimated,Estimated using AADF from previous year on this link,E,84,127,14691,427,1919,227,61,71,21,52,56,489,17652
56557,2014,A52,Major,A6464,A6514,454000,338860,52.94444014,-1.19784624,2,1.2,Estimated,Estimated using AADF from previous year on this link,W,77,142,13323,444,2140,226,43,77,15,62,55,478,16527
56557,2015,A52,Major,A6464,A6514,454000,338860,52.94444014,-1.19784624,2,1.2,Estimated,Estimated using AADF from previous year on this link,E,78,129,14421,424,2018,221,64,69,26,51,55,487,17479
56557,2015,A52,Major,A6464,A6514,454000,338860,52.94444014,-1.19784624,2,1.2,Estimated,Estimated using AADF from previous year on this link,W,72,144,13079,441,2251,219,46,75,18,61,54,473,16388
56557,2016,A52,Major,A6464,A6514,454000,338860,52.94444014,-1.19784624,2,1.2,Counted,Manual count,E,91,129,13071,444,2024,187,38,26,18,71,46,386,16054
56557,2016,A52,Major,A6464,A6514,454000,338860,52.94444014,-1.19784624,2,1.2,Counted,Manual count,W,57,123,13117,428,1911,168,34,38,19,46,53,358,15937
56557,2017,A52,Major,A6464,A6514,454000,338860,52.94444014,-1.19784624,2,1.2,Counted,Automatic counter,E,93,144,14507,505,2395,217,43,31,20,80,53,444,17995
56557,2017,A52,Major,A6464,A6514,454000,338860,52.94444014,-1.19784624,2,1.2,Counted,Automatic counter,W,58,136,14402,482,2236,192,38,45,21,52,61,409,17665
56557,2018,A52,Major,A6464,A6514,454000,338860,52.94444014,-1.19784624,2.1,1.3,Counted,Automatic counter,E,95,150,14340,485,2487,219,43,32,21,80,53,447,17909
56557,2018,A52,Major,A6464,A6514,454000,338860,52.94444014,-1.19784624,2.1,1.3,Counted,Automatic counter,W,59,140,14117,459,2303,193,37,46,21,52,60,408,17428
56557,2019,A52,Major,A6464,A6514,454000,338860,52.94444014,-1.19784624,2.1,1.3,Estimated,Estimated using AADF from previous year on this link,E,106,148,14828,486,2482,210,43,33,21,84,57,446,18391
56557,2019,A52,Major,A6464,A6514,454000,338860,52.94444014,-1.19784624,2.1,1.3,Estimated,Estimated using AADF from previous year on this link,W,66,139,14598,460,2299,185,37,47,22,54,64,408,17904
56557,2020,A52,Major,A6464,A6514,454000,338860,52.94444014,-1.19784624,2.1,1.3,Counted,Automatic counter,E,112,102,10102,293,2036,174,34,28,17,71,47,370,12903
56557,2020,A52,Major,A6464,A6514,454000,338860,52.94444014,-1.19784624,2.1,1.3,Counted,Automatic counter,W,73,100,10478,292,1986,162,31,42,19,48,56,357,13212
56557,2021,A52,Major,A6464,A6514,454000,338860,52.94444014,-1.19784624,2.1,1.3,Counted,Manual count,E,62,105,11702,292,2296,155,19,46,13,41,81,354,14750
56557,2021,A52,Major,A6464,A6514,454000,338860,52.94444014,-1.19784624,2.1,1.3,Counted,Manual count,W,65,98,11116,298,2402,163,26,57,15,36,98,395,14310
56557,2022,A52,Major,A6464,A6514,454000,338860,52.94444014,-1.19784624,2.1,1.3,Counted,Automatic counter,E,68,129,13335,342,2536,159,20,48,14,42,83,366,16708
56557,2022,A52,Major,A6464,A6514,454000,338860,52.94444014,-1.19784624,2.1,1.3,Counted,Automatic counter,W,71,121,12759,352,2672,169,27,61,16,38,101,412,16315
56557,2023,A52,Major,A6464,A6514,454000,338860,52.94444014,-1.19784624,2.1,1.3,Estimated,Estimated using AADF from previous year on this link,E,64,124,13485,344,2591,157,19,46,14,41,76,353,16898
56557,2023,A52,Major,A6464,A6514,454000,338860,52.94444014,-1.19784624,2.1,1.3,Estimated,Estimated using AADF from previous year on this link,W,66,116,12902,354,2731,167,26,58,16,37,94,397,16499
56557,2024,A52,Major,A6464,A6514,454000,338860,52.94444014,-1.19784624,2.1,1.3,Counted,Automatic counter,E,57,118,12883,328,2533,149,18,43,13,39,73,335,16197
56557,2024,A52,Major,A6464,A6514,454000,338860,52.94444014,-1.19784624,2.1,1.3,Counted,Automatic counter,W,59,110,12276,335,2659,158,24,54,15,34,90,374,15755
56557,2025,A52,Major,A6464,A6514,454000,338860,52.94444014,-1.19784624,2.1,1.3,Estimated,Estimated using AADF from previous year on this link,E,60,121,12880,324,2565,149,18,43,13,38,73,333,16223
56557,2025,A52,Major,A6464,A6514,454000,338860,52.94444014,-1.19784624,2.1,1.3,Estimated,Estimated using AADF from previous year on this link,W,62,113,12274,332,2693,157,24,54,15,34,89,372,15783
56838,2000,A609,Major,A6130,A610/A6200 roundabout,456000,340180,52.95610005,-1.16786024,0.9,0.6,Estimated,Estimated using AADF from previous year on this link,E,48,57,5527,248,682,155,8,5,9,4,7,188,6702
56838,2000,A609,Major,A6130,A610/A6200 roundabout,456000,340180,52.95610005,-1.16786024,0.9,0.6,Estimated,Estimated using AADF from previous year on this link,W,56,39,3968,264,523,92,6,3,9,7,1,118,4912
56838,2001,A609,Major,A6130,A610/A6200 roundabout,456000,340180,52.95610005,-1.16786024,0.9,0.6,Counted,Manual count,E,72,87,5164,249,604,94,16,5,13,5,5,138,6242
56838,2001,A609,Major,A6130,A610/A6200 roundabout,456000,340180,52.95610005,-1.16786024,0.9,0.6,Counted,Manual count,W,69,67,3352,236,417,60,7,4,7,3,1,82,4154
56838,2002,A609,Major,A6130,A610/A6200 roundabout,456000,340180,52.95610005,-1.16786024,0.9,0.6,Estimated,Estimated using AADF from previous year on this link,E,75,90,5247,251,647,89,16,5,12,4,5,131,6366
56838,2002,A609,Major,A6130,A610/A6200 roundabout,456000,340180,52.95610005,-1.16786024,0.9,0.6,Estimated,Estimated using AADF from previous year on this link,W,72,69,3406,238,447,57,7,4,6,3,1,78,4238
56838,2003,A609,Major,A6130,A610/A6200 roundabout,456000,340180,52.95610005,-1.16786024,0.9,0.6,Estimated,Estimated using AADF from previous year on this link,E,67,128,5053,244,703,86,16,5,12,4,6,129,6257
56838,2003,A609,Major,A6130,A610/A6200 roundabout,456000,340180,52.95610005,-1.16786024,0.9,0.6,Estimated,Estimated using AADF from previous year on this link,W,64,98,3280,232,485,55,7,4,6,3,1,76,4171
56838,2004,A609,Major,A6130,A610/A6200 roundabout,456000,340180,52.95610005,-1.16786024,0.9,0.6,Estimated,Estimated using AADF from previous year on this link,E,54,84,5119,200,774,105,21,7,12,3,6,154,6331
56838,2004,A609,Major,A6130,A610/A6200 roundabout,456000,340180,52.95610005,-1.16786024,0.9,0.6,Estimated,Estimated using AADF from previous year on this link,W,52,65,3323,190,534,67,9,6,6,3,1,92,4204
56838,2005,A609,Major,A6130,A610/A6200 roundabout,456000,340180,52.95610005,-1.16786024,0.9,0.6,Estimated,Estimated using AADF from previous year on this link,E,46,69,4883,189,825,114,22,8,10,3,6,163,6129
56838,2005,A609,Major,A6130,A610/A6200 roundabout,456000,340180,52.95610005,-1.16786024,0.9,0.6,Estimated,Estimated using AADF from previous year on this link,W,44,53,3170,179,570,73,10,6,5,2,1,97,4069
56838,2006,A609,Major,A6130,A610/A6200 roundabout,456000,340180,52.95610005,-1.16786024,0.9,0.6,Estimated,Estimated using AADF from previous year on this link,E,72,60,4790,175,837,110,21,8,8,2,6,155,6017
56838,2006,A609,Major,A6130,A610/A6200 roundabout,456000,340180,52.95610005,-1.16786024,0.9,0.6,Estimated,Estimated using AADF from previous year on this link,W,69,46,3110,166,578,70,9,7,4,2,1,93,3993
56838,2007,A609,Major,A6130,A610/A6200 roundabout,456000,340180,52.95610005,-1.16786024,0.9,0.6,Estimated,Estimated using AADF from previous year on this link,E,45,58,4714,159,881,102,19,8,6,2,6,143,5955
56838,2007,A609,Major,A6130,A610/A6200 roundabout,456000,340180,52.95610005,-1.16786024,0.9,0.6,Estimated,Estimated using AADF from previous year on this link,W,43,44,3060,151,609,65,8,7,3,1,1,85,3949
56838,2008,A609,Major,A6130,A610/A6200 ,456000,340180,52.95610005,-1.16786024,0.9,0.6,Estimated,Estimated using AADF from previous year on this link,E,50,55,4610,139,900,102,22,9,5,2,6,146,5850
56838,2008,A609,Major,A6130,A610/A6200 ,456000,340180,52.95610005,-1.16786024,0.9,0.6,Estimated,Estimated using AADF from previous year on this link,W,48,42,2992,131,622,65,10,7,3,1,1,87,3874
56838,2009,A609,Major,A6130,A610/A6200 ,456000,340180,52.95610005,-1.16786024,0.9,0.6,Counted,Manual count,E,81,29,4982,281,543,47,13,7,1,2,2,72,5907
56838,2009,A609,Major,A6130,A610/A6200 ,456000,340180,52.95610005,-1.16786024,0.9,0.6,Counted,Manual count,W,74,21,3767,267,384,47,8,3,1,1,2,62,4501
56838,2010,A609,Major,A6130,A610/A6200 ,456000,340180,52.95610005,-1.16786024,0.9,0.6,Estimated,Estimated using AADF from previous year on this link,E,81,28,4952,318,580,50,13,6,1,2,2,74,5952
56838,2010,A609,Major,A6130,A610/A6200 ,456000,340180,52.95610005,-1.16786024,0.9,0.6,Estimated,Estimated using AADF from previous year on this link,W,74,20,3744,303,410,50,8,3,1,1,2,65,4542
56838,2011,A609,Major,A6130,A610/A6200 ,456000,340180,52.95610005,-1.16786024,0.9,0.6,Estimated,Estimated using AADF from previous year on this link,E,89,24,4937,301,647,51,14,7,1,2,2,77,5986
56838,2011,A609,Major,A6130,A610/A6200 ,456000,340180,52.95610005,-1.16786024,0.9,0.6,Estimated,Estimated using AADF from previous year on this link,W,82,17,3733,286,458,51,9,3,1,1,2,67,4561
56838,2012,A609,Major,A6130,A610/A6200,456000,340180,52.95610005,-1.16786024,0.9,0.6,Estimated,Estimated using AADF from previous year on this link,E,84,23,4860,327,655,52,15,8,1,2,2,79,5944
56838,2012,A609,Major,A6130,A610/A6200,456000,340180,52.95610005,-1.16786024,0.9,0.6,Estimated,Estimated using AADF from previous year on this link,W,78,16,3675,311,463,52,10,3,1,1,2,68,4534
56838,2013,A609,Major,A6130,A610/A6200,456000,340180,52.95610005,-1.16786024,0.9,0.6,Estimated,Estimated using AADF from previous year on this link,E,83,26,4817,342,680,52,17,9,1,2,2,82,5947
56838,2013,A609,Major,A6130,A610/A6200,456000,340180,52.95610005,-1.16786024,0.9,0.6,Estimated,Estimated using AADF from previous year on this link,W,77,18,3642,325,482,52,11,4,1,1,2,70,4537
56838,2014,A609,Major,A6130,A610/A6200,456000,340180,52.95610005,-1.16786024,0.9,0.6,Estimated,Estimated using AADF from previous year on this link,E,81,24,4948,329,728,53,18,10,0,1,2,85,6114
56838,2014,A609,Major,A6130,A610/A6200,456000,340180,52.95610005,-1.16786024,0.9,0.6,Estimated,Estimated using AADF from previous year on this link,W,74,17,3741,313,515,53,12,4,0,1,2,72,4659
56838,2015,A609,Major,A6130,A610/A6200,456000,340180,52.95610005,-1.16786024,0.9,0.6,Estimated,Estimated using AADF from previous year on this link,E,75,22,5046,355,763,51,19,9,1,1,2,82,6268
56838,2015,A609,Major,A6130,A610/A6200,456000,340180,52.95610005,-1.16786024,0.9,0.6,Estimated,Estimated using AADF from previous year on this link,W,69,15,3815,337,540,51,12,4,1,1,2,70,4777
56838,2016,A609,Major,A6130,A610/A6200,456000,340180,52.95610005,-1.16786024,0.9,0.6,Estimated,Estimated using AADF from previous year on this link,E,70,21,5124,329,833,51,19,11,1,1,2,84,6392
56838,2016,A609,Major,A6130,A610/A6200,456000,340180,52.95610005,-1.16786024,0.9,0.6,Estimated,Estimated using AADF from previous year on this link,W,64,15,3875,312,590,51,12,5,1,1,2,71,4863
56838,2017,A609,Major,A6130,A610/A6200,456000,340180,52.95610005,-1.16786024,0.9,0.6,Estimated,Estimated using AADF from previous year on this link,E,67,21,5087,307,877,51,19,11,1,1,2,84,6377
56838,2017,A609,Major,A6130,A610/A6200,456000,340180,52.95610005,-1.16786024,0.9,0.6,Estimated,Estimated using AADF from previous year on this link,W,62,15,3846,292,621,51,12,5,1,1,2,71,4845
56838,2018,A609,Major,A6130,A610/A6200,456000,340180,52.95610005,-1.16786024,0.9,0.6,Counted,Manual count,E,46,41,3503,213,466,45,5,28,1,4,5,88,4311
56838,2018,A609,Major,A6130,A610/A6200,456000,340180,52.95610005,-1.16786024,0.9,0.6,Counted,Manual count,W,46,31,2482,227,336,39,11,23,0,1,2,76,3151
56838,2019,A609,Major,A6130,A610/A6200,456000,340180,52.95610005,-1.16786024,0.9,0.6,Estimated,Estimated using AADF from previous year on this link,E,51,39,3547,216,462,45,5,28,1,4,5,87,4351
56838,2019,A609,Major,A6130,A610/A6200,456000,340180,52.95610005,-1.16786024,0.9,0.6,Estimated,Estimated using AADF from previous year on this link,W,51,29,2513,229,333,39,11,23,0,1,2,76,3180
56838,2020,A609,Major,A6130,A610/A6200,456000,340180,52.95610005,-1.16786024,0.9,0.6,Estimated,Estimated using AADF from previous year on this link,E,58,28,2694,136,408,39,5,25,1,3,4,77,3344
56838,2020,A609,Major,A6130,A610/A6200,456000,340180,52.95610005,-1.16786024,0.9,0.6,Estimated,Estimated using AADF from previous year on this link,W,58,21,1909,145,294,34,10,21,0,1,2,67,2436
56838,2021,A609,Major,A6130,A610/A6200,456000,340180,52.95610005,-1.16786024,0.9,0.6,Estimated,Estimated using AADF from previous year on this link,E,47,30,2968,141,445,42,5,28,1,4,4,83,3667
56838,2021,A609,Major,A6130,A610/A6200,456000,340180,52.95610005,-1.16786024,0.9,0.6,Estimated,Estimated using AADF from previous year on this link,W,47,23,2103,149,320,36,10,23,0,1,2,72,2667
56838,2022,A609,Major,A6130,A610/A6200,456000,340180,52.95610005,-1.16786024,0.9,0.6,Estimated,Estimated using AADF from previous year on this link,E,42,33,3170,151,482,43,5,29,1,4,4,87,3923
56838,2022,A609,Major,A6130,A610/A6200,456000,340180,52.95610005,-1.16786024,0.9,0.6,Estimated,Estimated using AADF from previous year on this link,W,42,25,2246,161,347,38,11,24,0,1,2,75,2854
56838,2023,A609,Major,A6130,A610/A6200,456000,340180,52.95610005,-1.16786024,0.9,0.6,Estimated,Estimated using AADF from previous year on this link,E,42,33,3230,153,490,43,5,29,1,4,4,86,3991
56838,2023,A609,Major,A6130,A610/A6200,456000,340180,52.95610005,-1.16786024,0.9,0.6,Estimated,Estimated using AADF from previous year on this link,W,42,24,2288,162,353,37,11,24,0,1,2,74,2902
56838,2024,A609,Major,A6130,A610/A6200,456000,340180,52.95610005,-1.16786024,0.9,0.6,Estimated,Estimated using AADF from previous year on this link,E,42,34,3279,153,499,43,5,28,1,4,4,85,4050
56838,2024,A609,Major,A6130,A610/A6200,456000,340180,52.95610005,-1.16786024,0.9,0.6,Estimated,Estimated using AADF from previous year on this link,W,42,25,2323,163,359,38,11,23,0,1,2,74,2944
56838,2025,A609,Major,A6130,A610/A6200,456000,340180,52.95610005,-1.16786024,0.9,0.6,Estimated,Estimated using AADF from previous year on this link,E,42,34,3283,150,509,43,5,29,1,3,4,85,4061
56838,2025,A609,Major,A6130,A610/A6200,456000,340180,52.95610005,-1.16786024,0.9,0.6,Estimated,Estimated using AADF from previous year on this link,W,42,26,2326,159,367,37,11,24,0,1,2,74,2952
56857,2000,A610,Major,A6130,A610,456000,340520,52.95915594,-1.16780167,1.4,0.9,Counted,Manual count,N,137,94,9162,497,1225,227,17,9,20,10,12,295,11273
56857,2000,A610,Major,A6130,A610,456000,340520,52.95915594,-1.16780167,1.4,0.9,Counted,Manual count,S,144,101,8087,523,1053,167,15,9,19,16,11,237,10001
56857,2001,A610,Major,A6130,A610,456000,340520,52.95915594,-1.16780167,1.4,0.9,Estimated,Estimated using AADF from previous year on this link,N,131,97,9345,506,1220,222,20,9,18,9,13,291,11459
56857,2001,A610,Major,A6130,A610,456000,340520,52.95915594,-1.16780167,1.4,0.9,Estimated,Estimated using AADF from previous year on this link,S,138,105,8249,533,1049,164,17,9,17,14,12,233,10169
56857,2002,A610,Major,A6130,A610,456000,340520,52.95915594,-1.16780167,1.4,0.9,Counted,Manual count,N,107,133,9093,402,1215,166,30,15,14,13,10,248,11091
56857,2002,A610,Major,A6130,A610,456000,340520,52.95915594,-1.16780167,1.4,0.9,Counted,Manual count,S,134,112,7836,464,1011,152,30,19,11,14,4,230,9653
56857,2003,A610,Major,A6130,A610,456000,340520,52.95915594,-1.16780167,1.4,0.9,Estimated,Estimated using AADF from previous year on this link,N,96,149,8966,359,1324,178,34,18,13,12,11,266,11064
56857,2003,A610,Major,A6130,A610,456000,340520,52.95915594,-1.16780167,1.4,0.9,Estimated,Estimated using AADF from previous year on this link,S,120,126,7726,414,1102,163,34,22,11,12,4,246,9614
56857,2004,A610,Major,A6130,A610,456000,340520,52.95915594,-1.16780167,1.4,0.9,Estimated,Estimated using AADF from previous year on this link,N,77,131,8984,334,1312,179,36,19,13,10,12,269,11030
56857,2004,A610,Major,A6130,A610,456000,340520,52.95915594,-1.16780167,1.4,0.9,Estimated,Estimated using AADF from previous year on this link,S,97,111,7742,385,1092,164,36,24,10,11,5,250,9580
56857,2005,A610,Major,A6130,A610,456000,340520,52.95915594,-1.16780167,1.4,0.9,Estimated,Estimated using AADF from previous year on this link,N,66,133,8759,329,1347,172,34,20,11,9,13,259,10827
56857,2005,A610,Major,A6130,A610,456000,340520,52.95915594,-1.16780167,1.4,0.9,Estimated,Estimated using AADF from previous year on this link,S,82,112,7548,379,1120,157,34,25,9,10,5,240,9399
56857,2006,A610,Major,A6130,A610,456000,340520,52.95915594,-1.16780167,1.4,0.9,Estimated,Estimated using AADF from previous year on this link,N,103,138,8785,323,1368,176,34,21,10,8,14,263,10877
56857,2006,A610,Major,A6130,A610,456000,340520,52.95915594,-1.16780167,1.4,0.9,Estimated,Estimated using AADF from previous year on this link,S,129,116,7571,373,1138,161,34,27,8,9,5,244,9442
56857,2007,A610,Major,A6130,A610,456000,340520,52.95915594,-1.16780167,1.4,0.9,Estimated,Estimated using AADF from previous year on this link,N,64,139,8372,311,1493,174,33,23,9,7,14,260,10575
56857,2007,A610,Major,A6130,A610,456000,340520,52.95915594,-1.16780167,1.4,0.9,Estimated,Estimated using AADF from previous year on this link,S,80,117,7215,359,1242,159,33,29,7,8,6,242,9175
56857,2008,A610,Major,A6130,A609,456000,340520,52.95915594,-1.16780167,1.4,0.9,Counted,Manual count,N,161,104,7427,357,1109,96,18,8,6,7,6,141,9138
56857,2008,A610,Major,A6130,A609,456000,340520,52.95915594,-1.16780167,1.4,0.9,Counted,Manual count,S,152,106,6310,386,951,98,21,8,1,10,9,147,7900
56857,2009,A610,Major,A6130,A609,456000,340520,52.95915594,-1.16780167,1.4,0.9,Estimated,Estimated using AADF from previous year on this link,N,161,116,7590,353,1126,87,18,8,6,6,6,131,9316
56857,2009,A610,Major,A6130,A609,456000,340520,52.95915594,-1.16780167,1.4,0.9,Estimated,Estimated using AADF from previous year on this link,S,152,118,6449,382,965,89,21,8,1,9,9,137,8051
56857,2010,A610,Major,A6130,A609,456000,340520,52.95915594,-1.16780167,1.4,0.9,Estimated,Estimated using AADF from previous year on this link,N,162,110,7544,400,1203,93,18,7,7,6,6,137,9394
56857,2010,A610,Major,A6130,A609,456000,340520,52.95915594,-1.16780167,1.4,0.9,Estimated,Estimated using AADF from previous year on this link,S,153,112,6410,433,1031,95,21,7,1,9,9,142,8128
56857,2011,A610,Major,A6130,A609,456000,340520,52.95915594,-1.16780167,1.4,0.9,Estimated,Estimated using AADF from previous year on this link,N,179,93,7521,378,1343,94,20,8,6,6,7,141,9476
56857,2011,A610,Major,A6130,A609,456000,340520,52.95915594,-1.16780167,1.4,0.9,Estimated,Estimated using AADF from previous year on this link,S,169,95,6391,409,1151,97,23,8,1,9,10,148,8194
56857,2012,A610,Major,A6130,A609,456000,340520,52.95915594,-1.16780167,1.4,0.9,Estimated,Estimated using AADF from previous year on this link,N,169,89,7404,411,1359,95,22,9,4,5,7,142,9405
56857,2012,A610,Major,A6130,A609,456000,340520,52.95915594,-1.16780167,1.4,0.9,Estimated,Estimated using AADF from previous year on this link,S,160,91,6291,445,1165,98,25,9,1,8,10,151,8142
56857,2013,A610,Major,A6130,A609,456000,340520,52.95915594,-1.16780167,1.4,0.9,Estimated,Estimated using AADF from previous year on this link,E,167,99,7338,430,1412,96,24,10,3,5,7,145,9424
56857,2013,A610,Major,A6130,A609,456000,340520,52.95915594,-1.16780167,1.4,0.9,Estimated,Estimated using AADF from previous year on this link,W,158,101,6236,465,1210,99,27,10,1,8,10,154,8167
56857,2014,A610,Major,A6130,A609,456000,340520,52.95915594,-1.16780167,1.4,0.9,Estimated,Estimated using AADF from previous year on this link,E,162,95,7537,414,1510,98,26,11,3,4,6,149,9705
56857,2014,A610,Major,A6130,A609,456000,340520,52.95915594,-1.16780167,1.4,0.9,Estimated,Estimated using AADF from previous year on this link,W,153,97,6405,448,1294,101,30,11,0,6,9,159,8402
56857,2015,A610,Major,A6130,A609,456000,340520,52.95915594,-1.16780167,1.4,0.9,Estimated,Estimated using AADF from previous year on this link,E,151,84,7687,446,1584,93,27,11,3,4,6,144,9944
56857,2015,A610,Major,A6130,A609,456000,340520,52.95915594,-1.16780167,1.4,0.9,Estimated,Estimated using AADF from previous year on this link,W,142,85,6532,482,1357,96,31,11,1,6,9,153,8610
56857,2016,A610,Major,A6130,A609,456000,340520,52.95915594,-1.16780167,1.4,0.9,Counted,Manual count,E,95,65,6369,302,804,83,9,11,4,13,6,127,7667
56857,2016,A610,Major,A6130,A609,456000,340520,52.95915594,-1.16780167,1.4,0.9,Counted,Manual count,W,123,63,7017,329,975,90,13,11,4,12,5,137,8520
56857,2017,A610,Major,A6130,A609,456000,340520,52.95915594,-1.16780167,1.4,0.9,Estimated,Estimated using AADF from previous year on this link,E,91,65,6322,282,846,83,9,12,4,13,6,127,7643
56857,2017,A610,Major,A6130,A609,456000,340520,52.95915594,-1.16780167,1.4,0.9,Estimated,Estimated using AADF from previous year on this link,W,118,63,6966,307,1026,90,13,12,5,12,6,137,8499
56857,2018,A610,Major,A6130,A609,456000,340520,52.95915594,-1.16780167,1.4,0.9,Estimated,Estimated using AADF from previous year on this link,E,100,64,6253,256,862,84,9,11,4,14,7,128,7563
56857,2018,A610,Major,A6130,A609,456000,340520,52.95915594,-1.16780167,1.4,0.9,Estimated,Estimated using AADF from previous year on this link,W,130,63,6889,278,1046,91,13,11,5,13,6,138,8413
56857,2019,A610,Major,A6130,A609,456000,340520,52.95915594,-1.16780167,1.4,0.9,Estimated,Estimated using AADF from previous year on this link,E,110,60,6331,259,855,83,9,11,4,14,7,127,7633
56857,2019,A610,Major,A6130,A609,456000,340520,52.95915594,-1.16780167,1.4,0.9,Estimated,Estimated using AADF from previous year on this link,W,143,59,6975,281,1036,89,13,11,5,13,6,138,8490
56857,2020,A610,Major,A6130,A609,456000,340520,52.95915594,-1.16780167,1.4,0.9,Estimated,Estimated using AADF from previous year on this link,E,126,45,4809,164,754,73,8,10,3,12,6,112,5884
56857,2020,A610,Major,A6130,A609,456000,340520,52.95915594,-1.16780167,1.4,0.9,Estimated,Estimated using AADF from previous year on this link,W,163,43,5298,178,915,79,12,10,4,12,5,121,6555
56857,2021,A610,Major,A6130,A609,456000,340520,52.95915594,-1.16780167,1.4,0.9,Estimated,Estimated using AADF from previous year on this link,E,103,47,5298,169,822,78,8,11,4,13,6,120,6457
56857,2021,A610,Major,A6130,A609,456000,340520,52.95915594,-1.16780167,1.4,0.9,Estimated,Estimated using AADF from previous year on this link,W,133,46,5837,183,997,84,13,11,4,12,5,130,7194
56857,2022,A610,Major,A6130,A609,456000,340520,52.95915594,-1.16780167,1.4,0.9,Estimated,Estimated using AADF from previous year on this link,E,92,52,5659,182,891,80,9,12,4,14,6,124,6908
56857,2022,A610,Major,A6130,A609,456000,340520,52.95915594,-1.16780167,1.4,0.9,Estimated,Estimated using AADF from previous year on this link,W,119,50,6235,197,1081,87,13,12,5,13,6,135,7698
56857,2023,A610,Major,A6130,A609,456000,340520,52.95915594,-1.16780167,1.4,0.9,Estimated,Estimated using AADF from previous year on this link,E,90,51,5765,183,906,79,8,12,4,13,6,123,7029
56857,2023,A610,Major,A6130,A609,456000,340520,52.95915594,-1.16780167,1.4,0.9,Estimated,Estimated using AADF from previous year on this link,W,117,49,6352,199,1099,86,13,12,5,12,5,133,7832
56857,2024,A610,Major,A6130,A609,456000,340520,52.95915594,-1.16780167,1.4,0.9,Counted,Manual count,E,175,103,5562,205,745,36,14,36,1,2,5,94,6709
56857,2024,A610,Major,A6130,A609,456000,340520,52.95915594,-1.16780167,1.4,0.9,Counted,Manual count,W,149,75,6118,196,854,37,19,30,2,1,9,97,7340
56857,2025,A610,Major,A6130,A609,456000,340520,52.95915594,-1.16780167,1.4,0.9,Estimated,Estimated using AADF from previous year on this link,E,175,105,5568,201,760,36,14,37,1,2,5,95,6729
56857,2025,A610,Major,A6130,A609,456000,340520,52.95915594,-1.16780167,1.4,0.9,Estimated,Estimated using AADF from previous year on this link,W,149,76,6125,191,872,37,19,30,2,1,9,97,7362
56903,2000,A453,Major,C1 Crusader Roundabout,Silverdale flyover,455000,335035,52.90995766,-1.18361344,2.5,1.6,Estimated,Estimated using AADF from previous year on this link,N,70,69,11393,141,1599,418,49,51,156,279,225,1178,14380
56903,2000,A453,Major,C1 Crusader Roundabout,Silverdale flyover,455000,335035,52.90995766,-1.18361344,2.5,1.6,Estimated,Estimated using AADF from previous year on this link,S,77,82,11529,159,1685,424,41,42,178,239,188,1112,14567
56903,2001,A453,Major,C1 Crusader Roundabout,Silverdale flyover,455000,335035,52.90995766,-1.18361344,2.5,1.6,Counted,Manual count,N,63,178,11589,150,1612,477,57,60,145,347,202,1288,14817
56903,2001,A453,Major,C1 Crusader Roundabout,Silverdale flyover,455000,335035,52.90995766,-1.18361344,2.5,1.6,Counted,Manual count,S,67,183,11926,169,1543,470,55,50,164,280,181,1200,15021
56903,2002,A453,Major,C1 Crusader Roundabout,Silverdale flyover,455000,335035,52.90995766,-1.18361344,2.5,1.6,Estimated,Estimated using AADF from previous year on this link,N,66,180,11566,153,1615,459,59,63,132,302,221,1236,14750
56903,2002,A453,Major,C1 Crusader Roundabout,Silverdale flyover,455000,335035,52.90995766,-1.18361344,2.5,1.6,Estimated,Estimated using AADF from previous year on this link,S,70,185,11902,173,1546,453,57,52,149,243,198,1152,14958
56903,2003,A453,Major,C1 Crusader Roundabout,Silverdale flyover,455000,335035,52.90995766,-1.18361344,2.5,1.6,Counted,Manual count,N,152,90,12365,95,1511,433,75,59,99,266,259,1191,15252
56903,2003,A453,Major,C1 Crusader Roundabout,Silverdale flyover,455000,335035,52.90995766,-1.18361344,2.5,1.6,Counted,Manual count,S,100,90,12494,99,1556,497,96,59,123,261,250,1286,15525
56903,2004,A453,Major,C1 Crusader Roundabout,Silverdale flyover,455000,335035,52.90995766,-1.18361344,2.5,1.6,Estimated,Estimated using AADF from previous year on this link,N,123,79,12389,88,1497,434,79,65,94,235,283,1190,15243
56903,2004,A453,Major,C1 Crusader Roundabout,Silverdale flyover,455000,335035,52.90995766,-1.18361344,2.5,1.6,Estimated,Estimated using AADF from previous year on this link,S,81,79,12519,92,1542,499,102,65,117,231,274,1288,15520
56903,2005,A453,Major,C1 Crusader Roundabout,Silverdale flyover,455000,335035,52.90995766,-1.18361344,2.5,1.6,Counted,Manual count,N,68,117,12315,152,1570,400,61,44,154,286,288,1233,15387
56903,2005,A453,Major,C1 Crusader Roundabout,Silverdale flyover,455000,335035,52.90995766,-1.18361344,2.5,1.6,Counted,Manual count,S,80,136,12828,177,1713,421,68,58,150,232,315,1244,16098
56903,2006,A453,Major,C1 Crusader Roundabout,Silverdale flyover,455000,335035,52.90995766,-1.18361344,2.5,1.6,Estimated,Estimated using AADF from previous year on this link,N,106,121,12352,150,1595,409,61,48,140,256,312,1226,15444
56903,2006,A453,Major,C1 Crusader Roundabout,Silverdale flyover,455000,335035,52.90995766,-1.18361344,2.5,1.6,Estimated,Estimated using AADF from previous year on this link,S,125,141,12867,174,1741,431,68,63,136,207,341,1246,16169
56903,2007,A453,Major,C1 Crusader Roundabout,Silverdale flyover,455000,335035,52.90995766,-1.18361344,2.5,1.6,Counted,Manual count,N,146,78,10937,141,1671,349,78,43,83,184,346,1083,13910
56903,2007,A453,Major,C1 Crusader Roundabout,Silverdale flyover,455000,335035,52.90995766,-1.18361344,2.5,1.6,Counted,Manual count,S,92,74,12059,141,1582,437,89,48,89,183,340,1186,15042
56903,2008,A453,Major,C1 Crusader Roundabout,A453 split,455000,335035,52.90995766,-1.18361344,2.5,1.6,Estimated,Estimated using AADF from previous year on this link,N,164,73,10729,142,1749,335,84,44,73,162,338,1036,13729
56903,2008,A453,Major,C1 Crusader Roundabout,A453 split,455000,335035,52.90995766,-1.18361344,2.5,1.6,Estimated,Estimated using AADF from previous year on this link,S,103,69,11830,142,1656,420,97,49,78,161,331,1136,14833
56903,2009,A453,Major,C1 Crusader Roundabout,A453 split,455000,335035,52.90995766,-1.18361344,2.5,1.6,Estimated,Estimated using AADF from previous year on this link,N,164,69,10557,139,1894,323,88,44,69,143,335,1002,13661
56903,2009,A453,Major,C1 Crusader Roundabout,A453 split,455000,335035,52.90995766,-1.18361344,2.5,1.6,Estimated,Estimated using AADF from previous year on this link,S,103,65,11641,139,1793,404,102,49,74,142,328,1099,14737
56903,2010,A453,Major,C1 Crusader Roundabout,A453 split,455000,335035,52.90995766,-1.18361344,2.5,1.6,Estimated,Estimated using AADF from previous year on this link,N,164,64,10335,146,1903,320,83,36,74,125,311,949,13397
56903,2010,A453,Major,C1 Crusader Roundabout,A453 split,455000,335035,52.90995766,-1.18361344,2.5,1.6,Estimated,Estimated using AADF from previous year on this link,S,103,60,11397,146,1802,401,96,40,80,124,304,1045,14450
56903,2011,A453,Major,C1 Crusader Roundabout,A453 split,455000,335035,52.90995766,-1.18361344,2.5,1.6,Counted,Manual count,N,94,74,10849,161,1466,280,69,63,0,20,645,1077,13627
56903,2011,A453,Major,C1 Crusader Roundabout,A453 split,455000,335035,52.90995766,-1.18361344,2.5,1.6,Counted,Manual count,S,77,81,11237,140,1673,289,85,60,29,97,507,1067,14198
56903,2012,A453,Major,C1 Crusader Roundabout,A453 split,455000,335035,52.90995766,-1.18361344,2.5,1.6,Estimated,Estimated using AADF from previous year on this link,N,89,67,10803,173,1408,248,66,63,0,19,640,1035,13486
56903,2012,A453,Major,C1 Crusader Roundabout,A453 split,455000,335035,52.90995766,-1.18361344,2.5,1.6,Estimated,Estimated using AADF from previous year on this link,S,73,73,11189,150,1607,256,81,60,21,90,503,1011,14030
56903,2013,A453,Major,C1 Crusader Roundabout,A453 split,455000,335035,52.90995766,-1.18361344,2.5,1.6,Estimated,Estimated using AADF from previous year on this link,N,88,67,10742,163,1424,247,71,71,0,17,642,1047,13443
56903,2013,A453,Major,C1 Crusader Roundabout,A453 split,455000,335035,52.90995766,-1.18361344,2.5,1.6,Estimated,Estimated using AADF from previous year on this link,S,72,73,11126,142,1625,255,87,67,15,84,504,1013,13979
56903,2014,A453,Major,C1 Crusader Roundabout,A453 split,455000,335035,52.90995766,-1.18361344,2.5,1.6,Estimated,Estimated using AADF from previous year on this link,N,85,71,10630,173,1621,261,81,80,0,17,725,1163,13659
56903,2014,A453,Major,C1 Crusader Roundabout,A453 split,455000,335035,52.90995766,-1.18361344,2.5,1.6,Estimated,Estimated using AADF from previous year on this link,S,70,78,11011,150,1850,269,100,76,16,82,570,1113,14202
56903,2015,A453,Major,C1 Crusader Roundabout,A453 split,455000,335035,52.90995766,-1.18361344,2.5,1.6,Estimated,Estimated using AADF from previous year on this link,N,79,72,10435,171,1705,254,85,78,0,17,716,1149,13533
56903,2015,A453,Major,C1 Crusader Roundabout,A453 split,455000,335035,52.90995766,-1.18361344,2.5,1.6,Estimated,Estimated using AADF from previous year on this link,S,65,79,10809,149,1946,262,105,74,20,81,563,1104,14087
56903,2016,A453,Major,C1 Crusader Roundabout,A453 split,455000,335035,52.90995766,-1.18361344,2.5,1.6,Counted,Manual count,N,139,100,15462,114,2370,286,72,122,46,377,322,1225,19271
56903,2016,A453,Major,C1 Crusader Roundabout,A453 split,455000,335035,52.90995766,-1.18361344,2.5,1.6,Counted,Manual count,S,89,87,13858,126,2363,279,67,111,82,358,300,1196,17629
56903,2017,A453,Major,C1 Crusader Roundabout,A453 split,455000,335035,52.90995766,-1.18361344,2.5,1.6,Estimated,Estimated using AADF from previous year on this link,N,128,101,15456,117,2525,299,73,132,47,385,331,1267,19465
56903,2017,A453,Major,C1 Crusader Roundabout,A453 split,455000,335035,52.90995766,-1.18361344,2.5,1.6,Estimated,Estimated using AADF from previous year on this link,S,82,87,13852,129,2517,291,67,119,83,366,310,1236,17822
56903,2018,A453,Major,C1 Crusader Roundabout,A453 split,455000,335035,52.90995766,-1.18361344,2.5,1.6,Estimated,Estimated using AADF from previous year on this link,N,132,106,15403,113,2644,304,73,136,48,389,334,1284,19550
56903,2018,A453,Major,C1 Crusader Roundabout,A453 split,455000,335035,52.90995766,-1.18361344,2.5,1.6,Estimated,Estimated using AADF from previous year on this link,S,84,92,13805,125,2635,297,68,123,84,370,312,1253,17910
56903,2019,A453,Major,C1 Crusader Roundabout,A453 split,455000,335035,52.90995766,-1.18361344,2.5,1.6,Counted,Manual count,N,77,116,19802,125,3122,337,57,77,39,388,403,1302,24467
56903,2019,A453,Major,C1 Crusader Roundabout,A453 split,455000,335035,52.90995766,-1.18361344,2.5,1.6,Counted,Manual count,S,67,118,19837,136,3195,372,56,80,41,358,440,1348,24633
56903,2020,A453,Major,C1 Crusader Roundabout,A453 split,455000,335035,52.90995766,-1.18361344,2.5,1.6,Estimated,Estimated using AADF from previous year on this link,N,79,68,13305,76,2482,278,48,65,34,341,341,1107,17038
56903,2020,A453,Major,C1 Crusader Roundabout,A453 split,455000,335035,52.90995766,-1.18361344,2.5,1.6,Estimated,Estimated using AADF from previous year on this link,S,69,69,13328,83,2539,307,47,68,35,314,372,1144,17164
56903,2021,A453,Major,C1 Crusader Roundabout,A453 split,455000,335035,52.90995766,-1.18361344,2.5,1.6,Counted,Manual count,N,101,73,13879,118,3301,241,73,84,61,325,482,1267,18639
56903,2021,A453,Major,C1 Crusader Roundabout,A453 split,455000,335035,52.90995766,-1.18361344,2.5,1.6,Counted,Manual count,S,1,68,13928,126,2818,589,107,104,46,294,578,1719,18659
56903,2022,A453,Major,C1 Crusader Roundabout,A453 split,455000,335035,52.90995766,-1.18361344,2.5,1.6,Counted,Manual count,N,88,116,16935,105,3566,248,82,130,61,282,512,1314,22037
56903,2022,A453,Major,C1 Crusader Roundabout,A453 split,455000,335035,52.90995766,-1.18361344,2.5,1.6,Counted,Manual count,S,69,107,17507,114,3725,256,80,144,71,207,645,1403,22857
56903,2023,A453,Major,C1 Crusader Roundabout,A453 split,455000,335035,52.90995766,-1.18361344,2.5,1.6,Counted,Manual count,N,103,104,16951,113,3019,359,74,117,44,198,730,1521,21708
56903,2023,A453,Major,C1 Crusader Roundabout,A453 split,455000,335035,52.90995766,-1.18361344,2.5,1.6,Counted,Manual count,S,78,80,17341,113,3303,323,87,145,50,191,762,1557,22394
56903,2024,A453,Major,C1 Crusader Roundabout,A453 split,455000,335035,52.90995766,-1.18361344,2.5,1.6,Counted,Manual count,N,43,73,18172,114,3820,260,63,126,46,220,768,1482,23661
56903,2024,A453,Major,C1 Crusader Roundabout,A453 split,455000,335035,52.90995766,-1.18361344,2.5,1.6,Counted,Manual count,S,32,100,19053,135,3962,275,73,114,43,233,678,1415,24666
56903,2025,A453,Major,C1 Crusader Roundabout,A453 split,455000,335035,52.90995766,-1.18361344,2.5,1.6,Estimated,Estimated using AADF from previous year on this link,N,44,75,18353,115,3878,264,64,132,47,221,771,1500,23920
56903,2025,A453,Major,C1 Crusader Roundabout,A453 split,455000,335035,52.90995766,-1.18361344,2.5,1.6,Estimated,Estimated using AADF from previous year on this link,S,32,103,19243,137,4022,279,75,120,43,235,681,1433,24937
57380,2000,A6514,Major,A611,A60,457400,344000,52.99028669,-1.14634683,1.5,0.9,Estimated,Estimated using AADF from previous year on this link,E,42,107,9859,74,1097,170,35,63,20,27,19,334,11471
57380,2000,A6514,Major,A611,A60,457400,344000,52.99028669,-1.14634683,1.5,0.9,Estimated,Estimated using AADF from previous year on this link,W,34,122,12340,72,1385,217,42,69,20,36,28,412,14331
57380,2001,A6514,Major,A611,A60,457400,344000,52.99028669,-1.14634683,1.5,0.9,Estimated,Estimated using AADF from previous year on this link,E,40,111,10056,75,1093,167,40,63,18,23,21,332,11667
57380,2001,A6514,Major,A611,A60,457400,344000,52.99028669,-1.14634683,1.5,0.9,Estimated,Estimated using AADF from previous year on this link,W,33,126,12587,73,1379,213,48,69,18,31,31,410,14575
57380,2002,A6514,Major,A611,A60,457400,344000,52.99028669,-1.14634683,1.5,0.9,Counted,Manual count,E,38,137,10403,65,1145,197,25,41,28,30,30,351,12101
57380,2002,A6514,Major,A611,A60,457400,344000,52.99028669,-1.14634683,1.5,0.9,Counted,Manual count,W,25,151,11396,70,1424,222,32,45,31,40,44,414,13455
57380,2003,A6514,Major,A611,A60,457400,344000,52.99028669,-1.14634683,1.5,0.9,Estimated,Estimated using AADF from previous year on this link,E,34,154,10257,58,1248,211,28,48,27,27,33,374,12091
57380,2003,A6514,Major,A611,A60,457400,344000,52.99028669,-1.14634683,1.5,0.9,Estimated,Estimated using AADF from previous year on this link,W,22,169,11236,63,1552,238,36,53,30,36,48,441,13461
57380,2004,A6514,Major,A611,A60,457400,344000,52.99028669,-1.14634683,1.5,0.9,Estimated,Estimated using AADF from previous year on this link,E,27,135,10278,54,1237,212,30,53,25,24,36,380,12084
57380,2004,A6514,Major,A611,A60,457400,344000,52.99028669,-1.14634683,1.5,0.9,Estimated,Estimated using AADF from previous year on this link,W,18,149,11259,58,1538,239,38,58,28,31,53,447,13451
57380,2005,A6514,Major,A611,A60,457400,344000,52.99028669,-1.14634683,1.5,0.9,Estimated,Estimated using AADF from previous year on this link,E,23,137,10021,53,1269,204,28,54,22,20,38,366,11846
57380,2005,A6514,Major,A611,A60,457400,344000,52.99028669,-1.14634683,1.5,0.9,Estimated,Estimated using AADF from previous year on this link,W,15,151,10977,57,1578,230,36,59,25,27,56,433,13196
57380,2006,A6514,Major,A611,A60,457400,344000,52.99028669,-1.14634683,1.5,0.9,Counted,Manual count,N,64,156,11472,38,1534,195,35,68,18,62,29,407,13607
57380,2006,A6514,Major,A611,A60,457400,344000,52.99028669,-1.14634683,1.5,0.9,Counted,Manual count,S,35,153,12007,56,1567,234,42,58,25,31,39,429,14212
57380,2007,A6514,Major,A611,A60,457400,344000,52.99028669,-1.14634683,1.5,0.9,Estimated,Estimated using AADF from previous year on this link,N,40,157,10933,37,1674,193,35,74,15,58,30,405,13206
57380,2007,A6514,Major,A611,A60,457400,344000,52.99028669,-1.14634683,1.5,0.9,Estimated,Estimated using AADF from previous year on this link,S,22,155,11442,53,1710,231,42,63,21,30,40,427,13787
57380,2008,A6514,Major,A611,A60,457400,344000,52.99028669,-1.14634683,1.5,0.9,Estimated,Estimated using AADF from previous year on this link,N,45,147,10725,37,1753,185,37,76,13,51,29,391,13053
57380,2008,A6514,Major,A611,A60,457400,344000,52.99028669,-1.14634683,1.5,0.9,Estimated,Estimated using AADF from previous year on this link,S,25,144,11225,54,1790,222,45,64,18,26,39,414,13627
57380,2009,A6514,Major,A611,A60,457400,344000,52.99028669,-1.14634683,1.5,0.9,Counted,Manual count,E,178,203,13724,55,1878,182,51,33,14,22,26,328,16188
57380,2009,A6514,Major,A611,A60,457400,344000,52.99028669,-1.14634683,1.5,0.9,Counted,Manual count,W,145,180,13626,67,1983,185,33,27,16,22,21,304,16160
57380,2010,A6514,Major,A611,A60,457400,344000,52.99028669,-1.14634683,1.5,0.9,Estimated,Estimated using AADF from previous year on this link,E,178,187,13436,58,1887,181,48,27,15,19,24,314,15882
57380,2010,A6514,Major,A611,A60,457400,344000,52.99028669,-1.14634683,1.5,0.9,Estimated,Estimated using AADF from previous year on this link,W,145,166,13340,70,1993,184,31,22,17,19,19,292,15861
57380,2011,A6514,Major,A611,A60,457400,344000,52.99028669,-1.14634683,1.5,0.9,Estimated,Estimated using AADF from previous year on this link,E,196,198,13369,58,1945,180,52,30,12,19,25,318,15888
57380,2011,A6514,Major,A611,A60,457400,344000,52.99028669,-1.14634683,1.5,0.9,Estimated,Estimated using AADF from previous year on this link,W,160,176,13273,70,2055,183,33,25,13,19,20,293,15867
57380,2012,A6514,Major,A611,A60,457400,344000,52.99028669,-1.14634683,1.5,0.9,Counted,Manual count,E,81,121,10458,44,1670,155,27,21,17,35,26,281,12574
57380,2012,A6514,Major,A611,A60,457400,344000,52.99028669,-1.14634683,1.5,0.9,Counted,Manual count,W,64,116,11399,42,1847,153,27,21,15,23,21,259,13663
57380,2013,A6514,Major,A611,A60,457400,344000,52.99028669,-1.14634683,1.5,0.9,Estimated,Estimated using AADF from previous year on this link,E,80,121,10398,42,1689,155,29,23,13,33,26,279,12529
57380,2013,A6514,Major,A611,A60,457400,344000,52.99028669,-1.14634683,1.5,0.9,Estimated,Estimated using AADF from previous year on this link,W,63,116,11334,40,1868,152,29,23,11,22,21,258,13615
57380,2014,A6514,Major,A611,A60,457400,344000,52.99028669,-1.14634683,1.5,0.9,Estimated,Estimated using AADF from previous year on this link,E,77,129,10291,44,1923,164,33,26,13,32,30,298,12685
57380,2014,A6514,Major,A611,A60,457400,344000,52.99028669,-1.14634683,1.5,0.9,Estimated,Estimated using AADF from previous year on this link,W,61,123,11217,42,2127,161,33,26,12,21,24,277,13785
57380,2015,A6514,Major,A611,A60,457400,344000,52.99028669,-1.14634683,1.5,0.9,Estimated,Estimated using AADF from previous year on this link,E,72,131,10102,44,2023,159,35,25,16,32,29,296,12596
57380,2015,A6514,Major,A611,A60,457400,344000,52.99028669,-1.14634683,1.5,0.9,Estimated,Estimated using AADF from previous year on this link,W,57,125,11011,42,2237,156,35,25,14,21,24,275,13690
57380,2016,A6514,Major,A611,A60,457400,344000,52.99028669,-1.14634683,1.5,0.9,Estimated,Estimated using AADF from previous year on this link,E,67,128,10259,40,2210,161,34,29,17,28,29,298,12936
57380,2016,A6514,Major,A611,A60,457400,344000,52.99028669,-1.14634683,1.5,0.9,Estimated,Estimated using AADF from previous year on this link,W,53,122,11183,39,2443,158,34,29,15,19,23,278,14066
57380,2017,A6514,Major,A611,A60,457400,344000,52.99028669,-1.14634683,1.5,0.9,Counted,Manual count,E,66,111,10096,36,1559,179,22,46,13,36,24,320,12121
57380,2017,A6514,Major,A611,A60,457400,344000,52.99028669,-1.14634683,1.5,0.9,Counted,Manual count,W,43,79,10409,30,1592,189,23,43,10,28,22,314,12424
57380,2018,A6514,Major,A611,A60,457400,344000,52.99028669,-1.14634683,1.7,1.1,Estimated,Estimated using AADF from previous year on this link,E,72,110,9985,32,1588,180,22,44,13,37,26,323,12037
57380,2018,A6514,Major,A611,A60,457400,344000,52.99028669,-1.14634683,1.7,1.1,Estimated,Estimated using AADF from previous year on this link,W,48,78,10294,27,1622,190,23,42,10,29,23,317,12338
57380,2019,A6514,Major,A611,A60,457400,344000,52.99028669,-1.14634683,1.7,1.1,Estimated,Estimated using AADF from previous year on this link,E,80,103,10110,33,1574,178,22,45,13,38,26,322,12142
57380,2019,A6514,Major,A611,A60,457400,344000,52.99028669,-1.14634683,1.7,1.1,Estimated,Estimated using AADF from previous year on this link,W,53,73,10423,27,1608,188,23,42,10,30,23,316,12448
57380,2020,A6514,Major,A611,A60,457400,344000,52.99028669,-1.14634683,1.7,1.1,Estimated,Estimated using AADF from previous year on this link,E,91,76,7680,21,1389,157,19,40,11,34,22,284,9449
57380,2020,A6514,Major,A611,A60,457400,344000,52.99028669,-1.14634683,1.7,1.1,Estimated,Estimated using AADF from previous year on this link,W,60,54,7917,17,1419,165,20,38,9,27,20,278,9686
57380,2021,A6514,Major,A611,A60,457400,344000,52.99028669,-1.14634683,1.7,1.1,Counted,Manual count,E,80,78,9189,25,1868,37,42,54,5,5,56,199,11359
57380,2021,A6514,Major,A611,A60,457400,344000,52.99028669,-1.14634683,1.7,1.1,Counted,Manual count,W,68,83,10202,25,2063,69,25,61,7,9,64,236,12609
57380,2022,A6514,Major,A611,A60,457400,344000,52.99028669,-1.14634683,1.7,1.1,Estimated,Estimated using AADF from previous year on this link,E,72,85,9814,27,2025,38,44,58,5,5,57,207,12159
57380,2022,A6514,Major,A611,A60,457400,344000,52.99028669,-1.14634683,1.7,1.1,Estimated,Estimated using AADF from previous year on this link,W,61,90,10897,26,2237,72,26,65,8,10,65,245,13495
57380,2023,A6514,Major,A611,A60,457400,344000,52.99028669,-1.14634683,1.7,1.1,Estimated,Estimated using AADF from previous year on this link,E,71,84,9999,28,2059,38,43,57,5,5,55,203,12372
57380,2023,A6514,Major,A611,A60,457400,344000,52.99028669,-1.14634683,1.7,1.1,Estimated,Estimated using AADF from previous year on this link,W,60,89,11102,27,2275,71,25,64,8,9,62,240,13732
57380,2024,A6514,Major,A611,A60,457400,344000,52.99028669,-1.14634683,1.7,1.1,Estimated,Estimated using AADF from previous year on this link,E,72,86,10150,28,2096,39,43,56,5,5,53,200,12561
57380,2024,A6514,Major,A611,A60,457400,344000,52.99028669,-1.14634683,1.7,1.1,Estimated,Estimated using AADF from previous year on this link,W,60,92,11270,27,2316,72,26,63,8,9,60,237,13941
57380,2025,A6514,Major,A611,A60,457300,343919,52.98956933,-1.14785066,1.7,1.1,Counted,Manual count,E,77,73,9638,29,1557,110,33,51,11,20,41,267,11563
57380,2025,A6514,Major,A611,A60,457300,343919,52.98956933,-1.14785066,1.7,1.1,Counted,Manual count,W,60,70,9726,33,1567,96,27,50,5,5,40,223,11620
57482,2000,A6008,Major,A453,A453/A6005,457060,339140,52.94664064,-1.15226652,0.5,0.3,Estimated,Estimated using AADF from previous year on this link,N,56,91,9044,98,1074,212,24,16,12,13,9,286,10593
57482,2000,A6008,Major,A453,A453/A6005,457060,339140,52.94664064,-1.15226652,0.5,0.3,Estimated,Estimated using AADF from previous year on this link,S,52,69,6041,166,794,174,8,12,9,13,11,227,7297
57482,2001,A6008,Major,A453,A453/A6005,457060,339140,52.94664064,-1.15226652,0.5,0.3,Estimated,Estimated using AADF from previous year on this link,N,54,95,8764,103,1082,202,27,16,10,10,9,274,10318
57482,2001,A6008,Major,A453,A453/A6005,457060,339140,52.94664064,-1.15226652,0.5,0.3,Estimated,Estimated using AADF from previous year on this link,S,50,72,5854,174,800,166,9,12,7,10,11,215,7115
57482,2002,A6008,Major,A453,A453/A6005,457060,339140,52.94664064,-1.15226652,0.5,0.3,Counted,Manual count,N,92,59,7795,62,1024,166,14,29,12,20,13,254,9194
57482,2002,A6008,Major,A453,A453/A6005,457060,339140,52.94664064,-1.15226652,0.5,0.3,Counted,Manual count,S,87,43,5700,125,733,108,11,13,4,8,6,150,6751
57482,2003,A6008,Major,A453,A453/A6005,457060,339140,52.94664064,-1.15226652,0.5,0.3,Estimated,Estimated using AADF from previous year on this link,N,82,84,7507,60,1112,161,14,31,12,18,14,250,9013
57482,2003,A6008,Major,A453,A453/A6005,457060,339140,52.94664064,-1.15226652,0.5,0.3,Estimated,Estimated using AADF from previous year on this link,S,78,61,5489,122,796,105,11,14,4,7,7,148,6616
57482,2004,A6008,Major,A453,A453/A6005,457060,339140,52.94664064,-1.15226652,0.5,0.3,Estimated,Estimated using AADF from previous year on this link,N,67,55,7604,49,1224,196,18,41,12,17,17,301,9233
57482,2004,A6008,Major,A453,A453/A6005,457060,339140,52.94664064,-1.15226652,0.5,0.3,Estimated,Estimated using AADF from previous year on this link,S,63,40,5560,100,876,127,14,18,4,7,8,178,6754
57482,2005,A6008,Major,A453,A453/A6005,457060,339140,52.94664064,-1.15226652,0.5,0.3,Estimated,Estimated using AADF from previous year on this link,N,56,45,7254,47,1305,212,19,47,10,14,16,318,8969
57482,2005,A6008,Major,A453,A453/A6005,457060,339140,52.94664064,-1.15226652,0.5,0.3,Estimated,Estimated using AADF from previous year on this link,S,53,33,5305,94,934,138,15,21,3,5,8,190,6556
57482,2006,A6008,Major,A453,A453/A6005,457060,339140,52.94664064,-1.15226652,0.5,0.3,Estimated,Estimated using AADF from previous year on this link,N,88,39,7117,43,1325,205,18,48,8,11,16,306,8830
57482,2006,A6008,Major,A453,A453/A6005,457060,339140,52.94664064,-1.15226652,0.5,0.3,Estimated,Estimated using AADF from previous year on this link,S,84,29,5204,87,948,133,14,21,3,4,7,182,6450
57482,2007,A6008,Major,A453,A453/A6005,457060,339140,52.94664064,-1.15226652,0.5,0.3,Estimated,Estimated using AADF from previous year on this link,N,55,38,7003,39,1395,190,17,49,6,9,15,286,8761
57482,2007,A6008,Major,A453,A453/A6005,457060,339140,52.94664064,-1.15226652,0.5,0.3,Estimated,Estimated using AADF from previous year on this link,S,52,28,5121,79,999,124,13,22,2,4,7,172,6399
57482,2008,A6008,Major,A453,A6005,457060,339140,52.94664064,-1.15226652,0.5,0.3,Estimated,Estimated using AADF from previous year on this link,N,62,36,6849,34,1424,190,19,52,5,8,14,288,8631
57482,2008,A6008,Major,A453,A6005,457060,339140,52.94664064,-1.15226652,0.5,0.3,Estimated,Estimated using AADF from previous year on this link,S,58,26,5008,69,1020,124,15,23,2,3,7,174,6297
57482,2009,A6008,Major,A453,A6005,457060,339140,52.94664064,-1.15226652,0.5,0.3,Estimated,Estimated using AADF from previous year on this link,N,62,40,7000,34,1445,173,19,49,5,7,14,267,8786
57482,2009,A6008,Major,A453,A6005,457060,339140,52.94664064,-1.15226652,0.5,0.3,Estimated,Estimated using AADF from previous year on this link,S,58,29,5118,68,1035,113,15,22,2,3,7,162,6412
57482,2010,A6008,Major,A453,A6005,457060,339140,52.94664064,-1.15226652,0.5,0.3,Estimated,Estimated using AADF from previous year on this link,N,62,38,6958,39,1543,184,19,43,6,7,14,273,8851
57482,2010,A6008,Major,A453,A6005,457060,339140,52.94664064,-1.15226652,0.5,0.3,Estimated,Estimated using AADF from previous year on this link,S,58,28,5087,77,1105,120,15,19,2,3,7,166,6463
57482,2011,A6008,Major,A453,A6005,457060,339140,52.94664064,-1.15226652,0.5,0.3,Counted,Manual count,N,102,37,6383,24,1067,96,32,12,4,4,10,158,7669
57482,2011,A6008,Major,A453,A6005,457060,339140,52.94664064,-1.15226652,0.5,0.3,Counted,Manual count,S,96,33,4810,23,773,47,15,8,5,5,4,84,5723
57482,2012,A6008,Major,A453,A6005,457060,339140,52.94664064,-1.15226652,0.5,0.3,Estimated,Estimated using AADF from previous year on this link,N,96,35,6283,26,1080,97,35,14,3,4,10,161,7586
57482,2012,A6008,Major,A453,A6005,457060,339140,52.94664064,-1.15226652,0.5,0.3,Estimated,Estimated using AADF from previous year on this link,S,91,32,4735,25,782,48,16,9,3,4,4,85,5658
57482,2013,A6008,Major,A453,A6005,457060,339140,52.94664064,-1.15226652,0.5,0.3,Estimated,Estimated using AADF from previous year on this link,N,95,39,6228,27,1122,98,38,16,2,3,10,166,7583
57482,2013,A6008,Major,A453,A6005,457060,339140,52.94664064,-1.15226652,0.5,0.3,Estimated,Estimated using AADF from previous year on this link,S,90,35,4693,26,813,48,18,10,3,4,4,87,5654
57482,2014,A6008,Major,A453,A6005,457060,339140,52.94664064,-1.15226652,0.5,0.3,Estimated,Estimated using AADF from previous year on this link,N,92,38,6397,26,1200,100,42,17,2,3,9,173,7834
57482,2014,A6008,Major,A453,A6005,457060,339140,52.94664064,-1.15226652,0.5,0.3,Estimated,Estimated using AADF from previous year on this link,S,87,34,4820,25,869,49,20,11,2,3,4,90,5838
57482,2015,A6008,Major,A453,A6005,457060,339140,52.94664064,-1.15226652,0.5,0.3,Estimated,Estimated using AADF from previous year on this link,N,86,33,6524,28,1258,95,43,16,2,3,9,168,8011
57482,2015,A6008,Major,A453,A6005,457060,339140,52.94664064,-1.15226652,0.5,0.3,Estimated,Estimated using AADF from previous year on this link,S,81,30,4916,27,912,47,20,11,3,3,4,87,5971
57482,2016,A6008,Major,A453,A6005,457060,339140,52.94664064,-1.15226652,0.5,0.3,Estimated,Estimated using AADF from previous year on this link,N,80,33,6625,26,1375,96,43,18,2,2,9,171,8229
57482,2016,A6008,Major,A453,A6005,457060,339140,52.94664064,-1.15226652,0.5,0.3,Estimated,Estimated using AADF from previous year on this link,S,75,29,4993,25,996,47,20,12,3,3,3,89,6131
57482,2017,A6008,Major,A453,A6005,457060,339140,52.94664064,-1.15226652,0.5,0.3,Estimated,Estimated using AADF from previous year on this link,N,77,33,6577,24,1447,96,43,19,2,2,9,172,8252
57482,2017,A6008,Major,A453,A6005,457060,339140,52.94664064,-1.15226652,0.5,0.3,Estimated,Estimated using AADF from previous year on this link,S,72,29,4956,23,1048,47,20,12,3,3,4,89,6146
57482,2018,A6008,Major,A453,A6005,457060,339140,52.94664064,-1.15226652,0.5,0.3,Estimated,Estimated using AADF from previous year on this link,N,85,33,6504,22,1474,97,43,18,2,2,9,172,8205
57482,2018,A6008,Major,A453,A6005,457060,339140,52.94664064,-1.15226652,0.5,0.3,Estimated,Estimated using AADF from previous year on this link,S,80,29,4901,21,1068,47,20,12,3,3,4,89,6109
57482,2019,A6008,Major,A453,A6005,457060,339140,52.94664064,-1.15226652,0.5,0.3,Counted,Manual count,N,98,71,6301,50,1019,66,27,22,7,7,10,139,7580
57482,2019,A6008,Major,A453,A6005,457060,339140,52.94664064,-1.15226652,0.5,0.3,Counted,Manual count,S,102,36,3301,39,637,27,23,15,4,6,1,77,4089
57482,2020,A6008,Major,A453,A6005,457060,339140,52.94664064,-1.15226652,0.5,0.3,Estimated,Estimated using AADF from previous year on this link,N,112,53,4786,31,899,58,23,20,6,6,9,122,5892
57482,2020,A6008,Major,A453,A6005,457060,339140,52.94664064,-1.15226652,0.5,0.3,Estimated,Estimated using AADF from previous year on this link,S,117,26,2508,24,562,24,20,13,4,5,1,67,3188
57482,2021,A6008,Major,A453,A6005,457060,339140,52.94664064,-1.15226652,0.5,0.3,Estimated,Estimated using AADF from previous year on this link,N,91,56,5273,32,980,62,25,22,7,7,10,132,6473
57482,2021,A6008,Major,A453,A6005,457060,339140,52.94664064,-1.15226652,0.5,0.3,Estimated,Estimated using AADF from previous year on this link,S,96,28,2763,25,613,26,21,15,4,6,1,72,3501
57482,2022,A6008,Major,A453,A6005,457060,339140,52.94664064,-1.15226652,0.5,0.3,Estimated,Estimated using AADF from previous year on this link,N,82,61,5632,35,1063,65,26,23,7,7,10,137,6927
57482,2022,A6008,Major,A453,A6005,457060,339140,52.94664064,-1.15226652,0.5,0.3,Estimated,Estimated using AADF from previous year on this link,S,86,30,2951,27,664,27,22,16,4,6,1,75,3748
57482,2023,A6008,Major,A453,A6005,457060,339140,52.94664064,-1.15226652,0.5,0.3,Estimated,Estimated using AADF from previous year on this link,N,80,60,5737,35,1081,64,25,23,7,7,9,135,7048
57482,2023,A6008,Major,A453,A6005,457060,339140,52.94664064,-1.15226652,0.5,0.3,Estimated,Estimated using AADF from previous year on this link,S,84,30,3006,27,676,26,22,15,4,6,1,74,3813
57482,2024,A6008,Major,A453,A6005,457060,339140,52.94664064,-1.15226652,0.5,0.3,Estimated,Estimated using AADF from previous year on this link,N,81,62,5824,35,1100,65,25,22,7,7,9,134,7156
57482,2024,A6008,Major,A453,A6005,457060,339140,52.94664064,-1.15226652,0.5,0.3,Estimated,Estimated using AADF from previous year on this link,S,85,31,3052,27,688,27,22,15,4,6,1,74,3872
57482,2025,A6008,Major,A453,A6005,457060,339140,52.94664064,-1.15226652,0.5,0.3,Estimated,Estimated using AADF from previous year on this link,N,81,63,5831,34,1123,64,25,23,7,6,9,134,7186
57482,2025,A6008,Major,A453,A6005,457060,339140,52.94664064,-1.15226652,0.5,0.3,Estimated,Estimated using AADF from previous year on this link,S,85,32,3055,27,702,26,22,15,4,5,1,74,3890
57731,2000,A6008,Major,Fisher Gate roundabout,Southwell Rd,457959,339800,52.95247677,-1.13877121,0.3,0.2,Counted,Manual count,S,168,298,23013,509,2775,474,96,55,26,28,9,688,27283
57731,2001,A6008,Major,Fisher Gate roundabout,Southwell Rd,457959,339800,52.95247677,-1.13877121,0.3,0.2,Estimated,Estimated using AADF from previous year on this link,S,161,309,23473,519,2764,465,110,55,23,24,10,687,27752
57731,2002,A6008,Major,Fisher Gate roundabout,Southwell Rd,457959,339800,52.95247677,-1.13877121,0.3,0.2,Estimated,Estimated using AADF from previous year on this link,S,167,312,23426,530,2770,448,115,57,21,21,11,673,27711
57731,2003,A6008,Major,Fisher Gate roundabout,Southwell Rd,457959,339800,52.95247677,-1.13877121,0.3,0.2,Estimated,Estimated using AADF from previous year on this link,S,149,350,23098,473,3019,481,130,67,20,19,12,729,27669
57731,2004,A6008,Major,Fisher Gate roundabout,Southwell Rd,457959,339800,52.95247677,-1.13877121,0.3,0.2,Estimated,Estimated using AADF from previous year on this link,S,121,308,23144,440,2992,483,138,73,19,16,13,742,27626
57731,2005,A6008,Major,Fisher Gate roundabout,Southwell Rd,457959,339800,52.95247677,-1.13877121,0.3,0.2,Estimated,Estimated using AADF from previous year on this link,S,102,311,22566,433,3070,464,130,74,17,14,14,713,27093
57731,2006,A6008,Major,Fisher Gate roundabout,Southwell Rd,457959,339800,52.95247677,-1.13877121,0.3,0.2,Counted,Manual count,S,180,231,23074,246,2939,392,52,47,22,16,12,541,27031
57731,2007,A6008,Major,Fisher Gate roundabout,Southwell Rd,457959,339800,52.95247677,-1.13877121,0.3,0.2,Estimated,Estimated using AADF from previous year on this link,S,113,233,21990,237,3206,387,51,51,19,15,12,535,26201
57731,2008,A6008,Major,A6008 Fisher Gate,A612,457959,339800,52.95247677,-1.13877121,0.3,0.2,Estimated,Estimated using AADF from previous year on this link,S,126,218,21572,239,3357,371,55,52,17,13,12,520,25906
57731,2009,A6008,Major,A6008 Fisher Gate,A612,457959,339800,52.95247677,-1.13877121,0.3,0.2,Counted,Manual count,S,215,216,21211,288,3110,288,66,23,17,14,10,418,25243
57731,2010,A6008,Major,A6008 Fisher Gate,A612,457959,339800,52.95247677,-1.13877121,0.3,0.2,Estimated,Estimated using AADF from previous year on this link,S,215,199,20766,303,3126,286,62,19,18,12,9,406,24800
57731,2011,A6008,Major,A6008 Fisher Gate,A612,457959,339800,52.95247677,-1.13877121,0.3,0.2,Estimated,Estimated using AADF from previous year on this link,S,237,211,20662,303,3223,285,67,21,14,12,10,409,24808
57731,2012,A6008,Major,A6008 Fisher Gate,A612,457959,339800,52.95247677,-1.13877121,0.3,0.2,Estimated,Estimated using AADF from previous year on this link,S,224,190,20574,326,3095,252,64,21,10,11,10,368,24554
57731,2013,A6008,Major,A6008 Fisher Gate,A612,457959,339800,52.95247677,-1.13877121,0.3,0.2,Counted,Manual count,S,224,144,20192,288,2648,229,65,24,27,14,12,371,23644
57731,2014,A6008,Major,A6008 Fisher Gate,A612,457959,339800,52.95247677,-1.13877121,0.3,0.2,Estimated,Estimated using AADF from previous year on this link,S,217,153,19983,306,3015,242,74,27,28,14,14,400,23857
57731,2015,A6008,Major,A6008 Fisher Gate,A612,457959,339800,52.95247677,-1.13877121,0.3,0.2,Estimated,Estimated using AADF from previous year on this link,S,202,156,19616,304,3172,236,78,27,35,13,13,402,23649
57731,2016,A6008,Major,A6008 Fisher Gate,A612,457959,339800,52.95247677,-1.13877121,0.3,0.2,Estimated,Estimated using AADF from previous year on this link,S,188,153,19922,281,3464,239,77,30,36,12,13,407,24228
57731,2017,A6008,Major,A6008 Fisher Gate,A612,457959,339800,52.95247677,-1.13877121,0.3,0.2,Estimated,Estimated using AADF from previous year on this link,S,180,154,19775,263,3647,237,79,31,37,12,14,410,24249
57731,2018,A6008,Major,A6008 Fisher Gate,A612,457959,339800,52.95247677,-1.13877121,0.3,0.2,Estimated,Estimated using AADF from previous year on this link,S,199,153,19557,238,3715,239,78,30,38,12,14,412,24076
57731,2019,A6008,Major,A6008 Fisher Gate,A612,457959,339800,52.95247677,-1.13877121,0.3,0.2,Estimated,Estimated using AADF from previous year on this link,S,218,143,19803,241,3683,236,80,30,39,13,14,412,24281
57731,2020,A6008,Major,A6008 Fisher Gate,A612,457959,339800,52.95247677,-1.13877121,0.3,0.2,Estimated,Estimated using AADF from previous year on this link,S,250,106,15042,152,3250,208,69,27,34,11,13,361,18911
57731,2021,A6008,Major,A6008 Fisher Gate,A612,457959,339800,52.95247677,-1.13877121,0.3,0.2,Counted,Manual count,S,141,129,14060,238,2673,188,42,35,7,15,31,318,17417
57731,2022,A6008,Major,A6008 Fisher Gate,A612,457959,339800,52.95247677,-1.13877121,0.3,0.2,Estimated,Estimated using AADF from previous year on this link,S,126,140,15018,256,2897,194,44,37,7,15,32,330,18641
57731,2023,A6008,Major,A6008 Fisher Gate,A612,457959,339800,52.95247677,-1.13877121,0.3,0.2,Estimated,Estimated using AADF from previous year on this link,S,124,139,15300,258,2946,192,43,37,7,15,31,324,18967
57731,2024,A6008,Major,A6008 Fisher Gate,A612,457959,339800,52.95247677,-1.13877121,0.3,0.2,Estimated,Estimated using AADF from previous year on this link,S,125,143,15532,259,2999,195,43,36,7,14,30,325,19258
57731,2025,A6008,Major,A6008 Fisher Gate,A612,457959,339800,52.95247677,-1.13877121,0.3,0.2,Estimated,Estimated using AADF from previous year on this link,S,126,146,15550,253,3061,193,43,37,7,14,29,323,19333
57733,2000,A6008,Major,A453,Carrington St,457299,338970,52.94508721,-1.14873999,0.5,0.3,Estimated,Estimated using AADF from previous year on this link,E,39,41,5489,120,951,221,40,21,18,24,16,340,6941
57733,2000,A6008,Major,A453,Carrington St,457299,338970,52.94508721,-1.14873999,0.5,0.3,Estimated,Estimated using AADF from previous year on this link,W,28,52,5297,115,981,194,33,25,16,11,12,291,6736
57733,2001,A6008,Major,A453,Carrington St,457299,338970,52.94508721,-1.14873999,0.5,0.3,Estimated,Estimated using AADF from previous year on this link,E,37,43,5319,126,958,211,45,20,15,19,17,327,6773
57733,2001,A6008,Major,A453,Carrington St,457299,338970,52.94508721,-1.14873999,0.5,0.3,Estimated,Estimated using AADF from previous year on this link,W,27,54,5133,120,988,185,37,24,13,9,12,280,6575
57733,2002,A6008,Major,A453,Carrington St,457299,338970,52.94508721,-1.14873999,0.5,0.3,Estimated,Estimated using AADF from previous year on this link,E,38,45,5404,127,1027,199,46,20,14,17,19,315,6918
57733,2002,A6008,Major,A453,Carrington St,457299,338970,52.94508721,-1.14873999,0.5,0.3,Estimated,Estimated using AADF from previous year on this link,W,28,56,5215,121,1059,175,38,25,12,8,13,271,6722
57733,2003,A6008,Major,A453,Carrington St,457299,338970,52.94508721,-1.14873999,0.5,0.3,Estimated,Estimated using AADF from previous year on this link,E,34,64,5204,124,1115,193,47,21,13,15,21,310,6817
57733,2003,A6008,Major,A453,Carrington St,457299,338970,52.94508721,-1.14873999,0.5,0.3,Estimated,Estimated using AADF from previous year on this link,W,25,80,5022,118,1150,170,39,26,12,7,14,268,6638
57733,2004,A6008,Major,A453,Carrington St,457299,338970,52.94508721,-1.14873999,0.5,0.3,Counted,Manual count,E,33,85,7613,130,1132,192,35,32,20,28,28,335,9295
57733,2004,A6008,Major,A453,Carrington St,457299,338970,52.94508721,-1.14873999,0.5,0.3,Counted,Manual count,W,29,83,7346,145,1228,224,37,31,25,29,26,372,9174
57733,2005,A6008,Major,A453,Carrington St,457299,338970,52.94508721,-1.14873999,0.5,0.3,Estimated,Estimated using AADF from previous year on this link,E,28,70,7263,122,1207,208,37,37,16,23,27,348,9010
57733,2005,A6008,Major,A453,Carrington St,457299,338970,52.94508721,-1.14873999,0.5,0.3,Estimated,Estimated using AADF from previous year on this link,W,24,68,7008,137,1309,243,39,35,20,23,25,385,8907
57733,2006,A6008,Major,A453,Carrington St,457299,338970,52.94508721,-1.14873999,0.5,0.3,Estimated,Estimated using AADF from previous year on this link,E,44,61,7125,114,1225,200,35,38,13,18,26,330,8855
57733,2006,A6008,Major,A453,Carrington St,457299,338970,52.94508721,-1.14873999,0.5,0.3,Estimated,Estimated using AADF from previous year on this link,W,38,59,6875,127,1329,234,37,36,16,18,24,365,8755
57733,2007,A6008,Major,A453,Carrington St,457299,338970,52.94508721,-1.14873999,0.5,0.3,Estimated,Estimated using AADF from previous year on this link,E,27,58,7011,103,1290,186,32,39,10,16,25,308,8770
57733,2007,A6008,Major,A453,Carrington St,457299,338970,52.94508721,-1.14873999,0.5,0.3,Estimated,Estimated using AADF from previous year on this link,W,24,57,6765,116,1399,218,34,37,13,16,22,340,8677
57733,2008,A6008,Major,A453,Carrington St,457299,338970,52.94508721,-1.14873999,0.5,0.3,Estimated,Estimated using AADF from previous year on this link,E,31,56,6857,90,1317,186,36,41,9,14,24,310,8630
57733,2008,A6008,Major,A453,Carrington St,457299,338970,52.94508721,-1.14873999,0.5,0.3,Estimated,Estimated using AADF from previous year on this link,W,27,54,6616,101,1429,217,39,39,11,14,22,342,8542
57733,2009,A6008,Major,A453,Carrington St,457299,338970,52.94508721,-1.14873999,0.5,0.3,Estimated,Estimated using AADF from previous year on this link,E,31,62,7008,89,1337,169,36,39,8,12,23,287,8783
57733,2009,A6008,Major,A453,Carrington St,457299,338970,52.94508721,-1.14873999,0.5,0.3,Estimated,Estimated using AADF from previous year on this link,W,27,60,6762,100,1450,197,39,37,10,12,21,316,8688
57733,2010,A6008,Major,A453,Carrington St,457299,338970,52.94508721,-1.14873999,0.5,0.3,Estimated,Estimated using AADF from previous year on this link,E,31,59,6966,101,1428,180,37,34,9,11,23,294,8848
57733,2010,A6008,Major,A453,Carrington St,457299,338970,52.94508721,-1.14873999,0.5,0.3,Estimated,Estimated using AADF from previous year on this link,W,27,57,6721,113,1549,210,40,32,12,11,21,326,8766
57733,2011,A6008,Major,A453,Carrington St,457299,338970,52.94508721,-1.14873999,0.5,0.3,Estimated,Estimated using AADF from previous year on this link,E,34,50,6945,95,1594,183,41,39,7,11,25,306,8990
57733,2011,A6008,Major,A453,Carrington St,457299,338970,52.94508721,-1.14873999,0.5,0.3,Estimated,Estimated using AADF from previous year on this link,W,30,48,6701,107,1729,213,44,37,10,11,23,338,8923
57733,2012,A6008,Major,A453,Carrington St,457299,338970,52.94508721,-1.14873999,0.5,0.3,Counted,Manual count,E,34,45,6506,86,961,142,39,39,6,17,14,257,7855
57733,2012,A6008,Major,A453,Carrington St,457299,338970,52.94508721,-1.14873999,0.5,0.3,Counted,Manual count,W,14,46,6065,97,1131,141,36,36,9,12,15,249,7588
57733,2013,A6008,Major,A453,Carrington St,457299,338970,52.94508721,-1.14873999,0.5,0.3,Estimated,Estimated using AADF from previous year on this link,E,33,50,6448,90,999,143,42,44,4,17,15,265,7852
57733,2013,A6008,Major,A453,Carrington St,457299,338970,52.94508721,-1.14873999,0.5,0.3,Estimated,Estimated using AADF from previous year on this link,W,13,52,6012,101,1175,142,39,41,6,11,15,255,7595
57733,2014,A6008,Major,A453,Carrington St,457299,338970,52.94508721,-1.14873999,0.5,0.3,Estimated,Estimated using AADF from previous year on this link,E,32,48,6623,86,1069,146,47,48,4,14,14,273,8099
57733,2014,A6008,Major,A453,Carrington St,457299,338970,52.94508721,-1.14873999,0.5,0.3,Estimated,Estimated using AADF from previous year on this link,W,13,49,6175,97,1257,145,44,45,6,9,14,263,7842
57733,2015,A6008,Major,A453,Carrington St,457299,338970,52.94508721,-1.14873999,0.5,0.3,Estimated,Estimated using AADF from previous year on this link,E,30,42,6754,93,1121,139,48,46,4,13,13,264,8274
57733,2015,A6008,Major,A453,Carrington St,457299,338970,52.94508721,-1.14873999,0.5,0.3,Estimated,Estimated using AADF from previous year on this link,W,12,43,6297,105,1318,138,45,43,7,9,14,255,8018
57733,2016,A6008,Major,A453,Carrington St,457299,338970,52.94508721,-1.14873999,0.5,0.3,Estimated,Estimated using AADF from previous year on this link,E,28,41,6860,86,1224,141,48,52,5,12,13,270,8481
57733,2016,A6008,Major,A453,Carrington St,457299,338970,52.94508721,-1.14873999,0.5,0.3,Estimated,Estimated using AADF from previous year on this link,W,11,43,6396,97,1440,140,44,48,7,8,14,261,8236
57733,2017,A6008,Major,A453,Carrington St,457299,338970,52.94508721,-1.14873999,0.5,0.3,Estimated,Estimated using AADF from previous year on this link,E,27,42,6809,81,1289,140,49,53,5,12,14,271,8491
57733,2017,A6008,Major,A453,Carrington St,457299,338970,52.94508721,-1.14873999,0.5,0.3,Estimated,Estimated using AADF from previous year on this link,W,11,43,6348,91,1515,139,45,50,7,8,14,263,8260
57733,2018,A6008,Major,A453,Carrington St,457299,338970,52.94508721,-1.14873999,0.6,0.4,Estimated,Estimated using AADF from previous year on this link,E,29,41,6734,73,1313,141,48,52,5,12,14,272,8433
57733,2018,A6008,Major,A453,Carrington St,457299,338970,52.94508721,-1.14873999,0.6,0.4,Estimated,Estimated using AADF from previous year on this link,W,12,43,6279,82,1544,140,45,48,8,8,15,263,8210
57733,2019,A6008,Major,A453,Carrington St,457299,338970,52.94508721,-1.14873999,0.6,0.4,Estimated,Estimated using AADF from previous year on this link,E,32,39,6819,74,1301,139,49,52,5,12,14,272,8504
57733,2019,A6008,Major,A453,Carrington St,457299,338970,52.94508721,-1.14873999,0.6,0.4,Estimated,Estimated using AADF from previous year on this link,W,13,40,6357,83,1530,138,46,48,8,8,15,263,8274
57733,2020,A6008,Major,A453,Carrington St,457299,338970,52.94508721,-1.14873999,0.6,0.4,Counted,Manual count,E,57,52,6792,74,1579,150,56,33,12,40,31,321,8819
57733,2020,A6008,Major,A453,Carrington St,457299,338970,52.94508721,-1.14873999,0.6,0.4,Counted,Manual count,W,47,36,4930,78,1057,115,36,28,8,16,44,248,6348
57733,2021,A6008,Major,A453,Carrington St,457299,338970,52.94508721,-1.14873999,0.6,0.4,Estimated,Estimated using AADF from previous year on this link,E,46,55,7483,77,1721,160,60,37,13,42,33,345,9681
57733,2021,A6008,Major,A453,Carrington St,457299,338970,52.94508721,-1.14873999,0.6,0.4,Estimated,Estimated using AADF from previous year on this link,W,39,38,5431,80,1152,123,39,31,9,17,47,266,6968
57733,2022,A6008,Major,A453,Carrington St,457299,338970,52.94508721,-1.14873999,0.6,0.4,Estimated,Estimated using AADF from previous year on this link,E,41,61,7993,82,1866,166,62,39,14,43,33,357,10359
57733,2022,A6008,Major,A453,Carrington St,457299,338970,52.94508721,-1.14873999,0.6,0.4,Estimated,Estimated using AADF from previous year on this link,W,34,42,5801,86,1249,128,40,33,9,18,48,276,7453
57733,2023,A6008,Major,A453,Carrington St,457299,338970,52.94508721,-1.14873999,0.6,0.4,Estimated,Estimated using AADF from previous year on this link,E,41,60,8143,83,1898,164,61,38,14,42,32,351,10535
57733,2023,A6008,Major,A453,Carrington St,457299,338970,52.94508721,-1.14873999,0.6,0.4,Estimated,Estimated using AADF from previous year on this link,W,34,41,5910,87,1270,126,39,32,9,17,46,271,7579
57733,2024,A6008,Major,A453,Carrington St,457299,338970,52.94508721,-1.14873999,0.6,0.4,Estimated,Estimated using AADF from previous year on this link,E,41,62,8266,84,1932,166,61,37,13,41,31,350,10693
57733,2024,A6008,Major,A453,Carrington St,457299,338970,52.94508721,-1.14873999,0.6,0.4,Estimated,Estimated using AADF from previous year on this link,W,34,42,6000,88,1293,128,40,32,9,17,45,270,7692
57733,2025,A6008,Major,A453,Carrington St,457299,338970,52.94508721,-1.14873999,0.6,0.4,Estimated,Estimated using AADF from previous year on this link,E,41,63,8276,82,1971,165,61,38,14,40,31,348,10740
57733,2025,A6008,Major,A453,Carrington St,457299,338970,52.94508721,-1.14873999,0.6,0.4,Estimated,Estimated using AADF from previous year on this link,W,34,43,6007,86,1319,127,40,32,9,16,44,268,7723
57890,2000,A6008,Major,A610,A610,456900,340000,52.95438757,-1.15449682,0.3,0.2,Estimated,Estimated using AADF from previous year on this link,E,45,64,5104,649,517,84,11,1,7,0,0,103,6437
57890,2000,A6008,Major,A610,A610,456900,340000,52.95438757,-1.15449682,0.3,0.2,Estimated,Estimated using AADF from previous year on this link,W,55,148,11220,1285,1498,252,15,10,27,6,5,315,14466
57890,2001,A6008,Major,A610,A610,456900,340000,52.95438757,-1.15449682,0.3,0.2,Estimated,Estimated using AADF from previous year on this link,E,43,66,5206,661,515,82,13,1,6,0,0,102,6550
57890,2001,A6008,Major,A610,A610,456900,340000,52.95438757,-1.15449682,0.3,0.2,Estimated,Estimated using AADF from previous year on this link,W,53,153,11444,1309,1492,247,17,10,24,5,6,309,14707
57890,2002,A6008,Major,A610,A610,456900,340000,52.95438757,-1.15449682,0.3,0.2,Estimated,Estimated using AADF from previous year on this link,E,45,67,5196,676,516,79,14,1,5,0,0,99,6554
57890,2002,A6008,Major,A610,A610,456900,340000,52.95438757,-1.15449682,0.3,0.2,Estimated,Estimated using AADF from previous year on this link,W,55,155,11421,1338,1495,238,18,10,22,4,7,299,14708
57890,2003,A6008,Major,A610,A610,456900,340000,52.95438757,-1.15449682,0.3,0.2,Estimated,Estimated using AADF from previous year on this link,E,40,75,5123,604,562,85,16,1,5,0,0,107,6471
57890,2003,A6008,Major,A610,A610,456900,340000,52.95438757,-1.15449682,0.3,0.2,Estimated,Estimated using AADF from previous year on this link,W,49,174,11261,1195,1630,255,20,12,21,4,8,320,14580
57890,2004,A6008,Major,A610,A610,456900,340000,52.95438757,-1.15449682,0.3,0.2,Counted,Manual count,E,33,59,5099,155,646,97,14,5,6,3,1,126,6085
57890,2004,A6008,Major,A610,A610,456900,340000,52.95438757,-1.15449682,0.3,0.2,Counted,Manual count,W,51,159,9388,523,1191,165,20,9,15,8,2,219,11480
57890,2005,A6008,Major,A610,A610,456900,340000,52.95438757,-1.15449682,0.3,0.2,Estimated,Estimated using AADF from previous year on this link,E,28,60,4971,153,663,94,13,5,5,2,1,120,5967
57890,2005,A6008,Major,A610,A610,456900,340000,52.95438757,-1.15449682,0.3,0.2,Estimated,Estimated using AADF from previous year on this link,W,43,161,9154,515,1222,158,19,9,13,7,2,208,11260
57890,2006,A6008,Major,A610,A610,456900,340000,52.95438757,-1.15449682,0.3,0.2,Estimated,Estimated using AADF from previous year on this link,E,43,62,4986,150,673,96,13,5,5,2,1,122,5993
57890,2006,A6008,Major,A610,A610,456900,340000,52.95438757,-1.15449682,0.3,0.2,Estimated,Estimated using AADF from previous year on this link,W,68,167,9181,507,1241,162,19,10,12,6,2,211,11307
57890,2007,A6008,Major,A610,A610,456900,340000,52.95438757,-1.15449682,0.3,0.2,Estimated,Estimated using AADF from previous year on this link,E,27,50,4799,129,708,84,12,5,3,2,1,107,5793
57890,2007,A6008,Major,A610,A610,456900,340000,52.95438757,-1.15449682,0.3,0.2,Estimated,Estimated using AADF from previous year on this link,W,42,134,8836,435,1306,142,16,10,8,5,2,183,10894
57890,2008,A6008,Major,A610,A6008 South Sherwood Street,456900,340000,52.95438757,-1.15449682,0.3,0.2,Estimated,Estimated using AADF from previous year on this link,E,30,47,4693,112,723,84,13,6,3,1,1,108,5683
57890,2008,A6008,Major,A610,A6008 South Sherwood Street,456900,340000,52.95438757,-1.15449682,0.3,0.2,Estimated,Estimated using AADF from previous year on this link,W,47,128,8642,378,1333,142,18,10,7,4,2,183,10664
57890,2009,A6008,Major,A610,A6008 South Sherwood Street,456900,340000,52.95438757,-1.15449682,0.3,0.2,Estimated,Estimated using AADF from previous year on this link,E,30,52,4796,111,734,76,13,6,3,1,1,100,5793
57890,2009,A6008,Major,A610,A6008 South Sherwood Street,456900,340000,52.95438757,-1.15449682,0.3,0.2,Estimated,Estimated using AADF from previous year on this link,W,47,143,8832,374,1353,129,18,9,6,3,2,167,10869
57890,2010,A6008,Major,A610,A6008 South Sherwood Street,456900,340000,52.95438757,-1.15449682,0.3,0.2,Counted,Manual count,E,77,36,3537,309,485,64,11,3,1,7,3,89,4456
57890,2010,A6008,Major,A610,A6008 South Sherwood Street,456900,340000,52.95438757,-1.15449682,0.3,0.2,Counted,Manual count,W,120,42,4583,601,598,64,11,0,8,1,0,84,5908
57890,2011,A6008,Major,A610,A6008 South Sherwood Street,456900,340000,52.95438757,-1.15449682,0.3,0.2,Estimated,Estimated using AADF from previous year on this link,E,85,30,3526,292,541,65,12,3,1,7,3,91,4480
57890,2011,A6008,Major,A610,A6008 South Sherwood Street,456900,340000,52.95438757,-1.15449682,0.3,0.2,Estimated,Estimated using AADF from previous year on this link,W,132,35,4569,568,667,65,12,0,6,1,0,84,5923
57890,2012,A6008,Major,A610,A6008 South Sherwood Street,456900,340000,52.95438757,-1.15449682,0.3,0.2,Estimated,Estimated using AADF from previous year on this link,E,80,29,3471,318,547,66,13,3,1,6,3,92,4457
57890,2012,A6008,Major,A610,A6008 South Sherwood Street,456900,340000,52.95438757,-1.15449682,0.3,0.2,Estimated,Estimated using AADF from previous year on this link,W,125,33,4498,618,675,66,13,0,4,1,0,84,5908
57890,2013,A6008,Major,A610,A6008 South Sherwood Street,456900,340000,52.95438757,-1.15449682,0.3,0.2,Estimated,Estimated using AADF from previous year on this link,E,79,32,3440,332,569,66,14,4,1,6,3,94,4467
57890,2013,A6008,Major,A610,A6008 South Sherwood Street,456900,340000,52.95438757,-1.15449682,0.3,0.2,Estimated,Estimated using AADF from previous year on this link,W,123,37,4458,646,701,66,14,0,3,1,0,84,5927
57890,2014,A6008,Major,A610,A6008 South Sherwood Street,456900,340000,52.95438757,-1.15449682,0.3,0.2,Estimated,Estimated using AADF from previous year on this link,E,77,31,3534,320,608,68,16,4,0,5,3,96,4588
57890,2014,A6008,Major,A610,A6008 South Sherwood Street,456900,340000,52.95438757,-1.15449682,0.3,0.2,Estimated,Estimated using AADF from previous year on this link,W,120,36,4579,622,750,68,16,0,3,1,0,87,6073
57890,2015,A6008,Major,A610,A6008 South Sherwood Street,456900,340000,52.95438757,-1.15449682,0.3,0.2,Estimated,Estimated using AADF from previous year on this link,E,72,27,3604,344,638,64,16,4,1,5,3,92,4705
57890,2015,A6008,Major,A610,A6008 South Sherwood Street,456900,340000,52.95438757,-1.15449682,0.3,0.2,Estimated,Estimated using AADF from previous year on this link,W,111,31,4670,670,787,64,16,0,3,1,0,84,6242
57890,2016,A6008,Major,A610,A6008 South Sherwood Street,456900,340000,52.95438757,-1.15449682,0.3,0.2,Estimated,Estimated using AADF from previous year on this link,E,67,26,3660,319,697,65,16,5,1,4,3,93,4795
57890,2016,A6008,Major,A610,A6008 South Sherwood Street,456900,340000,52.95438757,-1.15449682,0.3,0.2,Estimated,Estimated using AADF from previous year on this link,W,104,31,4742,620,859,65,16,0,3,1,0,85,6338
57890,2017,A6008,Major,A610,A6008 South Sherwood Street,456900,340000,52.95438757,-1.15449682,0.3,0.2,Estimated,Estimated using AADF from previous year on this link,E,64,27,3633,298,734,65,16,5,1,4,3,93,4784
57890,2017,A6008,Major,A610,A6008 South Sherwood Street,456900,340000,52.95438757,-1.15449682,0.3,0.2,Estimated,Estimated using AADF from previous year on this link,W,99,31,4708,579,905,65,16,0,4,1,0,85,6308
57890,2018,A6008,Major,A610,A6008 South Sherwood Street,456900,340000,52.95438757,-1.15449682,0.4,0.2,Counted,Manual count,E,64,69,3043,401,506,47,7,4,4,3,0,65,4083
57890,2018,A6008,Major,A610,A6008 South Sherwood Street,456900,340000,52.95438757,-1.15449682,0.4,0.2,Counted,Manual count,W,88,92,4780,775,575,64,7,0,3,2,1,77,6300
57890,2019,A6008,Major,A610,A6008 South Sherwood Street,456900,340000,52.95438757,-1.15449682,0.4,0.2,Estimated,Estimated using AADF from previous year on this link,E,71,64,3081,405,502,46,7,4,4,3,0,64,4117
57890,2019,A6008,Major,A610,A6008 South Sherwood Street,456900,340000,52.95438757,-1.15449682,0.4,0.2,Estimated,Estimated using AADF from previous year on this link,W,97,87,4840,784,570,63,7,0,3,2,1,77,6357
57890,2020,A6008,Major,A610,A6008 South Sherwood Street,456900,340000,52.95438757,-1.15449682,0.4,0.2,Estimated,Estimated using AADF from previous year on this link,E,81,48,2340,256,443,41,6,3,4,3,0,57,3143
57890,2020,A6008,Major,A610,A6008 South Sherwood Street,456900,340000,52.95438757,-1.15449682,0.4,0.2,Estimated,Estimated using AADF from previous year on this link,W,111,64,3677,495,503,56,6,0,3,2,1,67,4806
57890,2021,A6008,Major,A610,A6008 South Sherwood Street,456900,340000,52.95438757,-1.15449682,0.4,0.2,Estimated,Estimated using AADF from previous year on this link,E,66,50,2578,264,483,44,7,4,4,3,0,61,3437
57890,2021,A6008,Major,A610,A6008 South Sherwood Street,456900,340000,52.95438757,-1.15449682,0.4,0.2,Estimated,Estimated using AADF from previous year on this link,W,90,68,4051,511,548,59,7,0,3,2,1,72,5250
57890,2022,A6008,Major,A610,A6008 South Sherwood Street,456900,340000,52.95438757,-1.15449682,0.4,0.2,Estimated,Estimated using AADF from previous year on this link,E,59,55,2754,284,524,45,7,4,4,3,0,63,3679
57890,2022,A6008,Major,A610,A6008 South Sherwood Street,456900,340000,52.95438757,-1.15449682,0.4,0.2,Estimated,Estimated using AADF from previous year on this link,W,81,74,4326,549,594,62,7,0,3,2,1,75,5618
57890,2023,A6008,Major,A610,A6008 South Sherwood Street,456900,340000,52.95438757,-1.15449682,0.4,0.2,Estimated,Estimated using AADF from previous year on this link,E,58,54,2806,287,532,45,7,4,4,3,0,62,3741
57890,2023,A6008,Major,A610,A6008 South Sherwood Street,456900,340000,52.95438757,-1.15449682,0.4,0.2,Estimated,Estimated using AADF from previous year on this link,W,79,73,4408,554,604,61,7,0,3,2,1,74,5713
57890,2024,A6008,Major,A610,A6008 South Sherwood Street,456900,340000,52.95438757,-1.15449682,0.4,0.2,Estimated,Estimated using AADF from previous year on this link,E,59,56,2848,288,542,45,7,4,4,3,0,63,3796
57890,2024,A6008,Major,A610,A6008 South Sherwood Street,456900,340000,52.95438757,-1.15449682,0.4,0.2,Estimated,Estimated using AADF from previous year on this link,W,80,75,4474,557,615,62,7,0,3,2,1,74,5796
57890,2025,A6008,Major,A610,A6008 South Sherwood Street,456900,340000,52.95438757,-1.15449682,0.4,0.2,Estimated,Estimated using AADF from previous year on this link,E,59,57,2851,281,553,45,7,4,4,3,0,62,3805
57890,2025,A6008,Major,A610,A6008 South Sherwood Street,456900,340000,52.95438757,-1.15449682,0.4,0.2,Estimated,Estimated using AADF from previous year on this link,W,81,77,4480,544,628,61,7,0,3,2,1,74,5802
57924,2000,A6200,Major,A52,A6130,455000,339220,52.94757484,-1.18290547,1.3,0.8,Estimated,Estimated using AADF from previous year on this link,E,327,90,11382,664,1309,201,21,4,22,25,25,298,13743
57924,2000,A6200,Major,A52,A6130,455000,339220,52.94757484,-1.18290547,1.3,0.8,Estimated,Estimated using AADF from previous year on this link,W,422,98,11049,613,1093,167,15,9,18,21,18,248,13101
57924,2001,A6200,Major,A52,A6130,455000,339220,52.94757484,-1.18290547,1.3,0.8,Counted,Manual count,E,72,195,10815,586,1182,131,13,8,11,26,17,206,12984
57924,2001,A6200,Major,A52,A6130,455000,339220,52.94757484,-1.18290547,1.3,0.8,Counted,Manual count,W,114,271,10285,569,1059,226,19,8,21,35,19,328,12512
57924,2002,A6200,Major,A52,A6130,455000,339220,52.94757484,-1.18290547,1.3,0.8,Estimated,Estimated using AADF from previous year on this link,E,75,197,10793,599,1184,126,14,8,10,23,19,200,12973
57924,2002,A6200,Major,A52,A6130,455000,339220,52.94757484,-1.18290547,1.3,0.8,Estimated,Estimated using AADF from previous year on this link,W,119,274,10264,582,1061,218,20,8,19,30,21,316,12497
57924,2003,A6200,Major,A52,A6130,455000,339220,52.94757484,-1.18290547,1.3,0.8,Estimated,Estimated using AADF from previous year on this link,E,67,221,10642,535,1291,135,16,9,10,20,21,211,12900
57924,2003,A6200,Major,A52,A6130,455000,339220,52.94757484,-1.18290547,1.3,0.8,Estimated,Estimated using AADF from previous year on this link,W,106,307,10120,520,1156,234,23,9,18,27,23,334,12437
57924,2004,A6200,Major,A52,A6130,455000,339220,52.94757484,-1.18290547,1.3,0.8,Counted,Manual count,E,97,95,10178,529,1161,172,21,27,10,29,31,290,12253
57924,2004,A6200,Major,A52,A6130,455000,339220,52.94757484,-1.18290547,1.3,0.8,Counted,Manual count,W,133,100,9382,504,1024,152,19,28,14,26,28,267,11277
57924,2005,A6200,Major,A52,A6130,455000,339220,52.94757484,-1.18290547,1.3,0.8,Estimated,Estimated using AADF from previous year on this link,E,82,95,9923,520,1192,165,20,27,9,26,33,280,12010
57924,2005,A6200,Major,A52,A6130,455000,339220,52.94757484,-1.18290547,1.3,0.8,Estimated,Estimated using AADF from previous year on this link,W,113,101,9148,495,1050,146,18,28,12,23,30,257,11051
57924,2006,A6200,Major,A52,A6130,455000,339220,52.94757484,-1.18290547,1.3,0.8,Estimated,Estimated using AADF from previous year on this link,E,128,99,9953,512,1211,169,20,29,8,23,36,285,12060
57924,2006,A6200,Major,A52,A6130,455000,339220,52.94757484,-1.18290547,1.3,0.8,Estimated,Estimated using AADF from previous year on this link,W,177,105,9175,488,1067,150,17,30,11,20,32,260,11095
57924,2007,A6200,Major,A52,A6130,455000,339220,52.94757484,-1.18290547,1.3,0.8,Estimated,Estimated using AADF from previous year on this link,E,80,100,9485,493,1321,167,20,32,7,22,37,285,11684
57924,2007,A6200,Major,A52,A6130,455000,339220,52.94757484,-1.18290547,1.3,0.8,Estimated,Estimated using AADF from previous year on this link,W,110,106,8744,469,1164,148,17,33,9,19,33,259,10742
57924,2008,A6200,Major,A52,A6130,455000,339220,52.94757484,-1.18290547,1.3,0.8,Counted,Manual count,E,431,72,9889,525,1135,95,16,11,3,5,17,147,11768
57924,2008,A6200,Major,A52,A6130,455000,339220,52.94757484,-1.18290547,1.3,0.8,Counted,Manual count,W,568,75,9154,529,971,98,9,4,8,13,14,146,10875
57924,2009,A6200,Major,A52,A6130,455000,339220,52.94757484,-1.18290547,1.3,0.8,Estimated,Estimated using AADF from previous year on this link,E,431,68,9731,513,1229,91,17,11,3,4,17,143,11684
57924,2009,A6200,Major,A52,A6130,455000,339220,52.94757484,-1.18290547,1.3,0.8,Estimated,Estimated using AADF from previous year on this link,W,569,71,9008,517,1052,94,9,4,8,11,14,140,10788
57924,2010,A6200,Major,A52,A6130,455000,339220,52.94757484,-1.18290547,1.3,0.8,Estimated,Estimated using AADF from previous year on this link,E,431,63,9527,539,1235,90,16,9,3,3,16,137,11501
57924,2010,A6200,Major,A52,A6130,455000,339220,52.94757484,-1.18290547,1.3,0.8,Estimated,Estimated using AADF from previous year on this link,W,569,65,8819,543,1057,93,9,3,9,10,13,137,10621
57924,2011,A6200,Major,A52,A6130,455000,339220,52.94757484,-1.18290547,1.3,0.8,Estimated,Estimated using AADF from previous year on this link,E,475,67,9479,538,1273,90,17,10,2,3,17,139,11496
57924,2011,A6200,Major,A52,A6130,455000,339220,52.94757484,-1.18290547,1.3,0.8,Estimated,Estimated using AADF from previous year on this link,W,628,69,8775,542,1090,93,10,3,7,10,14,137,10613
57924,2012,A6200,Major,A52,A6130,455000,339220,52.94757484,-1.18290547,1.3,0.8,Counted,Manual count,E,109,42,9761,751,642,62,18,10,2,7,6,105,11302
57924,2012,A6200,Major,A52,A6130,455000,339220,52.94757484,-1.18290547,1.3,0.8,Counted,Manual count,W,243,56,7879,778,811,83,22,9,4,12,6,136,9660
57924,2013,A6200,Major,A52,A6130,455000,339220,52.94757484,-1.18290547,1.3,0.8,Estimated,Estimated using AADF from previous year on this link,E,108,42,9706,707,649,62,19,12,2,6,6,107,11211
57924,2013,A6200,Major,A52,A6130,455000,339220,52.94757484,-1.18290547,1.3,0.8,Estimated,Estimated using AADF from previous year on this link,W,240,56,7835,732,820,83,24,10,3,11,6,137,9580
57924,2014,A6200,Major,A52,A6130,455000,339220,52.94757484,-1.18290547,1.3,0.8,Estimated,Estimated using AADF from previous year on this link,E,105,45,9605,751,739,66,22,13,2,6,7,115,11255
57924,2014,A6200,Major,A52,A6130,455000,339220,52.94757484,-1.18290547,1.3,0.8,Estimated,Estimated using AADF from previous year on this link,W,233,59,7754,777,934,87,28,12,3,11,7,147,9671
57924,2015,A6200,Major,A52,A6130,455000,339220,52.94757484,-1.18290547,1.3,0.8,Estimated,Estimated using AADF from previous year on this link,E,97,46,9429,744,778,64,23,13,2,6,7,114,11111
57924,2015,A6200,Major,A52,A6130,455000,339220,52.94757484,-1.18290547,1.3,0.8,Estimated,Estimated using AADF from previous year on this link,W,217,60,7611,771,982,85,29,12,4,11,7,146,9570
57924,2016,A6200,Major,A52,A6130,455000,339220,52.94757484,-1.18290547,1.3,0.8,Estimated,Estimated using AADF from previous year on this link,E,91,45,9576,689,849,65,23,14,2,5,6,116,11276
57924,2016,A6200,Major,A52,A6130,455000,339220,52.94757484,-1.18290547,1.3,0.8,Estimated,Estimated using AADF from previous year on this link,W,202,59,7730,714,1073,86,29,13,4,9,6,148,9723
57924,2017,A6200,Major,A52,A6130,455000,339220,52.94757484,-1.18290547,1.3,0.8,Estimated,Estimated using AADF from previous year on this link,E,87,45,9506,644,894,64,23,15,3,5,7,117,11205
57924,2017,A6200,Major,A52,A6130,455000,339220,52.94757484,-1.18290547,1.3,0.8,Estimated,Estimated using AADF from previous year on this link,W,193,59,7673,667,1129,86,29,13,4,9,7,148,9677
57924,2018,A6200,Major,A52,A6130,455000,339220,52.94757484,-1.18290547,1.3,0.8,Counted,Manual count,E,125,61,7553,561,940,48,18,3,7,3,4,82,9197
57924,2018,A6200,Major,A52,A6130,455000,339220,52.94757484,-1.18290547,1.3,0.8,Counted,Manual count,W,159,61,7683,592,888,57,16,3,13,5,3,97,9321
57924,2019,A6200,Major,A52,A6130,455000,339220,52.94757484,-1.18290547,1.3,0.8,Estimated,Estimated using AADF from previous year on this link,E,137,57,7647,567,932,47,18,3,7,3,4,82,9286
57924,2019,A6200,Major,A52,A6130,455000,339220,52.94757484,-1.18290547,1.3,0.8,Estimated,Estimated using AADF from previous year on this link,W,175,57,7779,599,881,57,16,3,13,5,3,97,9413
57924,2020,A6200,Major,A52,A6130,455000,339220,52.94757484,-1.18290547,1.3,0.8,Estimated,Estimated using AADF from previous year on this link,E,157,42,5809,358,822,41,16,2,6,3,3,72,7103
57924,2020,A6200,Major,A52,A6130,455000,339220,52.94757484,-1.18290547,1.3,0.8,Estimated,Estimated using AADF from previous year on this link,W,200,42,5909,378,777,50,14,2,11,5,3,85,7191
57924,2021,A6200,Major,A52,A6130,455000,339220,52.94757484,-1.18290547,1.3,0.8,Estimated,Estimated using AADF from previous year on this link,E,128,45,6400,370,896,44,17,3,7,3,4,77,7788
57924,2021,A6200,Major,A52,A6130,455000,339220,52.94757484,-1.18290547,1.3,0.8,Estimated,Estimated using AADF from previous year on this link,W,163,45,6510,390,847,53,15,3,12,5,3,91,7883
57924,2022,A6200,Major,A52,A6130,455000,339220,52.94757484,-1.18290547,1.3,0.8,Estimated,Estimated using AADF from previous year on this link,E,114,49,6835,398,972,46,18,3,7,3,4,80,8333
57924,2022,A6200,Major,A52,A6130,455000,339220,52.94757484,-1.18290547,1.3,0.8,Estimated,Estimated using AADF from previous year on this link,W,146,49,6953,419,919,55,16,3,13,5,3,94,8435
57924,2023,A6200,Major,A52,A6130,455000,339220,52.94757484,-1.18290547,1.3,0.8,Estimated,Estimated using AADF from previous year on this link,E,112,48,6964,401,988,45,17,3,7,3,4,79,8480
57924,2023,A6200,Major,A52,A6130,455000,339220,52.94757484,-1.18290547,1.3,0.8,Estimated,Estimated using AADF from previous year on this link,W,143,48,7084,423,934,55,16,3,13,5,3,93,8583
57924,2024,A6200,Major,A52,A6130,455000,339220,52.94757484,-1.18290547,1.3,0.8,Estimated,Estimated using AADF from previous year on this link,E,114,50,7070,403,1006,46,17,3,7,3,4,79,8607
57924,2024,A6200,Major,A52,A6130,455000,339220,52.94757484,-1.18290547,1.3,0.8,Estimated,Estimated using AADF from previous year on this link,W,145,50,7191,425,951,55,16,3,13,5,3,94,8711
57924,2025,A6200,Major,A52,A6130,455000,339220,52.94757484,-1.18290547,1.3,0.8,Estimated,Estimated using AADF from previous year on this link,E,114,51,7078,394,1026,45,17,3,7,3,3,79,8628
57924,2025,A6200,Major,A52,A6130,455000,339220,52.94757484,-1.18290547,1.3,0.8,Estimated,Estimated using AADF from previous year on this link,W,146,51,7200,416,970,55,16,3,13,5,3,93,8730
57958,2000,A60,Major,Huntingdon St,A6130,457040,341100,52.9642597,-1.15222004,0.6,0.4,Estimated,Estimated using AADF from previous year on this link,N,179,163,15562,699,1803,263,37,9,25,17,6,357,18584
57958,2000,A60,Major,Huntingdon St,A6130,457040,341100,52.9642597,-1.15222004,0.6,0.4,Estimated,Estimated using AADF from previous year on this link,S,227,149,16457,674,1867,247,18,17,13,18,11,324,19471
57958,2001,A60,Major,Huntingdon St,A6130,457040,341100,52.9642597,-1.15222004,0.6,0.4,Estimated,Estimated using AADF from previous year on this link,N,171,169,15873,712,1796,258,43,9,22,15,7,354,18904
57958,2001,A60,Major,Huntingdon St,A6130,457040,341100,52.9642597,-1.15222004,0.6,0.4,Estimated,Estimated using AADF from previous year on this link,S,217,154,16786,687,1860,242,21,17,11,15,12,318,19805
57958,2002,A60,Major,Huntingdon St,A6130,457040,341100,52.9642597,-1.15222004,0.6,0.4,Counted,Manual count,N,93,144,16985,923,1609,239,50,15,20,12,12,348,20009
57958,2002,A60,Major,Huntingdon St,A6130,457040,341100,52.9642597,-1.15222004,0.6,0.4,Counted,Manual count,S,256,246,18580,907,1944,273,37,28,21,23,10,392,22069
57958,2003,A60,Major,Huntingdon St,A6130,457040,341100,52.9642597,-1.15222004,0.6,0.4,Estimated,Estimated using AADF from previous year on this link,N,83,162,16747,824,1754,256,57,18,19,11,13,374,19861
57958,2003,A60,Major,Huntingdon St,A6130,457040,341100,52.9642597,-1.15222004,0.6,0.4,Estimated,Estimated using AADF from previous year on this link,S,229,276,18320,810,2119,293,42,33,20,20,11,419,21944
57958,2004,A60,Major,Huntingdon St,A6130,457040,341100,52.9642597,-1.15222004,0.6,0.4,Estimated,Estimated using AADF from previous year on this link,N,67,142,16781,767,1738,257,60,19,18,9,14,377,19805
57958,2004,A60,Major,Huntingdon St,A6130,457040,341100,52.9642597,-1.15222004,0.6,0.4,Estimated,Estimated using AADF from previous year on this link,S,185,243,18357,753,2100,294,44,36,19,18,12,423,21876
57958,2005,A60,Major,Huntingdon St,A6130,457040,341100,52.9642597,-1.15222004,0.6,0.4,Estimated,Estimated using AADF from previous year on this link,N,57,144,16361,754,1783,247,56,20,16,8,15,362,19404
57958,2005,A60,Major,Huntingdon St,A6130,457040,341100,52.9642597,-1.15222004,0.6,0.4,Estimated,Estimated using AADF from previous year on this link,S,157,246,17898,741,2154,283,42,37,17,16,13,408,21447
57958,2006,A60,Major,Huntingdon St,A6130,457040,341100,52.9642597,-1.15222004,0.6,0.4,Estimated,Estimated using AADF from previous year on this link,N,89,150,16410,742,1812,253,56,21,14,7,16,367,19481
57958,2006,A60,Major,Huntingdon St,A6130,457040,341100,52.9642597,-1.15222004,0.6,0.4,Estimated,Estimated using AADF from previous year on this link,S,246,255,17951,729,2189,289,42,39,15,14,14,413,21537
57958,2007,A60,Major,Huntingdon St,A6130,457040,341100,52.9642597,-1.15222004,0.6,0.4,Estimated,Estimated using AADF from previous year on this link,N,56,151,15639,714,1977,250,55,23,12,7,17,364,18845
57958,2007,A60,Major,Huntingdon St,A6130,457040,341100,52.9642597,-1.15222004,0.6,0.4,Estimated,Estimated using AADF from previous year on this link,S,153,258,17108,702,2388,285,41,43,13,13,14,409,20865
57958,2008,A60,Major,A60 Huntingdon Street,A6130,457040,341100,52.9642597,-1.15222004,0.6,0.4,Estimated,Estimated using AADF from previous year on this link,N,63,141,15342,721,2070,240,60,23,11,6,16,356,18630
57958,2008,A60,Major,A60 Huntingdon Street,A6130,457040,341100,52.9642597,-1.15222004,0.6,0.4,Estimated,Estimated using AADF from previous year on this link,S,172,241,16783,709,2500,274,44,44,11,12,14,399,20632
57958,2009,A60,Major,A60 Huntingdon Street,A6130,457040,341100,52.9642597,-1.15222004,0.6,0.4,Counted,Manual count,N,291,184,15620,675,1944,170,42,14,20,16,10,272,18695
57958,2009,A60,Major,A60 Huntingdon Street,A6130,457040,341100,52.9642597,-1.15222004,0.6,0.4,Counted,Manual count,S,394,192,15713,693,1880,180,45,13,9,16,9,272,18750
57958,2010,A60,Major,A60 Huntingdon Street,A6130,457040,341100,52.9642597,-1.15222004,0.6,0.4,Counted,Manual count,N,136,128,17782,856,1170,136,23,20,5,6,10,200,20136
57958,2010,A60,Major,A60 Huntingdon Street,A6130,457040,341100,52.9642597,-1.15222004,0.6,0.4,Counted,Manual count,S,156,132,17754,776,1067,131,34,10,3,5,8,191,19920
57958,2011,A60,Major,A60 Huntingdon Street,A6130,457040,341100,52.9642597,-1.15222004,0.6,0.4,Estimated,Estimated using AADF from previous year on this link,N,150,136,17693,855,1206,135,25,22,4,6,11,203,20093
57958,2011,A60,Major,A60 Huntingdon Street,A6130,457040,341100,52.9642597,-1.15222004,0.6,0.4,Estimated,Estimated using AADF from previous year on this link,S,172,140,17665,775,1100,130,36,11,2,5,8,192,19872
57958,2012,A60,Major,A60 Huntingdon Street,A6130,457040,341100,52.9642597,-1.15222004,0.6,0.4,Counted,Manual count,N,183,110,13687,825,1562,150,25,22,14,9,22,243,16426
57958,2012,A60,Major,A60 Huntingdon Street,A6130,457040,341100,52.9642597,-1.15222004,0.6,0.4,Counted,Manual count,S,272,144,14534,861,1829,143,45,32,11,14,11,256,17623
57958,2013,A60,Major,A60 Huntingdon Street,A6130,457040,341100,52.9642597,-1.15222004,0.6,0.4,Estimated,Estimated using AADF from previous year on this link,N,180,110,13610,776,1580,149,27,25,10,9,22,242,16318
57958,2013,A60,Major,A60 Huntingdon Street,A6130,457040,341100,52.9642597,-1.15222004,0.6,0.4,Estimated,Estimated using AADF from previous year on this link,S,269,144,14451,810,1850,142,48,36,8,13,11,259,17514
57958,2014,A60,Major,A60 Huntingdon Street,A6130,457040,341100,52.9642597,-1.15222004,0.6,0.4,Estimated,Estimated using AADF from previous year on this link,N,175,116,13469,824,1799,158,31,28,11,8,25,261,16470
57958,2014,A60,Major,A60 Huntingdon Street,A6130,457040,341100,52.9642597,-1.15222004,0.6,0.4,Estimated,Estimated using AADF from previous year on this link,S,261,153,14301,860,2106,150,55,41,9,13,13,280,17700
57958,2015,A60,Major,A60 Huntingdon Street,A6130,457040,341100,52.9642597,-1.15222004,0.6,0.4,Estimated,Estimated using AADF from previous year on this link,N,163,118,13221,817,1893,154,32,28,13,8,25,260,16309
57958,2015,A60,Major,A60 Huntingdon Street,A6130,457040,341100,52.9642597,-1.15222004,0.6,0.4,Estimated,Estimated using AADF from previous year on this link,S,242,155,14039,852,2216,146,58,40,11,13,12,279,17542
57958,2016,A60,Major,A60 Huntingdon Street,A6130,457040,341100,52.9642597,-1.15222004,0.6,0.4,Estimated,Estimated using AADF from previous year on this link,N,151,116,13428,757,2067,156,32,31,14,7,24,264,16632
57958,2016,A60,Major,A60 Huntingdon Street,A6130,457040,341100,52.9642597,-1.15222004,0.6,0.4,Estimated,Estimated using AADF from previous year on this link,S,226,152,14258,790,2420,148,57,45,11,11,12,285,17905
57958,2017,A60,Major,A60 Huntingdon Street,A6130,457040,341100,52.9642597,-1.15222004,0.6,0.4,Counted,Manual count,N,172,83,14081,918,1709,150,36,24,13,23,4,250,17041
57958,2017,A60,Major,A60 Huntingdon Street,A6130,457040,341100,52.9642597,-1.15222004,0.6,0.4,Counted,Manual count,S,225,82,13330,897,1650,114,24,28,12,17,11,205,16163
57958,2018,A60,Major,A60 Huntingdon Street,A6130,457040,341100,52.9642597,-1.15222004,0.6,0.4,Estimated,Estimated using AADF from previous year on this link,N,190,82,13926,833,1741,152,36,23,13,24,4,252,16833
57958,2018,A60,Major,A60 Huntingdon Street,A6130,457040,341100,52.9642597,-1.15222004,0.6,0.4,Estimated,Estimated using AADF from previous year on this link,S,249,81,13183,814,1681,115,24,27,12,18,11,206,15964
57958,2019,A60,Major,A60 Huntingdon Street,A6130,457040,341100,52.9642597,-1.15222004,0.6,0.4,Estimated,Estimated using AADF from previous year on this link,N,208,77,14101,842,1725,150,37,23,13,25,4,252,16996
57958,2019,A60,Major,A60 Huntingdon Street,A6130,457040,341100,52.9642597,-1.15222004,0.6,0.4,Estimated,Estimated using AADF from previous year on this link,S,273,76,13348,823,1666,113,24,27,12,18,11,206,16119
57958,2020,A60,Major,A60 Huntingdon Street,A6130,457040,341100,52.9642597,-1.15222004,0.6,0.4,Estimated,Estimated using AADF from previous year on this link,N,238,57,10711,532,1523,132,32,21,11,22,4,221,13043
57958,2020,A60,Major,A60 Huntingdon Street,A6130,457040,341100,52.9642597,-1.15222004,0.6,0.4,Estimated,Estimated using AADF from previous year on this link,S,312,56,10139,520,1470,100,21,24,10,16,10,181,12366
57958,2021,A60,Major,A60 Huntingdon Street,A6130,457040,341100,52.9642597,-1.15222004,0.6,0.4,Counted,Manual count,N,160,158,11908,751,1920,139,15,30,4,3,42,232,14970
57958,2021,A60,Major,A60 Huntingdon Street,A6130,457040,341100,52.9642597,-1.15222004,0.6,0.4,Counted,Manual count,S,176,175,12038,744,1994,142,20,45,3,1,33,244,15195
57958,2022,A60,Major,A60 Huntingdon Street,A6130,457040,341100,52.9642597,-1.15222004,0.6,0.4,Estimated,Estimated using AADF from previous year on this link,N,143,172,12719,807,2082,144,15,32,4,3,42,241,16021
57958,2022,A60,Major,A60 Huntingdon Street,A6130,457040,341100,52.9642597,-1.15222004,0.6,0.4,Estimated,Estimated using AADF from previous year on this link,S,158,191,12857,800,2161,146,21,48,3,1,34,253,16263
57958,2023,A60,Major,A60 Huntingdon Street,A6130,457040,341100,52.9642597,-1.15222004,0.6,0.4,Estimated,Estimated using AADF from previous year on this link,N,140,170,12958,815,2117,142,15,32,4,3,41,237,16297
57958,2023,A60,Major,A60 Huntingdon Street,A6130,457040,341100,52.9642597,-1.15222004,0.6,0.4,Estimated,Estimated using AADF from previous year on this link,S,155,189,13099,808,2198,145,20,47,3,1,33,249,16542
57958,2024,A60,Major,A60 Huntingdon Street,A6130,457040,341100,52.9642597,-1.15222004,0.6,0.4,Estimated,Estimated using AADF from previous year on this link,N,142,175,13155,818,2155,144,15,31,4,3,39,236,16540
57958,2024,A60,Major,A60 Huntingdon Street,A6130,457040,341100,52.9642597,-1.15222004,0.6,0.4,Estimated,Estimated using AADF from previous year on this link,S,157,195,13298,811,2237,147,20,46,3,1,32,249,16789
57958,2025,A60,Major,A60 Huntingdon Street,A6130,457040,341100,52.9642597,-1.15222004,0.6,0.4,Counted,Manual count,N,187,164,13384,699,1721,160,16,1,14,30,2,223,16190
57958,2025,A60,Major,A60 Huntingdon Street,A6130,457040,341100,52.9642597,-1.15222004,0.6,0.4,Counted,Manual count,S,242,151,12527,715,1556,122,32,4,16,24,8,206,15156
58064,2000,A610,Major,A609/A6200 roundabout,A6008,456600,340110,52.95540798,-1.15894248,0.5,0.3,Estimated,Estimated using AADF from previous year on this link,W,78,407,16805,1563,2491,441,46,18,18,12,7,542,21808
58064,2001,A610,Major,A609/A6200 roundabout,A6008,456600,340110,52.95540798,-1.15894248,0.5,0.3,Estimated,Estimated using AADF from previous year on this link,W,75,427,16284,1636,2508,421,51,18,15,10,7,522,21377
58064,2002,A610,Major,A609/A6200 roundabout,A6008,456600,340110,52.95540798,-1.15894248,0.5,0.3,Counted,Manual count,W,70,293,13640,1233,1586,241,53,14,15,15,12,350,17102
58064,2003,A610,Major,A609/A6200 roundabout,A6008,456600,340110,52.95540798,-1.15894248,0.5,0.3,Estimated,Estimated using AADF from previous year on this link,W,63,417,13135,1200,1722,234,54,15,14,13,13,343,16817
58064,2004,A610,Major,A609/A6200 roundabout,A6008,456600,340110,52.95540798,-1.15894248,0.5,0.3,Estimated,Estimated using AADF from previous year on this link,W,51,274,13306,983,1896,284,70,20,15,13,16,418,16877
58064,2005,A610,Major,A609/A6200 roundabout,A6008,456600,340110,52.95540798,-1.15894248,0.5,0.3,Estimated,Estimated using AADF from previous year on this link,W,43,225,12694,928,2022,308,74,23,12,10,15,442,16311
58064,2006,A610,Major,A609/A6200 roundabout,A6008,456600,340110,52.95540798,-1.15894248,0.5,0.3,Estimated,Estimated using AADF from previous year on this link,W,67,196,12453,861,2052,297,69,23,10,8,14,421,15983
58064,2007,A610,Major,A609/A6200 roundabout,A6008,456600,340110,52.95540798,-1.15894248,0.5,0.3,Estimated,Estimated using AADF from previous year on this link,W,42,187,12254,783,2161,276,64,23,8,7,14,392,15777
58064,2008,A610,Major,A609/A6200 ,A6008,456600,340110,52.95540798,-1.15894248,0.5,0.3,Estimated,Estimated using AADF from previous year on this link,W,47,179,11984,681,2206,276,72,25,7,6,13,399,15449
58064,2009,A610,Major,A609/A6200 ,A6008,456600,340110,52.95540798,-1.15894248,0.5,0.3,Counted,Manual count,W,158,98,11762,1044,1463,174,47,21,8,13,10,273,14640
58064,2010,A610,Major,A609/A6200 ,A6008,456600,340110,52.95540798,-1.15894248,0.5,0.3,Estimated,Estimated using AADF from previous year on this link,W,159,93,11691,1183,1562,185,48,18,9,12,10,282,14811
58064,2011,A610,Major,A609/A6200 ,A6008,456600,340110,52.95540798,-1.15894248,0.5,0.3,Estimated,Estimated using AADF from previous year on this link,W,175,78,11656,1118,1743,188,53,21,7,12,11,292,14887
58064,2012,A610,Major,A609/A6200,A6008,456600,340110,52.95540798,-1.15894248,0.5,0.3,Estimated,Estimated using AADF from previous year on this link,W,166,75,11474,1216,1764,190,58,24,5,11,10,298,14826
58064,2013,A610,Major,A609/A6200,A6008,456600,340110,52.95540798,-1.15894248,0.5,0.3,Estimated,Estimated using AADF from previous year on this link,W,163,83,11373,1271,1833,192,63,27,4,10,11,306,14866
58064,2014,A610,Major,A609/A6200,A6008,456600,340110,52.95540798,-1.15894248,0.5,0.3,Estimated,Estimated using AADF from previous year on this link,W,159,80,11681,1223,1960,196,70,30,3,8,10,317,15262
58064,2015,A610,Major,A609/A6200,A6008,456600,340110,52.95540798,-1.15894248,0.5,0.3,Estimated,Estimated using AADF from previous year on this link,W,147,70,11913,1318,2056,186,71,28,4,8,10,307,15664
58064,2016,A610,Major,A609/A6200,A6008,456600,340110,52.95540798,-1.15894248,0.5,0.3,Estimated,Estimated using AADF from previous year on this link,W,137,69,12099,1221,2245,189,71,32,4,7,10,312,15946
58064,2017,A610,Major,A609/A6200,A6008,456600,340110,52.95540798,-1.15894248,0.5,0.3,Counted,Manual count,W,130,107,10282,1136,1499,166,71,20,9,15,8,289,13313
58064,2018,A610,Major,A609/A6200,A6008,456600,340110,52.95540798,-1.15894248,0.5,0.3,Estimated,Estimated using AADF from previous year on this link,W,143,106,10169,1030,1528,168,71,19,9,15,8,291,13123
58064,2019,A610,Major,A609/A6200,A6008,456600,340110,52.95540798,-1.15894248,0.5,0.3,Estimated,Estimated using AADF from previous year on this link,W,157,99,10296,1041,1514,166,72,19,9,16,8,291,13241
58064,2020,A610,Major,A609/A6200,A6008,456600,340110,52.95540798,-1.15894248,0.5,0.3,Estimated,Estimated using AADF from previous year on this link,W,180,73,7821,658,1336,146,62,17,8,14,7,255,10143
58064,2021,A610,Major,A609/A6200,A6008,456600,340110,52.95540798,-1.15894248,0.5,0.3,Estimated,Estimated using AADF from previous year on this link,W,147,78,8616,679,1457,156,67,19,9,15,8,273,11103
58064,2022,A610,Major,A609/A6200,A6008,456600,340110,52.95540798,-1.15894248,0.5,0.3,Estimated,Estimated using AADF from previous year on this link,W,131,85,9203,730,1579,161,69,20,9,15,8,283,11880
58064,2023,A610,Major,A609/A6200,A6008,456600,340110,52.95540798,-1.15894248,0.5,0.3,Estimated,Estimated using AADF from previous year on this link,W,129,84,9376,737,1606,159,68,20,9,15,8,279,12081
58064,2024,A610,Major,A609/A6200,A6008,456600,340110,52.95540798,-1.15894248,0.5,0.3,Estimated,Estimated using AADF from previous year on this link,W,131,86,9518,740,1635,162,68,19,9,14,7,280,12259
58064,2025,A610,Major,A609/A6200,A6008,456600,340110,52.95540798,-1.15894248,0.5,0.3,Counted,Manual count,W,329,150,7631,833,1092,70,23,6,1,7,9,116,9823
70291,2000,A60,Major,B685,A6011,457920,338550,52.9412456,-1.13957424,0.4,0.2,Counted,Manual count,N,63,157,17236,101,1862,202,16,15,25,21,9,288,19644
70291,2000,A60,Major,B685,A6011,457920,338550,52.9412456,-1.13957424,0.4,0.2,Counted,Manual count,S,85,125,14819,81,1485,190,15,12,26,28,12,283,16793
70291,2001,A60,Major,B685,A6011,457920,338550,52.9412456,-1.13957424,0.4,0.2,Estimated,Estimated using AADF from previous year on this link,N,60,163,17581,103,1855,198,18,15,22,18,10,281,19983
70291,2001,A60,Major,B685,A6011,457920,338550,52.9412456,-1.13957424,0.4,0.2,Estimated,Estimated using AADF from previous year on this link,S,81,130,15115,83,1479,186,17,12,23,24,13,275,17082
70291,2002,A60,Major,B685,A6011,457920,338550,52.9412456,-1.13957424,0.4,0.2,Counted,Manual count,N,73,171,17130,76,1648,195,39,11,20,20,15,300,19325
70291,2002,A60,Major,B685,A6011,457920,338550,52.9412456,-1.13957424,0.4,0.2,Counted,Manual count,S,84,134,14299,67,1236,202,25,16,18,25,15,301,16037
70291,2003,A60,Major,B685,A6011,457920,338550,52.9412456,-1.13957424,0.4,0.2,Estimated,Estimated using AADF from previous year on this link,N,65,192,16890,68,1796,209,44,13,19,18,17,320,19266
70291,2003,A60,Major,B685,A6011,457920,338550,52.9412456,-1.13957424,0.4,0.2,Estimated,Estimated using AADF from previous year on this link,S,75,150,14099,60,1347,217,28,19,17,22,17,320,15976
70291,2004,A60,Major,B685,A6011,457920,338550,52.9412456,-1.13957424,0.4,0.2,Estimated,Estimated using AADF from previous year on this link,N,53,169,16924,63,1780,210,47,14,18,16,18,323,19259
70291,2004,A60,Major,B685,A6011,457920,338550,52.9412456,-1.13957424,0.4,0.2,Estimated,Estimated using AADF from previous year on this link,S,61,132,14127,56,1335,218,30,21,16,20,18,323,15973
70291,2005,A60,Major,B685,A6011,457920,338550,52.9412456,-1.13957424,0.4,0.2,Estimated,Estimated using AADF from previous year on this link,N,45,171,16501,62,1826,202,44,14,16,14,19,309,18869
70291,2005,A60,Major,B685,A6011,457920,338550,52.9412456,-1.13957424,0.4,0.2,Estimated,Estimated using AADF from previous year on this link,S,51,134,13774,55,1370,209,28,21,14,17,19,308,15641
70291,2006,A60,Major,B685,A6011,457920,338550,52.9412456,-1.13957424,0.4,0.2,Estimated,Estimated using AADF from previous year on this link,N,70,178,16550,61,1856,207,44,16,14,12,21,314,18959
70291,2006,A60,Major,B685,A6011,457920,338550,52.9412456,-1.13957424,0.4,0.2,Estimated,Estimated using AADF from previous year on this link,S,81,139,13815,54,1392,214,28,23,13,15,21,314,15714
70291,2007,A60,Major,B685,A6011,457920,338550,52.9412456,-1.13957424,0.4,0.2,Estimated,Estimated using AADF from previous year on this link,N,44,179,15772,59,2025,204,43,17,12,12,21,309,18344
70291,2007,A60,Major,B685,A6011,457920,338550,52.9412456,-1.13957424,0.4,0.2,Estimated,Estimated using AADF from previous year on this link,S,50,141,13166,52,1518,211,28,24,11,14,21,309,15186
70291,2008,A60,Major,B685,A6011,457920,338550,52.9412456,-1.13957424,0.4,0.2,Estimated,Estimated using AADF from previous year on this link,N,49,167,15473,59,2120,196,47,17,11,10,21,302,18121
70291,2008,A60,Major,B685,A6011,457920,338550,52.9412456,-1.13957424,0.4,0.2,Estimated,Estimated using AADF from previous year on this link,S,56,131,12916,52,1590,203,30,25,10,13,21,302,14991
70291,2009,A60,Major,B685,A6011,457920,338550,52.9412456,-1.13957424,0.4,0.2,Counted,Manual count,N,55,163,15493,110,1824,150,24,13,17,22,20,246,17836
70291,2009,A60,Major,B685,A6011,457920,338550,52.9412456,-1.13957424,0.4,0.2,Counted,Manual count,S,77,94,11622,55,1069,121,17,8,11,24,4,185,13025
70291,2010,A60,Major,B685,A6011,457920,338550,52.9412456,-1.13957424,0.4,0.2,Counted,Manual count,N,59,82,14224,116,1610,135,26,18,10,18,27,234,16266
70291,2010,A60,Major,B685,A6011,457920,338550,52.9412456,-1.13957424,0.4,0.2,Counted,Manual count,S,83,81,11635,66,1162,78,22,10,10,14,9,143,13087
70291,2011,A60,Major,B685,A6011,457920,338550,52.9412456,-1.13957424,0.4,0.2,Estimated,Estimated using AADF from previous year on this link,N,65,87,14153,116,1660,134,28,20,8,18,29,237,16253
70291,2011,A60,Major,B685,A6011,457920,338550,52.9412456,-1.13957424,0.4,0.2,Estimated,Estimated using AADF from previous year on this link,S,92,86,11577,66,1198,78,24,11,8,14,10,145,13072
70291,2012,A60,Major,B685,A6011,457920,338550,52.9412456,-1.13957424,0.4,0.2,Estimated,Estimated using AADF from previous year on this link,N,61,79,14093,125,1594,119,27,20,6,17,29,216,16107
70291,2012,A60,Major,B685,A6011,457920,338550,52.9412456,-1.13957424,0.4,0.2,Estimated,Estimated using AADF from previous year on this link,S,87,78,11528,71,1150,69,23,11,6,13,10,132,12958
70291,2013,A60,Major,B685,A6011,457920,338550,52.9412456,-1.13957424,0.4,0.2,Estimated,Estimated using AADF from previous year on this link,N,61,79,14013,117,1612,118,29,22,4,16,29,218,16039
70291,2013,A60,Major,B685,A6011,457920,338550,52.9412456,-1.13957424,0.4,0.2,Estimated,Estimated using AADF from previous year on this link,S,86,78,11463,67,1164,69,25,12,4,12,10,132,12903
70291,2014,A60,Major,B685,A6011,457920,338550,52.9412456,-1.13957424,0.4,0.2,Estimated,Estimated using AADF from previous year on this link,N,59,83,13868,125,1836,125,33,25,5,15,33,235,16147
70291,2014,A60,Major,B685,A6011,457920,338550,52.9412456,-1.13957424,0.4,0.2,Estimated,Estimated using AADF from previous year on this link,S,83,83,11344,71,1325,73,28,14,5,12,11,142,12965
70291,2015,A60,Major,B685,A6011,457920,338550,52.9412456,-1.13957424,0.4,0.2,Counted,Manual count,N,135,101,15400,56,1622,102,30,29,8,13,10,193,17371
70291,2015,A60,Major,B685,A6011,457920,338550,52.9412456,-1.13957424,0.4,0.2,Counted,Manual count,S,149,97,12258,43,1196,75,19,20,7,8,7,135,13728
70291,2016,A60,Major,B685,A6011,457920,338550,52.9412456,-1.13957424,0.4,0.2,Estimated,Estimated using AADF from previous year on this link,N,126,98,15640,51,1772,103,30,33,9,12,10,197,17759
70291,2016,A60,Major,B685,A6011,457920,338550,52.9412456,-1.13957424,0.4,0.2,Estimated,Estimated using AADF from previous year on this link,S,139,94,12450,40,1306,76,19,22,7,7,6,137,14028
70291,2017,A60,Major,B685,A6011,457920,338550,52.9412456,-1.13957424,0.4,0.2,Estimated,Estimated using AADF from previous year on this link,N,120,99,15525,48,1865,102,30,34,9,12,11,198,17736
70291,2017,A60,Major,B685,A6011,457920,338550,52.9412456,-1.13957424,0.4,0.2,Estimated,Estimated using AADF from previous year on this link,S,133,95,12358,37,1375,76,19,23,7,7,7,138,14004
70291,2018,A60,Major,B685,A6011,457920,338550,52.9412456,-1.13957424,0.4,0.2,Estimated,Estimated using AADF from previous year on this link,N,133,98,15354,44,1900,103,30,33,9,12,11,199,17595
70291,2018,A60,Major,B685,A6011,457920,338550,52.9412456,-1.13957424,0.4,0.2,Estimated,Estimated using AADF from previous year on this link,S,147,94,12222,34,1401,77,19,22,7,7,7,139,13890
70291,2019,A60,Major,B685,A6011,457920,338550,52.9412456,-1.13957424,0.4,0.2,Estimated,Estimated using AADF from previous year on this link,N,146,92,15547,44,1884,102,31,33,9,12,11,199,17765
70291,2019,A60,Major,B685,A6011,457920,338550,52.9412456,-1.13957424,0.4,0.2,Estimated,Estimated using AADF from previous year on this link,S,161,89,12375,34,1388,76,19,22,7,7,7,139,14025
70291,2020,A60,Major,B685,A6011,457920,338550,52.9412456,-1.13957424,0.4,0.2,Estimated,Estimated using AADF from previous year on this link,N,167,68,11809,28,1662,90,27,29,8,11,10,175,13742
70291,2020,A60,Major,B685,A6011,457920,338550,52.9412456,-1.13957424,0.4,0.2,Estimated,Estimated using AADF from previous year on this link,S,185,65,9400,22,1225,66,17,20,6,6,6,122,10834
70291,2021,A60,Major,B685,A6011,457920,338550,52.9412456,-1.13957424,0.4,0.2,Estimated,Estimated using AADF from previous year on this link,N,136,72,13010,29,1812,96,29,32,9,12,10,188,15111
70291,2021,A60,Major,B685,A6011,457920,338550,52.9412456,-1.13957424,0.4,0.2,Estimated,Estimated using AADF from previous year on this link,S,151,69,10356,22,1336,71,18,22,7,7,7,131,11914
70291,2022,A60,Major,B685,A6011,457920,338550,52.9412456,-1.13957424,0.4,0.2,Estimated,Estimated using AADF from previous year on this link,N,122,79,13896,31,1965,99,30,34,9,12,11,195,16165
70291,2022,A60,Major,B685,A6011,457920,338550,52.9412456,-1.13957424,0.4,0.2,Estimated,Estimated using AADF from previous year on this link,S,135,76,11061,24,1448,74,19,23,7,7,7,136,12745
70291,2023,A60,Major,B685,A6011,457920,338550,52.9412456,-1.13957424,0.4,0.2,Estimated,Estimated using AADF from previous year on this link,N,120,78,14157,31,1998,98,29,34,9,12,10,192,16456
70291,2023,A60,Major,B685,A6011,457920,338550,52.9412456,-1.13957424,0.4,0.2,Estimated,Estimated using AADF from previous year on this link,S,133,75,11269,24,1473,73,18,23,7,7,6,134,12975
70291,2024,A60,Major,B685,A6011,457920,338550,52.9412456,-1.13957424,0.4,0.2,Estimated,Estimated using AADF from previous year on this link,N,121,80,14372,31,2034,100,29,33,9,11,10,192,16709
70291,2024,A60,Major,B685,A6011,457920,338550,52.9412456,-1.13957424,0.4,0.2,Estimated,Estimated using AADF from previous year on this link,S,134,77,11440,24,1499,74,18,22,7,6,6,134,13174
70291,2025,A60,Major,B685,A6011,457920,338550,52.9412456,-1.13957424,0.4,0.2,Estimated,Estimated using AADF from previous year on this link,N,122,82,14389,31,2075,99,29,34,9,11,10,191,16768
70291,2025,A60,Major,B685,A6011,457920,338550,52.9412456,-1.13957424,0.4,0.2,Estimated,Estimated using AADF from previous year on this link,S,134,79,11454,24,1530,73,18,23,7,6,6,134,13219
70293,2000,A6011,Major,B685,Lady Bay Bridge,458300,338810,52.9435415,-1.13387372,0.3,0.2,Counted,Manual count,N,119,82,7766,17,1577,333,46,34,50,60,23,546,9988
70293,2000,A6011,Major,B685,Lady Bay Bridge,458300,338810,52.9435415,-1.13387372,0.3,0.2,Counted,Manual count,S,119,116,9460,19,1841,421,63,36,55,79,39,693,12129
70293,2001,A6011,Major,B685,Lady Bay Bridge,458300,338810,52.9435415,-1.13387372,0.3,0.2,Estimated,Estimated using AADF from previous year on this link,N,114,85,7921,17,1571,326,53,34,44,51,26,534,10128
70293,2001,A6011,Major,B685,Lady Bay Bridge,458300,338810,52.9435415,-1.13387372,0.3,0.2,Estimated,Estimated using AADF from previous year on this link,S,114,120,9649,19,1834,413,72,36,48,68,44,681,12303
70293,2002,A6011,Major,B685,Lady Bay Bridge,458300,338810,52.9435415,-1.13387372,0.3,0.2,Estimated,Estimated using AADF from previous year on this link,N,119,86,7905,17,1574,314,55,35,40,44,28,516,10098
70293,2002,A6011,Major,B685,Lady Bay Bridge,458300,338810,52.9435415,-1.13387372,0.3,0.2,Estimated,Estimated using AADF from previous year on this link,S,119,121,9630,19,1838,398,75,38,44,59,48,662,12270
70293,2003,A6011,Major,B685,Lady Bay Bridge,458300,338810,52.9435415,-1.13387372,0.3,0.2,Estimated,Estimated using AADF from previous year on this link,N,106,96,7794,15,1716,337,62,41,38,39,31,548,10169
70293,2003,A6011,Major,B685,Lady Bay Bridge,458300,338810,52.9435415,-1.13387372,0.3,0.2,Estimated,Estimated using AADF from previous year on this link,S,106,136,9495,17,2003,427,85,45,42,52,53,704,12355
70293,2004,A6011,Major,B685,Lady Bay Bridge,458300,338810,52.9435415,-1.13387372,0.3,0.2,Estimated,Estimated using AADF from previous year on this link,N,86,85,7810,14,1700,338,66,45,36,35,34,554,10163
70293,2004,A6011,Major,B685,Lady Bay Bridge,458300,338810,52.9435415,-1.13387372,0.3,0.2,Estimated,Estimated using AADF from previous year on this link,S,86,120,9514,16,1985,429,90,49,40,46,58,712,12347
70293,2005,A6011,Major,B685,Lady Bay Bridge,458300,338810,52.9435415,-1.13387372,0.3,0.2,Counted,Manual count,N,104,110,8242,32,1726,324,61,53,38,82,67,625,10735
70293,2005,A6011,Major,B685,Lady Bay Bridge,458300,338810,52.9435415,-1.13387372,0.3,0.2,Counted,Manual count,S,92,113,9181,41,1892,373,71,70,55,80,66,715,11942
70293,2006,A6011,Major,B685,Lady Bay Bridge,458300,338810,52.9435415,-1.13387372,0.3,0.2,Estimated,Estimated using AADF from previous year on this link,N,162,114,8266,31,1753,332,61,57,35,73,72,630,10794
70293,2006,A6011,Major,B685,Lady Bay Bridge,458300,338810,52.9435415,-1.13387372,0.3,0.2,Estimated,Estimated using AADF from previous year on this link,S,144,117,9208,40,1923,382,71,76,49,71,71,720,12008
70293,2007,A6011,Major,B685,Lady Bay Bridge,458300,338810,52.9435415,-1.13387372,0.3,0.2,Estimated,Estimated using AADF from previous year on this link,N,101,116,7878,30,1913,327,60,62,30,69,74,622,10559
70293,2007,A6011,Major,B685,Lady Bay Bridge,458300,338810,52.9435415,-1.13387372,0.3,0.2,Estimated,Estimated using AADF from previous year on this link,S,90,119,8775,39,2098,377,70,82,42,67,73,711,11742
70293,2008,A6011,Major,B685,A6011 Lady Bay Bridge,458300,338810,52.9435415,-1.13387372,0.3,0.2,Estimated,Estimated using AADF from previous year on this link,N,114,108,7728,30,2003,314,65,63,26,61,72,601,10470
70293,2008,A6011,Major,B685,A6011 Lady Bay Bridge,458300,338810,52.9435415,-1.13387372,0.3,0.2,Estimated,Estimated using AADF from previous year on this link,S,101,111,8609,39,2196,362,76,84,37,59,71,689,11644
70293,2009,A6011,Major,B685,A6011 Lady Bay Bridge,458300,338810,52.9435415,-1.13387372,0.3,0.2,Estimated,Estimated using AADF from previous year on this link,N,114,102,7604,29,2169,302,68,63,25,54,71,583,10487
70293,2009,A6011,Major,B685,A6011 Lady Bay Bridge,458300,338810,52.9435415,-1.13387372,0.3,0.2,Estimated,Estimated using AADF from previous year on this link,S,101,105,8471,38,2378,349,80,84,35,52,70,670,11662
70293,2010,A6011,Major,B685,A6011 Lady Bay Bridge,458300,338810,52.9435415,-1.13387372,0.3,0.2,Counted,Manual count,N,130,96,7424,54,1442,168,74,56,7,27,38,370,9386
70293,2010,A6011,Major,B685,A6011 Lady Bay Bridge,458300,338810,52.9435415,-1.13387372,0.3,0.2,Counted,Manual count,S,115,85,9045,85,1627,214,86,59,12,52,54,477,11319
70293,2011,A6011,Major,B685,A6011 Lady Bay Bridge,458300,338810,52.9435415,-1.13387372,0.3,0.2,Estimated,Estimated using AADF from previous year on this link,N,143,102,7387,54,1487,167,79,63,5,27,40,381,9411
70293,2011,A6011,Major,B685,A6011 Lady Bay Bridge,458300,338810,52.9435415,-1.13387372,0.3,0.2,Estimated,Estimated using AADF from previous year on this link,S,127,90,9000,85,1677,213,92,66,9,51,57,488,11340
70293,2012,A6011,Major,B685,A6011 Lady Bay Bridge,458300,338810,52.9435415,-1.13387372,0.3,0.2,Estimated,Estimated using AADF from previous year on this link,N,135,92,7356,58,1428,148,75,63,4,25,40,354,9288
70293,2012,A6011,Major,B685,A6011 Lady Bay Bridge,458300,338810,52.9435415,-1.13387372,0.3,0.2,Estimated,Estimated using AADF from previous year on this link,S,120,81,8962,91,1610,188,88,66,7,47,57,452,11197
70293,2013,A6011,Major,B685,A6011 Lady Bay Bridge,458300,338810,52.9435415,-1.13387372,0.3,0.2,Estimated,Estimated using AADF from previous year on this link,N,134,92,7314,55,1444,147,81,71,3,23,40,365,9270
70293,2013,A6011,Major,B685,A6011 Lady Bay Bridge,458300,338810,52.9435415,-1.13387372,0.3,0.2,Estimated,Estimated using AADF from previous year on this link,S,119,81,8911,86,1629,188,94,74,5,44,57,462,11169
70293,2014,A6011,Major,B685,A6011 Lady Bay Bridge,458300,338810,52.9435415,-1.13387372,0.3,0.2,Estimated,Estimated using AADF from previous year on this link,N,130,98,7238,58,1645,156,93,80,3,23,45,399,9437
70293,2014,A6011,Major,B685,A6011 Lady Bay Bridge,458300,338810,52.9435415,-1.13387372,0.3,0.2,Estimated,Estimated using AADF from previous year on this link,S,115,86,8819,91,1855,198,108,83,5,43,64,502,11353
70293,2015,A6011,Major,B685,A6011 Lady Bay Bridge,458300,338810,52.9435415,-1.13387372,0.3,0.2,Counted,Manual count,N,131,104,8339,57,1505,191,55,48,16,38,50,397,10403
70293,2015,A6011,Major,B685,A6011 Lady Bay Bridge,458300,338810,52.9435415,-1.13387372,0.3,0.2,Counted,Manual count,S,110,89,7867,101,1313,182,54,56,14,56,35,397,9767
70293,2016,A6011,Major,B685,A6011 Lady Bay Bridge,458300,338810,52.9435415,-1.13387372,0.3,0.2,Estimated,Estimated using AADF from previous year on this link,N,122,102,8469,53,1644,194,54,54,17,34,49,401,10669
70293,2016,A6011,Major,B685,A6011 Lady Bay Bridge,458300,338810,52.9435415,-1.13387372,0.3,0.2,Estimated,Estimated using AADF from previous year on this link,S,103,87,7990,93,1434,184,53,63,14,50,34,400,10005
70293,2017,A6011,Major,B685,A6011 Lady Bay Bridge,458300,338810,52.9435415,-1.13387372,0.3,0.2,Estimated,Estimated using AADF from previous year on this link,N,117,103,8407,50,1731,192,55,55,17,34,51,405,10694
70293,2017,A6011,Major,B685,A6011 Lady Bay Bridge,458300,338810,52.9435415,-1.13387372,0.3,0.2,Estimated,Estimated using AADF from previous year on this link,S,98,88,7931,87,1510,183,54,65,15,50,36,403,10019
70293,2018,A6011,Major,B685,A6011 Lady Bay Bridge,458300,338810,52.9435415,-1.13387372,0.3,0.2,Estimated,Estimated using AADF from previous year on this link,N,129,102,8314,45,1763,194,55,54,17,35,53,408,10632
70293,2018,A6011,Major,B685,A6011 Lady Bay Bridge,458300,338810,52.9435415,-1.13387372,0.3,0.2,Estimated,Estimated using AADF from previous year on this link,S,109,87,7844,79,1538,185,54,63,15,51,38,406,9954
70293,2019,A6011,Major,B685,A6011 Lady Bay Bridge,458300,338810,52.9435415,-1.13387372,0.3,0.2,Estimated,Estimated using AADF from previous year on this link,N,142,95,8418,45,1748,192,56,54,18,36,54,409,10715
70293,2019,A6011,Major,B685,A6011 Lady Bay Bridge,458300,338810,52.9435415,-1.13387372,0.3,0.2,Estimated,Estimated using AADF from previous year on this link,S,119,82,7942,80,1525,182,55,64,15,53,38,406,10035
70293,2020,A6011,Major,B685,A6011 Lady Bay Bridge,458300,338810,52.9435415,-1.13387372,0.3,0.2,Estimated,Estimated using AADF from previous year on this link,N,163,70,6394,29,1542,169,48,48,15,32,47,359,8395
70293,2020,A6011,Major,B685,A6011 Lady Bay Bridge,458300,338810,52.9435415,-1.13387372,0.3,0.2,Estimated,Estimated using AADF from previous year on this link,S,136,61,6033,50,1345,160,48,57,13,47,33,357,7847
70293,2021,A6011,Major,B685,A6011 Lady Bay Bridge,458300,338810,52.9435415,-1.13387372,0.3,0.2,Estimated,Estimated using AADF from previous year on this link,N,133,75,7045,30,1681,180,52,53,16,34,50,385,9216
70293,2021,A6011,Major,B685,A6011 Lady Bay Bridge,458300,338810,52.9435415,-1.13387372,0.3,0.2,Estimated,Estimated using AADF from previous year on this link,S,111,64,6646,52,1467,172,51,62,14,50,35,384,8613
70293,2022,A6011,Major,B685,A6011 Lady Bay Bridge,458300,338810,52.9435415,-1.13387372,0.3,0.2,Estimated,Estimated using AADF from previous year on this link,N,119,82,7524,32,1823,187,54,56,17,35,51,399,9860
70293,2022,A6011,Major,B685,A6011 Lady Bay Bridge,458300,338810,52.9435415,-1.13387372,0.3,0.2,Estimated,Estimated using AADF from previous year on this link,S,100,70,7099,56,1590,177,53,66,15,51,36,398,9213
70293,2023,A6011,Major,B685,A6011 Lady Bay Bridge,458300,338810,52.9435415,-1.13387372,0.3,0.2,Counted,Manual count,N,67,55,7405,11,1726,165,64,65,0,24,67,384,9581
70293,2023,A6011,Major,B685,A6011 Lady Bay Bridge,458300,338810,52.9435415,-1.13387372,0.3,0.2,Counted,Manual count,S,72,48,8253,11,1916,216,70,63,1,26,110,486,10714
70293,2024,A6011,Major,B685,A6011 Lady Bay Bridge,458300,338810,52.9435415,-1.13387372,0.3,0.2,Estimated,Estimated using AADF from previous year on this link,N,68,57,7517,11,1757,167,64,63,0,23,65,382,9724
70293,2024,A6011,Major,B685,A6011 Lady Bay Bridge,458300,338810,52.9435415,-1.13387372,0.3,0.2,Estimated,Estimated using AADF from previous year on this link,S,72,50,8378,11,1950,219,70,61,1,25,107,483,10872
70293,2025,A6011,Major,B685,A6011 Lady Bay Bridge,458300,338810,52.9435415,-1.13387372,0.3,0.2,Estimated,Estimated using AADF from previous year on this link,N,68,58,7526,11,1793,166,64,65,0,23,64,381,9768
70293,2025,A6011,Major,B685,A6011 Lady Bay Bridge,458300,338810,52.9435415,-1.13387372,0.3,0.2,Estimated,Estimated using AADF from previous year on this link,S,73,51,8388,11,1990,217,71,63,1,24,105,480,10920
70294,2000,A6008,Major,Wilford Street,Collin Street,457400,339390,52.94885153,-1.14716298,0.4,0.2,Counted,Manual count,W,136,162,23125,1536,2478,505,40,30,32,47,23,677,27978
70294,2001,A6008,Major,Wilford Street,Collin Street,457400,339390,52.94885153,-1.14716298,0.4,0.2,Counted,Manual count,W,191,247,22399,1835,2214,485,81,46,32,37,21,702,27397
70294,2002,A6008,Major,Wilford Street,Collin Street,457400,339390,52.94885153,-1.14716298,0.4,0.2,Estimated,Estimated using AADF from previous year on this link,W,199,250,22354,1875,2218,467,84,48,29,32,23,683,27380
70294,2003,A6008,Major,Wilford Street,Collin Street,457400,339390,52.94885153,-1.14716298,0.4,0.2,Estimated,Estimated using AADF from previous year on this link,W,178,280,22041,1674,2418,501,95,56,28,28,25,733,27146
70294,2004,A6008,Major,Wilford Street,Collin Street,457400,339390,52.94885153,-1.14716298,0.4,0.2,Estimated,Estimated using AADF from previous year on this link,W,144,247,22085,1557,2396,503,101,62,26,25,28,745,27030
70294,2005,A6008,Major,Wilford Street,Collin Street,457400,339390,52.94885153,-1.14716298,0.4,0.2,Estimated,Estimated using AADF from previous year on this link,W,122,250,21533,1532,2458,483,95,63,23,22,29,715,26488
70294,2006,A6008,Major,Wilford Street,Collin Street,457400,339390,52.94885153,-1.14716298,0.4,0.2,Estimated,Estimated using AADF from previous year on this link,W,191,260,21598,1508,2497,495,94,68,21,19,32,729,26592
70294,2007,A6008,Major,Wilford Street,Collin Street,457400,339390,52.94885153,-1.14716298,0.4,0.2,Estimated,Estimated using AADF from previous year on this link,W,119,262,20583,1450,2725,488,93,73,18,18,32,722,25742
70294,2008,A6008,Major,A6008 Wilford Street,A6008 Collin Street,457400,339390,52.94885153,-1.14716298,0.4,0.2,Estimated,Estimated using AADF from previous year on this link,W,134,245,20191,1465,2853,469,101,75,16,16,32,709,25463
70294,2009,A6008,Major,A6008 Wilford Street,A6008 Collin Street,457400,339390,52.94885153,-1.14716298,0.4,0.2,Counted,Manual count,W,105,212,20811,1603,2041,236,56,26,14,15,13,360,25027
70294,2010,A6008,Major,A6008 Wilford Street,A6008 Collin Street,457400,339390,52.94885153,-1.14716298,0.4,0.2,Estimated,Estimated using AADF from previous year on this link,W,105,195,20374,1685,2051,234,53,21,15,13,12,348,24653
70294,2011,A6008,Major,A6008 Wilford Street,A6008 Collin Street,457400,339390,52.94885153,-1.14716298,0.4,0.2,Estimated,Estimated using AADF from previous year on this link,W,116,207,20272,1683,2115,233,57,24,12,13,13,352,24629
70294,2012,A6008,Major,A6008 Wilford Street,A6008 Collin Street,457400,339390,52.94885153,-1.14716298,0.4,0.2,Estimated,Estimated using AADF from previous year on this link,W,110,187,20186,1809,2031,206,54,24,9,12,13,318,24531
70294,2013,A6008,Major,A6008 Wilford Street,A6008 Collin Street,457400,339390,52.94885153,-1.14716298,0.4,0.2,Counted,Manual count,W,191,184,18127,1841,2580,311,68,35,22,22,17,476,23207
70294,2014,A6008,Major,A6008 Wilford Street,A6008 Collin Street,457400,339390,52.94885153,-1.14716298,0.4,0.2,Estimated,Estimated using AADF from previous year on this link,W,186,196,17939,1954,2938,328,78,39,24,22,19,511,23537
70294,2015,A6008,Major,A6008 Wilford Street,A6008 Collin Street,457400,339390,52.94885153,-1.14716298,0.4,0.2,Estimated,Estimated using AADF from previous year on this link,W,173,199,17610,1937,3090,319,82,38,29,22,19,509,23345
70294,2016,A6008,Major,A6008 Wilford Street,A6008 Collin Street,457400,339390,52.94885153,-1.14716298,0.4,0.2,Estimated,Estimated using AADF from previous year on this link,W,161,195,17884,1795,3376,324,81,43,30,19,19,516,23766
70294,2017,A6008,Major,A6008 Wilford Street,A6008 Collin Street,457400,339390,52.94885153,-1.14716298,0.4,0.2,Estimated,Estimated using AADF from previous year on this link,W,154,197,17753,1676,3554,322,83,44,31,19,20,518,23697
70294,2018,A6008,Major,A6008 Wilford Street,A6008 Collin Street,457400,339390,52.94885153,-1.14716298,0.4,0.2,Estimated,Estimated using AADF from previous year on this link,W,170,195,17557,1520,3620,324,82,43,32,20,21,521,23413
70294,2019,A6008,Major,A6008 Wilford Street,A6008 Collin Street,457400,339390,52.94885153,-1.14716298,0.4,0.2,Estimated,Estimated using AADF from previous year on this link,W,187,182,17777,1537,3589,321,84,43,33,20,21,520,23605
70294,2020,A6008,Major,A6008 Wilford Street,A6008 Collin Street,457400,339390,52.94885153,-1.14716298,0.4,0.2,Estimated,Estimated using AADF from previous year on this link,W,214,135,13503,970,3167,282,72,38,28,18,18,456,18232
70294,2021,A6008,Major,A6008 Wilford Street,A6008 Collin Street,457400,339390,52.94885153,-1.14716298,0.4,0.2,Estimated,Estimated using AADF from previous year on this link,W,174,143,14877,1002,3452,301,78,42,30,19,19,490,19964
70295,2000,A6008,Major,Collin Street,A60 London Road,457640,339440,52.94927527,-1.14358258,0.4,0.2,Counted,Manual count,E,76,218,16767,429,2058,361,59,20,38,26,14,518,19990
70295,2000,A6008,Major,Collin Street,A60 London Road,457640,339440,52.94927527,-1.14358258,0.4,0.2,Counted,Manual count,W,124,190,16733,162,1974,334,51,20,47,49,20,521,19580
70296,2000,A6008,Major,Hockley,Fisher Gate roundabout,457840,339720,52.95177052,-1.14055647,0.4,0.2,Counted,Manual count,N,54,215,12831,541,1502,263,23,70,32,15,9,412,15501
70296,2001,A6008,Major,Hockley,Fisher Gate roundabout,457840,339720,52.95177052,-1.14055647,0.4,0.2,Estimated,Estimated using AADF from previous year on this link,N,52,225,12433,566,1513,251,26,68,26,12,9,392,15129
70296,2002,A6008,Major,Hockley,Fisher Gate roundabout,457840,339720,52.95177052,-1.14055647,0.4,0.2,Estimated,Estimated using AADF from previous year on this link,N,54,233,12632,571,1622,237,27,69,24,10,10,377,15435
70296,2003,A6008,Major,Hockley,Fisher Gate roundabout,457840,339720,52.95177052,-1.14055647,0.4,0.2,Estimated,Estimated using AADF from previous year on this link,N,48,332,12165,556,1761,230,28,73,23,9,11,374,15188
70296,2004,A6008,Major,Hockley,Fisher Gate roundabout,457840,339720,52.95177052,-1.14055647,0.4,0.2,Estimated,Estimated using AADF from previous year on this link,N,39,218,12323,455,1939,280,36,97,23,8,13,457,15392
70296,2005,A6008,Major,Hockley,Fisher Gate roundabout,457840,339720,52.95177052,-1.14055647,0.4,0.2,Estimated,Estimated using AADF from previous year on this link,N,33,179,11756,430,2067,303,38,111,19,7,13,491,14923
70296,2006,A6008,Major,Hockley,Fisher Gate roundabout,457840,339720,52.95177052,-1.14055647,0.4,0.2,Estimated,Estimated using AADF from previous year on this link,N,52,156,11533,399,2098,292,35,113,15,5,12,472,14658
70296,2007,A6008,Major,Hockley,Fisher Gate roundabout,457840,339720,52.95177052,-1.14055647,0.4,0.2,Counted,Manual count,N,64,97,10884,113,1420,147,23,11,19,14,11,225,12739
70296,2008,A6008,Major,A6008 Hockley,A6008 Fisher Gate ,457840,339720,52.95177052,-1.14055647,0.4,0.2,Estimated,Estimated using AADF from previous year on this link,N,72,93,10645,98,1450,147,26,11,17,13,10,224,12510
70296,2009,A6008,Major,A6008 Hockley,A6008 Fisher Gate ,457840,339720,52.95177052,-1.14055647,0.4,0.2,Estimated,Estimated using AADF from previous year on this link,N,72,104,10879,97,1472,134,26,10,16,11,10,207,12759
70296,2010,A6008,Major,A6008 Hockley,A6008 Fisher Gate ,457840,339720,52.95177052,-1.14055647,0.4,0.2,Estimated,Estimated using AADF from previous year on this link,N,72,99,10814,110,1572,143,26,9,19,10,10,217,12812
70296,2011,A6008,Major,A6008 Hockley,A6008 Fisher Gate ,457840,339720,52.95177052,-1.14055647,0.4,0.2,Estimated,Estimated using AADF from previous year on this link,N,79,84,10782,104,1754,145,28,10,15,10,11,219,12943
70296,2012,A6008,Major,A6008 Hockley,A6008 Fisher Gate,457840,339720,52.95177052,-1.14055647,0.4,0.2,Estimated,Estimated using AADF from previous year on this link,N,75,80,10614,113,1775,147,31,11,10,9,10,218,12800
70296,2013,A6008,Major,A6008 Hockley,A6008 Fisher Gate,457840,339720,52.95177052,-1.14055647,0.4,0.2,Estimated,Estimated using AADF from previous year on this link,N,74,90,10520,118,1845,148,33,13,8,8,11,221,12793
70296,2014,A6008,Major,A6008 Hockley,A6008 Fisher Gate,457840,339720,52.95177052,-1.14055647,0.4,0.2,Estimated,Estimated using AADF from previous year on this link,N,72,86,10805,114,1973,151,37,14,7,7,10,226,13204
70296,2015,A6008,Major,A6008 Hockley,A6008 Fisher Gate,457840,339720,52.95177052,-1.14055647,0.4,0.2,Estimated,Estimated using AADF from previous year on this link,N,67,76,11019,123,2069,144,38,13,8,7,10,219,13505
70296,2016,A6008,Major,A6008 Hockley,A6008 Fisher Gate,457840,339720,52.95177052,-1.14055647,0.4,0.2,Counted,Manual count,N,84,88,10433,68,1257,108,20,13,11,4,7,163,12009
70296,2017,A6008,Major,A6008 Hockley,A6008 Fisher Gate,457840,339720,52.95177052,-1.14055647,0.4,0.2,Estimated,Estimated using AADF from previous year on this link,N,80,89,10356,63,1323,107,21,13,12,4,7,164,11995
70296,2018,A6008,Major,A6008 Hockley,A6008 Fisher Gate,457840,339720,52.95177052,-1.14055647,0.4,0.2,Estimated,Estimated using AADF from previous year on this link,N,89,88,10242,57,1348,108,20,13,12,4,8,165,11900
70296,2019,A6008,Major,A6008 Hockley,A6008 Fisher Gate,457840,339720,52.95177052,-1.14055647,0.4,0.2,Estimated,Estimated using AADF from previous year on this link,N,97,82,10371,58,1336,107,21,13,12,4,8,164,12011
70296,2020,A6008,Major,A6008 Hockley,A6008 Fisher Gate,457840,339720,52.95177052,-1.14055647,0.4,0.2,Estimated,Estimated using AADF from previous year on this link,N,111,61,7877,37,1179,94,18,12,11,3,7,144,9298
70296,2021,A6008,Major,A6008 Hockley,A6008 Fisher Gate,457840,339720,52.95177052,-1.14055647,0.4,0.2,Estimated,Estimated using AADF from previous year on this link,N,91,64,8679,38,1285,100,19,13,11,4,7,155,10221
70296,2022,A6008,Major,A6008 Hockley,A6008 Fisher Gate,457840,339720,52.95177052,-1.14055647,0.4,0.2,Estimated,Estimated using AADF from previous year on this link,N,81,70,9270,41,1394,104,20,14,12,4,7,160,10934
70296,2023,A6008,Major,A6008 Hockley,A6008 Fisher Gate,457840,339720,52.95177052,-1.14055647,0.4,0.2,Estimated,Estimated using AADF from previous year on this link,N,80,69,9444,41,1417,103,20,13,12,4,7,158,11130
70296,2024,A6008,Major,A6008 Hockley,A6008 Fisher Gate,457840,339720,52.95177052,-1.14055647,0.4,0.2,Counted,Manual count,N,64,89,8120,103,988,60,23,6,4,7,4,104,9405
70296,2025,A6008,Major,A6008 Hockley,A6008 Fisher Gate,457840,339720,52.95177052,-1.14055647,0.4,0.2,Estimated,Estimated using AADF from previous year on this link,N,64,91,8130,101,1008,59,23,7,4,7,4,103,9434
73856,2000,A52,Major,A453,LA Boundary,456459,335966,52.91817494,-1.16176002,0.8,0.5,Counted,Dependent on a neighbouring counted link,N,2,220,19220,71,2542,634,59,82,153,260,190,1378,23431
73856,2000,A52,Major,A453,LA Boundary,456459,335966,52.91817494,-1.16176002,0.8,0.5,Counted,Dependent on a neighbouring counted link,S,1,229,21550,95,2574,618,60,79,143,290,153,1343,25791
73856,2001,A52,Major,A453,LA Boundary,456459,335966,52.91817494,-1.16176002,0.8,0.5,Counted,Dependent on a neighbouring counted link,E,9,243,24445,82,2462,581,59,48,153,293,196,1330,28562
73856,2001,A52,Major,A453,LA Boundary,456459,335966,52.91817494,-1.16176002,0.8,0.5,Counted,Dependent on a neighbouring counted link,W,8,197,21615,64,2514,661,61,44,150,261,177,1354,25744
73856,2002,A52,Major,A453,LA Boundary,456459,335966,52.91817494,-1.16176002,0.8,0.5,Counted,Dependent on a neighbouring counted link,N,6,172,21327,61,2583,646,70,109,121,302,207,1455,25598
73856,2002,A52,Major,A453,LA Boundary,456459,335966,52.91817494,-1.16176002,0.8,0.5,Counted,Dependent on a neighbouring counted link,S,2,184,22107,66,2564,545,63,117,101,313,177,1316,26237
73856,2003,A52,Major,A453,LA Boundary,456459,335966,52.91817494,-1.16176002,0.8,0.5,Estimated,Estimated using AADF from previous year on this link,N,5,193,21028,54,2815,693,79,128,116,268,228,1512,25602
73856,2003,A52,Major,A453,LA Boundary,456459,335966,52.91817494,-1.16176002,0.8,0.5,Estimated,Estimated using AADF from previous year on this link,S,2,206,21798,59,2795,585,71,137,96,278,195,1362,26220
73856,2004,A52,Major,A453,LA Boundary,456459,335966,52.91817494,-1.16176002,0.8,0.5,Counted,Dependent on a neighbouring counted link,N,3,177,20981,52,2659,613,67,65,105,284,221,1355,25224
73856,2004,A52,Major,A453,LA Boundary,456459,335966,52.91817494,-1.16176002,0.8,0.5,Counted,Dependent on a neighbouring counted link,S,2,171,24113,61,2737,623,68,46,110,288,239,1374,28456
73856,2005,A52,Major,A453,LA Boundary,456459,335966,52.91817494,-1.16176002,0.8,0.5,Estimated,Estimated using AADF from previous year on this link,N,3,179,20457,51,2728,589,63,66,93,247,233,1291,24706
73856,2005,A52,Major,A453,LA Boundary,456459,335966,52.91817494,-1.16176002,0.8,0.5,Estimated,Estimated using AADF from previous year on this link,S,1,173,23510,60,2808,599,63,47,97,250,251,1307,27858
73856,2006,A52,Major,A453,LA Boundary,456459,335966,52.91817494,-1.16176002,0.8,0.5,Counted,Dependent on a neighbouring counted link,N,3,315,20063,69,2708,522,69,62,73,279,220,1225,24380
73856,2006,A52,Major,A453,LA Boundary,456459,335966,52.91817494,-1.16176002,0.8,0.5,Counted,Dependent on a neighbouring counted link,S,5,284,22678,91,2642,473,66,55,79,266,204,1143,26838
73856,2007,A52,Major,A453,LA Boundary,456459,335966,52.91817494,-1.16176002,0.8,0.5,Estimated,Estimated using AADF from previous year on this link,N,2,318,19120,66,2954,515,68,68,63,263,225,1202,23660
73856,2007,A52,Major,A453,LA Boundary,456459,335966,52.91817494,-1.16176002,0.8,0.5,Estimated,Estimated using AADF from previous year on this link,S,3,287,21612,87,2883,467,65,59,68,252,209,1120,25989
73856,2008,A52,Major,A453 Clifton Lane,LA Boundary,456459,335966,52.91817494,-1.16176002,0.8,0.5,Counted,Dependent on a neighbouring counted link,N,3,177,20533,58,2789,487,83,71,57,223,211,1132,24689
73856,2008,A52,Major,A453 Clifton Lane,LA Boundary,456459,335966,52.91817494,-1.16176002,0.8,0.5,Counted,Dependent on a neighbouring counted link,S,1,184,22134,65,2938,459,62,59,67,243,194,1084,26405
73856,2009,A52,Major,A453 Clifton Lane,LA Boundary,456459,335966,52.91817494,-1.16176002,0.8,0.5,Estimated,Estimated using AADF from previous year on this link,N,3,167,20204,57,3020,469,87,71,54,196,209,1086,24534
73856,2009,A52,Major,A453 Clifton Lane,LA Boundary,456459,335966,52.91817494,-1.16176002,0.8,0.5,Estimated,Estimated using AADF from previous year on this link,S,1,174,21780,64,3182,442,65,59,63,214,192,1035,26235
73856,2010,A52,Major,A453 Clifton Lane,LA Boundary,456459,335966,52.91817494,-1.16176002,0.8,0.5,Counted,Dependent on a neighbouring counted link,N,2,157,20061,36,2894,388,45,72,57,224,204,990,24138
73856,2010,A52,Major,A453 Clifton Lane,LA Boundary,456459,335966,52.91817494,-1.16176002,0.8,0.5,Counted,Dependent on a neighbouring counted link,S,4,144,20670,34,2749,345,47,59,58,189,199,897,24494
73856,2011,A52,Major,A453 Clifton Lane,LA Boundary,456459,335966,52.91817494,-1.16176002,0.8,0.5,Estimated,Estimated using AADF from previous year on this link,N,2,166,19961,36,2984,386,48,81,44,221,215,995,24142
73856,2011,A52,Major,A453 Clifton Lane,LA Boundary,456459,335966,52.91817494,-1.16176002,0.8,0.5,Estimated,Estimated using AADF from previous year on this link,S,4,153,20567,34,2834,344,50,66,45,187,210,902,24490
73856,2012,A52,Major,A453 Clifton Lane,LA Boundary,456459,335966,52.91817494,-1.16176002,0.8,0.5,Counted,Dependent on a neighbouring counted link,N,0,143,20965,36,2838,401,75,78,63,242,265,1124,25106
73856,2012,A52,Major,A453 Clifton Lane,LA Boundary,456459,335966,52.91817494,-1.16176002,0.8,0.5,Counted,Dependent on a neighbouring counted link,S,0,116,19462,26,2195,371,66,65,46,197,266,1011,22811
73856,2013,A52,Major,A453 Clifton Lane,LA Boundary,456459,335966,52.91817494,-1.16176002,0.8,0.5,Estimated,Estimated using AADF from previous year on this link,N,0,143,20846,34,2871,400,80,88,46,227,266,1107,25001
73856,2013,A52,Major,A453 Clifton Lane,LA Boundary,456459,335966,52.91817494,-1.16176002,0.8,0.5,Estimated,Estimated using AADF from previous year on this link,S,0,117,19351,25,2220,370,70,73,34,185,267,999,22712
73856,2014,A52,Major,A453 Clifton Lane,LA Boundary,456459,335966,52.91817494,-1.16176002,0.8,0.5,Counted,Dependent on a neighbouring counted link,N,0,94,21459,41,2989,379,68,89,36,255,172,999,25582
73856,2014,A52,Major,A453 Clifton Lane,LA Boundary,456459,335966,52.91817494,-1.16176002,0.8,0.5,Counted,Dependent on a neighbouring counted link,S,0,80,20678,25,2934,410,73,81,81,230,240,1116,24833
73856,2015,A52,Major,A453 Clifton Lane,LA Boundary,456459,335966,52.91817494,-1.16176002,0.8,0.5,Estimated,Estimated using AADF from previous year on this link,N,0,96,21065,41,3144,369,72,86,44,251,170,991,25337
73856,2015,A52,Major,A453 Clifton Lane,LA Boundary,456459,335966,52.91817494,-1.16176002,0.8,0.5,Estimated,Estimated using AADF from previous year on this link,S,0,82,20298,25,3087,399,77,79,98,227,237,1117,24608
73856,2016,A52,Major,A453 Clifton Lane,LA Boundary,456459,335966,52.91817494,-1.16176002,0.8,0.5,Estimated,Estimated using AADF from previous year on this link,N,0,85,20906,25,3333,424,75,89,103,218,248,1156,25505
73856,2016,A52,Major,A453 Clifton Lane,LA Boundary,456459,335966,52.91817494,-1.16176002,0.8,0.5,Estimated,Estimated using AADF from previous year on this link,S,0,100,21696,42,3395,391,69,98,46,241,178,1023,26255
73856,2017,A52,Major,A453 Clifton Lane,LA Boundary,456459,335966,52.91817494,-1.16176002,0.8,0.5,Counted,Dependent on a neighbouring counted link,N,0,127,25014,35,4087,399,99,133,86,371,306,1393,30657
73856,2017,A52,Major,A453 Clifton Lane,LA Boundary,456459,335966,52.91817494,-1.16176002,0.8,0.5,Counted,Dependent on a neighbouring counted link,S,0,137,25637,46,4031,380,104,149,56,341,259,1290,31141
73856,2018,A52,Major,A453 Clifton Lane,LA Boundary,456459,335966,52.91817494,-1.16176002,0.8,0.5,Estimated,Estimated using AADF from previous year on this link,N,0,133,24930,34,4280,406,100,137,87,375,308,1413,30789
73856,2018,A52,Major,A453 Clifton Lane,LA Boundary,456459,335966,52.91817494,-1.16176002,0.8,0.5,Estimated,Estimated using AADF from previous year on this link,S,0,143,25550,44,4221,387,105,154,56,345,261,1308,31267
73856,2019,A52,Major,A453 Clifton Lane,LA Boundary,456459,335966,52.91817494,-1.16176002,0.8,0.5,Counted,Dependent on a neighbouring counted link,N,0,76,23068,36,3683,413,113,112,81,346,355,1419,28282
73856,2019,A52,Major,A453 Clifton Lane,LA Boundary,456459,335966,52.91817494,-1.16176002,0.8,0.5,Counted,Dependent on a neighbouring counted link,S,0,85,23775,42,3881,331,115,123,65,348,328,1310,29093
73856,2020,A52,Major,A453 Clifton Lane,LA Boundary,456459,335966,52.91817494,-1.16176002,0.8,0.5,Estimated,Estimated using AADF from previous year on this link,N,0,50,15974,26,3085,273,97,104,56,306,277,1113,20247
73856,2020,A52,Major,A453 Clifton Lane,LA Boundary,456459,335966,52.91817494,-1.16176002,0.8,0.5,Estimated,Estimated using AADF from previous year on this link,S,1,45,15499,22,2928,341,95,94,70,304,300,1203,19697
73856,2021,A52,Major,A453 Clifton Lane,LA Boundary,456459,335966,52.91817494,-1.16176002,0.8,0.5,Counted,Dependent on a neighbouring counted link,N,0,108,17272,30,3342,348,114,217,118,292,243,1331,22084
73856,2021,A52,Major,A453 Clifton Lane,LA Boundary,456459,335966,52.91817494,-1.16176002,0.8,0.5,Counted,Dependent on a neighbouring counted link,S,0,96,17504,36,3566,405,93,206,37,316,369,1425,22626
73856,2022,A52,Major,A453 Clifton Lane,LA Boundary,456459,335966,52.91817494,-1.16176002,0.8,0.5,Counted,Dependent on a neighbouring counted link,N,0,153,21415,33,4845,391,35,123,44,189,499,1281,27726
73856,2022,A52,Major,A453 Clifton Lane,LA Boundary,456459,335966,52.91817494,-1.16176002,0.8,0.5,Counted,Dependent on a neighbouring counted link,S,2,142,19845,36,4664,384,52,140,57,229,477,1338,26024
73856,2023,A52,Major,A453 Clifton Lane,LA Boundary,456459,335966,52.91817494,-1.16176002,0.8,0.5,Counted,Dependent on a neighbouring counted link,N,0,117,23162,32,4461,391,70,132,63,241,491,1388,29160
73856,2023,A52,Major,A453 Clifton Lane,LA Boundary,456459,335966,52.91817494,-1.16176002,0.8,0.5,Counted,Dependent on a neighbouring counted link,S,0,125,21748,40,4564,373,80,146,47,195,589,1430,27907
73856,2024,A52,Major,A453 Clifton Lane,LA Boundary,456459,335966,52.91817494,-1.16176002,0.8,0.5,Counted,Dependent on a neighbouring counted link,N,0,109,22702,26,4525,331,101,121,54,106,639,1352,28714
73856,2024,A52,Major,A453 Clifton Lane,LA Boundary,456459,335966,52.91817494,-1.16176002,0.8,0.5,Counted,Dependent on a neighbouring counted link,S,2,86,22060,32,4205,344,62,198,33,151,633,1421,27803
73856,2025,A52,Major,A453 Clifton Lane,LA Boundary,456459,335966,52.91817494,-1.16176002,0.8,0.5,Counted,Dependent on a neighbouring counted link,N,0,119,23861,55,4811,239,79,111,34,213,586,1262,30108
73856,2025,A52,Major,A453 Clifton Lane,LA Boundary,456459,335966,52.91817494,-1.16176002,0.8,0.5,Counted,Dependent on a neighbouring counted link,S,0,115,21629,58,4559,322,91,137,15,327,505,1397,27758
73859,2000,A6011,Major,A6011,LA Boundary,458410,338820,52.94361945,-1.13223518,0.2,0.1,Estimated,Estimated using AADF from previous year on this link,N,88,95,9065,34,1534,308,51,27,39,48,20,493,11221
73859,2000,A6011,Major,A6011,LA Boundary,458410,338820,52.94361945,-1.13223518,0.2,0.1,Estimated,Estimated using AADF from previous year on this link,S,80,68,6841,22,994,164,24,8,15,21,20,252,8177
73859,2001,A6011,Major,A6011,LA Boundary,458410,338820,52.94361945,-1.13223518,0.2,0.1,Estimated,Estimated using AADF from previous year on this link,N,84,100,8784,36,1545,294,57,26,32,38,21,468,10933
73859,2001,A6011,Major,A6011,LA Boundary,458410,338820,52.94361945,-1.13223518,0.2,0.1,Estimated,Estimated using AADF from previous year on this link,S,77,71,6629,23,1001,156,27,8,12,17,21,241,7965
73859,2002,A6011,Major,A6011,LA Boundary,458410,338820,52.94361945,-1.13223518,0.2,0.1,Estimated,Estimated using AADF from previous year on this link,N,87,104,8925,36,1656,278,58,27,29,33,23,448,11169
73859,2002,A6011,Major,A6011,LA Boundary,458410,338820,52.94361945,-1.13223518,0.2,0.1,Estimated,Estimated using AADF from previous year on this link,S,80,74,6735,23,1073,147,28,8,11,15,23,232,8137
73859,2003,A6011,Major,A6011,LA Boundary,458410,338820,52.94361945,-1.13223518,0.2,0.1,Estimated,Estimated using AADF from previous year on this link,N,78,148,8595,35,1798,269,59,29,28,29,25,439,11015
73859,2003,A6011,Major,A6011,LA Boundary,458410,338820,52.94361945,-1.13223518,0.2,0.1,Estimated,Estimated using AADF from previous year on this link,S,71,105,6486,22,1165,142,29,8,11,13,25,228,8006
73859,2004,A6011,Major,A6011,LA Boundary,458410,338820,52.94361945,-1.13223518,0.2,0.1,Counted,Dependent on a neighbouring counted link,N,102,81,9348,31,1475,259,47,35,21,41,28,431,11366
73859,2004,A6011,Major,A6011,LA Boundary,458410,338820,52.94361945,-1.13223518,0.2,0.1,Counted,Dependent on a neighbouring counted link,S,93,73,7308,30,1061,140,47,12,10,24,19,252,8724
73859,2005,A6011,Major,A6011,LA Boundary,458410,338820,52.94361945,-1.13223518,0.2,0.1,Estimated,Estimated using AADF from previous year on this link,N,87,67,8918,30,1572,281,49,40,17,33,27,447,11034
73859,2005,A6011,Major,A6011,LA Boundary,458410,338820,52.94361945,-1.13223518,0.2,0.1,Estimated,Estimated using AADF from previous year on this link,S,78,60,6972,29,1131,151,49,14,8,20,19,261,8453
73859,2006,A6011,Major,A6011,LA Boundary,458410,338820,52.94361945,-1.13223518,0.2,0.1,Estimated,Estimated using AADF from previous year on this link,N,136,58,8749,27,1596,271,46,41,14,26,26,424,10854
73859,2006,A6011,Major,A6011,LA Boundary,458410,338820,52.94361945,-1.13223518,0.2,0.1,Estimated,Estimated using AADF from previous year on this link,S,123,52,6840,27,1148,146,46,14,7,15,18,246,8313
73859,2007,A6011,Major,A6011,LA Boundary,458410,338820,52.94361945,-1.13223518,0.2,0.1,Estimated,Estimated using AADF from previous year on this link,N,85,56,8609,25,1680,252,43,42,11,23,24,395,10765
73859,2007,A6011,Major,A6011,LA Boundary,458410,338820,52.94361945,-1.13223518,0.2,0.1,Estimated,Estimated using AADF from previous year on this link,S,77,50,6730,24,1209,135,43,14,5,13,17,227,8240
73859,2008,A6011,Major,A6011,LA Boundary,458410,338820,52.94361945,-1.13223518,0.2,0.1,Estimated,Estimated using AADF from previous year on this link,N,95,53,8419,22,1715,251,48,45,9,20,24,397,10606
73859,2008,A6011,Major,A6011,LA Boundary,458410,338820,52.94361945,-1.13223518,0.2,0.1,Estimated,Estimated using AADF from previous year on this link,S,86,48,6582,21,1235,135,48,15,4,12,16,230,8116
73859,2009,A6011,Major,A6011,LA Boundary,458410,338820,52.94361945,-1.13223518,0.2,0.1,Estimated,Estimated using AADF from previous year on this link,N,95,59,8604,22,1741,228,47,43,8,17,23,366,10792
73859,2009,A6011,Major,A6011,LA Boundary,458410,338820,52.94361945,-1.13223518,0.2,0.1,Estimated,Estimated using AADF from previous year on this link,S,86,54,6727,21,1254,123,47,14,4,10,16,214,8270
73859,2010,A6011,Major,A6011,LA Boundary,458410,338820,52.94361945,-1.13223518,0.2,0.1,Estimated,Estimated using AADF from previous year on this link,N,96,56,8552,25,1859,243,48,38,9,16,23,377,10869
73859,2010,A6011,Major,A6011,LA Boundary,458410,338820,52.94361945,-1.13223518,0.2,0.1,Estimated,Estimated using AADF from previous year on this link,S,87,51,6687,24,1339,131,48,12,5,9,16,221,8322
73859,2011,A6011,Major,A6011,LA Boundary,458410,338820,52.94361945,-1.13223518,0.2,0.1,Counted,Dependent on a neighbouring counted link,N,124,106,13350,35,1480,192,36,34,6,23,36,327,15298
73859,2011,A6011,Major,A6011,LA Boundary,458410,338820,52.94361945,-1.13223518,0.2,0.1,Counted,Dependent on a neighbouring counted link,S,137,70,8076,33,1322,99,31,19,9,14,17,189,9690
73859,2012,A6011,Major,A6011,LA Boundary,458410,338820,52.94361945,-1.13223518,0.2,0.1,Estimated,Estimated using AADF from previous year on this link,N,117,96,13293,38,1421,170,34,34,4,21,36,299,15147
73859,2012,A6011,Major,A6011,LA Boundary,458410,338820,52.94361945,-1.13223518,0.2,0.1,Estimated,Estimated using AADF from previous year on this link,S,130,63,8042,35,1270,88,30,19,7,13,17,172,9582
73859,2013,A6011,Major,A6011,LA Boundary,458410,338820,52.94361945,-1.13223518,0.2,0.1,Estimated,Estimated using AADF from previous year on this link,N,116,96,13218,35,1438,169,37,38,3,20,36,303,15090
73859,2013,A6011,Major,A6011,LA Boundary,458410,338820,52.94361945,-1.13223518,0.2,0.1,Estimated,Estimated using AADF from previous year on this link,S,128,63,7996,33,1284,87,32,21,5,12,17,174,9551
73859,2014,A6011,Major,A6011,LA Boundary,458410,338820,52.94361945,-1.13223518,0.2,0.1,Estimated,Estimated using AADF from previous year on this link,N,112,102,13081,38,1637,179,42,43,3,20,40,328,15185
73859,2014,A6011,Major,A6011,LA Boundary,458410,338820,52.94361945,-1.13223518,0.2,0.1,Estimated,Estimated using AADF from previous year on this link,S,124,67,7913,35,1462,92,36,24,5,12,19,189,9667
73859,2015,A6011,Major,A6011,LA Boundary,458410,338820,52.94361945,-1.13223518,0.2,0.1,Estimated,Estimated using AADF from previous year on this link,N,104,103,12841,37,1722,174,44,42,4,19,40,323,15027
73859,2015,A6011,Major,A6011,LA Boundary,458410,338820,52.94361945,-1.13223518,0.2,0.1,Estimated,Estimated using AADF from previous year on this link,S,115,68,7768,35,1538,90,38,23,6,12,19,188,9598
73859,2016,A6011,Major,A6011,LA Boundary,458410,338820,52.94361945,-1.13223518,0.2,0.1,Counted,Dependent on a neighbouring counted link,N,128,63,8156,35,1293,175,49,24,13,46,52,358,9905
73859,2016,A6011,Major,A6011,LA Boundary,458410,338820,52.94361945,-1.13223518,0.2,0.1,Counted,Dependent on a neighbouring counted link,S,95,32,6557,20,1062,139,23,19,3,25,28,236,7908
73859,2017,A6011,Major,A6011,LA Boundary,458410,338820,52.94361945,-1.13223518,0.2,0.1,Estimated,Estimated using AADF from previous year on this link,N,128,61,8146,34,1368,181,50,25,13,46,53,368,9978
73859,2017,A6011,Major,A6011,LA Boundary,458410,338820,52.94361945,-1.13223518,0.2,0.1,Estimated,Estimated using AADF from previous year on this link,S,95,32,6549,19,1124,143,24,20,3,25,29,243,7967
73859,2018,A6011,Major,A6011,LA Boundary,458410,338820,52.94361945,-1.13223518,0.2,0.1,Estimated,Estimated using AADF from previous year on this link,N,154,60,8108,32,1434,183,51,27,13,46,54,374,10008
73859,2018,A6011,Major,A6011,LA Boundary,458410,338820,52.94361945,-1.13223518,0.2,0.1,Estimated,Estimated using AADF from previous year on this link,S,115,31,6519,18,1178,145,25,21,3,25,29,247,7992
73859,2019,A6011,Major,A6011,LA Boundary,458410,338820,52.94361945,-1.13223518,0.2,0.1,Estimated,Estimated using AADF from previous year on this link,N,151,64,8125,32,1428,182,54,28,13,46,53,376,10025
73859,2019,A6011,Major,A6011,LA Boundary,458410,338820,52.94361945,-1.13223518,0.2,0.1,Estimated,Estimated using AADF from previous year on this link,S,113,33,6533,18,1173,143,26,21,3,25,29,248,8004
73859,2020,A6011,Major,A6011,LA Boundary,458410,338820,52.94361945,-1.13223518,0.2,0.1,Counted,Dependent on a neighbouring counted link,N,114,74,9157,3,1882,184,27,126,24,0,0,361,11477
73859,2020,A6011,Major,A6011,LA Boundary,458410,338820,52.94361945,-1.13223518,0.2,0.1,Counted,Dependent on a neighbouring counted link,S,111,50,6744,2,1442,137,30,80,17,7,0,270,8508
73859,2021,A6011,Major,A6011,LA Boundary,458410,338820,52.94361945,-1.13223518,0.2,0.1,Estimated,Estimated using AADF from previous year on this link,N,85,77,10014,4,2155,200,29,137,25,0,0,392,12642
73859,2021,A6011,Major,A6011,LA Boundary,458410,338820,52.94361945,-1.13223518,0.2,0.1,Estimated,Estimated using AADF from previous year on this link,S,83,51,7375,2,1651,149,32,87,18,7,0,293,9373
73859,2022,A6011,Major,A6011,LA Boundary,458410,338820,52.94361945,-1.13223518,0.2,0.1,Estimated,Estimated using AADF from previous year on this link,N,83,85,10748,4,2401,206,30,141,26,0,0,403,13641
73859,2022,A6011,Major,A6011,LA Boundary,458410,338820,52.94361945,-1.13223518,0.2,0.1,Estimated,Estimated using AADF from previous year on this link,S,81,57,7916,2,1839,153,33,89,18,8,0,301,10116
73859,2023,A6011,Major,A6011,LA Boundary,458410,338820,52.94361945,-1.13223518,0.2,0.1,Estimated,Estimated using AADF from previous year on this link,N,79,79,11014,4,2448,206,29,131,26,0,0,392,13937
73859,2023,A6011,Major,A6011,LA Boundary,458410,338820,52.94361945,-1.13223518,0.2,0.1,Estimated,Estimated using AADF from previous year on this link,S,77,53,8112,2,1876,154,31,83,18,8,0,294,10336
73859,2024,A6011,Major,A6011,LA Boundary,458410,338820,52.94361945,-1.13223518,0.2,0.1,Counted,Dependent on a neighbouring counted link,N,121,89,10894,25,1985,162,33,43,6,9,76,330,13323
73859,2024,A6011,Major,A6011,LA Boundary,458410,338820,52.94361945,-1.13223518,0.2,0.1,Counted,Dependent on a neighbouring counted link,S,95,80,7954,12,1555,127,23,30,5,6,52,243,9844
73859,2025,A6011,Major,A6011,LA Boundary,458410,338820,52.94361945,-1.13223518,0.2,0.1,Estimated,Estimated using AADF from previous year on this link,N,126,92,11010,25,2027,161,34,44,6,9,76,330,13484
73859,2025,A6011,Major,A6011,LA Boundary,458410,338820,52.94361945,-1.13223518,0.2,0.1,Estimated,Estimated using AADF from previous year on this link,S,99,83,8039,12,1588,127,23,30,5,6,52,243,9965
73860,2000,A60,Major,A611,LA Boundary Woodthorpe Drive,457111,342229,52.97439969,-1.15096414,1.9,1.2,Counted,Manual count,N,84,105,8509,530,812,123,10,7,9,8,4,161,10117
73860,2000,A60,Major,A611,LA Boundary Woodthorpe Drive,457111,342229,52.97439969,-1.15096414,1.9,1.2,Counted,Manual count,S,94,113,8780,540,841,132,22,9,16,10,2,191,10465
73860,2001,A60,Major,A611,LA Boundary Woodthorpe Drive,457111,342229,52.97439969,-1.15096414,1.9,1.2,Counted,Manual count,N,87,142,8524,531,839,109,10,6,9,10,2,146,10182
73860,2001,A60,Major,A611,LA Boundary Woodthorpe Drive,457111,342229,52.97439969,-1.15096414,1.9,1.2,Counted,Manual count,S,99,167,8786,556,970,125,13,2,16,12,8,176,10655
73860,2002,A60,Major,A611,LA Boundary Woodthorpe Drive,457111,342229,52.97439969,-1.15096414,1.9,1.2,Estimated,Estimated using AADF from previous year on this link,N,90,144,8507,543,841,105,10,6,8,9,2,140,10175
73860,2002,A60,Major,A611,LA Boundary Woodthorpe Drive,457111,342229,52.97439969,-1.15096414,1.9,1.2,Estimated,Estimated using AADF from previous year on this link,S,103,169,8768,568,972,120,14,2,15,10,9,170,10647
73860,2003,A60,Major,A611,LA Boundary Woodthorpe Drive,457111,342229,52.97439969,-1.15096414,1.9,1.2,Counted,Manual count,N,176,98,8377,344,820,127,18,10,9,16,7,187,9826
73860,2003,A60,Major,A611,LA Boundary Woodthorpe Drive,457111,342229,52.97439969,-1.15096414,1.9,1.2,Counted,Manual count,S,194,85,6839,381,698,97,14,5,8,10,8,142,8145
73860,2004,A60,Major,A611,LA Boundary Woodthorpe Drive,457111,342229,52.97439969,-1.15096414,1.9,1.2,Estimated,Estimated using AADF from previous year on this link,N,143,87,8394,320,813,127,19,11,8,14,7,186,9800
73860,2004,A60,Major,A611,LA Boundary Woodthorpe Drive,457111,342229,52.97439969,-1.15096414,1.9,1.2,Estimated,Estimated using AADF from previous year on this link,S,157,75,6852,354,692,98,15,6,7,9,8,143,8116
73860,2005,A60,Major,A611,LA Boundary Woodthorpe Drive,457111,342229,52.97439969,-1.15096414,1.9,1.2,Counted,Manual count,N,95,76,6854,432,745,126,21,14,6,9,12,188,8295
73860,2005,A60,Major,A611,LA Boundary Woodthorpe Drive,457111,342229,52.97439969,-1.15096414,1.9,1.2,Counted,Manual count,S,107,80,6906,452,751,141,20,12,5,7,16,201,8390
73860,2006,A60,Major,A611,LA Boundary Woodthorpe Drive,457111,342229,52.97439969,-1.15096414,1.9,1.2,Estimated,Estimated using AADF from previous year on this link,N,149,79,6874,425,757,129,21,15,5,8,13,191,8326
73860,2006,A60,Major,A611,LA Boundary Woodthorpe Drive,457111,342229,52.97439969,-1.15096414,1.9,1.2,Estimated,Estimated using AADF from previous year on this link,S,168,83,6927,445,763,144,20,13,5,6,17,205,8423
73860,2007,A60,Major,A611,LA Boundary Woodthorpe Drive,457111,342229,52.97439969,-1.15096414,1.9,1.2,Counted,Manual count,N,113,73,7571,381,810,93,13,7,3,11,5,132,8967
73860,2007,A60,Major,A611,LA Boundary Woodthorpe Drive,457111,342229,52.97439969,-1.15096414,1.9,1.2,Counted,Manual count,S,131,82,8635,393,817,91,20,6,5,10,9,141,10068
73860,2008,A60,Major,A611,LA Boundary ,457111,342229,52.97439969,-1.15096414,1.9,1.2,Estimated,Estimated using AADF from previous year on this link,N,126,69,7405,331,827,93,14,8,3,9,4,131,8763
73860,2008,A60,Major,A611,LA Boundary ,457111,342229,52.97439969,-1.15096414,1.9,1.2,Estimated,Estimated using AADF from previous year on this link,S,147,78,8445,341,834,91,22,7,4,9,9,142,9840
73860,2009,A60,Major,A611,LA Boundary ,457111,342229,52.97439969,-1.15096414,1.9,1.2,Estimated,Estimated using AADF from previous year on this link,N,126,77,7568,327,839,85,14,8,3,8,4,122,8933
73860,2009,A60,Major,A611,LA Boundary ,457111,342229,52.97439969,-1.15096414,1.9,1.2,Estimated,Estimated using AADF from previous year on this link,S,147,87,8631,337,847,83,22,7,4,8,9,133,10035
73860,2010,A60,Major,A611,LA Boundary ,457111,342229,52.97439969,-1.15096414,1.9,1.2,Estimated,Estimated using AADF from previous year on this link,N,127,73,7523,370,896,90,14,7,4,8,4,127,8989
73860,2010,A60,Major,A611,LA Boundary ,457111,342229,52.97439969,-1.15096414,1.9,1.2,Estimated,Estimated using AADF from previous year on this link,S,148,83,8579,382,905,88,22,6,5,8,9,138,10087
73860,2011,A60,Major,A611,LA Boundary ,457111,342229,52.97439969,-1.15096414,1.9,1.2,Counted,Manual count,N,162,43,6787,426,847,46,13,3,2,3,2,69,8172
73860,2011,A60,Major,A611,LA Boundary ,457111,342229,52.97439969,-1.15096414,1.9,1.2,Counted,Manual count,S,101,76,8427,450,584,28,7,6,8,6,1,56,9593
73860,2012,A60,Major,A611,LA Boundary,457111,342229,52.97439969,-1.15096414,1.9,1.2,Estimated,Estimated using AADF from previous year on this link,N,153,41,6681,463,857,47,14,3,1,3,2,70,8113
73860,2012,A60,Major,A611,LA Boundary,457111,342229,52.97439969,-1.15096414,1.9,1.2,Estimated,Estimated using AADF from previous year on this link,S,96,73,8296,489,591,28,8,7,6,5,1,55,9503
73860,2013,A60,Major,A611,LA Boundary,457111,342229,52.97439969,-1.15096414,1.9,1.2,Estimated,Estimated using AADF from previous year on this link,N,151,46,6622,484,891,47,15,4,1,3,2,72,8115
73860,2013,A60,Major,A611,LA Boundary,457111,342229,52.97439969,-1.15096414,1.9,1.2,Estimated,Estimated using AADF from previous year on this link,S,94,81,8222,512,614,29,8,8,4,5,1,55,9484
73860,2014,A60,Major,A611,LA Boundary,457111,342229,52.97439969,-1.15096414,1.9,1.2,Estimated,Estimated using AADF from previous year on this link,N,147,44,6802,466,953,48,17,4,1,2,2,74,8339
73860,2014,A60,Major,A611,LA Boundary,457111,342229,52.97439969,-1.15096414,1.9,1.2,Estimated,Estimated using AADF from previous year on this link,S,92,77,8445,492,657,29,9,9,4,4,1,56,9728
73860,2015,A60,Major,A611,LA Boundary,457111,342229,52.97439969,-1.15096414,1.9,1.2,Estimated,Estimated using AADF from previous year on this link,N,136,39,6936,502,999,46,18,4,1,2,2,72,8548
73860,2015,A60,Major,A611,LA Boundary,457111,342229,52.97439969,-1.15096414,1.9,1.2,Estimated,Estimated using AADF from previous year on this link,S,85,68,8613,531,689,28,9,8,4,4,1,54,9955
73860,2016,A60,Major,A611,LA Boundary,457111,342229,52.97439969,-1.15096414,1.9,1.2,Estimated,Estimated using AADF from previous year on this link,N,127,38,7045,465,1091,46,17,5,1,2,2,73,8712
73860,2016,A60,Major,A611,LA Boundary,457111,342229,52.97439969,-1.15096414,1.9,1.2,Estimated,Estimated using AADF from previous year on this link,S,79,67,8747,491,752,28,9,9,5,4,1,56,10113
73860,2017,A60,Major,A611,LA Boundary,457111,342229,52.97439969,-1.15096414,1.9,1.2,Estimated,Estimated using AADF from previous year on this link,N,122,38,6993,434,1149,46,18,5,1,2,2,73,8687
73860,2017,A60,Major,A611,LA Boundary,457111,342229,52.97439969,-1.15096414,1.9,1.2,Estimated,Estimated using AADF from previous year on this link,S,76,68,8683,459,792,28,10,9,5,4,1,56,10057
73860,2018,A60,Major,A611,LA Boundary,457111,342229,52.97439969,-1.15096414,1.9,1.2,Counted,Manual count,N,117,41,6458,411,769,51,15,9,9,4,1,89,7769
73860,2018,A60,Major,A611,LA Boundary,457111,342229,52.97439969,-1.15096414,1.9,1.2,Counted,Manual count,S,137,43,5970,430,744,39,13,14,8,13,5,90,7278
73860,2019,A60,Major,A611,LA Boundary,457111,342229,52.97439969,-1.15096414,1.9,1.2,Estimated,Estimated using AADF from previous year on this link,N,129,39,6539,416,762,51,16,9,9,4,1,89,7845
73860,2019,A60,Major,A611,LA Boundary,457111,342229,52.97439969,-1.15096414,1.9,1.2,Estimated,Estimated using AADF from previous year on this link,S,150,41,6045,435,737,38,13,14,8,13,5,90,7349
73860,2020,A60,Major,A611,LA Boundary,457111,342229,52.97439969,-1.15096414,1.9,1.2,Estimated,Estimated using AADF from previous year on this link,N,147,28,4967,263,673,45,14,8,8,4,1,78,6009
73860,2020,A60,Major,A611,LA Boundary,457111,342229,52.97439969,-1.15096414,1.9,1.2,Estimated,Estimated using AADF from previous year on this link,S,172,30,4592,275,651,34,11,12,7,11,4,79,5627
73860,2021,A60,Major,A611,LA Boundary,457111,342229,52.97439969,-1.15096414,1.9,1.2,Estimated,Estimated using AADF from previous year on this link,N,120,30,5472,271,733,48,15,9,8,4,1,84,6591
73860,2021,A60,Major,A611,LA Boundary,457111,342229,52.97439969,-1.15096414,1.9,1.2,Estimated,Estimated using AADF from previous year on this link,S,140,32,5059,284,709,36,12,13,7,12,5,85,6169
73860,2022,A60,Major,A611,LA Boundary,457111,342229,52.97439969,-1.15096414,1.9,1.2,Estimated,Estimated using AADF from previous year on this link,N,108,33,5845,291,795,49,15,9,9,4,1,87,7052
73860,2022,A60,Major,A611,LA Boundary,457111,342229,52.97439969,-1.15096414,1.9,1.2,Estimated,Estimated using AADF from previous year on this link,S,125,35,5403,305,769,37,12,14,8,13,5,89,6601
73860,2023,A60,Major,A611,LA Boundary,457111,342229,52.97439969,-1.15096414,1.9,1.2,Estimated,Estimated using AADF from previous year on this link,N,106,32,5955,294,809,49,15,9,9,4,1,86,7176
73860,2023,A60,Major,A611,LA Boundary,457111,342229,52.97439969,-1.15096414,1.9,1.2,Estimated,Estimated using AADF from previous year on this link,S,123,34,5505,308,782,37,12,14,8,12,4,87,6717
73860,2024,A60,Major,A611,LA Boundary,457111,342229,52.97439969,-1.15096414,1.9,1.2,Estimated,Estimated using AADF from previous year on this link,N,107,34,6045,295,823,50,15,9,8,4,1,86,7284
73860,2024,A60,Major,A611,LA Boundary,457111,342229,52.97439969,-1.15096414,1.9,1.2,Estimated,Estimated using AADF from previous year on this link,S,125,35,5588,309,796,37,12,14,8,12,4,87,6816
73860,2025,A60,Major,A611,LA Boundary,457111,342229,52.97439969,-1.15096414,1.9,1.2,Estimated,Estimated using AADF from previous year on this link,N,107,34,6052,289,840,49,15,9,9,4,1,86,7301
73860,2025,A60,Major,A611,LA Boundary,457111,342229,52.97439969,-1.15096414,1.9,1.2,Estimated,Estimated using AADF from previous year on this link,S,125,36,5595,302,812,37,12,14,8,12,4,87,6832
73864,2000,A610,Major,LA Boundary,B6008,453480,343580,52.98691624,-1.20480723,0.2,0.1,Counted,Dependent on a neighbouring counted link,E,12,149,17322,55,2329,519,67,74,114,166,92,1032,20887
73864,2000,A610,Major,LA Boundary,B6008,453480,343580,52.98691624,-1.20480723,0.2,0.1,Counted,Dependent on a neighbouring counted link,W,2,139,15318,58,2344,475,74,54,111,180,88,982,18841
73864,2001,A610,Major,LA Boundary,B6008,453480,343580,52.98691624,-1.20480723,0.2,0.1,Estimated,Estimated using AADF from previous year on this link,E,11,154,17668,56,2320,509,77,74,100,142,103,1005,21203
73864,2001,A610,Major,LA Boundary,B6008,453480,343580,52.98691624,-1.20480723,0.2,0.1,Estimated,Estimated using AADF from previous year on this link,W,2,144,15624,59,2335,466,85,54,97,154,99,955,19117
73864,2002,A610,Major,LA Boundary,B6008,453480,343580,52.98691624,-1.20480723,0.2,0.1,Estimated,Estimated using AADF from previous year on this link,E,11,156,17633,57,2325,490,80,77,91,123,113,974,21145
73864,2002,A610,Major,LA Boundary,B6008,453480,343580,52.98691624,-1.20480723,0.2,0.1,Estimated,Estimated using AADF from previous year on this link,W,2,146,15593,60,2340,449,89,56,88,134,109,925,19064
73864,2003,A610,Major,LA Boundary,B6008,453480,343580,52.98691624,-1.20480723,0.2,0.1,Counted,Dependent on a neighbouring counted link,E,54,199,17518,76,2284,396,56,70,70,147,107,846,20923
73864,2003,A610,Major,LA Boundary,B6008,453480,343580,52.98691624,-1.20480723,0.2,0.1,Counted,Dependent on a neighbouring counted link,W,11,175,16018,62,2296,439,86,67,71,165,96,924,19475
73864,2004,A610,Major,LA Boundary,B6008,453480,343580,52.98691624,-1.20480723,0.2,0.1,Estimated,Estimated using AADF from previous year on this link,E,44,175,17553,70,2263,397,59,77,66,130,117,846,20907
73864,2004,A610,Major,LA Boundary,B6008,453480,343580,52.98691624,-1.20480723,0.2,0.1,Estimated,Estimated using AADF from previous year on this link,W,9,154,16050,58,2275,441,91,74,67,145,105,923,19460
73864,2005,A610,Major,LA Boundary,B6008,453480,343580,52.98691624,-1.20480723,0.2,0.1,Counted,Dependent on a neighbouring counted link,E,19,185,15406,61,2380,430,62,64,70,132,112,870,18902
73864,2005,A610,Major,LA Boundary,B6008,453480,343580,52.98691624,-1.20480723,0.2,0.1,Counted,Dependent on a neighbouring counted link,W,8,169,16532,58,2644,404,83,57,71,145,104,864,20267
73864,2006,A610,Major,LA Boundary,B6008,453480,343580,52.98691624,-1.20480723,0.2,0.1,Estimated,Estimated using AADF from previous year on this link,E,29,193,15452,60,2418,440,61,69,63,118,121,872,18995
73864,2006,A610,Major,LA Boundary,B6008,453480,343580,52.98691624,-1.20480723,0.2,0.1,Estimated,Estimated using AADF from previous year on this link,W,13,176,16582,57,2687,414,83,62,64,129,113,865,20367
73864,2007,A610,Major,LA Boundary,B6008,453480,343580,52.98691624,-1.20480723,0.2,0.1,Counted,Dependent on a neighbouring counted link,E,17,157,17936,43,2625,482,85,76,37,163,112,955,21716
73864,2007,A610,Major,LA Boundary,B6008,453480,343580,52.98691624,-1.20480723,0.2,0.1,Counted,Dependent on a neighbouring counted link,W,5,133,15876,40,2542,409,64,63,60,183,103,882,19473
73864,2008,A610,Major,LA Boundary,B6008,453480,343580,52.98691624,-1.20480723,0.2,0.1,Estimated,Estimated using AADF from previous year on this link,E,19,146,17596,43,2749,463,92,77,32,143,110,917,21451
73864,2008,A610,Major,LA Boundary,B6008,453480,343580,52.98691624,-1.20480723,0.2,0.1,Estimated,Estimated using AADF from previous year on this link,W,5,124,15575,40,2661,392,69,64,52,161,101,839,19239
73864,2009,A610,Major,LA Boundary,B6008,453480,343580,52.98691624,-1.20480723,0.2,0.1,Counted,Dependent on a neighbouring counted link,E,46,170,15920,57,2471,324,47,48,41,119,63,642,19260
73864,2009,A610,Major,LA Boundary,B6008,453480,343580,52.98691624,-1.20480723,0.2,0.1,Counted,Dependent on a neighbouring counted link,W,13,171,15473,66,2759,314,58,54,40,123,88,677,19146
73864,2010,A610,Major,LA Boundary,B6008,453480,343580,52.98691624,-1.20480723,0.2,0.1,Counted,Dependent on a neighbouring counted link,E,16,109,14773,49,2641,351,81,62,35,83,167,779,18351
73864,2010,A610,Major,LA Boundary,B6008,453480,343580,52.98691624,-1.20480723,0.2,0.1,Counted,Dependent on a neighbouring counted link,W,6,143,14844,50,2908,406,79,54,61,168,105,873,18818
73864,2011,A610,Major,LA Boundary,B6008,453480,343580,52.98691624,-1.20480723,0.2,0.1,Estimated,Estimated using AADF from previous year on this link,E,18,116,14699,49,2723,350,87,70,27,82,176,792,18379
73864,2011,A610,Major,LA Boundary,B6008,453480,343580,52.98691624,-1.20480723,0.2,0.1,Estimated,Estimated using AADF from previous year on this link,W,7,152,14770,50,2998,404,85,61,47,166,111,874,18844
73864,2012,A610,Major,LA Boundary,B6008,453480,343580,52.98691624,-1.20480723,0.2,0.1,Counted,Dependent on a neighbouring counted link,E,15,104,15823,56,2846,333,87,76,28,118,137,780,19609
73864,2012,A610,Major,LA Boundary,B6008,453480,343580,52.98691624,-1.20480723,0.2,0.1,Counted,Dependent on a neighbouring counted link,W,6,116,14412,51,2722,344,72,70,51,166,92,795,18096
73864,2013,A610,Major,LA Boundary,B6008,453480,343580,52.98691624,-1.20480723,0.2,0.1,Estimated,Estimated using AADF from previous year on this link,E,15,104,15734,52,2879,333,94,85,21,111,138,781,19549
73864,2013,A610,Major,LA Boundary,B6008,453480,343580,52.98691624,-1.20480723,0.2,0.1,Estimated,Estimated using AADF from previous year on this link,W,6,116,14331,48,2753,343,78,78,37,155,92,784,18031
73864,2014,A610,Major,LA Boundary,B6008,453480,343580,52.98691624,-1.20480723,0.2,0.1,Counted,Dependent on a neighbouring counted link,E,14,117,16923,41,3119,340,67,49,60,131,85,731,20931
73864,2014,A610,Major,LA Boundary,B6008,453480,343580,52.98691624,-1.20480723,0.2,0.1,Counted,Dependent on a neighbouring counted link,W,6,114,17465,86,2662,320,78,42,43,143,100,726,21052
73864,2015,A610,Major,LA Boundary,B6008,453480,343580,52.98691624,-1.20480723,0.2,0.1,Estimated,Estimated using AADF from previous year on this link,E,13,119,16613,41,3280,330,70,47,73,129,84,733,20786
73864,2015,A610,Major,LA Boundary,B6008,453480,343580,52.98691624,-1.20480723,0.2,0.1,Estimated,Estimated using AADF from previous year on this link,W,6,116,17144,85,2800,312,82,41,52,141,98,726,20870
73864,2016,A610,Major,LA Boundary,B6008,453480,343580,52.98691624,-1.20480723,0.2,0.1,Counted,Dependent on a neighbouring counted link,E,16,103,16657,33,3084,313,72,51,45,122,110,713,20591
73864,2016,A610,Major,LA Boundary,B6008,453480,343580,52.98691624,-1.20480723,0.2,0.1,Counted,Dependent on a neighbouring counted link,W,5,145,15481,25,2893,302,72,69,36,132,88,699,19243
73864,2017,A610,Major,LA Boundary,B6008,453480,343580,52.98691624,-1.20480723,0.2,0.1,Counted,Dependent on a neighbouring counted link,E,11,101,16050,22,2965,358,64,57,40,157,124,799,19937
73864,2017,A610,Major,LA Boundary,B6008,453480,343580,52.98691624,-1.20480723,0.2,0.1,Counted,Dependent on a neighbouring counted link,W,15,91,15177,19,3007,268,70,54,65,151,90,698,18992
73864,2018,A610,Major,LA Boundary,B6008,453480,343580,52.98691624,-1.20480723,0.3,0.2,Estimated,Estimated using AADF from previous year on this link,E,12,100,15873,20,3021,361,63,55,40,163,129,812,19825
73864,2018,A610,Major,LA Boundary,B6008,453480,343580,52.98691624,-1.20480723,0.3,0.2,Estimated,Estimated using AADF from previous year on this link,W,17,90,15010,17,3064,271,70,52,66,156,94,708,18890
73864,2019,A610,Major,LA Boundary,B6008,453480,343580,52.98691624,-1.20480723,0.3,0.2,Estimated,Estimated using AADF from previous year on this link,E,13,93,16072,20,2994,357,64,55,41,167,130,814,19995
73864,2019,A610,Major,LA Boundary,B6008,453480,343580,52.98691624,-1.20480723,0.3,0.2,Estimated,Estimated using AADF from previous year on this link,W,19,84,15199,17,3037,268,71,53,67,160,94,712,19050
73864,2020,A610,Major,LA Boundary,B6008,453480,343580,52.98691624,-1.20480723,0.3,0.2,Counted,Dependent on a neighbouring counted link,E,6,56,12336,5,2787,252,75,120,29,64,191,731,15914
73864,2020,A610,Major,LA Boundary,B6008,453480,343580,52.98691624,-1.20480723,0.3,0.2,Counted,Dependent on a neighbouring counted link,W,0,69,12305,6,2779,253,58,126,33,108,147,725,15884
73864,2021,A610,Major,LA Boundary,B6008,453480,343580,52.98691624,-1.20480723,0.3,0.2,Estimated,Estimated using AADF from previous year on this link,E,5,59,13590,5,3039,270,81,132,31,69,204,786,17478
73864,2021,A610,Major,LA Boundary,B6008,453480,343580,52.98691624,-1.20480723,0.3,0.2,Estimated,Estimated using AADF from previous year on this link,W,0,73,13557,6,3030,271,63,138,36,115,157,779,17444
73864,2022,A610,Major,LA Boundary,B6008,453480,343580,52.98691624,-1.20480723,0.3,0.2,Counted,Dependent on a neighbouring counted link,E,6,77,15080,11,3414,273,63,99,37,96,205,772,19355
73864,2022,A610,Major,LA Boundary,B6008,453480,343580,52.98691624,-1.20480723,0.3,0.2,Counted,Dependent on a neighbouring counted link,W,0,103,14279,12,3114,273,44,107,44,124,154,746,18254
73864,2023,A610,Major,LA Boundary,B6008,453480,343580,52.98691624,-1.20480723,0.3,0.2,Estimated,Estimated using AADF from previous year on this link,E,6,76,15364,11,3472,270,62,98,37,93,197,757,19680
73864,2023,A610,Major,LA Boundary,B6008,453480,343580,52.98691624,-1.20480723,0.3,0.2,Estimated,Estimated using AADF from previous year on this link,W,0,101,14547,12,3167,270,43,106,44,120,148,732,18559
73864,2024,A610,Major,LA Boundary,B6008,453480,343580,52.98691624,-1.20480723,0.3,0.2,Estimated,Estimated using AADF from previous year on this link,E,6,79,15597,11,3534,274,62,96,36,90,190,748,19969
73864,2024,A610,Major,LA Boundary,B6008,453480,343580,52.98691624,-1.20480723,0.3,0.2,Estimated,Estimated using AADF from previous year on this link,W,0,104,14768,12,3224,274,43,103,43,117,144,724,18832
73864,2025,A610,Major,LA Boundary,B6008,453480,343580,52.98691624,-1.20480723,0.3,0.2,Estimated,Estimated using AADF from previous year on this link,E,6,80,15615,11,3606,271,62,98,37,88,187,743,20056
73864,2025,A610,Major,LA Boundary,B6008,453480,343580,52.98691624,-1.20480723,0.3,0.2,Estimated,Estimated using AADF from previous year on this link,W,0,106,14785,12,3290,271,43,106,44,114,141,719,18912
73866,2000,M1,Major,LA Boundary,LA Boundary,450830,343135,52.98317359,-1.24434846,0.3,0.2,Counted,Dependent on a neighbouring counted link,N,0,170,36777,132,5192,3030,295,155,1224,2856,1726,9286,51557
73866,2000,M1,Major,LA Boundary,LA Boundary,450830,343135,52.98317359,-1.24434846,0.3,0.2,Counted,Dependent on a neighbouring counted link,S,0,184,37902,162,5721,2966,236,162,1287,2871,1740,9262,53231
73866,2001,M1,Major,LA Boundary,LA Boundary,450830,343135,52.98317359,-1.24434846,0.3,0.2,Counted,Dependent on a neighbouring counted link,N,0,229,36288,278,6212,3207,295,159,1195,2944,1798,9598,52605
73866,2001,M1,Major,LA Boundary,LA Boundary,450830,343135,52.98317359,-1.24434846,0.3,0.2,Counted,Dependent on a neighbouring counted link,S,0,573,36458,316,5450,2859,260,129,961,2364,2148,8721,51518
73866,2002,M1,Major,LA Boundary,LA Boundary,450830,343135,52.98317359,-1.24434846,0.3,0.2,Counted,Dependent on a neighbouring counted link,N,0,118,40879,209,6692,2539,296,153,1209,2912,1907,9016,56914
73866,2002,M1,Major,LA Boundary,LA Boundary,450830,343135,52.98317359,-1.24434846,0.3,0.2,Counted,Dependent on a neighbouring counted link,S,0,139,39222,189,6404,2374,276,133,971,2841,2238,8833,54787
73866,2003,M1,Major,LA Boundary,LA Boundary,450830,343135,52.98317359,-1.24434846,0.3,0.2,Counted,Dependent on a neighbouring counted link,N,0,173,39543,153,6950,2027,280,136,1160,3028,1815,8446,55265
73866,2003,M1,Major,LA Boundary,LA Boundary,450830,343135,52.98317359,-1.24434846,0.3,0.2,Counted,Dependent on a neighbouring counted link,S,0,204,38797,187,5943,2027,383,121,822,3272,2352,8977,54108
73866,2004,M1,Major,LA Boundary,LA Boundary,450830,343135,52.98317359,-1.24434846,0.3,0.2,Counted,Dependent on a neighbouring counted link,N,0,158,47162,209,9062,2637,363,221,920,3138,2589,9868,66459
73866,2004,M1,Major,LA Boundary,LA Boundary,450830,343135,52.98317359,-1.24434846,0.3,0.2,Counted,Dependent on a neighbouring counted link,S,0,177,46553,206,7870,2140,331,174,773,3500,2635,9553,64359
73866,2005,M1,Major,LA Boundary,LA Boundary,450830,343135,52.98317359,-1.24434846,0.3,0.2,Estimated,Estimated using AADF from previous year on this link,N,0,149,47869,200,9887,2655,356,235,852,2868,2864,9830,67935
73866,2005,M1,Major,LA Boundary,LA Boundary,450830,343135,52.98317359,-1.24434846,0.3,0.2,Estimated,Estimated using AADF from previous year on this link,S,0,167,47251,197,8586,2155,325,186,716,3199,2915,9496,65697
73866,2006,M1,Major,LA Boundary,LA Boundary,450830,343135,52.98317359,-1.24434846,0.3,0.2,Counted,Dependent on a neighbouring counted link,N,0,221,47204,174,8894,2155,364,180,708,3318,2081,8806,65299
73866,2006,M1,Major,LA Boundary,LA Boundary,450830,343135,52.98317359,-1.24434846,0.3,0.2,Counted,Dependent on a neighbouring counted link,S,0,152,46874,244,8077,2262,313,177,778,3061,2608,9199,64546
73866,2007,M1,Major,LA Boundary,LA Boundary,450830,343135,52.98317359,-1.24434846,0.3,0.2,Counted,Dependent on a neighbouring counted link,N,0,281,47529,179,9895,2244,380,229,798,3173,2561,9385,67269
73866,2007,M1,Major,LA Boundary,LA Boundary,450830,343135,52.98317359,-1.24434846,0.3,0.2,Counted,Dependent on a neighbouring counted link,S,0,278,46667,222,8567,1873,385,195,720,3204,2618,8995,64729
73866,2008,M1,Major,LA Boundary,LA Boundary,450830,343135,52.98317359,-1.24434846,0.3,0.2,Counted,Dependent on a neighbouring counted link,N,0,202,42585,249,8974,2130,330,255,825,3021,2125,8686,60696
73866,2008,M1,Major,LA Boundary,LA Boundary,450830,343135,52.98317359,-1.24434846,0.3,0.2,Counted,Dependent on a neighbouring counted link,S,0,249,43400,248,7798,1706,277,190,786,2791,2336,8086,59781
73866,2009,M1,Major,LA Boundary,LA Boundary,450830,343135,52.98317359,-1.24434846,0.3,0.2,Counted,Dependent on a neighbouring counted link,N,0,139,44196,122,7767,1252,316,347,780,2633,1658,6986,59210
73866,2009,M1,Major,LA Boundary,LA Boundary,450830,343135,52.98317359,-1.24434846,0.3,0.2,Counted,Dependent on a neighbouring counted link,S,0,156,44383,125,7105,1390,287,308,658,2403,2318,7364,59133
73866,2010,M1,Major,LA Boundary,LA Boundary,450830,343135,52.98317359,-1.24434846,0.3,0.2,Counted,Dependent on a neighbouring counted link,N,0,209,43823,150,8806,1676,304,207,706,2692,1959,7544,60532
73866,2010,M1,Major,LA Boundary,LA Boundary,450830,343135,52.98317359,-1.24434846,0.3,0.2,Counted,Dependent on a neighbouring counted link,S,0,191,44908,178,7963,1383,260,208,628,2425,2448,7352,60592
73866,2011,M1,Major,LA Boundary,LA Boundary,450830,343135,52.98317359,-1.24434846,0.3,0.2,Counted,Dependent on a neighbouring counted link,N,0,159,46874,157,7415,2040,328,398,14,773,4170,7723,62328
73866,2011,M1,Major,LA Boundary,LA Boundary,450830,343135,52.98317359,-1.24434846,0.3,0.2,Counted,Dependent on a neighbouring counted link,S,0,191,39886,200,6606,1521,302,393,122,803,4201,7342,54225
73866,2012,M1,Major,LA Boundary,LA Boundary,450830,343135,52.98317359,-1.24434846,0.3,0.2,Counted,Dependent on a neighbouring counted link,E,0,122,49341,134,8602,1808,288,168,619,2749,2164,7796,65995
73866,2012,M1,Major,LA Boundary,LA Boundary,450830,343135,52.98317359,-1.24434846,0.3,0.2,Counted,Dependent on a neighbouring counted link,W,0,107,49478,170,7373,1527,278,149,537,2548,2525,7565,64694
73866,2013,M1,Major,LA Boundary,LA Boundary,450830,343135,52.98317359,-1.24434846,0.3,0.2,Counted,Dependent on a neighbouring counted link,E,0,154,47043,177,8975,1603,394,195,305,1000,4345,7841,64191
73866,2013,M1,Major,LA Boundary,LA Boundary,450830,343135,52.98317359,-1.24434846,0.3,0.2,Counted,Dependent on a neighbouring counted link,W,0,151,43015,206,9076,1520,449,221,366,1171,4602,8329,60778
73866,2014,M1,Major,LA Boundary,LA Boundary,450830,343135,52.98317359,-1.24434846,0.3,0.2,Counted,Dependent on a neighbouring counted link,E,0,67,47961,95,9192,1199,636,247,279,1174,4577,8112,65428
73866,2014,M1,Major,LA Boundary,LA Boundary,450830,343135,52.98317359,-1.24434846,0.3,0.2,Counted,Dependent on a neighbouring counted link,W,0,118,44311,96,8182,1380,423,258,314,1265,4700,8340,61048
73866,2015,M1,Major,LA Boundary,LA Boundary,450830,343135,52.98317359,-1.24434846,0.3,0.2,Counted,Dependent on a neighbouring counted link,E,0,122,43892,157,8564,2297,205,167,322,1615,3472,8079,60813
73866,2015,M1,Major,LA Boundary,LA Boundary,450830,343135,52.98317359,-1.24434846,0.3,0.2,Counted,Dependent on a neighbouring counted link,W,0,151,40673,198,8834,2078,211,193,337,1685,4046,8551,58407
73866,2016,M1,Major,LA Boundary,LA Boundary,450830,343135,52.98317359,-1.24434846,0.3,0.2,Counted,Dependent on an automatic counter on a neighbouring link,E,0,124,44395,154,9124,2424,201,196,332,1533,3622,8308,62105
73866,2016,M1,Major,LA Boundary,LA Boundary,450830,343135,52.98317359,-1.24434846,0.3,0.2,Counted,Dependent on an automatic counter on a neighbouring link,W,0,158,42416,201,9704,2261,214,233,358,1649,4352,9067,61546
73866,2017,M1,Major,LA Boundary,LA Boundary,450830,343135,52.98317359,-1.24434846,0.3,0.2,Counted,Automatic counter,E,0,91,35134,119,7838,2021,170,172,266,1249,2968,6846,50028
73866,2017,M1,Major,LA Boundary,LA Boundary,450830,343135,52.98317359,-1.24434846,0.3,0.2,Counted,Automatic counter,W,0,129,37201,172,9238,2089,201,227,319,1488,3952,8276,55016
73866,2018,M1,Major,LA Boundary,LA Boundary,450830,343135,52.98317359,-1.24434846,0.3,0.2,Counted,Automatic counter,E,0,88,34046,117,7903,2011,171,174,261,1237,2928,6783,48937
73866,2018,M1,Major,LA Boundary,LA Boundary,450830,343135,52.98317359,-1.24434846,0.3,0.2,Counted,Automatic counter,W,0,122,35206,165,9097,2030,198,224,305,1440,3807,8004,52594
73866,2019,M1,Major,LA Boundary,LA Boundary,450830,343135,52.98317359,-1.24434846,0.3,0.2,Counted,Automatic counter,E,0,91,36744,125,8394,2127,193,193,276,1310,3125,7224,52577
73866,2019,M1,Major,LA Boundary,LA Boundary,450830,343135,52.98317359,-1.24434846,0.3,0.2,Counted,Automatic counter,W,0,127,38534,178,9799,2177,225,252,327,1547,4122,8650,57289
73866,2020,M1,Major,LA Boundary,LA Boundary,450830,343135,52.98317359,-1.24434846,0.3,0.2,Counted,Automatic counter,E,0,50,23618,67,6931,1857,170,175,250,1228,2832,6512,37177
73866,2020,M1,Major,LA Boundary,LA Boundary,450830,343135,52.98317359,-1.24434846,0.3,0.2,Counted,Automatic counter,W,0,76,26716,103,8728,2050,214,247,320,1564,4028,8423,44046
73866,2021,M1,Major,LA Boundary,LA Boundary,450830,343135,52.98317359,-1.24434846,0.3,0.2,Counted,Automatic counter,E,0,54,28260,70,8480,2212,198,206,289,1387,3200,7492,44355
73866,2021,M1,Major,LA Boundary,LA Boundary,450830,343135,52.98317359,-1.24434846,0.3,0.2,Counted,Automatic counter,W,0,78,30792,104,10286,2353,240,280,355,1701,4385,9315,50574
73866,2022,M1,Major,LA Boundary,LA Boundary,450830,343135,52.98317359,-1.24434846,0.3,0.2,Counted,Automatic counter,E,0,60,32083,80,9662,2261,206,207,300,1405,3237,7617,49503
73866,2022,M1,Major,LA Boundary,LA Boundary,450830,343135,52.98317359,-1.24434846,0.3,0.2,Counted,Automatic counter,W,0,88,35026,120,11743,2410,251,282,370,1726,4444,9483,56460
73866,2023,M1,Major,LA Boundary,LA Boundary,450830,343135,52.98317359,-1.24434846,0.3,0.2,Counted,Automatic counter,E,0,60,33850,86,10244,2312,212,216,310,1420,3214,7684,51924
73866,2023,M1,Major,LA Boundary,LA Boundary,450830,343135,52.98317359,-1.24434846,0.3,0.2,Counted,Automatic counter,W,0,87,36478,127,12289,2433,254,290,377,1723,4355,9432,58413
73866,2024,M1,Major,LA Boundary,LA Boundary,450830,343135,52.98317359,-1.24434846,0.3,0.2,Counted,Automatic counter,E,0,56,31971,82,9980,2209,200,214,291,1359,3072,7344,49433
73866,2024,M1,Major,LA Boundary,LA Boundary,450830,343135,52.98317359,-1.24434846,0.3,0.2,Counted,Automatic counter,W,0,80,34026,119,11824,2295,237,283,349,1628,4111,8904,54953
73866,2025,M1,Major,LA Boundary,LA Boundary,450830,343135,52.98317359,-1.24434846,0.3,0.2,Counted,Automatic counter,E,0,62,34699,88,10690,2393,218,242,313,1478,3337,7981,53521
73866,2025,M1,Major,LA Boundary,LA Boundary,450830,343135,52.98317359,-1.24434846,0.3,0.2,Counted,Automatic counter,W,0,88,37093,128,12721,2497,260,322,379,1779,4485,9722,59752
73869,2000,A453,Major,LA Boundary,Hartness Rd roundabout,454150,334000,52.90074073,-1.19642313,1,0.6,Counted,Dependent on a neighbouring counted link,E,2,98,8510,28,1609,466,64,98,212,515,265,1620,11865
73869,2000,A453,Major,LA Boundary,Hartness Rd roundabout,454150,334000,52.90074073,-1.19642313,1,0.6,Counted,Dependent on a neighbouring counted link,W,1,77,8745,29,1559,521,65,88,229,536,248,1687,12097
73869,2001,A453,Major,LA Boundary,Hartness Rd roundabout,454150,334000,52.90074073,-1.19642313,1,0.6,Counted,Dependent on a neighbouring counted link,E,3,33,8752,27,1413,486,97,130,205,484,282,1684,11909
73869,2001,A453,Major,LA Boundary,Hartness Rd roundabout,454150,334000,52.90074073,-1.19642313,1,0.6,Counted,Dependent on a neighbouring counted link,W,0,18,9038,28,1388,483,80,129,221,456,259,1628,12100
73869,2002,A453,Major,LA Boundary,Hartness Rd roundabout,454150,334000,52.90074073,-1.19642313,1,0.6,Counted,Dependent on a neighbouring counted link,E,1,68,8646,21,1345,450,65,64,163,460,297,1499,11579
73869,2002,A453,Major,LA Boundary,Hartness Rd roundabout,454150,334000,52.90074073,-1.19642313,1,0.6,Counted,Dependent on a neighbouring counted link,W,0,73,8640,29,1332,454,70,86,148,414,348,1520,11594
73869,2003,A453,Major,LA Boundary,Hartness Rd roundabout,454150,334000,52.90074073,-1.19642313,1,0.6,Counted,Dependent on a neighbouring counted link,E,4,76,8339,18,1507,515,64,142,133,389,328,1571,11511
73869,2003,A453,Major,LA Boundary,Hartness Rd roundabout,454150,334000,52.90074073,-1.19642313,1,0.6,Counted,Dependent on a neighbouring counted link,W,2,80,8788,19,1419,479,62,128,162,395,319,1545,11851
73869,2004,A453,Major,LA Boundary,Hartness Rd roundabout,454150,334000,52.90074073,-1.19642313,1,0.6,Counted,Dependent on a neighbouring counted link,E,4,84,8715,24,1447,409,76,96,159,401,281,1422,11692
73869,2004,A453,Major,LA Boundary,Hartness Rd roundabout,454150,334000,52.90074073,-1.19642313,1,0.6,Counted,Dependent on a neighbouring counted link,W,1,73,9027,35,1548,472,54,90,177,364,346,1503,12186
73869,2005,A453,Major,LA Boundary,Hartness Rd roundabout,454150,334000,52.90074073,-1.19642313,1,0.6,Counted,Dependent on a neighbouring counted link,E,3,60,8357,52,1409,377,53,64,132,446,310,1382,11260
73869,2005,A453,Major,LA Boundary,Hartness Rd roundabout,454150,334000,52.90074073,-1.19642313,1,0.6,Counted,Dependent on a neighbouring counted link,W,0,63,9416,56,1580,437,61,55,174,362,388,1477,12592
73869,2006,A453,Major,LA Boundary,Hartness Rd roundabout,454150,334000,52.90074073,-1.19642313,1,0.6,Counted,Dependent on a neighbouring counted link,E,1,49,8880,66,1664,389,61,120,125,446,311,1452,12111
73869,2006,A453,Major,LA Boundary,Hartness Rd roundabout,454150,334000,52.90074073,-1.19642313,1,0.6,Counted,Dependent on a neighbouring counted link,W,2,49,9422,63,1754,412,49,128,168,374,301,1432,12720
73869,2007,A453,Major,LA Boundary,Hartness Rd roundabout,454150,334000,52.90074073,-1.19642313,1,0.6,Counted,Dependent on a neighbouring counted link,E,2,32,8406,42,1571,407,78,139,95,412,348,1479,11530
73869,2007,A453,Major,LA Boundary,Hartness Rd roundabout,454150,334000,52.90074073,-1.19642313,1,0.6,Counted,Dependent on a neighbouring counted link,W,3,29,8581,50,1575,390,86,135,121,390,390,1512,11747
73869,2008,A453,Major,LA Boundary,C1 Crusader Roundabout,454150,334000,52.90074073,-1.19642313,1,0.6,Counted,Dependent on a neighbouring counted link,E,2,55,8571,64,1646,381,50,129,122,430,447,1559,11895
73869,2008,A453,Major,LA Boundary,C1 Crusader Roundabout,454150,334000,52.90074073,-1.19642313,1,0.6,Counted,Dependent on a neighbouring counted link,W,1,56,8557,62,1559,364,60,117,194,420,363,1518,11752
73869,2009,A453,Major,LA Boundary,C1 Crusader Roundabout,454150,334000,52.90074073,-1.19642313,1,0.6,Estimated,Estimated using AADF from previous year on this link,E,2,58,8460,67,1700,353,50,124,113,371,434,1445,11730
73869,2009,A453,Major,LA Boundary,C1 Crusader Roundabout,454150,334000,52.90074073,-1.19642313,1,0.6,Estimated,Estimated using AADF from previous year on this link,W,1,59,8446,65,1610,337,60,113,180,362,352,1404,11584
73869,2010,A453,Major,LA Boundary,C1 Crusader Roundabout,454150,334000,52.90074073,-1.19642313,1,0.6,Estimated,Estimated using AADF from previous year on this link,E,2,51,8257,71,1744,370,50,107,133,354,441,1455,11578
73869,2010,A453,Major,LA Boundary,C1 Crusader Roundabout,454150,334000,52.90074073,-1.19642313,1,0.6,Estimated,Estimated using AADF from previous year on this link,W,1,52,8243,69,1652,353,60,97,212,345,357,1424,11440
73869,2011,A453,Major,LA Boundary,C1 Crusader Roundabout,454150,334000,52.90074073,-1.19642313,1,0.6,Estimated,Estimated using AADF from previous year on this link,E,2,50,8207,72,1784,363,53,118,101,344,459,1438,11551
73869,2011,A453,Major,LA Boundary,C1 Crusader Roundabout,454150,334000,52.90074073,-1.19642313,1,0.6,Estimated,Estimated using AADF from previous year on this link,W,1,51,8194,70,1690,347,64,107,161,335,371,1385,11390
73869,2012,A453,Major,LA Boundary,C1 Crusader Roundabout,454150,334000,52.90074073,-1.19642313,1,0.6,Counted,Dependent on a neighbouring counted link,N,7,59,10088,34,1357,306,82,151,58,449,402,1448,12986
73869,2012,A453,Major,LA Boundary,C1 Crusader Roundabout,454150,334000,52.90074073,-1.19642313,1,0.6,Counted,Dependent on a neighbouring counted link,S,1,50,10005,43,1412,324,44,125,78,427,412,1410,12920
73869,2013,A453,Major,LA Boundary,C1 Crusader Roundabout,454150,334000,52.90074073,-1.19642313,1,0.6,Estimated,Estimated using AADF from previous year on this link,N,7,62,9968,35,1440,312,90,173,44,441,423,1485,12990
73869,2013,A453,Major,LA Boundary,C1 Crusader Roundabout,454150,334000,52.90074073,-1.19642313,1,0.6,Estimated,Estimated using AADF from previous year on this link,S,1,53,9886,44,1499,330,49,144,60,420,434,1436,12918
73869,2014,A453,Major,LA Boundary,C1 Crusader Roundabout,454150,334000,52.90074073,-1.19642313,1,0.6,Estimated,Estimated using AADF from previous year on this link,N,5,64,10197,40,1546,298,94,177,45,408,452,1474,13321
73869,2014,A453,Major,LA Boundary,C1 Crusader Roundabout,454150,334000,52.90074073,-1.19642313,1,0.6,Estimated,Estimated using AADF from previous year on this link,S,1,55,10113,50,1609,316,51,147,60,388,464,1425,13252
73869,2015,A453,Major,LA Boundary,C1 Crusader Roundabout,454150,334000,52.90074073,-1.19642313,1,0.6,Estimated,Estimated using AADF from previous year on this link,N,5,67,10505,39,1718,312,106,185,57,423,469,1552,13880
73869,2015,A453,Major,LA Boundary,C1 Crusader Roundabout,454150,334000,52.90074073,-1.19642313,1,0.6,Estimated,Estimated using AADF from previous year on this link,S,1,57,10418,49,1789,330,57,153,77,402,481,1500,13813
73869,2016,A453,Major,LA Boundary,C1 Crusader Roundabout,454150,334000,52.90074073,-1.19642313,1,0.6,Estimated,Estimated using AADF from previous year on this link,N,7,69,10819,40,1856,331,102,210,60,406,490,1600,14384
73869,2016,A453,Major,LA Boundary,C1 Crusader Roundabout,454150,334000,52.90074073,-1.19642313,1,0.6,Estimated,Estimated using AADF from previous year on this link,S,1,59,10730,50,1932,350,55,174,80,386,503,1549,14319
73869,2017,A453,Major,LA Boundary,C1 Crusader Roundabout,454150,334000,52.90074073,-1.19642313,1,0.6,Counted,Dependent on a neighbouring counted link,N,36,74,14414,47,2565,317,72,115,48,256,592,1399,18499
73869,2017,A453,Major,LA Boundary,C1 Crusader Roundabout,454150,334000,52.90074073,-1.19642313,1,0.6,Counted,Dependent on a neighbouring counted link,S,20,53,14214,65,2603,328,92,122,69,294,598,1502,18438
73869,2018,A453,Major,LA Boundary,C1 Crusader Roundabout,454150,334000,52.90074073,-1.19642313,1.1,0.7,Counted,Dependent on an automatic counter on a neighbouring link,N,31,64,11861,38,2218,266,60,97,40,214,493,1170,15351
73869,2018,A453,Major,LA Boundary,C1 Crusader Roundabout,454150,334000,52.90074073,-1.19642313,1.1,0.7,Counted,Dependent on an automatic counter on a neighbouring link,S,18,51,12846,58,2472,302,83,114,63,269,547,1380,16807
73869,2019,A453,Major,LA Boundary,C1 Crusader Roundabout,454150,334000,52.90074073,-1.19642313,1.1,0.7,Counted,Dependent on a neighbouring counted link,N,22,65,15061,76,3071,288,97,128,71,383,506,1473,19746
73869,2019,A453,Major,LA Boundary,C1 Crusader Roundabout,454150,334000,52.90074073,-1.19642313,1.1,0.7,Counted,Dependent on a neighbouring counted link,S,19,58,15183,82,2871,318,77,142,82,396,471,1486,19679
73869,2020,A453,Major,LA Boundary,C1 Crusader Roundabout,454150,334000,52.90074073,-1.19642313,1.1,0.7,Estimated,Estimated using AADF from previous year on this link,N,25,38,10119,46,2441,238,82,108,61,336,427,1253,13897
73869,2020,A453,Major,LA Boundary,C1 Crusader Roundabout,454150,334000,52.90074073,-1.19642313,1.1,0.7,Estimated,Estimated using AADF from previous year on this link,S,22,34,10201,50,2282,262,65,120,70,347,398,1263,13830
73869,2021,A453,Major,LA Boundary,C1 Crusader Roundabout,454150,334000,52.90074073,-1.19642313,1.1,0.7,Counted,Dependent on a neighbouring counted link,N,21,60,11500,41,2971,300,61,111,33,677,264,1448,16020
73869,2021,A453,Major,LA Boundary,C1 Crusader Roundabout,454150,334000,52.90074073,-1.19642313,1.1,0.7,Counted,Dependent on a neighbouring counted link,S,19,59,11524,44,2749,254,59,142,21,889,215,1580,15955
73869,2022,A453,Major,LA Boundary,C1 Crusader Roundabout,454150,334000,52.90074073,-1.19642313,1.1,0.7,Counted,Dependent on a neighbouring counted link,N,0,50,13566,40,3212,279,66,132,38,187,866,1568,18435
73869,2022,A453,Major,LA Boundary,C1 Crusader Roundabout,454150,334000,52.90074073,-1.19642313,1.1,0.7,Counted,Dependent on a neighbouring counted link,S,0,65,14082,40,3216,293,64,127,65,404,672,1625,19028
73869,2023,A453,Major,LA Boundary,C1 Crusader Roundabout,454150,334000,52.90074073,-1.19642313,1.1,0.7,Counted,Dependent on an automatic counter on a neighbouring link,N,0,46,13046,38,3144,267,61,117,36,178,796,1455,17729
73869,2023,A453,Major,LA Boundary,C1 Crusader Roundabout,454150,334000,52.90074073,-1.19642313,1.1,0.7,Counted,Dependent on an automatic counter on a neighbouring link,S,0,61,13745,38,3196,285,60,114,63,389,627,1538,18579
73869,2024,A453,Major,LA Boundary,C1 Crusader Roundabout,454150,334000,52.90074073,-1.19642313,1.1,0.7,Counted,Dependent on a neighbouring counted link,N,26,77,14876,51,4064,278,104,138,36,23,1231,1810,20878
73869,2024,A453,Major,LA Boundary,C1 Crusader Roundabout,454150,334000,52.90074073,-1.19642313,1.1,0.7,Counted,Dependent on a neighbouring counted link,S,23,79,15813,61,4134,255,140,107,34,52,1258,1846,21931
73869,2025,A453,Major,LA Boundary,C1 Crusader Roundabout,454150,334000,52.90074073,-1.19642313,1.1,0.7,Counted,Dependent on an automatic counter on a neighbouring link,N,23,71,13497,46,3706,254,96,130,33,21,1110,1644,18964
73869,2025,A453,Major,LA Boundary,C1 Crusader Roundabout,454150,334000,52.90074073,-1.19642313,1.1,0.7,Counted,Dependent on an automatic counter on a neighbouring link,S,21,73,14438,56,3793,234,130,101,31,48,1143,1686,20046
73872,2000,A6002,Major,LA Boundary,LA Boundary,451220,341185,52.96560928,-1.23884746,0.1,0.1,Counted,Dependent on a neighbouring counted link,N,41,148,10238,50,1467,255,30,29,40,51,17,422,12325
73872,2000,A6002,Major,LA Boundary,LA Boundary,451220,341185,52.96560928,-1.23884746,0.1,0.1,Counted,Dependent on a neighbouring counted link,S,29,140,8695,47,1204,259,29,25,31,39,12,395,10481
73872,2001,A6002,Major,LA Boundary,LA Boundary,451220,341185,52.96560928,-1.23884746,0.1,0.1,Counted,Dependent on a neighbouring counted link,N,24,68,9262,39,1376,289,48,76,28,41,25,507,11252
73872,2001,A6002,Major,LA Boundary,LA Boundary,451220,341185,52.96560928,-1.23884746,0.1,0.1,Counted,Dependent on a neighbouring counted link,S,29,80,8603,36,1316,289,27,67,30,46,30,489,10524
73872,2002,A6002,Major,LA Boundary,LA Boundary,451220,341185,52.96560928,-1.23884746,0.1,0.1,Estimated,Estimated using AADF from previous year on this link,N,25,69,9243,40,1379,278,50,79,25,36,27,495,11226
73872,2002,A6002,Major,LA Boundary,LA Boundary,451220,341185,52.96560928,-1.23884746,0.1,0.1,Estimated,Estimated using AADF from previous year on this link,S,30,81,8586,37,1319,278,28,70,27,40,33,476,10499
73872,2003,A6002,Major,LA Boundary,LA Boundary,451220,341185,52.96560928,-1.23884746,0.1,0.1,Counted,Dependent on a neighbouring counted link,N,35,163,9935,45,1466,248,52,39,32,65,27,463,12072
73872,2003,A6002,Major,LA Boundary,LA Boundary,451220,341185,52.96560928,-1.23884746,0.1,0.1,Counted,Dependent on a neighbouring counted link,S,30,153,8398,48,1337,226,45,36,36,57,37,437,10373
73872,2004,A6002,Major,LA Boundary,LA Boundary,451220,341185,52.96560928,-1.23884746,0.1,0.1,Counted,Dependent on a neighbouring counted link,N,30,102,10107,37,1592,250,45,27,39,39,27,427,12265
73872,2004,A6002,Major,LA Boundary,LA Boundary,451220,341185,52.96560928,-1.23884746,0.1,0.1,Counted,Dependent on a neighbouring counted link,S,33,95,9282,28,1485,245,46,31,29,56,27,434,11324
73872,2005,A6002,Major,LA Boundary,LA Boundary,451220,341185,52.96560928,-1.23884746,0.1,0.1,Counted,Dependent on a neighbouring counted link,N,18,151,10139,49,1601,226,40,33,36,54,27,416,12356
73872,2005,A6002,Major,LA Boundary,LA Boundary,451220,341185,52.96560928,-1.23884746,0.1,0.1,Counted,Dependent on a neighbouring counted link,S,24,138,9014,46,1407,199,31,37,36,45,38,386,10991
73872,2006,A6002,Major,LA Boundary,LA Boundary,451220,341185,52.96560928,-1.23884746,0.1,0.1,Estimated,Estimated using AADF from previous year on this link,N,29,158,10169,48,1626,232,40,36,33,48,29,418,12419
73872,2006,A6002,Major,LA Boundary,LA Boundary,451220,341185,52.96560928,-1.23884746,0.1,0.1,Estimated,Estimated using AADF from previous year on this link,S,38,144,9041,45,1429,204,31,40,33,40,41,389,11048
73872,2007,A6002,Major,LA Boundary,LA Boundary,451220,341185,52.96560928,-1.23884746,0.1,0.1,Estimated,Estimated using AADF from previous year on this link,N,18,159,9691,46,1774,229,39,39,28,46,30,411,12081
73872,2007,A6002,Major,LA Boundary,LA Boundary,451220,341185,52.96560928,-1.23884746,0.1,0.1,Estimated,Estimated using AADF from previous year on this link,S,24,145,8616,43,1559,201,30,43,28,38,42,382,10745
73872,2008,A6002,Major,LA Boundary,LA Boundary,451220,341185,52.96560928,-1.23884746,0.1,0.1,Estimated,Estimated using AADF from previous year on this link,N,20,148,9507,47,1858,219,42,40,24,40,29,394,11954
73872,2008,A6002,Major,LA Boundary,LA Boundary,451220,341185,52.96560928,-1.23884746,0.1,0.1,Estimated,Estimated using AADF from previous year on this link,S,27,136,8453,44,1633,193,33,44,24,33,41,368,10634
73872,2009,A6002,Major,LA Boundary,LA Boundary,451220,341185,52.96560928,-1.23884746,0.1,0.1,Counted,Dependent on a neighbouring counted link,N,41,137,9854,40,1544,171,26,19,16,46,27,305,11880
73872,2009,A6002,Major,LA Boundary,LA Boundary,451220,341185,52.96560928,-1.23884746,0.1,0.1,Counted,Dependent on a neighbouring counted link,S,43,105,8745,46,1404,137,19,23,9,34,24,246,10546
73872,2010,A6002,Major,LA Boundary,LA Boundary,451220,341185,52.96560928,-1.23884746,0.1,0.1,Estimated,Estimated using AADF from previous year on this link,N,41,126,9647,42,1552,170,25,16,17,40,25,293,11660
73872,2010,A6002,Major,LA Boundary,LA Boundary,451220,341185,52.96560928,-1.23884746,0.1,0.1,Estimated,Estimated using AADF from previous year on this link,S,43,97,8561,48,1411,136,18,19,10,30,22,235,10352
73872,2011,A6002,Major,LA Boundary,LA Boundary,451220,341185,52.96560928,-1.23884746,0.1,0.1,Estimated,Estimated using AADF from previous year on this link,N,45,134,9599,42,1600,169,27,18,13,39,26,292,11667
73872,2011,A6002,Major,LA Boundary,LA Boundary,451220,341185,52.96560928,-1.23884746,0.1,0.1,Estimated,Estimated using AADF from previous year on this link,S,47,103,8518,48,1455,135,19,21,8,30,23,236,10360
73872,2012,A6002,Major,LA Boundary,LA Boundary,451220,341185,52.96560928,-1.23884746,0.1,0.1,Estimated,Estimated using AADF from previous year on this link,N,43,121,9558,45,1537,149,26,18,9,36,26,265,11525
73872,2012,A6002,Major,LA Boundary,LA Boundary,451220,341185,52.96560928,-1.23884746,0.1,0.1,Estimated,Estimated using AADF from previous year on this link,S,44,93,8482,52,1397,119,18,21,6,28,23,215,10239
73872,2013,A6002,Major,LA Boundary,LA Boundary,451220,341185,52.96560928,-1.23884746,0.1,0.1,Counted,Dependent on a neighbouring counted link,N,30,69,9361,56,1151,145,34,21,18,29,19,265,10902
73872,2013,A6002,Major,LA Boundary,LA Boundary,451220,341185,52.96560928,-1.23884746,0.1,0.1,Counted,Dependent on a neighbouring counted link,S,35,85,8527,46,1274,151,31,29,9,28,25,273,10205
73872,2014,A6002,Major,LA Boundary,LA Boundary,451220,341185,52.96560928,-1.23884746,0.1,0.1,Estimated,Estimated using AADF from previous year on this link,N,30,73,9264,60,1311,153,39,23,19,28,21,284,10991
73872,2014,A6002,Major,LA Boundary,LA Boundary,451220,341185,52.96560928,-1.23884746,0.1,0.1,Estimated,Estimated using AADF from previous year on this link,S,34,91,8439,49,1451,159,35,33,9,28,28,293,10322
73872,2015,A6002,Major,LA Boundary,LA Boundary,451220,341185,52.96560928,-1.23884746,0.1,0.1,Estimated,Estimated using AADF from previous year on this link,N,27,75,9094,59,1379,149,41,23,23,28,21,284,10891
73872,2015,A6002,Major,LA Boundary,LA Boundary,451220,341185,52.96560928,-1.23884746,0.1,0.1,Estimated,Estimated using AADF from previous year on this link,S,31,92,8284,48,1526,155,37,32,11,27,28,290,10241
73872,2016,A6002,Major,LA Boundary,LA Boundary,451220,341185,52.96560928,-1.23884746,0.1,0.1,Estimated,Estimated using AADF from previous year on this link,N,26,73,9236,55,1506,151,41,26,24,25,20,286,11156
73872,2016,A6002,Major,LA Boundary,LA Boundary,451220,341185,52.96560928,-1.23884746,0.1,0.1,Estimated,Estimated using AADF from previous year on this link,S,29,90,8413,45,1667,157,37,36,12,24,27,293,10509
73872,2017,A6002,Major,LA Boundary,LA Boundary,451220,341185,52.96560928,-1.23884746,0.1,0.1,Estimated,Estimated using AADF from previous year on this link,N,25,74,9167,51,1586,150,42,26,25,25,21,288,11166
73872,2017,A6002,Major,LA Boundary,LA Boundary,451220,341185,52.96560928,-1.23884746,0.1,0.1,Estimated,Estimated using AADF from previous year on this link,S,28,91,8351,42,1755,156,38,37,12,24,28,295,10535
73872,2018,A6002,Major,LA Boundary,LA Boundary,451220,341185,52.96560928,-1.23884746,0.1,0.1,Counted,Dependent on a neighbouring counted link,N,27,91,8975,24,1321,133,22,25,11,30,26,246,10657
73872,2018,A6002,Major,LA Boundary,LA Boundary,451220,341185,52.96560928,-1.23884746,0.1,0.1,Counted,Dependent on a neighbouring counted link,S,28,77,8321,21,1258,129,16,39,12,36,21,253,9931
73872,2019,A6002,Major,LA Boundary,LA Boundary,451220,341185,52.96560928,-1.23884746,0.1,0.1,Estimated,Estimated using AADF from previous year on this link,N,30,85,9087,24,1309,131,22,25,11,31,26,246,10752
73872,2019,A6002,Major,LA Boundary,LA Boundary,451220,341185,52.96560928,-1.23884746,0.1,0.1,Estimated,Estimated using AADF from previous year on this link,S,31,72,8426,21,1247,128,16,39,12,37,21,253,10020
73872,2020,A6002,Major,LA Boundary,LA Boundary,451220,341185,52.96560928,-1.23884746,0.1,0.1,Estimated,Estimated using AADF from previous year on this link,N,34,63,6903,15,1156,115,19,22,10,27,22,216,8353
73872,2020,A6002,Major,LA Boundary,LA Boundary,451220,341185,52.96560928,-1.23884746,0.1,0.1,Estimated,Estimated using AADF from previous year on this link,S,35,54,6400,13,1101,112,14,35,10,32,18,223,7791
73872,2021,A6002,Major,LA Boundary,LA Boundary,451220,341185,52.96560928,-1.23884746,0.1,0.1,Estimated,Estimated using AADF from previous year on this link,N,28,67,7605,16,1260,123,21,24,10,29,24,232,9179
73872,2021,A6002,Major,LA Boundary,LA Boundary,451220,341185,52.96560928,-1.23884746,0.1,0.1,Estimated,Estimated using AADF from previous year on this link,S,29,57,7051,14,1200,120,15,38,11,35,20,239,8561
73872,2022,A6002,Major,LA Boundary,LA Boundary,451220,341185,52.96560928,-1.23884746,0.1,0.1,Counted,Dependent on a neighbouring counted link,N,39,89,8849,17,1646,161,2,39,0,67,0,268,10870
73872,2022,A6002,Major,LA Boundary,LA Boundary,451220,341185,52.96560928,-1.23884746,0.1,0.1,Counted,Dependent on a neighbouring counted link,S,27,70,7358,20,1349,116,11,45,0,70,0,241,9037
73872,2023,A6002,Major,LA Boundary,LA Boundary,451220,341185,52.96560928,-1.23884746,0.1,0.1,Estimated,Estimated using AADF from previous year on this link,N,38,88,9016,17,1674,159,2,38,0,65,0,264,11059
73872,2023,A6002,Major,LA Boundary,LA Boundary,451220,341185,52.96560928,-1.23884746,0.1,0.1,Estimated,Estimated using AADF from previous year on this link,S,26,69,7496,20,1372,114,10,44,0,68,0,237,9194
73872,2024,A6002,Major,LA Boundary,LA Boundary,451220,341185,52.96560928,-1.23884746,0.1,0.1,Estimated,Estimated using AADF from previous year on this link,N,39,91,9152,17,1704,161,2,37,0,63,0,263,11227
73872,2024,A6002,Major,LA Boundary,LA Boundary,451220,341185,52.96560928,-1.23884746,0.1,0.1,Estimated,Estimated using AADF from previous year on this link,S,27,71,7610,20,1396,116,10,43,0,66,0,235,9333
73872,2025,A6002,Major,LA Boundary,LA Boundary,451220,341185,52.96560928,-1.23884746,0.1,0.1,Estimated,Estimated using AADF from previous year on this link,N,39,93,9163,17,1739,160,2,38,0,61,0,261,11272
73872,2025,A6002,Major,LA Boundary,LA Boundary,451220,341185,52.96560928,-1.23884746,0.1,0.1,Estimated,Estimated using AADF from previous year on this link,S,27,72,7619,20,1425,115,10,44,0,64,0,234,9370
73874,2000,A6002,Major,LA Boundary,LA Boundary,451550,342400,52.97649871,-1.23374212,1.3,0.8,Counted,Dependent on a neighbouring counted link,N,41,148,10238,50,1467,255,30,29,40,51,17,422,12325
73874,2000,A6002,Major,LA Boundary,LA Boundary,451550,342400,52.97649871,-1.23374212,1.3,0.8,Counted,Dependent on a neighbouring counted link,S,29,140,8695,47,1204,259,29,25,31,39,12,395,10481
73874,2001,A6002,Major,LA Boundary,LA Boundary,451550,342400,52.97649871,-1.23374212,1.3,0.8,Counted,Dependent on a neighbouring counted link,N,24,68,9262,39,1376,289,48,76,28,41,25,507,11252
73874,2001,A6002,Major,LA Boundary,LA Boundary,451550,342400,52.97649871,-1.23374212,1.3,0.8,Counted,Dependent on a neighbouring counted link,S,29,80,8603,36,1316,289,27,67,30,46,30,489,10524
73874,2002,A6002,Major,LA Boundary,LA Boundary,451550,342400,52.97649871,-1.23374212,1.3,0.8,Estimated,Estimated using AADF from previous year on this link,N,25,69,9243,40,1379,278,50,79,25,36,27,495,11226
73874,2002,A6002,Major,LA Boundary,LA Boundary,451550,342400,52.97649871,-1.23374212,1.3,0.8,Estimated,Estimated using AADF from previous year on this link,S,30,81,8586,37,1319,278,28,70,27,40,33,476,10499
73874,2003,A6002,Major,LA Boundary,LA Boundary,451550,342400,52.97649871,-1.23374212,1.3,0.8,Counted,Dependent on a neighbouring counted link,N,35,163,9935,45,1466,248,52,39,32,65,27,463,12072
73874,2003,A6002,Major,LA Boundary,LA Boundary,451550,342400,52.97649871,-1.23374212,1.3,0.8,Counted,Dependent on a neighbouring counted link,S,30,153,8398,48,1337,226,45,36,36,57,37,437,10373
73874,2004,A6002,Major,LA Boundary,LA Boundary,451550,342400,52.97649871,-1.23374212,1.3,0.8,Counted,Dependent on a neighbouring counted link,N,30,102,10107,37,1592,250,45,27,39,39,27,427,12265
73874,2004,A6002,Major,LA Boundary,LA Boundary,451550,342400,52.97649871,-1.23374212,1.3,0.8,Counted,Dependent on a neighbouring counted link,S,33,95,9282,28,1485,245,46,31,29,56,27,434,11324
73874,2005,A6002,Major,LA Boundary,LA Boundary,451550,342400,52.97649871,-1.23374212,1.3,0.8,Counted,Dependent on a neighbouring counted link,N,18,151,10139,49,1601,226,40,33,36,54,27,416,12356
73874,2005,A6002,Major,LA Boundary,LA Boundary,451550,342400,52.97649871,-1.23374212,1.3,0.8,Counted,Dependent on a neighbouring counted link,S,24,138,9014,46,1407,199,31,37,36,45,38,386,10991
73874,2006,A6002,Major,LA Boundary,LA Boundary,451550,342400,52.97649871,-1.23374212,1.3,0.8,Estimated,Estimated using AADF from previous year on this link,N,29,158,10169,48,1626,232,40,36,33,48,29,418,12419
73874,2006,A6002,Major,LA Boundary,LA Boundary,451550,342400,52.97649871,-1.23374212,1.3,0.8,Estimated,Estimated using AADF from previous year on this link,S,38,144,9041,45,1429,204,31,40,33,40,41,389,11048
73874,2007,A6002,Major,LA Boundary,LA Boundary,451550,342400,52.97649871,-1.23374212,1.3,0.8,Estimated,Estimated using AADF from previous year on this link,N,18,159,9691,46,1774,229,39,39,28,46,30,411,12081
73874,2007,A6002,Major,LA Boundary,LA Boundary,451550,342400,52.97649871,-1.23374212,1.3,0.8,Estimated,Estimated using AADF from previous year on this link,S,24,145,8616,43,1559,201,30,43,28,38,42,382,10745
73874,2008,A6002,Major,LA Boundary,LA Boundary,451550,342400,52.97649871,-1.23374212,1.3,0.8,Estimated,Estimated using AADF from previous year on this link,N,20,148,9507,47,1858,219,42,40,24,40,29,394,11954
73874,2008,A6002,Major,LA Boundary,LA Boundary,451550,342400,52.97649871,-1.23374212,1.3,0.8,Estimated,Estimated using AADF from previous year on this link,S,27,136,8453,44,1633,193,33,44,24,33,41,368,10634
73874,2009,A6002,Major,LA Boundary,LA Boundary,451550,342400,52.97649871,-1.23374212,1.3,0.8,Counted,Dependent on a neighbouring counted link,N,41,137,9854,40,1544,171,26,19,16,46,27,305,11880
73874,2009,A6002,Major,LA Boundary,LA Boundary,451550,342400,52.97649871,-1.23374212,1.3,0.8,Counted,Dependent on a neighbouring counted link,S,43,105,8745,46,1404,137,19,23,9,34,24,246,10546
73874,2010,A6002,Major,LA Boundary,LA Boundary,451550,342400,52.97649871,-1.23374212,1.3,0.8,Estimated,Estimated using AADF from previous year on this link,N,41,126,9647,42,1552,170,25,16,17,40,25,293,11660
73874,2010,A6002,Major,LA Boundary,LA Boundary,451550,342400,52.97649871,-1.23374212,1.3,0.8,Estimated,Estimated using AADF from previous year on this link,S,43,97,8561,48,1411,136,18,19,10,30,22,235,10352
73874,2011,A6002,Major,LA Boundary,LA Boundary,451550,342400,52.97649871,-1.23374212,1.3,0.8,Estimated,Estimated using AADF from previous year on this link,N,45,134,9599,42,1600,169,27,18,13,39,26,292,11667
73874,2011,A6002,Major,LA Boundary,LA Boundary,451550,342400,52.97649871,-1.23374212,1.3,0.8,Estimated,Estimated using AADF from previous year on this link,S,47,103,8518,48,1455,135,19,21,8,30,23,236,10360
73874,2012,A6002,Major,LA Boundary,LA Boundary,451550,342400,52.97649871,-1.23374212,1.3,0.8,Estimated,Estimated using AADF from previous year on this link,N,43,121,9558,45,1537,149,26,18,9,36,26,265,11525
73874,2012,A6002,Major,LA Boundary,LA Boundary,451550,342400,52.97649871,-1.23374212,1.3,0.8,Estimated,Estimated using AADF from previous year on this link,S,44,93,8482,52,1397,119,18,21,6,28,23,215,10239
73874,2013,A6002,Major,LA Boundary,LA Boundary,451550,342400,52.97649871,-1.23374212,1.3,0.8,Counted,Dependent on a neighbouring counted link,N,30,69,9361,56,1151,145,34,21,18,29,19,265,10902
73874,2013,A6002,Major,LA Boundary,LA Boundary,451550,342400,52.97649871,-1.23374212,1.3,0.8,Counted,Dependent on a neighbouring counted link,S,35,85,8527,46,1274,151,31,29,9,28,25,273,10205
73874,2014,A6002,Major,LA Boundary,LA Boundary,451550,342400,52.97649871,-1.23374212,1.3,0.8,Estimated,Estimated using AADF from previous year on this link,N,30,73,9264,60,1311,153,39,23,19,28,21,284,10991
73874,2014,A6002,Major,LA Boundary,LA Boundary,451550,342400,52.97649871,-1.23374212,1.3,0.8,Estimated,Estimated using AADF from previous year on this link,S,34,91,8439,49,1451,159,35,33,9,28,28,293,10322
73874,2015,A6002,Major,LA Boundary,LA Boundary,451550,342400,52.97649871,-1.23374212,1.3,0.8,Estimated,Estimated using AADF from previous year on this link,N,27,75,9094,59,1379,149,41,23,23,28,21,284,10891
73874,2015,A6002,Major,LA Boundary,LA Boundary,451550,342400,52.97649871,-1.23374212,1.3,0.8,Estimated,Estimated using AADF from previous year on this link,S,31,92,8284,48,1526,155,37,32,11,27,28,290,10241
73874,2016,A6002,Major,LA Boundary,LA Boundary,451550,342400,52.97649871,-1.23374212,1.3,0.8,Estimated,Estimated using AADF from previous year on this link,N,26,73,9236,55,1506,151,41,26,24,25,20,286,11156
73874,2016,A6002,Major,LA Boundary,LA Boundary,451550,342400,52.97649871,-1.23374212,1.3,0.8,Estimated,Estimated using AADF from previous year on this link,S,29,90,8413,45,1667,157,37,36,12,24,27,293,10509
73874,2017,A6002,Major,LA Boundary,LA Boundary,451550,342400,52.97649871,-1.23374212,1.3,0.8,Estimated,Estimated using AADF from previous year on this link,N,25,74,9167,51,1586,150,42,26,25,25,21,288,11166
73874,2017,A6002,Major,LA Boundary,LA Boundary,451550,342400,52.97649871,-1.23374212,1.3,0.8,Estimated,Estimated using AADF from previous year on this link,S,28,91,8351,42,1755,156,38,37,12,24,28,295,10535
73874,2018,A6002,Major,LA Boundary,LA Boundary,451550,342400,52.97649871,-1.23374212,1.4,0.9,Counted,Dependent on a neighbouring counted link,N,27,91,8975,24,1321,133,22,25,11,30,26,246,10657
73874,2018,A6002,Major,LA Boundary,LA Boundary,451550,342400,52.97649871,-1.23374212,1.4,0.9,Counted,Dependent on a neighbouring counted link,S,28,77,8321,21,1258,129,16,39,12,36,21,253,9931
73874,2019,A6002,Major,LA Boundary,LA Boundary,451550,342400,52.97649871,-1.23374212,1.4,0.9,Estimated,Estimated using AADF from previous year on this link,N,30,85,9087,24,1309,131,22,25,11,31,26,246,10752
73874,2019,A6002,Major,LA Boundary,LA Boundary,451550,342400,52.97649871,-1.23374212,1.4,0.9,Estimated,Estimated using AADF from previous year on this link,S,31,72,8426,21,1247,128,16,39,12,37,21,253,10020
73874,2020,A6002,Major,LA Boundary,LA Boundary,451550,342400,52.97649871,-1.23374212,1.4,0.9,Estimated,Estimated using AADF from previous year on this link,N,34,63,6903,15,1156,115,19,22,10,27,22,216,8353
73874,2020,A6002,Major,LA Boundary,LA Boundary,451550,342400,52.97649871,-1.23374212,1.4,0.9,Estimated,Estimated using AADF from previous year on this link,S,35,54,6400,13,1101,112,14,35,10,32,18,223,7791
73874,2021,A6002,Major,LA Boundary,LA Boundary,451550,342400,52.97649871,-1.23374212,1.4,0.9,Estimated,Estimated using AADF from previous year on this link,N,28,67,7605,16,1260,123,21,24,10,29,24,232,9179
73874,2021,A6002,Major,LA Boundary,LA Boundary,451550,342400,52.97649871,-1.23374212,1.4,0.9,Estimated,Estimated using AADF from previous year on this link,S,29,57,7051,14,1200,120,15,38,11,35,20,239,8561
73874,2022,A6002,Major,LA Boundary,LA Boundary,451550,342400,52.97649871,-1.23374212,1.4,0.9,Counted,Dependent on a neighbouring counted link,N,39,89,8849,17,1646,161,2,39,0,67,0,268,10870
73874,2022,A6002,Major,LA Boundary,LA Boundary,451550,342400,52.97649871,-1.23374212,1.4,0.9,Counted,Dependent on a neighbouring counted link,S,27,70,7358,20,1349,116,11,45,0,70,0,241,9037
73874,2023,A6002,Major,LA Boundary,LA Boundary,451550,342400,52.97649871,-1.23374212,1.4,0.9,Estimated,Estimated using AADF from previous year on this link,N,38,88,9016,17,1674,159,2,38,0,65,0,264,11059
73874,2023,A6002,Major,LA Boundary,LA Boundary,451550,342400,52.97649871,-1.23374212,1.4,0.9,Estimated,Estimated using AADF from previous year on this link,S,26,69,7496,20,1372,114,10,44,0,68,0,237,9194
73874,2024,A6002,Major,LA Boundary,LA Boundary,451550,342400,52.97649871,-1.23374212,1.4,0.9,Estimated,Estimated using AADF from previous year on this link,N,39,91,9152,17,1704,161,2,37,0,63,0,263,11227
73874,2024,A6002,Major,LA Boundary,LA Boundary,451550,342400,52.97649871,-1.23374212,1.4,0.9,Estimated,Estimated using AADF from previous year on this link,S,27,71,7610,20,1396,116,10,43,0,66,0,235,9333
73874,2025,A6002,Major,LA Boundary,LA Boundary,451550,342400,52.97649871,-1.23374212,1.4,0.9,Estimated,Estimated using AADF from previous year on this link,N,39,93,9163,17,1739,160,2,38,0,61,0,261,11272
73874,2025,A6002,Major,LA Boundary,LA Boundary,451550,342400,52.97649871,-1.23374212,1.4,0.9,Estimated,Estimated using AADF from previous year on this link,S,27,72,7619,20,1425,115,10,44,0,64,0,234,9370
74204,2000,A6008,Major,A6005,A6008,457210,339420,52.94914142,-1.14998516,0.1,0.1,Estimated,Estimated from nearby links,C,120,289,29374,2504,2990,510,65,59,67,36,45,782,35939
74204,2001,A6008,Major,A6005,A6008,457210,339420,52.94914142,-1.14998516,0.1,0.1,Estimated,Estimated from nearby links,C,115,299,29961,2552,2978,500,75,59,59,31,50,774,36564
74204,2002,A6008,Major,A6005,A6008,457210,339420,52.94914142,-1.14998516,0.1,0.1,Estimated,Estimated from nearby links,C,120,302,29901,2608,2984,481,78,61,54,27,55,756,36551
74204,2003,A6008,Major,A6005,A6008,457210,339420,52.94914142,-1.14998516,0.1,0.1,Estimated,Estimated from nearby links,C,313,360,26326,1879,2854,568,66,31,52,27,15,759,32178
74204,2004,A6008,Major,A6005,A6008,457210,339420,52.94914142,-1.14998516,0.1,0.1,Estimated,Estimated from nearby links,C,254,318,26379,1748,2828,570,70,34,49,23,17,763,32036
74204,2005,A6008,Major,A6005,A6008,457210,339420,52.94914142,-1.14998516,0.1,0.1,Estimated,Estimated from nearby links,C,215,321,25719,1720,2902,548,66,35,43,20,18,730,31392
74204,2006,A6008,Major,A6005,A6008,457210,339420,52.94914142,-1.14998516,0.1,0.1,Estimated,Estimated from nearby links,C,337,334,25797,1692,2948,561,66,38,39,18,19,741,31512
74204,2007,A6008,Major,A6005,A6008,457210,339420,52.94914142,-1.14998516,0.1,0.1,Estimated,Estimated from nearby links,C,210,337,24584,1628,3217,553,65,41,34,17,20,730,30496
74204,2008,A6008,Major,A6005,A6008 Collin Street,457210,339420,52.94914142,-1.14998516,0.1,0.1,Estimated,Estimated from nearby links,C,236,314,24117,1644,3368,531,70,42,29,15,19,706,30149
74204,2009,A6008,Major,A6005,A6008 Collin Street,457210,339420,52.94914142,-1.14998516,0.1,0.1,Estimated,Estimated from nearby links,C,258,251,23726,2023,2980,345,47,21,24,30,24,491,29471
74204,2010,A6008,Major,A6005,A6008 Collin Street,457210,339420,52.94914142,-1.14998516,0.1,0.1,Estimated,Estimated from nearby links,C,258,231,23228,2126,2995,342,44,17,26,26,22,477,29057
74204,2011,A6008,Major,A6005,A6008 Collin Street,457210,339420,52.94914142,-1.14998516,0.1,0.1,Estimated,Estimated from nearby links,C,285,245,23112,2124,3088,341,47,19,20,26,23,476,29045
74204,2012,A6008,Major,A6005,A6008 Collin Street,457210,339420,52.94914142,-1.14998516,0.1,0.1,Estimated,Estimated using AADF from previous year on this link,C,270,221,23014,2283,2965,302,45,19,15,24,23,427,28910
74204,2013,A6008,Major,A6005,A6008 Collin Street,457210,339420,52.94914142,-1.14998516,0.1,0.1,Counted,Dependent on a neighbouring counted link,C,141,151,19596,1359,2513,311,68,34,31,37,22,502,24120
74204,2014,A6008,Major,A6005,A6008 Collin Street,457210,339420,52.94914142,-1.14998516,0.1,0.1,Estimated,Estimated using AADF from previous year on this link,C,137,161,19393,1442,2862,328,77,38,33,36,25,538,24395
74204,2015,A6008,Major,A6005,A6008 Collin Street,457210,339420,52.94914142,-1.14998516,0.1,0.1,Estimated,Estimated using AADF from previous year on this link,C,127,163,19037,1430,3010,319,81,37,40,36,24,538,24178
74204,2016,A6008,Major,A6005,A6008 Collin Street,457210,339420,52.94914142,-1.14998516,0.1,0.1,Estimated,Estimated using AADF from previous year on this link,C,119,160,19334,1325,3288,324,81,42,41,32,24,543,24649
74204,2017,A6008,Major,A6005,A6008 Collin Street,457210,339420,52.94914142,-1.14998516,0.1,0.1,Counted,Dependent on a neighbouring counted link,C,201,191,20028,1223,2871,284,63,35,25,29,26,463,24776
74204,2018,A6008,Major,A6005,A6008 Collin Street,457210,339420,52.94914142,-1.14998516,0.2,0.1,Estimated,Estimated using AADF from previous year on this link,C,228,189,19807,1110,2924,287,63,34,26,30,28,467,24497
74204,2019,A6008,Major,A6005,A6008 Collin Street,457210,339420,52.94914142,-1.14998516,0.2,0.1,Estimated,Estimated using AADF from previous year on this link,C,244,177,20056,1122,2899,283,64,34,26,31,28,466,24720
74204,2020,A6008,Major,A6005,A6008 Collin Street,457210,339420,52.94914142,-1.14998516,0.2,0.1,Estimated,Estimated from nearby links,C,279,131,15234,708,2558,249,55,31,23,28,24,409,19041
74204,2021,A6008,Major,A6005,A6008 Collin Street,457210,339420,52.94914142,-1.14998516,0.2,0.1,Estimated,Estimated from nearby links,C,228,139,16783,732,2789,266,59,33,24,29,26,439,20881
74204,2022,A6008,Major,A6005,A6008 Collin Street,457210,339420,52.94914142,-1.14998516,0.2,0.1,Estimated,Estimated from nearby links,C,289,211,12333,1298,2304,174,72,42,3,17,32,341,16488
74204,2023,A6008,Major,A6005,A6008 Collin Street,457210,339420,52.94914142,-1.14998516,0.2,0.1,Estimated,Estimated from nearby links,C,285,209,12565,1310,2343,172,71,41,3,17,31,336,16763
74204,2024,A6008,Major,A6005,A6008 Collin Street,457210,339420,52.94914142,-1.14998516,0.2,0.1,Estimated,Estimated from nearby links,C,288,215,12756,1315,2385,175,71,41,3,16,30,336,17007
74204,2025,A6008,Major,A6005,A6008 Collin Street,457210,339420,52.94914142,-1.14998516,0.2,0.1,Estimated,Estimated from nearby links,C,289,219,12771,1286,2434,173,72,42,3,16,29,334,17044
75213,2000,A52,Major,A453,A453,456360,336330,52.92145715,-1.16316934,0.4,0.2,Estimated,Estimated from nearby links,C,134,197,27798,326,3393,695,94,84,119,163,100,1255,32969
75213,2001,A52,Major,A453,A453,456360,336330,52.92145715,-1.16316934,0.4,0.2,Estimated,Estimated from nearby links,C,185,291,27045,292,2813,641,81,55,133,216,115,1241,31682
75213,2002,A52,Major,A453,A453,456360,336330,52.92145715,-1.16316934,0.4,0.2,Estimated,Estimated from nearby links,C,192,295,26990,299,2818,618,85,57,121,188,126,1195,31597
75213,2003,A52,Major,A453,A453,456360,336330,52.92145715,-1.16316934,0.4,0.2,Estimated,Estimated from nearby links,C,283,274,27356,210,3236,584,77,60,108,207,162,1198,32274
75213,2004,A52,Major,A453,A453,456360,336330,52.92145715,-1.16316934,0.4,0.2,Estimated,Estimated from nearby links,C,229,241,27411,196,3207,586,82,66,102,182,177,1195,32250
75213,2005,A52,Major,A453,A453,456360,336330,52.92145715,-1.16316934,0.4,0.2,Estimated,Estimated from nearby links,C,161,257,27985,177,3324,533,79,54,98,201,165,1130,32873
75213,2006,A52,Major,A453,A453,456360,336330,52.92145715,-1.16316934,0.4,0.2,Estimated,Estimated from nearby links,C,252,268,28069,174,3378,545,78,58,89,180,179,1129,33018
75213,2007,A52,Major,A453,A453,456360,336330,52.92145715,-1.16316934,0.4,0.2,Estimated,Estimated from nearby links,C,181,187,27015,178,3337,486,84,93,89,215,178,1145,31862
75213,2008,A52,Major,A453,A453,456360,336330,52.92145715,-1.16316934,0.4,0.2,Estimated,Estimated from nearby links,C,203,174,26502,180,3494,467,91,94,78,189,174,1093,31443
75213,2009,A52,Major,A453,A453,456360,336330,52.92145715,-1.16316934,0.4,0.2,Estimated,Estimated from nearby links,C,212,210,28596,169,3314,462,61,57,50,170,148,948,33237
75213,2010,A52,Major,A453,A453,456360,336330,52.92145715,-1.16316934,0.4,0.2,Estimated,Estimated from nearby links,C,168,196,27877,222,3087,415,89,66,45,119,209,943,32325
75213,2011,A52,Major,A453,A453,456360,336330,52.92145715,-1.16316934,0.4,0.2,Estimated,Estimated from nearby links,C,119,186,23478,191,3254,450,80,128,21,73,246,998,28107
75213,2012,A52,Major,A453,A453,456360,336330,52.92145715,-1.16316934,0.4,0.2,Estimated,Estimated from nearby links,C,157,171,25799,169,3618,367,91,48,61,196,174,937,30693
75213,2013,A52,Major,A453,A453,456360,336330,52.92145715,-1.16316934,0.4,0.2,Estimated,Estimated from nearby links,C,289,180,28616,192,3287,365,80,108,50,140,115,857,33131
75213,2014,A52,Major,A453,A453,456360,336330,52.92145715,-1.16316934,0.4,0.2,Estimated,Estimated from nearby links,C,221,232,26852,198,3835,475,53,142,37,116,210,1034,32151
75213,2015,A52,Major,A453,A453,456360,336330,52.92145715,-1.16316934,0.4,0.2,Estimated,Estimated from nearby links,C,151,221,27064,143,3872,636,38,111,29,83,275,1172,32472
75213,2016,A52,Major,A453,A453,456360,336330,52.92145715,-1.16316934,0.4,0.2,Estimated,Estimated from nearby links,C,199,230,27874,146,4181,675,37,126,30,80,287,1235,33667
75213,2017,A52,Major,A453,A453,456360,336330,52.92145715,-1.16316934,0.4,0.2,Estimated,Estimated from nearby links,C,0,194,30957,158,4791,408,109,93,49,171,324,1154,37253
75213,2018,A52,Major,A453,A453,456360,336330,52.92145715,-1.16316934,0.4,0.2,Estimated,Estimated from nearby links,C,0,204,30852,153,5017,415,110,96,50,173,327,1170,37395
75213,2019,A52,Major,A453,A453,456360,336330,52.92145715,-1.16316934,0.4,0.2,Estimated,Estimated from nearby links,C,0,198,32683,150,4746,407,92,106,42,190,222,1059,38835
75213,2020,A52,Major,A453,A453,456360,336330,52.92145715,-1.16316934,0.4,0.2,Estimated,Estimated from nearby links,C,0,117,21959,92,3773,336,77,90,36,167,187,893,26833
75213,2021,A52,Major,A453,A453,456360,336330,52.92145715,-1.16316934,0.4,0.2,Estimated,Estimated from nearby links,C,0,136,25207,112,4534,391,88,105,41,185,211,1021,31010
75213,2022,A52,Major,A453,A453,456360,336330,52.92145715,-1.16316934,0.4,0.2,Estimated,Estimated from nearby links,C,0,174,26172,122,5164,366,76,119,31,172,265,1029,32660
75213,2023,A52,Major,A453,A453,456360,336330,52.92145715,-1.16316934,0.4,0.2,Estimated,Estimated from nearby links,C,0,169,26562,122,5335,370,74,111,32,172,257,1016,33205
75213,2024,A52,Major,A453,A453,456360,336330,52.92145715,-1.16316934,0.4,0.2,Estimated,Estimated from nearby links,C,2,184,31646,132,5375,345,96,137,46,122,283,1028,38365
75213,2025,A52,Major,A453,A453,456360,336330,52.92145715,-1.16316934,0.4,0.2,Estimated,Estimated from nearby links,C,0,182,31685,139,5082,294,67,108,23,176,214,881,37970
75214,2000,A453,Major,A453 split,A52,456300,336380,52.92191286,-1.16405302,0.3,0.2,Estimated,Estimated from nearby links,C,200,297,41697,489,5091,1043,139,126,178,244,150,1880,49454
75214,2001,A453,Major,A453 split,A52,456300,336380,52.92191286,-1.16405302,0.3,0.2,Estimated,Estimated from nearby links,C,277,438,40566,439,4219,963,123,81,201,323,172,1863,47525
75214,2002,A453,Major,A453 split,A52,456300,336380,52.92191286,-1.16405302,0.3,0.2,Estimated,Estimated from nearby links,C,289,442,40486,448,4228,926,128,85,182,281,189,1791,47395
75214,2003,A453,Major,A453 split,A52,456300,336380,52.92191286,-1.16405302,0.3,0.2,Estimated,Estimated from nearby links,C,425,411,41034,315,4854,876,116,90,162,310,243,1797,48411
75214,2004,A453,Major,A453 split,A52,456300,336380,52.92191286,-1.16405302,0.3,0.2,Estimated,Estimated from nearby links,C,344,362,41116,293,4811,879,123,99,154,274,266,1795,48377
75214,2005,A453,Major,A453 split,A52,456300,336380,52.92191286,-1.16405302,0.3,0.2,Estimated,Estimated from nearby links,C,241,386,41978,265,4987,799,118,81,147,302,248,1695,49311
75214,2006,A453,Major,A453 split,A52,456300,336380,52.92191286,-1.16405302,0.3,0.2,Estimated,Estimated from nearby links,C,377,401,42103,261,5066,817,118,87,134,270,268,1694,49525
75214,2007,A453,Major,A453 split,A52,456300,336380,52.92191286,-1.16405302,0.3,0.2,Estimated,Estimated from nearby links,C,272,280,40523,267,5006,729,127,139,134,322,267,1718,47794
75214,2008,A453,Major,A453 split,A52,456300,336380,52.92191286,-1.16405302,0.3,0.2,Estimated,Estimated from nearby links,C,305,261,39753,270,5241,700,137,142,117,283,261,1640,47165
75214,2009,A453,Major,A453 split,A52,456300,336380,52.92191286,-1.16405302,0.3,0.2,Estimated,Estimated from nearby links,C,319,316,42894,253,4971,693,91,86,75,254,222,1421,49855
75214,2010,A453,Major,A453 split,A52,456300,336380,52.92191286,-1.16405302,0.3,0.2,Estimated,Estimated from nearby links,C,251,294,41816,333,4631,622,134,98,68,179,314,1415,48489
75214,2011,A453,Major,A453 split,A52,456300,336380,52.92191286,-1.16405302,0.3,0.2,Estimated,Estimated from nearby links,C,179,278,35217,286,4881,676,120,193,32,109,369,1499,42161
75214,2012,A453,Major,A453 split,A52,456300,336380,52.92191286,-1.16405302,0.3,0.2,Estimated,Estimated from nearby links,C,235,256,38698,254,5426,550,136,72,91,294,261,1405,46039
75214,2013,A453,Major,A453 split,A52,456300,336380,52.92191286,-1.16405302,0.3,0.2,Estimated,Estimated from nearby links,C,434,270,42924,288,4931,548,119,161,75,210,172,1285,49697
75214,2014,A453,Major,A453 split,A52,456300,336380,52.92191286,-1.16405302,0.3,0.2,Estimated,Estimated from nearby links,C,331,348,40278,297,5753,713,80,214,56,174,315,1551,48227
75214,2015,A453,Major,A453 split,A52,456300,336380,52.92191286,-1.16405302,0.3,0.2,Estimated,Estimated from nearby links,C,226,332,40597,214,5808,954,57,167,43,124,412,1758,48708
75214,2016,A453,Major,A453 split,A52,456300,336380,52.92191286,-1.16405302,0.3,0.2,Estimated,Estimated from nearby links,C,298,345,41811,218,6272,1013,55,190,45,119,431,1853,50500
75214,2017,A453,Major,A453 split,A52,456300,336380,52.92191286,-1.16405302,0.3,0.2,Estimated,Estimated from nearby links,C,0,291,46435,236,7187,611,164,140,73,257,486,1731,55880
75214,2018,A453,Major,A453 split,A52,456300,336380,52.92191286,-1.16405302,0.3,0.2,Estimated,Estimated from nearby links,C,0,306,46277,229,7525,622,164,144,74,260,490,1755,56092
75214,2019,A453,Major,A453 split,A52,456300,336380,52.92191286,-1.16405302,0.3,0.2,Estimated,Estimated from nearby links,C,0,296,49024,225,7119,611,138,159,62,286,332,1589,58253
75214,2020,A453,Major,A453 split,A52,456300,336380,52.92191286,-1.16405302,0.3,0.2,Estimated,Estimated from nearby links,C,0,175,32939,137,5659,504,116,135,54,251,281,1340,40250
75214,2021,A453,Major,A453 split,A52,456300,336380,52.92191286,-1.16405302,0.3,0.2,Estimated,Estimated from nearby links,C,0,204,37810,168,6802,586,132,158,61,277,317,1531,46515
75214,2022,A453,Major,A453 split,A52,456300,336380,52.92191286,-1.16405302,0.3,0.2,Estimated,Estimated from nearby links,C,0,261,39258,183,7745,549,113,178,47,258,398,1543,48990
75214,2023,A453,Major,A453 split,A52,456300,336380,52.92191286,-1.16405302,0.3,0.2,Estimated,Estimated from nearby links,C,0,254,39843,182,8003,555,110,167,48,258,386,1524,49807
75214,2024,A453,Major,A453 split,A52,456300,336380,52.92191286,-1.16405302,0.3,0.2,Estimated,Estimated from nearby links,C,3,276,47469,198,8062,518,143,205,69,183,424,1542,57547
75214,2025,A453,Major,A453 split,A52,456300,336380,52.92191286,-1.16405302,0.3,0.2,Estimated,Estimated from nearby links,C,0,274,47527,209,7624,440,100,162,34,264,320,1322,56955
75215,2000,A453,Major,A453 split,A52,456320,336280,52.92101191,-1.16377284,0.3,0.2,Estimated,Estimated from nearby links,C,51,74,10424,123,1273,261,35,31,44,61,37,469,12363
75215,2001,A453,Major,A453 split,A52,456320,336280,52.92101191,-1.16377284,0.3,0.2,Estimated,Estimated from nearby links,C,69,109,10142,110,1055,240,31,20,50,81,43,465,11881
75215,2002,A453,Major,A453 split,A52,456320,336280,52.92101191,-1.16377284,0.3,0.2,Estimated,Estimated from nearby links,C,72,111,10121,112,1057,232,32,22,46,70,47,449,11850
75215,2003,A453,Major,A453 split,A52,456320,336280,52.92101191,-1.16377284,0.3,0.2,Estimated,Estimated from nearby links,C,106,103,10258,79,1214,219,29,23,40,77,61,449,12103
75215,2004,A453,Major,A453 split,A52,456320,336280,52.92101191,-1.16377284,0.3,0.2,Estimated,Estimated from nearby links,C,86,90,10279,73,1203,220,31,25,38,68,67,449,12094
75215,2005,A453,Major,A453 split,A52,456320,336280,52.92101191,-1.16377284,0.3,0.2,Estimated,Estimated from nearby links,C,60,96,10494,66,1247,200,30,20,37,75,62,424,12327
75215,2006,A453,Major,A453 split,A52,456320,336280,52.92101191,-1.16377284,0.3,0.2,Estimated,Estimated from nearby links,C,94,100,10526,65,1267,204,29,22,33,67,67,422,12380
75215,2007,A453,Major,A453 split,A52,456320,336280,52.92101191,-1.16377284,0.3,0.2,Estimated,Estimated from nearby links,C,68,70,10131,67,1251,182,32,35,33,81,67,430,11949
75215,2008,A453,Major,A453 split,A52,456320,336280,52.92101191,-1.16377284,0.3,0.2,Estimated,Estimated from nearby links,C,76,65,9938,67,1310,175,34,35,29,71,65,409,11789
75215,2009,A453,Major,A453 split,A52,456320,336280,52.92101191,-1.16377284,0.3,0.2,Estimated,Estimated from nearby links,C,80,79,10723,63,1243,173,23,22,19,64,56,357,12465
75215,2010,A453,Major,A453 split,A52,456320,336280,52.92101191,-1.16377284,0.3,0.2,Estimated,Estimated from nearby links,C,63,74,10454,83,1158,156,33,25,17,45,79,355,12124
75215,2011,A453,Major,A453 split,A52,456320,336280,52.92101191,-1.16377284,0.3,0.2,Estimated,Estimated from nearby links,C,45,70,8804,72,1220,169,30,48,8,27,92,374,10540
75215,2012,A453,Major,A453 split,A52,456320,336280,52.92101191,-1.16377284,0.3,0.2,Estimated,Estimated from nearby links,C,59,64,9675,63,1357,137,34,18,23,74,65,351,11510
75215,2013,A453,Major,A453 split,A52,456320,336280,52.92101191,-1.16377284,0.3,0.2,Estimated,Estimated from nearby links,C,108,67,10731,72,1233,137,30,40,19,53,43,321,12424
75215,2014,A453,Major,A453 split,A52,456320,336280,52.92101191,-1.16377284,0.3,0.2,Estimated,Estimated from nearby links,C,83,87,10069,74,1438,178,20,53,14,44,79,388,12057
75215,2015,A453,Major,A453 split,A52,456320,336280,52.92101191,-1.16377284,0.3,0.2,Estimated,Estimated from nearby links,C,57,83,10149,53,1452,239,14,42,11,31,103,440,12177
75215,2016,A453,Major,A453 split,A52,456320,336280,52.92101191,-1.16377284,0.3,0.2,Estimated,Estimated from nearby links,C,75,86,10453,55,1568,253,14,47,11,30,108,463,12625
75215,2017,A453,Major,A453 split,A52,456320,336280,52.92101191,-1.16377284,0.3,0.2,Estimated,Estimated from nearby links,C,0,73,11609,59,1797,153,41,35,18,64,121,433,13970
75215,2018,A453,Major,A453 split,A52,456320,336280,52.92101191,-1.16377284,0.3,0.2,Estimated,Estimated from nearby links,C,0,76,11569,57,1881,156,41,36,19,65,122,439,14023
75215,2019,A453,Major,A453 split,A52,456320,336280,52.92101191,-1.16377284,0.3,0.2,Estimated,Estimated from nearby links,C,0,74,12256,56,1780,153,35,40,16,71,83,397,14563
75215,2020,A453,Major,A453 split,A52,456320,336280,52.92101191,-1.16377284,0.3,0.2,Estimated,Estimated from nearby links,C,0,44,8235,34,1415,126,29,34,13,63,70,335,10062
75215,2021,A453,Major,A453 split,A52,456320,336280,52.92101191,-1.16377284,0.3,0.2,Estimated,Estimated from nearby links,C,0,51,9453,42,1700,147,33,39,15,69,79,383,11629
75215,2022,A453,Major,A453 split,A52,456320,336280,52.92101191,-1.16377284,0.3,0.2,Estimated,Estimated from nearby links,C,0,65,9814,46,1936,137,28,44,12,64,99,386,12247
75215,2023,A453,Major,A453 split,A52,456320,336280,52.92101191,-1.16377284,0.3,0.2,Estimated,Estimated from nearby links,C,0,64,9961,46,2001,139,28,42,12,65,96,381,12452
75215,2024,A453,Major,A453 split,A52,456320,336280,52.92101191,-1.16377284,0.3,0.2,Estimated,Estimated from nearby links,C,1,69,11867,49,2016,129,36,51,17,46,106,385,14387
75215,2025,A453,Major,A453 split,A52,456320,336280,52.92101191,-1.16377284,0.3,0.2,Estimated,Estimated from nearby links,C,0,68,11882,52,1906,110,25,41,9,66,80,330,14239
75216,2000,A6514,Major,A609,A609,454350,340050,52.955101,-1.19243969,0.1,0.1,Estimated,Estimated using AADF from previous year on this link,E,97,163,27398,322,3434,676,65,72,84,183,81,1161,32478
75216,2000,A6514,Major,A609,A609,454350,340050,52.955101,-1.19243969,0.1,0.1,Estimated,Estimated using AADF from previous year on this link,W,95,163,28477,359,3512,682,72,56,115,162,112,1199,33710
75216,2001,A6514,Major,A609,A609,454350,340050,52.955101,-1.19243969,0.1,0.1,Counted,Manual count,E,93,169,27946,328,3420,662,75,72,74,157,91,1131,32994
75216,2001,A6514,Major,A609,A609,454350,340050,52.955101,-1.19243969,0.1,0.1,Counted,Manual count,W,91,169,29047,366,3498,668,83,56,101,139,125,1172,34252
75216,2002,A6514,Major,A609,A609,454350,340050,52.955101,-1.19243969,0.1,0.1,Estimated,Estimated using AADF from previous year on this link,E,97,171,27890,335,3427,638,78,75,67,136,100,1094,32917
75216,2002,A6514,Major,A609,A609,454350,340050,52.955101,-1.19243969,0.1,0.1,Estimated,Estimated using AADF from previous year on this link,W,95,171,28989,374,3505,643,86,58,92,121,137,1137,34176
75216,2003,A6514,Major,A609,A609,454350,340050,52.955101,-1.19243969,0.1,0.1,Estimated,Estimated using AADF from previous year on this link,E,87,192,27500,299,3735,685,88,88,64,121,110,1156,32882
75216,2003,A6514,Major,A609,A609,454350,340050,52.955101,-1.19243969,0.1,0.1,Estimated,Estimated using AADF from previous year on this link,W,85,192,28583,334,3820,690,97,68,88,107,151,1201,34130
75216,2004,A6514,Major,A609,A609,454350,340050,52.955101,-1.19243969,0.1,0.1,Estimated,Estimated using AADF from previous year on this link,E,70,169,27555,278,3702,687,94,96,61,107,121,1166,32870
75216,2004,A6514,Major,A609,A609,454350,340050,52.955101,-1.19243969,0.1,0.1,Estimated,Estimated using AADF from previous year on this link,W,69,169,28640,311,3786,693,103,75,83,95,165,1214,34120
75216,2005,A6514,Major,A609,A609,454350,340050,52.955101,-1.19243969,0.1,0.1,Estimated,Estimated using AADF from previous year on this link,E,59,171,26866,274,3798,661,88,98,53,93,127,1120,32229
75216,2005,A6514,Major,A609,A609,454350,340050,52.955101,-1.19243969,0.1,0.1,Estimated,Estimated using AADF from previous year on this link,W,58,171,27924,306,3885,666,97,76,73,82,174,1168,33454
75216,2006,A6514,Major,A609,A609,454350,340050,52.955101,-1.19243969,0.1,0.1,Estimated,Estimated using AADF from previous year on this link,E,93,178,26946,269,3859,676,88,106,49,83,137,1139,32391
75216,2006,A6514,Major,A609,A609,454350,340050,52.955101,-1.19243969,0.1,0.1,Estimated,Estimated using AADF from previous year on this link,W,91,178,28008,301,3947,681,97,82,67,74,188,1189,33623
75216,2007,A6514,Major,A609,A609,454350,340050,52.955101,-1.19243969,0.1,0.1,Estimated,Estimated using AADF from previous year on this link,E,58,179,25680,259,4210,667,86,115,42,78,140,1128,31456
75216,2007,A6514,Major,A609,A609,454350,340050,52.955101,-1.19243969,0.1,0.1,Estimated,Estimated using AADF from previous year on this link,W,57,179,26692,289,4306,672,95,89,57,70,192,1175,32641
75216,2008,A6514,Major,A609,A609,454350,340050,52.955101,-1.19243969,0.1,0.1,Counted,Manual count,E,172,221,28793,361,3495,449,94,55,71,110,86,865,33735
75216,2008,A6514,Major,A609,A609,454350,340050,52.955101,-1.19243969,0.1,0.1,Counted,Manual count,W,103,230,28670,391,3572,534,87,51,51,123,115,961,33824
75216,2009,A6514,Major,A609,A609,454350,340050,52.955101,-1.19243969,0.1,0.1,Counted,Manual count,E,111,300,27171,430,3820,492,81,40,47,155,81,896,32617
75216,2009,A6514,Major,A609,A609,454350,340050,52.955101,-1.19243969,0.1,0.1,Counted,Manual count,W,47,115,23513,380,3193,536,96,37,13,75,136,893,28094
75216,2010,A6514,Major,A609,A609,454350,340050,52.955101,-1.19243969,0.1,0.1,Counted,Manual count,E,125,272,27341,445,3828,509,86,45,57,110,73,880,32766
75216,2010,A6514,Major,A609,A609,454350,340050,52.955101,-1.19243969,0.1,0.1,Counted,Manual count,W,71,202,28522,425,3849,407,82,36,47,103,89,764,33762
75216,2011,A6514,Major,A609,A609,454350,340050,52.955101,-1.19243969,0.1,0.1,Counted,Manual count,N,18,293,25552,410,2795,323,34,31,0,54,289,731,29781
75216,2011,A6514,Major,A609,A609,454350,340050,52.955101,-1.19243969,0.1,0.1,Counted,Manual count,S,27,268,29577,584,4115,434,48,80,0,56,276,894,35438
75216,2012,A6514,Major,A609,A609,454350,340050,52.955101,-1.19243969,0.1,0.1,Counted,Manual count,E,109,221,30449,404,3273,498,61,63,46,101,71,840,35188
75216,2012,A6514,Major,A609,A609,454350,340050,52.955101,-1.19243969,0.1,0.1,Counted,Manual count,W,112,298,29130,504,4802,470,96,33,51,123,90,862,35595
75216,2013,A6514,Major,A609,A609,454350,340050,52.955101,-1.19243969,0.1,0.1,Counted,Manual count,E,68,303,27374,582,3623,604,69,66,32,53,239,1063,32946
75216,2013,A6514,Major,A609,A609,454350,340050,52.955101,-1.19243969,0.1,0.1,Counted,Manual count,W,63,262,28193,642,3631,681,102,67,36,52,260,1198,33926
75216,2014,A6514,Major,A609,A609,454350,340050,52.955101,-1.19243969,0.1,0.1,Counted,Manual count,E,86,420,27557,478,3870,426,117,93,31,39,223,929,33254
75216,2014,A6514,Major,A609,A609,454350,340050,52.955101,-1.19243969,0.1,0.1,Counted,Manual count,W,39,387,28834,456,4270,465,117,101,22,34,214,952,34899
75216,2015,A6514,Major,A609,A609,454350,340050,52.955101,-1.19243969,0.1,0.1,Estimated,Estimated using AADF from previous year on this link,E,80,428,27051,474,4070,414,123,90,38,39,220,924,32947
75216,2015,A6514,Major,A609,A609,454350,340050,52.955101,-1.19243969,0.1,0.1,Estimated,Estimated using AADF from previous year on this link,W,37,394,28305,452,4492,452,123,98,26,33,211,944,34586
75216,2016,A6514,Major,A609,A609,454350,340050,52.955101,-1.19243969,0.1,0.1,Counted,Manual count,E,155,220,27778,403,4186,398,82,74,19,50,180,802,33389
75216,2016,A6514,Major,A609,A609,454350,340050,52.955101,-1.19243969,0.1,0.1,Counted,Manual count,W,212,220,29765,412,4582,431,77,79,22,57,181,846,35825
75216,2017,A6514,Major,A609,A609,454350,340050,52.955101,-1.19243969,0.1,0.1,Estimated,Estimated using AADF from previous year on this link,E,149,223,27574,376,4406,395,83,76,20,50,187,811,33389
75216,2017,A6514,Major,A609,A609,454350,340050,52.955101,-1.19243969,0.1,0.1,Estimated,Estimated using AADF from previous year on this link,W,203,223,29545,385,4824,428,78,81,23,56,188,854,35830
75216,2018,A6514,Major,A609,A609,454350,340050,52.955101,-1.19243969,0.3,0.2,Counted,Manual count,E,61,230,29043,437,4452,396,81,76,42,65,174,834,34996
75216,2018,A6514,Major,A609,A609,454350,340050,52.955101,-1.19243969,0.3,0.2,Counted,Manual count,W,65,238,32176,489,5009,388,86,91,34,71,184,854,38766
75216,2019,A6514,Major,A609,A609,454350,340050,52.955101,-1.19243969,0.3,0.2,Estimated,Estimated using AADF from previous year on this link,E,67,216,29408,442,4413,391,82,76,42,67,174,834,35312
75216,2019,A6514,Major,A609,A609,454350,340050,52.955101,-1.19243969,0.3,0.2,Estimated,Estimated using AADF from previous year on this link,W,71,223,32580,494,4966,383,87,91,35,73,185,854,39116
75216,2020,A6514,Major,A609,A609,454350,340050,52.955101,-1.19243969,0.3,0.2,Counted,Manual count,E,193,214,22378,289,4087,360,53,80,25,104,132,753,27722
75216,2020,A6514,Major,A609,A609,454350,340050,52.955101,-1.19243969,0.3,0.2,Counted,Manual count,W,222,208,22295,266,3786,391,55,72,19,141,72,750,27306
75216,2021,A6514,Major,A609,A609,454350,340050,52.955101,-1.19243969,0.3,0.2,Estimated,Estimated using AADF from previous year on this link,E,157,227,24654,299,4455,385,57,87,26,111,141,808,30443
75216,2021,A6514,Major,A609,A609,454350,340050,52.955101,-1.19243969,0.3,0.2,Estimated,Estimated using AADF from previous year on this link,W,181,221,24563,274,4127,419,59,79,21,150,77,804,29990
75216,2022,A6514,Major,A609,A609,454350,340050,52.955101,-1.19243969,0.3,0.2,Counted,Manual count,E,127,331,27781,313,4938,482,32,82,31,177,94,899,34261
75216,2022,A6514,Major,A609,A609,454350,340050,52.955101,-1.19243969,0.3,0.2,Counted,Manual count,W,104,327,28912,326,4351,467,52,110,48,41,224,942,34858
75216,2023,A6514,Major,A609,A609,454350,340050,52.955101,-1.19243969,0.3,0.2,Estimated,Estimated using AADF from previous year on this link,E,125,326,28303,316,5021,476,32,81,31,173,91,883,34849
75216,2023,A6514,Major,A609,A609,454350,340050,52.955101,-1.19243969,0.3,0.2,Estimated,Estimated using AADF from previous year on this link,W,103,323,29455,329,4424,461,51,109,48,40,215,924,35456
75216,2024,A6514,Major,A609,A609,454350,340050,52.955101,-1.19243969,0.3,0.2,Counted,Manual count,E,94,215,28823,281,4684,340,62,89,26,90,163,769,34772
75216,2024,A6514,Major,A609,A609,454350,340050,52.955101,-1.19243969,0.3,0.2,Counted,Manual count,W,76,221,28417,268,4503,320,53,91,29,101,124,718,34126
75216,2025,A6514,Major,A609,A609,454350,340050,52.955101,-1.19243969,0.3,0.2,Estimated,Estimated using AADF from previous year on this link,E,94,220,28857,274,4780,337,62,91,26,88,160,763,34895
75216,2025,A6514,Major,A609,A609,454350,340050,52.955101,-1.19243969,0.3,0.2,Estimated,Estimated using AADF from previous year on this link,W,76,225,28451,262,4595,317,53,94,29,99,121,713,34246
75217,2000,A610,Major,A609/A6200 roundabout,Tollhouse Hill,456650,340140,52.95567235,-1.1581931,0.4,0.2,Estimated,Estimated using AADF from previous year on this link,S,99,156,11652,1215,1120,269,44,22,16,28,16,395,14538
75217,2001,A610,Major,A609/A6200 roundabout,Tollhouse Hill,456650,340140,52.95567235,-1.1581931,0.4,0.2,Counted,Manual count,S,95,163,11291,1272,1128,257,49,21,13,22,17,379,14233
75217,2002,A610,Major,A609/A6200 roundabout,Tollhouse Hill,456650,340140,52.95567235,-1.1581931,0.4,0.2,Estimated,Estimated using AADF from previous year on this link,S,99,169,11472,1282,1209,243,50,21,12,19,19,364,14496
75217,2003,A610,Major,A609/A6200 roundabout,Tollhouse Hill,456650,340140,52.95567235,-1.1581931,0.4,0.2,Estimated,Estimated using AADF from previous year on this link,S,88,240,11048,1247,1313,235,51,22,12,17,21,358,14206
75217,2004,A610,Major,A609/A6200 roundabout,Tollhouse Hill,456650,340140,52.95567235,-1.1581931,0.4,0.2,Estimated,Estimated using AADF from previous year on this link,S,72,158,11191,1022,1446,287,66,30,12,16,25,436,14253
75217,2005,A610,Major,A609/A6200 roundabout,Tollhouse Hill,456650,340140,52.95567235,-1.1581931,0.4,0.2,Estimated,Estimated using AADF from previous year on this link,S,61,130,10676,964,1541,311,69,34,10,13,24,461,13772
75217,2006,A610,Major,A609/A6200 roundabout,Tollhouse Hill,456650,340140,52.95567235,-1.1581931,0.4,0.2,Counted,Manual count,E,105,564,10896,0,1586,56,0,199,61,3,5,324,13370
75217,2007,A610,Major,A609/A6200 roundabout,Tollhouse Hill,456650,340140,52.95567235,-1.1581931,0.4,0.2,Estimated,Estimated using AADF from previous year on this link,E,65,540,10721,0,1670,52,0,204,48,3,5,312,13243
75217,2008,A610,Major,A609/A6200 ,Clarendon Street,456650,340140,52.95567235,-1.1581931,0.4,0.2,Estimated,Estimated using AADF from previous year on this link,E,73,516,10485,0,1705,52,0,216,42,3,5,318,13024
75217,2009,A610,Major,A609/A6200 ,Clarendon Street,456650,340140,52.95567235,-1.1581931,0.4,0.2,Estimated,Estimated using AADF from previous year on this link,E,73,575,10716,0,1731,47,0,204,39,3,5,298,13320
75217,2010,A610,Major,A609/A6200 ,Clarendon Street,456650,340140,52.95567235,-1.1581931,0.4,0.2,Counted,Manual count,E,87,62,8829,731,1230,148,50,12,6,10,10,236,11088
75217,2011,A610,Major,A609/A6200 ,Clarendon Street,456650,340140,52.95567235,-1.1581931,0.4,0.2,Counted,Manual count,E,134,133,8958,691,1380,135,32,10,16,13,15,221,11383
75217,2012,A610,Major,A609/A6200,Clarendon Street,456650,340140,52.95567235,-1.1581931,0.4,0.2,Estimated,Estimated using AADF from previous year on this link,E,127,127,8818,751,1396,136,35,11,11,12,14,220,11313
75217,2013,A610,Major,A609/A6200,Clarendon Street,456650,340140,52.95567235,-1.1581931,0.4,0.2,Estimated,Estimated using AADF from previous year on this link,E,125,142,8740,785,1451,138,38,13,8,11,15,222,11341
75217,2014,A610,Major,A609/A6200,Clarendon Street,456650,340140,52.95567235,-1.1581931,0.4,0.2,Estimated,Estimated using AADF from previous year on this link,E,121,136,8977,756,1552,141,42,14,7,9,14,227,11648
75217,2015,A610,Major,A609/A6200,Clarendon Street,456650,340140,52.95567235,-1.1581931,0.4,0.2,Estimated,Estimated using AADF from previous year on this link,E,113,120,9155,815,1628,134,43,13,9,9,13,221,11938
75217,2016,A610,Major,A609/A6200,Clarendon Street,456650,340140,52.95567235,-1.1581931,0.4,0.2,Estimated,Estimated using AADF from previous year on this link,E,105,117,9298,755,1778,136,43,15,9,8,13,223,12171
75217,2017,A610,Major,A609/A6200,Clarendon Street,456650,340140,52.95567235,-1.1581931,0.4,0.2,Estimated,Estimated using AADF from previous year on this link,E,101,118,9230,705,1871,135,43,16,9,8,14,224,12148
75217,2018,A610,Major,A609/A6200,Clarendon Street,456650,340140,52.95567235,-1.1581931,0.4,0.2,Estimated,Estimated using AADF from previous year on this link,E,111,117,9128,639,1906,136,43,15,10,8,14,226,12016
75217,2019,A610,Major,A609/A6200,Clarendon Street,456650,340140,52.95567235,-1.1581931,0.4,0.2,Estimated,Estimated using AADF from previous year on this link,E,122,110,9242,646,1890,134,44,15,10,8,14,225,12114
75217,2020,A610,Major,A609/A6200,Clarendon Street,456650,340140,52.95567235,-1.1581931,0.4,0.2,Counted,Manual count,E,118,145,6271,637,1263,141,25,40,7,23,5,240,8556
75217,2021,A610,Major,A609/A6200,Clarendon Street,456650,340140,52.95567235,-1.1581931,0.4,0.2,Counted,Manual count,E,201,121,5440,605,953,62,30,19,6,7,19,142,7261
75217,2022,A610,Major,A609/A6200,Clarendon Street,456650,340140,52.95567235,-1.1581931,0.4,0.2,Estimated,Estimated using AADF from previous year on this link,E,180,132,5810,650,1033,64,31,21,6,7,19,147,7774
75217,2023,A610,Major,A609/A6200,Clarendon Street,456650,340140,52.95567235,-1.1581931,0.4,0.2,Estimated,Estimated using AADF from previous year on this link,E,177,130,5919,657,1051,63,31,20,6,6,18,145,7902
75217,2024,A610,Major,A609/A6200,Clarendon Street,456650,340140,52.95567235,-1.1581931,0.4,0.2,Estimated,Estimated using AADF from previous year on this link,E,179,134,6009,659,1070,64,31,20,6,6,18,145,8017
75217,2025,A610,Major,A609/A6200,Clarendon Street,456650,340140,52.95567235,-1.1581931,0.4,0.2,Estimated,Estimated using AADF from previous year on this link,E,179,137,6016,645,1092,63,31,20,6,6,17,144,8033
75218,2000,A610,Major,A6008,Wollaton Rd,456800,340070,52.95502733,-1.15597286,0.1,0.1,Estimated,Estimated using AADF from previous year on this link,S,100,151,11122,1282,1017,177,32,21,10,19,4,263,13835
75218,2001,A610,Major,A6008,Wollaton Rd,456800,340070,52.95502733,-1.15597286,0.1,0.1,Counted,Manual count,S,96,158,10777,1342,1024,169,36,20,8,15,4,252,13553
75218,2002,A610,Major,A6008,Wollaton Rd,456800,340070,52.95502733,-1.15597286,0.1,0.1,Counted,Manual count,S,69,128,11619,853,1108,175,32,8,9,4,9,237,13945
75218,2003,A610,Major,A6008,Wollaton Rd,456800,340070,52.95502733,-1.15597286,0.1,0.1,Estimated,Estimated using AADF from previous year on this link,S,62,182,11189,830,1203,170,33,8,9,4,10,234,13638
75218,2004,A610,Major,A6008,Wollaton Rd,456800,340070,52.95502733,-1.15597286,0.1,0.1,Estimated,Estimated using AADF from previous year on this link,S,50,120,11335,680,1325,207,42,11,9,3,12,284,13744
75218,2005,A610,Major,A6008,Wollaton Rd,456800,340070,52.95502733,-1.15597286,0.1,0.1,Estimated,Estimated using AADF from previous year on this link,S,42,98,10813,642,1412,224,44,13,7,3,11,302,13267
75218,2006,A610,Major,A6008,Wollaton Rd,456800,340070,52.95502733,-1.15597286,0.1,0.1,Counted,Manual count,S,101,575,10813,0,1553,39,0,196,61,3,5,304,13245
75218,2007,A610,Major,A6008,Wollaton Rd,456800,340070,52.95502733,-1.15597286,0.1,0.1,Estimated,Estimated using AADF from previous year on this link,S,63,550,10640,0,1635,36,0,201,48,2,5,292,13117
75218,2008,A610,Major,A6008,Clarendon Street,456800,340070,52.95502733,-1.15597286,0.1,0.1,Estimated,Estimated using AADF from previous year on this link,S,71,525,10406,0,1670,36,0,213,42,2,5,298,12899
75218,2009,A610,Major,A6008,Clarendon Street,456800,340070,52.95502733,-1.15597286,0.1,0.1,Estimated,Estimated using AADF from previous year on this link,S,71,585,10635,0,1695,33,0,201,39,2,5,280,13195
75218,2010,A610,Major,A6008,Clarendon Street,456800,340070,52.95502733,-1.15597286,0.1,0.1,Counted,Manual count,S,115,110,9758,871,1304,156,39,18,16,19,4,252,12295
75218,2011,A610,Major,A6008,Clarendon Street,456800,340070,52.95502733,-1.15597286,0.1,0.1,Counted,Manual count,S,59,72,9565,811,940,143,35,15,19,21,13,246,11634
75218,2012,A610,Major,A6008,Clarendon Street,456800,340070,52.95502733,-1.15597286,0.1,0.1,Estimated,Estimated using AADF from previous year on this link,S,56,69,9416,882,951,145,38,17,13,19,12,244,11562
75218,2013,A610,Major,A6008,Clarendon Street,456800,340070,52.95502733,-1.15597286,0.1,0.1,Estimated,Estimated using AADF from previous year on this link,S,55,77,9333,922,989,146,41,19,10,18,13,247,11567
75218,2014,A610,Major,A6008,Clarendon Street,456800,340070,52.95502733,-1.15597286,0.1,0.1,Estimated,Estimated using AADF from previous year on this link,S,53,73,9586,887,1057,149,46,21,9,15,12,252,11856
75218,2015,A610,Major,A6008,Clarendon Street,456800,340070,52.95502733,-1.15597286,0.1,0.1,Estimated,Estimated using AADF from previous year on this link,S,50,65,9776,956,1109,142,47,20,10,14,11,245,12150
75218,2016,A610,Major,A6008,Clarendon Street,456800,340070,52.95502733,-1.15597286,0.1,0.1,Estimated,Estimated using AADF from previous year on this link,S,46,63,9928,886,1211,144,47,23,11,12,11,248,12336
75218,2017,A610,Major,A6008,Clarendon Street,456800,340070,52.95502733,-1.15597286,0.1,0.1,Estimated,Estimated using AADF from previous year on this link,S,44,64,9855,827,1275,143,48,23,11,12,12,249,12270
75218,2018,A610,Major,A6008,Clarendon Street,456800,340070,52.95502733,-1.15597286,0.1,0.1,Estimated,Estimated using AADF from previous year on this link,S,49,63,9746,750,1299,144,47,23,11,13,12,250,12109
75218,2019,A610,Major,A6008,Clarendon Street,456800,340070,52.95502733,-1.15597286,0.1,0.1,Counted,Manual count,S,110,79,8287,634,1255,86,38,24,5,12,14,179,10433
75218,2020,A610,Major,A6008,Clarendon Street,456800,340070,52.95502733,-1.15597286,0.1,0.1,Estimated,Estimated using AADF from previous year on this link,S,126,58,6295,400,1107,76,33,21,5,11,12,157,8018
75218,2021,A610,Major,A6008,Clarendon Street,456800,340070,52.95502733,-1.15597286,0.1,0.1,Estimated,Estimated using AADF from previous year on this link,S,103,62,6935,413,1207,81,35,23,5,12,13,169,8786
75218,2022,A610,Major,A6008,Clarendon Street,456800,340070,52.95502733,-1.15597286,0.1,0.1,Estimated,Estimated using AADF from previous year on this link,S,92,67,7407,444,1309,84,36,25,5,12,13,175,9402
75218,2023,A610,Major,A6008,Clarendon Street,456800,340070,52.95502733,-1.15597286,0.1,0.1,Estimated,Estimated using AADF from previous year on this link,S,90,66,7546,448,1331,83,36,24,5,12,13,173,9564
75218,2024,A610,Major,A6008,Clarendon Street,456800,340070,52.95502733,-1.15597286,0.1,0.1,Estimated,Estimated using AADF from previous year on this link,S,91,68,7661,450,1355,84,36,24,5,11,12,172,9706
75218,2025,A610,Major,A6008,Clarendon Street,456800,340070,52.95502733,-1.15597286,0.1,0.1,Estimated,Estimated using AADF from previous year on this link,S,92,70,7670,440,1382,83,36,24,5,11,12,172,9734
75219,2000,A60,Major,Glasshouse St,King Edward St,457550,340300,52.95701481,-1.14476966,0.3,0.2,Estimated,Estimated using AADF from previous year on this link,N,27,65,126,23,25,3,0,0,0,0,0,3,242
75219,2000,A60,Major,Glasshouse St,King Edward St,457550,340300,52.95701481,-1.14476966,0.3,0.2,Estimated,Estimated using AADF from previous year on this link,S,74,142,14930,97,1891,352,65,28,14,27,2,488,17548
75219,2001,A60,Major,Glasshouse St,King Edward St,457550,340300,52.95701481,-1.14476966,0.3,0.2,Counted,Manual count,N,26,68,122,24,25,3,0,0,0,0,0,3,242
75219,2001,A60,Major,Glasshouse St,King Edward St,457550,340300,52.95701481,-1.14476966,0.3,0.2,Counted,Manual count,S,71,149,14467,102,1904,336,73,27,11,21,2,470,17092
75219,2002,A60,Major,Glasshouse St,King Edward St,457550,340300,52.95701481,-1.14476966,0.3,0.2,Estimated,Estimated using AADF from previous year on this link,N,27,71,124,24,27,3,0,0,0,0,0,3,249
75219,2002,A60,Major,Glasshouse St,King Edward St,457550,340300,52.95701481,-1.14476966,0.3,0.2,Estimated,Estimated using AADF from previous year on this link,S,74,155,14698,103,2041,318,75,28,10,18,2,451,17448
75219,2003,A60,Major,Glasshouse St,King Edward St,457550,340300,52.95701481,-1.14476966,0.3,0.2,Estimated,Estimated using AADF from previous year on this link,N,24,101,119,23,29,3,0,0,0,0,0,3,275
75219,2003,A60,Major,Glasshouse St,King Edward St,457550,340300,52.95701481,-1.14476966,0.3,0.2,Estimated,Estimated using AADF from previous year on this link,S,66,221,14154,100,2217,308,77,30,10,16,2,443,17135
75219,2004,A60,Major,Glasshouse St,King Edward St,457550,340300,52.95701481,-1.14476966,0.3,0.2,Estimated,Estimated using AADF from previous year on this link,N,20,66,121,19,32,4,0,0,0,0,0,4,242
75219,2004,A60,Major,Glasshouse St,King Edward St,457550,340300,52.95701481,-1.14476966,0.3,0.2,Estimated,Estimated using AADF from previous year on this link,S,54,145,14338,82,2440,375,99,39,10,15,3,541,17546
75219,2005,A60,Major,Glasshouse St,King Edward St,457550,340300,52.95701481,-1.14476966,0.3,0.2,Estimated,Estimated using AADF from previous year on this link,N,17,55,115,18,34,4,0,0,0,0,0,4,226
75219,2005,A60,Major,Glasshouse St,King Edward St,457550,340300,52.95701481,-1.14476966,0.3,0.2,Estimated,Estimated using AADF from previous year on this link,S,45,119,13679,77,2601,406,104,45,8,12,3,578,17054
75219,2006,A60,Major,Glasshouse St,King Edward St,457550,340300,52.95701481,-1.14476966,0.3,0.2,Estimated,Estimated using AADF from previous year on this link,N,26,47,113,17,35,4,0,0,0,0,0,4,216
75219,2006,A60,Major,Glasshouse St,King Edward St,457550,340300,52.95701481,-1.14476966,0.3,0.2,Estimated,Estimated using AADF from previous year on this link,S,71,104,13419,72,2640,392,98,46,6,10,2,554,16789
75219,2007,A60,Major,Glasshouse St,King Edward St,457550,340300,52.95701481,-1.14476966,0.3,0.2,Estimated,Estimated using AADF from previous year on this link,N,16,45,111,15,37,3,0,0,0,0,0,3,211
75219,2007,A60,Major,Glasshouse St,King Edward St,457550,340300,52.95701481,-1.14476966,0.3,0.2,Estimated,Estimated using AADF from previous year on this link,S,44,99,13204,65,2780,364,91,47,5,8,2,517,16665
75219,2008,A60,Major,A60 Glasshouse Street,A60 King Edward Street,457550,340300,52.95701481,-1.14476966,0.3,0.2,Estimated,Estimated using AADF from previous year on this link,N,18,43,109,13,38,3,0,0,0,0,0,3,206
75219,2008,A60,Major,A60 Glasshouse Street,A60 King Edward Street,457550,340300,52.95701481,-1.14476966,0.3,0.2,Estimated,Estimated using AADF from previous year on this link,S,50,95,12914,57,2839,364,102,50,4,7,2,529,16434
75219,2009,A60,Major,A60 Glasshouse Street,A60 King Edward Street,457550,340300,52.95701481,-1.14476966,0.3,0.2,Counted,Manual count,N,48,6,534,95,58,6,1,0,0,0,0,7,700
75219,2009,A60,Major,A60 Glasshouse Street,A60 King Edward Street,457550,340300,52.95701481,-1.14476966,0.3,0.2,Counted,Manual count,S,163,132,14360,76,2149,242,59,22,7,8,2,340,17057
75219,2010,A60,Major,A60 Glasshouse Street,A60 King Edward Street,457550,340300,52.95701481,-1.14476966,0.3,0.2,Estimated,Estimated using AADF from previous year on this link,N,48,6,531,108,62,6,1,0,0,0,0,7,714
75219,2010,A60,Major,A60 Glasshouse Street,A60 King Edward Street,457550,340300,52.95701481,-1.14476966,0.3,0.2,Estimated,Estimated using AADF from previous year on this link,S,164,126,14274,86,2295,257,60,19,8,8,2,354,17135
75219,2011,A60,Major,A60 Glasshouse Street,A60 King Edward Street,457550,340300,52.95701481,-1.14476966,0.3,0.2,Estimated,Estimated using AADF from previous year on this link,N,53,5,529,102,69,6,1,0,0,0,0,7,712
75219,2011,A60,Major,A60 Glasshouse Street,A60 King Edward Street,457550,340300,52.95701481,-1.14476966,0.3,0.2,Estimated,Estimated using AADF from previous year on this link,S,181,106,14231,81,2561,261,66,22,6,8,2,365,17344
75219,2012,A60,Major,A60 Glasshouse Street,A60 King Edward Street,457550,340300,52.95701481,-1.14476966,0.3,0.2,Estimated,Estimated using AADF from previous year on this link,N,50,5,521,111,70,6,1,0,0,0,0,7,713
75219,2012,A60,Major,A60 Glasshouse Street,A60 King Edward Street,457550,340300,52.95701481,-1.14476966,0.3,0.2,Estimated,Estimated using AADF from previous year on this link,S,171,101,14009,88,2591,264,72,25,4,7,2,374,17164
75219,2013,A60,Major,A60 Glasshouse Street,A60 King Edward Street,457550,340300,52.95701481,-1.14476966,0.3,0.2,Estimated,Estimated using AADF from previous year on this link,N,49,5,516,116,73,6,1,0,0,0,0,7,717
75219,2013,A60,Major,A60 Glasshouse Street,A60 King Edward Street,457550,340300,52.95701481,-1.14476966,0.3,0.2,Estimated,Estimated using AADF from previous year on this link,S,169,113,13885,92,2693,266,78,29,3,7,2,385,17168
75219,2014,A60,Major,A60 Glasshouse Street,A60 King Edward Street,457550,340300,52.95701481,-1.14476966,0.3,0.2,Estimated,Estimated using AADF from previous year on this link,N,48,5,530,112,78,6,1,0,0,0,0,8,732
75219,2014,A60,Major,A60 Glasshouse Street,A60 King Edward Street,457550,340300,52.95701481,-1.14476966,0.3,0.2,Estimated,Estimated using AADF from previous year on this link,S,164,108,14262,89,2880,272,87,31,3,6,2,400,17739
75219,2015,A60,Major,A60 Glasshouse Street,A60 King Edward Street,457550,340300,52.95701481,-1.14476966,0.3,0.2,Estimated,Estimated using AADF from previous year on this link,N,45,4,541,120,81,6,1,0,0,0,0,7,754
75219,2015,A60,Major,A60 Glasshouse Street,A60 King Edward Street,457550,340300,52.95701481,-1.14476966,0.3,0.2,Estimated,Estimated using AADF from previous year on this link,S,152,95,14544,95,3020,258,89,30,3,5,2,387,18143
75219,2016,A60,Major,A60 Glasshouse Street,A60 King Edward Street,457550,340300,52.95701481,-1.14476966,0.3,0.2,Estimated,Estimated using AADF from previous year on this link,N,42,4,549,111,89,6,1,0,0,0,0,7,761
75219,2016,A60,Major,A60 Glasshouse Street,A60 King Edward Street,457550,340300,52.95701481,-1.14476966,0.3,0.2,Estimated,Estimated using AADF from previous year on this link,S,142,93,14771,88,3299,262,88,33,3,5,2,394,18646
75219,2017,A60,Major,A60 Glasshouse Street,A60 King Edward Street,457550,340300,52.95701481,-1.14476966,0.3,0.2,Counted,Manual count,N,66,53,5198,16,727,59,12,12,7,7,7,104,6098
75219,2017,A60,Major,A60 Glasshouse Street,A60 King Edward Street,457550,340300,52.95701481,-1.14476966,0.3,0.2,Counted,Manual count,S,170,128,14468,35,2095,164,38,52,6,6,11,277,17003
75219,2018,A60,Major,A60 Glasshouse Street,A60 King Edward Street,457550,340300,52.95701481,-1.14476966,0.3,0.2,Estimated,Estimated using AADF from previous year on this link,N,72,52,5141,14,741,60,12,11,7,7,7,105,6053
75219,2018,A60,Major,A60 Glasshouse Street,A60 King Edward Street,457550,340300,52.95701481,-1.14476966,0.3,0.2,Estimated,Estimated using AADF from previous year on this link,S,188,126,14308,32,2134,166,38,51,6,6,11,278,16878
75219,2019,A60,Major,A60 Glasshouse Street,A60 King Edward Street,457550,340300,52.95701481,-1.14476966,0.3,0.2,Estimated,Estimated using AADF from previous year on this link,N,80,49,5205,14,734,59,13,11,7,7,7,105,6108
75219,2019,A60,Major,A60 Glasshouse Street,A60 King Edward Street,457550,340300,52.95701481,-1.14476966,0.3,0.2,Estimated,Estimated using AADF from previous year on this link,S,206,118,14488,32,2115,164,39,51,6,6,11,277,17031
75219,2020,A60,Major,A60 Glasshouse Street,A60 King Edward Street,457550,340300,52.95701481,-1.14476966,0.3,0.2,Estimated,Estimated using AADF from previous year on this link,N,91,36,3954,9,648,52,11,10,6,6,6,92,4739
75219,2020,A60,Major,A60 Glasshouse Street,A60 King Edward Street,457550,340300,52.95701481,-1.14476966,0.3,0.2,Estimated,Estimated using AADF from previous year on this link,S,236,88,11005,20,1867,144,34,46,5,5,10,244,13223
75219,2021,A60,Major,A60 Glasshouse Street,A60 King Edward Street,457550,340300,52.95701481,-1.14476966,0.3,0.2,Estimated,Estimated using AADF from previous year on this link,N,74,39,4356,9,707,56,12,11,7,7,7,98,5209
75219,2021,A60,Major,A60 Glasshouse Street,A60 King Edward Street,457550,340300,52.95701481,-1.14476966,0.3,0.2,Estimated,Estimated using AADF from previous year on this link,S,193,93,12124,21,2035,154,36,50,6,6,10,262,14535
75219,2022,A60,Major,A60 Glasshouse Street,A60 King Edward Street,457550,340300,52.95701481,-1.14476966,0.3,0.2,Estimated,Estimated using AADF from previous year on this link,N,66,42,4653,10,766,58,12,12,7,7,7,102,5573
75219,2022,A60,Major,A60 Glasshouse Street,A60 King Edward Street,457550,340300,52.95701481,-1.14476966,0.3,0.2,Estimated,Estimated using AADF from previous year on this link,S,172,101,12949,23,2206,159,37,53,6,6,11,272,15552
75219,2023,A60,Major,A60 Glasshouse Street,A60 King Edward Street,457550,340300,52.95701481,-1.14476966,0.3,0.2,Estimated,Estimated using AADF from previous year on this link,N,65,42,4740,10,779,57,12,12,7,7,7,101,5671
75219,2023,A60,Major,A60 Glasshouse Street,A60 King Edward Street,457550,340300,52.95701481,-1.14476966,0.3,0.2,Estimated,Estimated using AADF from previous year on this link,S,169,100,13193,23,2244,157,37,52,6,6,10,268,15828
75219,2024,A60,Major,A60 Glasshouse Street,A60 King Edward Street,457550,340300,52.95701481,-1.14476966,0.3,0.2,Estimated,Estimated using AADF from previous year on this link,N,66,43,4812,10,793,58,12,11,7,7,6,101,5759
75219,2024,A60,Major,A60 Glasshouse Street,A60 King Edward Street,457550,340300,52.95701481,-1.14476966,0.3,0.2,Estimated,Estimated using AADF from previous year on this link,S,171,103,13393,23,2284,160,37,51,6,6,10,269,16072
75219,2025,A60,Major,A60 Glasshouse Street,A60 King Edward Street,457550,340300,52.95701481,-1.14476966,0.3,0.2,Counted,Manual count,N,70,57,6791,21,1017,52,15,17,0,16,12,112,7998
75219,2025,A60,Major,A60 Glasshouse Street,A60 King Edward Street,457550,340300,52.95701481,-1.14476966,0.3,0.2,Counted,Manual count,S,106,101,13930,33,1942,107,51,15,3,18,18,213,16219
75220,2000,A60,Major,Lower Parliament St,Huntingdon St,457600,340170,52.95584099,-1.1440485,0.1,0.1,Estimated,Estimated using AADF from previous year on this link,N,112,128,7794,794,972,145,18,5,11,6,5,190,9878
75220,2001,A60,Major,Lower Parliament St,Huntingdon St,457600,340170,52.95584099,-1.1440485,0.1,0.1,Counted,Manual count,N,107,134,7552,831,979,138,20,5,9,5,5,182,9678
75220,2002,A60,Major,Lower Parliament St,Huntingdon St,457600,340170,52.95584099,-1.1440485,0.1,0.1,Estimated,Estimated using AADF from previous year on this link,N,111,139,7673,838,1049,130,20,5,8,4,5,172,9871
75220,2003,A60,Major,Lower Parliament St,Huntingdon St,457600,340170,52.95584099,-1.1440485,0.1,0.1,Estimated,Estimated using AADF from previous year on this link,N,99,198,7389,815,1139,126,20,5,8,4,6,169,9710
75220,2004,A60,Major,Lower Parliament St,Huntingdon St,457600,340170,52.95584099,-1.1440485,0.1,0.1,Estimated,Estimated using AADF from previous year on this link,N,80,130,7485,668,1254,153,26,7,8,3,6,203,9740
75220,2005,A60,Major,Lower Parliament St,Huntingdon St,457600,340170,52.95584099,-1.1440485,0.1,0.1,Estimated,Estimated using AADF from previous year on this link,N,68,107,7141,630,1337,166,28,8,6,3,6,217,9432
75220,2006,A60,Major,Lower Parliament St,Huntingdon St,457600,340170,52.95584099,-1.1440485,0.1,0.1,Estimated,Estimated using AADF from previous year on this link,N,107,93,7005,585,1357,160,26,8,5,2,6,207,9247
75220,2007,A60,Major,Lower Parliament St,Huntingdon St,457600,340170,52.95584099,-1.1440485,0.1,0.1,Estimated,Estimated using AADF from previous year on this link,N,66,89,6893,532,1429,149,24,8,4,2,6,193,9136
75220,2008,A60,Major,A6008 Lower Parliament St,A60 Huntingdon Street,457600,340170,52.95584099,-1.1440485,0.1,0.1,Estimated,Estimated using AADF from previous year on this link,N,75,85,6741,463,1459,149,27,9,3,2,6,196,8944
75220,2009,A60,Major,A6008 Lower Parliament St,A60 Huntingdon Street,457600,340170,52.95584099,-1.1440485,0.1,0.1,Estimated,Estimated using AADF from previous year on this link,N,75,95,6889,458,1481,136,27,9,3,2,6,183,9106
75220,2010,A60,Major,A6008 Lower Parliament St,A60 Huntingdon Street,457600,340170,52.95584099,-1.1440485,0.1,0.1,Estimated,Estimated using AADF from previous year on this link,N,75,90,6848,519,1582,145,27,8,4,2,6,192,9231
75220,2011,A60,Major,A6008 Lower Parliament St,A60 Huntingdon Street,457600,340170,52.95584099,-1.1440485,0.1,0.1,Counted,Manual count,N,53,34,3330,619,453,106,9,2,4,2,0,123,4559
75220,2012,A60,Major,A6008 Lower Parliament St,A60 Huntingdon Street,457600,340170,52.95584099,-1.1440485,0.1,0.1,Estimated,Estimated using AADF from previous year on this link,N,50,33,3278,673,458,107,10,2,3,2,0,124,4566
75220,2013,A60,Major,A6008 Lower Parliament St,A60 Huntingdon Street,457600,340170,52.95584099,-1.1440485,0.1,0.1,Estimated,Estimated using AADF from previous year on this link,N,49,36,3249,704,476,108,11,3,2,2,0,125,4590
75220,2014,A60,Major,A6008 Lower Parliament St,A60 Huntingdon Street,457600,340170,52.95584099,-1.1440485,0.1,0.1,Estimated,Estimated using AADF from previous year on this link,N,48,35,3337,677,509,111,12,3,2,1,0,129,4687
75220,2015,A60,Major,A6008 Lower Parliament St,A60 Huntingdon Street,457600,340170,52.95584099,-1.1440485,0.1,0.1,Estimated,Estimated using AADF from previous year on this link,N,45,31,3403,730,534,105,12,3,2,1,0,123,4821
75220,2016,A60,Major,A6008 Lower Parliament St,A60 Huntingdon Street,457600,340170,52.95584099,-1.1440485,0.1,0.1,Estimated,Estimated using AADF from previous year on this link,N,42,30,3456,676,584,106,12,3,2,1,0,125,4871
75220,2017,A60,Major,A6008 Lower Parliament St,A60 Huntingdon Street,457600,340170,52.95584099,-1.1440485,0.1,0.1,Estimated,Estimated using AADF from previous year on this link,N,40,30,3431,631,614,106,12,3,2,1,0,125,4831
75220,2018,A60,Major,A6008 Lower Parliament St,A60 Huntingdon Street,457600,340170,52.95584099,-1.1440485,0.1,0.1,Estimated,Estimated using AADF from previous year on this link,N,44,30,3393,573,626,107,12,3,2,1,0,125,4747
75220,2019,A60,Major,A6008 Lower Parliament St,A60 Huntingdon Street,457600,340170,52.95584099,-1.1440485,0.1,0.1,Counted,Manual count,N,217,41,3368,584,543,31,9,2,4,1,1,47,4583
75220,2020,A60,Major,A6008 Lower Parliament St,A60 Huntingdon Street,457600,340170,52.95584099,-1.1440485,0.1,0.1,Estimated,Estimated using AADF from previous year on this link,N,248,30,2558,369,479,27,8,2,3,1,1,41,3478
75220,2021,A60,Major,A6008 Lower Parliament St,A60 Huntingdon Street,457600,340170,52.95584099,-1.1440485,0.1,0.1,Estimated,Estimated using AADF from previous year on this link,N,203,32,2819,381,522,29,8,2,3,1,1,44,3798
75220,2022,A60,Major,A6008 Lower Parliament St,A60 Huntingdon Street,457600,340170,52.95584099,-1.1440485,0.1,0.1,Estimated,Estimated using AADF from previous year on this link,N,181,35,3011,409,566,30,8,2,4,1,1,46,4067
75220,2023,A60,Major,A6008 Lower Parliament St,A60 Huntingdon Street,457600,340170,52.95584099,-1.1440485,0.1,0.1,Estimated,Estimated using AADF from previous year on this link,N,178,35,3067,413,575,30,8,2,4,1,1,45,4136
75220,2024,A60,Major,A6008 Lower Parliament St,A60 Huntingdon Street,457600,340170,52.95584099,-1.1440485,0.1,0.1,Estimated,Estimated using AADF from previous year on this link,N,181,36,3114,415,586,31,8,2,3,1,1,46,4196
75220,2025,A60,Major,A6008 Lower Parliament St,A60 Huntingdon Street,457600,340170,52.95584099,-1.1440485,0.1,0.1,Estimated,Estimated using AADF from previous year on this link,N,181,36,3117,406,598,30,8,2,4,1,1,45,4203
75221,2000,A6008,Major,King Edward St,Cranbrook St,457600,340110,52.9553017,-1.14405913,0.1,0.1,Estimated,Estimated from nearby links,C,235,309,29921,942,4069,678,93,27,31,27,55,911,36152
75221,2001,A6008,Major,King Edward St,Cranbrook St,457600,340110,52.9553017,-1.14405913,0.1,0.1,Estimated,Estimated from nearby links,C,277,319,26571,821,3289,535,70,31,30,36,15,717,31717
75221,2002,A6008,Major,King Edward St,Cranbrook St,457600,340110,52.9553017,-1.14405913,0.1,0.1,Estimated,Estimated from nearby links,C,288,323,26518,838,3295,514,73,32,27,31,16,693,31667
75221,2003,A6008,Major,King Edward St,Cranbrook St,457600,340110,52.9553017,-1.14405913,0.1,0.1,Estimated,Estimated from nearby links,C,257,362,26147,749,3592,552,83,38,26,28,18,745,31595
75221,2004,A6008,Major,King Edward St,Cranbrook St,457600,340110,52.9553017,-1.14405913,0.1,0.1,Estimated,Estimated from nearby links,C,208,319,26199,696,3560,554,88,42,24,24,20,752,31526
75221,2005,A6008,Major,King Edward St,Cranbrook St,457600,340110,52.9553017,-1.14405913,0.1,0.1,Estimated,Estimated from nearby links,C,177,275,26071,729,3413,448,63,32,39,31,25,638,31126
75221,2006,A6008,Major,King Edward St,Cranbrook St,457600,340110,52.9553017,-1.14405913,0.1,0.1,Estimated,Estimated from nearby links,C,277,286,26149,718,3468,459,63,35,36,27,27,647,31268
75221,2007,A6008,Major,King Edward St,Cranbrook St,457600,340110,52.9553017,-1.14405913,0.1,0.1,Estimated,Estimated from nearby links,C,173,289,24920,690,3784,453,62,38,31,26,27,637,30320
75221,2008,A6008,Major,A60 King Edward Street,A6008 Cranbrook St,457600,340110,52.9553017,-1.14405913,0.1,0.1,Estimated,Estimated from nearby links,C,194,269,24446,697,3961,435,67,38,27,23,27,617,29990
75221,2009,A6008,Major,A60 King Edward Street,A6008 Cranbrook St,457600,340110,52.9553017,-1.14405913,0.1,0.1,Estimated,Estimated from nearby links,C,195,255,24055,683,4290,419,71,38,26,20,27,601,29884
75221,2010,A6008,Major,A60 King Edward Street,A6008 Cranbrook St,457600,340110,52.9553017,-1.14405913,0.1,0.1,Estimated,Estimated from nearby links,C,192,210,19100,726,2914,348,53,25,23,19,10,478,23428
75221,2011,A6008,Major,A60 King Edward Street,A6008 Cranbrook St,457600,340110,52.9553017,-1.14405913,0.1,0.1,Estimated,Estimated from nearby links,C,211,178,19043,686,3251,354,59,28,19,20,10,490,23648
75221,2012,A6008,Major,A60 King Edward Street,A6008 Cranbrook St,457600,340110,52.9553017,-1.14405913,0.1,0.1,Estimated,Estimated from nearby links,C,200,170,18746,746,3289,358,65,32,13,17,10,495,23446
75221,2013,A6008,Major,A60 King Edward Street,A6008 Cranbrook St,457600,340110,52.9553017,-1.14405913,0.1,0.1,Estimated,Estimated from nearby links,C,198,190,18581,780,3419,361,70,37,10,16,10,504,23473
75221,2014,A6008,Major,A60 King Edward Street,A6008 Cranbrook St,457600,340110,52.9553017,-1.14405913,0.1,0.1,Estimated,Estimated from nearby links,C,192,182,19085,750,3656,369,78,40,9,13,10,519,24192
75221,2015,A6008,Major,A60 King Edward Street,A6008 Cranbrook St,457600,340110,52.9553017,-1.14405913,0.1,0.1,Estimated,Estimated from nearby links,C,179,160,19462,808,3834,350,80,38,10,13,10,501,24766
75221,2016,A6008,Major,A60 King Edward Street,A6008 Cranbrook St,457600,340110,52.9553017,-1.14405913,0.1,0.1,Estimated,Estimated from nearby links,C,166,157,19766,749,4188,355,79,43,11,11,9,509,25369
75221,2017,A6008,Major,A60 King Edward Street,A6008 Cranbrook St,457600,340110,52.9553017,-1.14405913,0.1,0.1,Estimated,Estimated from nearby links,C,159,158,19621,699,4408,353,81,44,11,11,10,509,25396
75221,2018,A6008,Major,A60 King Edward Street,A6008 Cranbrook St,457600,340110,52.9553017,-1.14405913,0.2,0.1,Estimated,Estimated from nearby links,C,180,157,19404,634,4491,356,80,43,11,11,10,512,25198
75221,2019,A6008,Major,A60 King Edward Street,A6008 Cranbrook St,457600,340110,52.9553017,-1.14405913,0.2,0.1,Estimated,Estimated from nearby links,C,378,201,21198,591,3146,324,61,80,26,37,10,537,25673
75221,2020,A6008,Major,A60 King Edward Street,A6008 Cranbrook St,457600,340110,52.9553017,-1.14405913,0.2,0.1,Estimated,Estimated from nearby links,C,432,148,16102,373,2776,285,53,72,22,33,9,473,19872
75221,2021,A6008,Major,A60 King Edward Street,A6008 Cranbrook St,457600,340110,52.9553017,-1.14405913,0.2,0.1,Estimated,Estimated from nearby links,C,353,157,17740,385,3027,304,57,78,24,35,10,507,21816
75221,2022,A6008,Major,A60 King Edward Street,A6008 Cranbrook St,457600,340110,52.9553017,-1.14405913,0.2,0.1,Estimated,Estimated from nearby links,C,316,172,18948,414,3281,315,58,83,25,36,10,527,23341
75221,2023,A6008,Major,A60 King Edward Street,A6008 Cranbrook St,457600,340110,52.9553017,-1.14405913,0.2,0.1,Estimated,Estimated from nearby links,C,310,169,19304,418,3337,311,57,82,25,35,9,520,23747
75221,2024,A6008,Major,A60 King Edward Street,A6008 Cranbrook St,457600,340110,52.9553017,-1.14405913,0.2,0.1,Estimated,Estimated from nearby links,C,314,174,19596,420,3397,316,58,80,24,34,9,521,24108
75221,2025,A6008,Major,A60 King Edward Street,A6008 Cranbrook St,457600,340110,52.9553017,-1.14405913,0.2,0.1,Estimated,Estimated from nearby links,C,315,178,19620,410,3466,313,58,82,25,33,9,519,24193
75222,2000,A6008,Major,Cranbrook St,Huntingdon St,457700,340100,52.95520109,-1.14257255,0.1,0.1,Estimated,Estimated from nearby links,C,96,126,12190,384,1658,276,38,11,13,11,23,372,14730
75222,2001,A6008,Major,Cranbrook St,Huntingdon St,457700,340100,52.95520109,-1.14257255,0.1,0.1,Estimated,Estimated from nearby links,C,113,130,10825,334,1340,218,29,13,12,15,6,293,12922
75222,2002,A6008,Major,Cranbrook St,Huntingdon St,457700,340100,52.95520109,-1.14257255,0.1,0.1,Estimated,Estimated from nearby links,C,117,131,10804,342,1343,210,30,13,11,13,7,284,12904
75222,2003,A6008,Major,Cranbrook St,Huntingdon St,457700,340100,52.95520109,-1.14257255,0.1,0.1,Estimated,Estimated from nearby links,C,105,147,10652,305,1463,225,34,15,11,11,7,303,12870
75222,2004,A6008,Major,Cranbrook St,Huntingdon St,457700,340100,52.95520109,-1.14257255,0.1,0.1,Estimated,Estimated from nearby links,C,85,130,10674,284,1450,226,36,17,10,10,8,307,12845
75222,2005,A6008,Major,Cranbrook St,Huntingdon St,457700,340100,52.95520109,-1.14257255,0.1,0.1,Estimated,Estimated from nearby links,C,72,112,10621,297,1391,183,26,13,16,13,10,261,12682
75222,2006,A6008,Major,Cranbrook St,Huntingdon St,457700,340100,52.95520109,-1.14257255,0.1,0.1,Estimated,Estimated from nearby links,C,113,116,10653,292,1413,187,26,14,15,11,11,264,12738
75222,2007,A6008,Major,Cranbrook St,Huntingdon St,457700,340100,52.95520109,-1.14257255,0.1,0.1,Estimated,Estimated from nearby links,C,70,118,10152,281,1541,184,25,15,12,11,11,258,12350
75222,2008,A6008,Major,A6008 Cranbrook Street,A60 Huntingdon Street,457700,340100,52.95520109,-1.14257255,0.1,0.1,Estimated,Estimated from nearby links,C,79,110,9960,284,1614,177,27,16,11,9,11,251,12219
75222,2009,A6008,Major,A6008 Cranbrook Street,A60 Huntingdon Street,457700,340100,52.95520109,-1.14257255,0.1,0.1,Estimated,Estimated from nearby links,C,79,104,9800,278,1748,171,29,15,10,8,11,244,12174
75222,2010,A6008,Major,A6008 Cranbrook Street,A60 Huntingdon Street,457700,340100,52.95520109,-1.14257255,0.1,0.1,Estimated,Estimated from nearby links,C,78,86,7781,296,1187,142,22,10,9,8,4,195,9545
75222,2011,A6008,Major,A6008 Cranbrook Street,A60 Huntingdon Street,457700,340100,52.95520109,-1.14257255,0.1,0.1,Estimated,Estimated from nearby links,C,86,72,7758,280,1325,144,24,11,8,8,4,199,9634
75222,2012,A6008,Major,A6008 Cranbrook Street,A60 Huntingdon Street,457700,340100,52.95520109,-1.14257255,0.1,0.1,Estimated,Estimated from nearby links,C,82,69,7637,304,1340,146,26,13,5,7,4,202,9552
75222,2013,A6008,Major,A6008 Cranbrook Street,A60 Huntingdon Street,457700,340100,52.95520109,-1.14257255,0.1,0.1,Estimated,Estimated from nearby links,C,81,77,7570,318,1393,147,29,15,4,7,4,205,9563
75222,2014,A6008,Major,A6008 Cranbrook Street,A60 Huntingdon Street,457700,340100,52.95520109,-1.14257255,0.1,0.1,Estimated,Estimated from nearby links,C,78,74,7775,306,1489,150,32,16,4,5,4,211,9856
75222,2015,A6008,Major,A6008 Cranbrook Street,A60 Huntingdon Street,457700,340100,52.95520109,-1.14257255,0.1,0.1,Estimated,Estimated from nearby links,C,73,65,7929,329,1562,143,33,16,4,5,4,204,10090
75222,2016,A6008,Major,A6008 Cranbrook Street,A60 Huntingdon Street,457700,340100,52.95520109,-1.14257255,0.1,0.1,Estimated,Estimated from nearby links,C,68,64,8053,305,1706,145,32,18,4,5,4,207,10335
75222,2017,A6008,Major,A6008 Cranbrook Street,A60 Huntingdon Street,457700,340100,52.95520109,-1.14257255,0.1,0.1,Estimated,Estimated from nearby links,C,65,65,7994,285,1796,144,33,18,5,5,4,208,10347
75222,2018,A6008,Major,A6008 Cranbrook Street,A60 Huntingdon Street,457700,340100,52.95520109,-1.14257255,0.1,0.1,Estimated,Estimated from nearby links,C,73,64,7906,258,1830,145,33,17,5,5,4,209,10266
75222,2019,A6008,Major,A6008 Cranbrook Street,A60 Huntingdon Street,457700,340100,52.95520109,-1.14257255,0.1,0.1,Estimated,Estimated from nearby links,C,154,82,8636,241,1282,132,25,33,10,15,4,219,10459
75222,2020,A6008,Major,A6008 Cranbrook Street,A60 Huntingdon Street,457700,340100,52.95520109,-1.14257255,0.1,0.1,Estimated,Estimated from nearby links,C,176,60,6560,152,1131,116,21,29,9,13,4,193,8096
75222,2021,A6008,Major,A6008 Cranbrook Street,A60 Huntingdon Street,457700,340100,52.95520109,-1.14257255,0.1,0.1,Estimated,Estimated from nearby links,C,144,64,7227,157,1233,124,23,32,10,14,4,207,8888
75222,2022,A6008,Major,A6008 Cranbrook Street,A60 Huntingdon Street,457700,340100,52.95520109,-1.14257255,0.1,0.1,Estimated,Estimated from nearby links,C,129,70,7719,169,1337,128,24,34,10,15,4,215,9509
75222,2023,A6008,Major,A6008 Cranbrook Street,A60 Huntingdon Street,457700,340100,52.95520109,-1.14257255,0.1,0.1,Estimated,Estimated from nearby links,C,126,69,7865,170,1359,127,23,33,10,14,4,212,9675
75222,2024,A6008,Major,A6008 Cranbrook Street,A60 Huntingdon Street,457700,340100,52.95520109,-1.14257255,0.1,0.1,Estimated,Estimated from nearby links,C,128,71,7984,171,1384,129,23,33,10,14,4,212,9822
75222,2025,A6008,Major,A6008 Cranbrook Street,A60 Huntingdon Street,457700,340100,52.95520109,-1.14257255,0.1,0.1,Estimated,Estimated from nearby links,C,128,72,7993,167,1412,127,24,33,10,13,4,211,9856
75223,2000,A6008,Major,Belward St,Lower Parliament St,457850,339940,52.95374687,-1.1403685,0.1,0.1,Estimated,Estimated using AADF from previous year on this link,E,123,131,2419,60,406,49,7,0,1,1,0,58,3074
75223,2000,A6008,Major,Belward St,Lower Parliament St,457850,339940,52.95374687,-1.1403685,0.1,0.1,Estimated,Estimated using AADF from previous year on this link,W,117,124,26,403,5,2,1,0,0,0,0,3,561
75223,2001,A6008,Major,Belward St,Lower Parliament St,457850,339940,52.95374687,-1.1403685,0.1,0.1,Counted,Manual count,E,118,137,2344,63,409,47,8,0,1,1,0,57,3010
75223,2001,A6008,Major,Belward St,Lower Parliament St,457850,339940,52.95374687,-1.1403685,0.1,0.1,Counted,Manual count,W,112,130,25,422,5,2,1,0,0,0,0,3,585
75223,2002,A6008,Major,Belward St,Lower Parliament St,457850,339940,52.95374687,-1.1403685,0.1,0.1,Estimated,Estimated using AADF from previous year on this link,E,123,142,2382,64,438,44,8,0,1,1,0,54,3080
75223,2002,A6008,Major,Belward St,Lower Parliament St,457850,339940,52.95374687,-1.1403685,0.1,0.1,Estimated,Estimated using AADF from previous year on this link,W,116,135,25,425,5,2,1,0,0,0,0,3,593
75223,2003,A6008,Major,Belward St,Lower Parliament St,457850,339940,52.95374687,-1.1403685,0.1,0.1,Estimated,Estimated using AADF from previous year on this link,E,110,202,2294,62,476,43,8,0,1,1,0,53,3087
75223,2003,A6008,Major,Belward St,Lower Parliament St,457850,339940,52.95374687,-1.1403685,0.1,0.1,Estimated,Estimated using AADF from previous year on this link,W,104,192,24,414,5,2,1,0,0,0,0,3,638
75223,2004,A6008,Major,Belward St,Lower Parliament St,457850,339940,52.95374687,-1.1403685,0.1,0.1,Estimated,Estimated using AADF from previous year on this link,E,89,133,2324,51,524,52,11,0,1,1,0,65,3097
75223,2004,A6008,Major,Belward St,Lower Parliament St,457850,339940,52.95374687,-1.1403685,0.1,0.1,Estimated,Estimated using AADF from previous year on this link,W,84,126,24,339,6,2,1,0,0,0,0,3,498
75223,2005,A6008,Major,Belward St,Lower Parliament St,457850,339940,52.95374687,-1.1403685,0.1,0.1,Estimated,Estimated using AADF from previous year on this link,E,75,109,2217,48,558,56,11,0,1,1,0,69,3001
75223,2005,A6008,Major,Belward St,Lower Parliament St,457850,339940,52.95374687,-1.1403685,0.1,0.1,Estimated,Estimated using AADF from previous year on this link,W,71,104,23,320,6,3,1,0,0,0,0,4,457
75223,2006,A6008,Major,Belward St,Lower Parliament St,457850,339940,52.95374687,-1.1403685,0.1,0.1,Estimated,Estimated using AADF from previous year on this link,E,118,95,2175,45,567,54,10,0,1,1,0,66,2948
75223,2006,A6008,Major,Belward St,Lower Parliament St,457850,339940,52.95374687,-1.1403685,0.1,0.1,Estimated,Estimated using AADF from previous year on this link,W,111,90,23,297,6,2,1,0,0,0,0,3,419
75223,2007,A6008,Major,Belward St,Lower Parliament St,457850,339940,52.95374687,-1.1403685,0.1,0.1,Counted,Manual count,E,118,47,1717,39,234,27,6,0,2,1,1,37,2074
75223,2007,A6008,Major,Belward St,Lower Parliament St,457850,339940,52.95374687,-1.1403685,0.1,0.1,Counted,Manual count,W,96,0,23,420,0,0,0,0,0,0,0,0,443
75223,2008,A6008,Major,A6008 Belward Street,A6008 Lower Parliament Street,457850,339940,52.95374687,-1.1403685,0.1,0.1,Estimated,Estimated using AADF from previous year on this link,E,132,45,1679,34,239,27,6,0,2,1,1,37,2034
75223,2008,A6008,Major,A6008 Belward Street,A6008 Lower Parliament Street,457850,339940,52.95374687,-1.1403685,0.1,0.1,Estimated,Estimated using AADF from previous year on this link,W,108,0,23,365,0,0,0,0,0,0,0,0,388
75223,2009,A6008,Major,A6008 Belward Street,A6008 Lower Parliament Street,457850,339940,52.95374687,-1.1403685,0.1,0.1,Estimated,Estimated using AADF from previous year on this link,E,132,50,1716,34,243,25,6,0,2,1,1,35,2078
75223,2009,A6008,Major,A6008 Belward Street,A6008 Lower Parliament Street,457850,339940,52.95374687,-1.1403685,0.1,0.1,Estimated,Estimated using AADF from previous year on this link,W,108,0,24,361,0,0,0,0,0,0,0,0,385
75223,2010,A6008,Major,A6008 Belward Street,A6008 Lower Parliament Street,457850,339940,52.95374687,-1.1403685,0.1,0.1,Estimated,Estimated using AADF from previous year on this link,E,133,48,1706,39,260,27,6,0,2,1,1,37,2090
75223,2010,A6008,Major,A6008 Belward Street,A6008 Lower Parliament Street,457850,339940,52.95374687,-1.1403685,0.1,0.1,Estimated,Estimated using AADF from previous year on this link,W,109,0,24,409,0,0,0,0,0,0,0,0,433
75223,2011,A6008,Major,A6008 Belward Street,A6008 Lower Parliament Street,457850,339940,52.95374687,-1.1403685,0.1,0.1,Estimated,Estimated using AADF from previous year on this link,E,147,41,1701,37,290,27,7,0,2,1,1,38,2107
75223,2011,A6008,Major,A6008 Belward Street,A6008 Lower Parliament Street,457850,339940,52.95374687,-1.1403685,0.1,0.1,Estimated,Estimated using AADF from previous year on this link,W,120,0,24,387,0,0,0,0,0,0,0,0,411
75223,2012,A6008,Major,A6008 Belward Street,A6008 Lower Parliament Street,457850,339940,52.95374687,-1.1403685,0.1,0.1,Estimated,Estimated using AADF from previous year on this link,E,139,39,1674,40,293,27,8,0,1,1,1,38,2086
75223,2012,A6008,Major,A6008 Belward Street,A6008 Lower Parliament Street,457850,339940,52.95374687,-1.1403685,0.1,0.1,Estimated,Estimated using AADF from previous year on this link,W,113,0,24,421,0,0,0,0,0,0,0,0,444
75223,2013,A6008,Major,A6008 Belward Street,A6008 Lower Parliament Street,457850,339940,52.95374687,-1.1403685,0.1,0.1,Estimated,Estimated using AADF from previous year on this link,E,137,44,1660,42,305,28,8,0,1,1,1,39,2089
75223,2013,A6008,Major,A6008 Belward Street,A6008 Lower Parliament Street,457850,339940,52.95374687,-1.1403685,0.1,0.1,Estimated,Estimated using AADF from previous year on this link,W,112,0,23,440,0,0,0,0,0,0,0,0,463
75223,2014,A6008,Major,A6008 Belward Street,A6008 Lower Parliament Street,457850,339940,52.95374687,-1.1403685,0.1,0.1,Estimated,Estimated using AADF from previous year on this link,E,133,42,1705,40,326,28,9,0,1,1,1,40,2153
75223,2014,A6008,Major,A6008 Belward Street,A6008 Lower Parliament Street,457850,339940,52.95374687,-1.1403685,0.1,0.1,Estimated,Estimated using AADF from previous year on this link,W,109,0,24,423,0,0,0,0,0,0,0,0,448
75223,2015,A6008,Major,A6008 Belward Street,A6008 Lower Parliament Street,457850,339940,52.95374687,-1.1403685,0.1,0.1,Estimated,Estimated using AADF from previous year on this link,E,124,37,1738,44,342,27,9,0,1,1,1,39,2200
75223,2015,A6008,Major,A6008 Belward Street,A6008 Lower Parliament Street,457850,339940,52.95374687,-1.1403685,0.1,0.1,Estimated,Estimated using AADF from previous year on this link,W,101,0,25,456,0,0,0,0,0,0,0,0,481
75223,2016,A6008,Major,A6008 Belward Street,A6008 Lower Parliament Street,457850,339940,52.95374687,-1.1403685,0.1,0.1,Counted,Manual count,E,122,9,2009,18,352,13,6,1,0,2,0,22,2411
75223,2016,A6008,Major,A6008 Belward Street,A6008 Lower Parliament Street,457850,339940,52.95374687,-1.1403685,0.1,0.1,Counted,Manual count,W,94,0,24,341,2,0,0,0,0,1,0,1,368
75223,2017,A6008,Major,A6008 Belward Street,A6008 Lower Parliament Street,457850,339940,52.95374687,-1.1403685,0.1,0.1,Estimated,Estimated using AADF from previous year on this link,E,117,10,1994,17,370,13,6,1,0,2,0,22,2414
75223,2017,A6008,Major,A6008 Belward Street,A6008 Lower Parliament Street,457850,339940,52.95374687,-1.1403685,0.1,0.1,Estimated,Estimated using AADF from previous year on this link,W,90,0,24,318,2,0,0,0,0,1,0,1,345
75223,2018,A6008,Major,A6008 Belward Street,A6008 Lower Parliament Street,457850,339940,52.95374687,-1.1403685,0.1,0.1,Estimated,Estimated using AADF from previous year on this link,E,129,9,1972,15,377,13,6,1,0,2,0,23,2397
75223,2018,A6008,Major,A6008 Belward Street,A6008 Lower Parliament Street,457850,339940,52.95374687,-1.1403685,0.1,0.1,Estimated,Estimated using AADF from previous year on this link,W,99,0,24,289,2,0,0,0,0,1,0,1,316
75223,2019,A6008,Major,A6008 Belward Street,A6008 Lower Parliament Street,457850,339940,52.95374687,-1.1403685,0.1,0.1,Estimated,Estimated using AADF from previous year on this link,E,142,9,1997,16,374,13,6,1,0,2,0,23,2418
75223,2019,A6008,Major,A6008 Belward Street,A6008 Lower Parliament Street,457850,339940,52.95374687,-1.1403685,0.1,0.1,Estimated,Estimated using AADF from previous year on this link,W,109,0,24,292,2,0,0,0,0,1,0,1,319
75223,2020,A6008,Major,A6008 Belward Street,A6008 Lower Parliament Street,457850,339940,52.95374687,-1.1403685,0.1,0.1,Estimated,Estimated using AADF from previous year on this link,E,162,7,1517,10,330,12,6,1,0,2,0,20,1883
75223,2020,A6008,Major,A6008 Belward Street,A6008 Lower Parliament Street,457850,339940,52.95374687,-1.1403685,0.1,0.1,Estimated,Estimated using AADF from previous year on this link,W,124,0,18,184,2,0,0,0,0,1,0,1,205
75223,2021,A6008,Major,A6008 Belward Street,A6008 Lower Parliament Street,457850,339940,52.95374687,-1.1403685,0.1,0.1,Estimated,Estimated using AADF from previous year on this link,E,132,7,1671,10,360,12,6,1,0,2,0,21,2069
75223,2021,A6008,Major,A6008 Belward Street,A6008 Lower Parliament Street,457850,339940,52.95374687,-1.1403685,0.1,0.1,Estimated,Estimated using AADF from previous year on this link,W,101,0,20,190,2,0,0,0,0,1,0,1,213
75223,2022,A6008,Major,A6008 Belward Street,A6008 Lower Parliament Street,457850,339940,52.95374687,-1.1403685,0.1,0.1,Estimated,Estimated using AADF from previous year on this link,E,118,8,1785,11,390,13,6,1,0,2,0,22,2215
75223,2022,A6008,Major,A6008 Belward Street,A6008 Lower Parliament Street,457850,339940,52.95374687,-1.1403685,0.1,0.1,Estimated,Estimated using AADF from previous year on this link,W,91,0,21,205,2,0,0,0,0,1,0,1,229
75223,2023,A6008,Major,A6008 Belward Street,A6008 Lower Parliament Street,457850,339940,52.95374687,-1.1403685,0.1,0.1,Estimated,Estimated using AADF from previous year on this link,E,116,7,1819,11,397,13,6,1,0,2,0,22,2255
75223,2023,A6008,Major,A6008 Belward Street,A6008 Lower Parliament Street,457850,339940,52.95374687,-1.1403685,0.1,0.1,Estimated,Estimated using AADF from previous year on this link,W,89,0,22,206,2,0,0,0,0,1,0,1,232
75223,2024,A6008,Major,A6008 Belward Street,A6008 Lower Parliament Street,457850,339940,52.95374687,-1.1403685,0.1,0.1,Counted,Manual count,E,168,23,1498,35,275,22,5,1,1,0,1,30,1862
75223,2024,A6008,Major,A6008 Belward Street,A6008 Lower Parliament Street,457850,339940,52.95374687,-1.1403685,0.1,0.1,Counted,Manual count,W,201,8,23,280,7,0,0,0,0,0,0,0,318
75223,2025,A6008,Major,A6008 Belward Street,A6008 Lower Parliament Street,457850,339940,52.95374687,-1.1403685,0.1,0.1,Estimated,Estimated using AADF from previous year on this link,E,168,24,1500,34,281,22,5,1,1,0,1,30,1869
75223,2025,A6008,Major,A6008 Belward Street,A6008 Lower Parliament Street,457850,339940,52.95374687,-1.1403685,0.1,0.1,Estimated,Estimated using AADF from previous year on this link,W,201,8,23,274,7,0,0,0,0,0,0,0,312
75224,2000,A6008,Major,Hockley,Southwell Rd,457930,339900,52.95337872,-1.13918499,0.1,0.1,Estimated,Estimated from nearby links,C,378,447,18820,1111,2536,402,54,31,18,26,14,545,23459
75224,2001,A6008,Major,Hockley,Southwell Rd,457930,339900,52.95337872,-1.13918499,0.1,0.1,Estimated,Estimated from nearby links,C,362,466,19071,1145,2530,393,62,31,16,22,16,540,23752
75224,2002,A6008,Major,Hockley,Southwell Rd,457930,339900,52.95337872,-1.13918499,0.1,0.1,Estimated,Estimated from nearby links,C,376,478,19076,1164,2563,377,64,32,15,19,18,525,23806
75224,2003,A6008,Major,Hockley,Southwell Rd,457930,339900,52.95337872,-1.13918499,0.1,0.1,Estimated,Estimated from nearby links,C,335,620,18754,1079,2792,400,71,38,14,17,20,560,23805
75224,2004,A6008,Major,Hockley,Southwell Rd,457930,339900,52.95337872,-1.13918499,0.1,0.1,Estimated,Estimated from nearby links,C,368,444,18613,905,2614,368,56,42,34,25,18,543,23119
75224,2005,A6008,Major,Hockley,Southwell Rd,457930,339900,52.95337872,-1.13918499,0.1,0.1,Estimated,Estimated from nearby links,C,311,399,18099,875,2703,361,54,42,30,22,18,527,22603
75224,2006,A6008,Major,Hockley,Southwell Rd,457930,339900,52.95337872,-1.13918499,0.1,0.1,Estimated,Estimated from nearby links,C,488,379,18104,840,2745,366,53,46,27,19,20,531,22599
75224,2007,A6008,Major,Hockley,Southwell Rd,457930,339900,52.95337872,-1.13918499,0.1,0.1,Estimated,Estimated from nearby links,C,251,68,5409,486,707,127,21,6,10,11,9,184,6854
75224,2008,A6008,Major,A6008 Hockley,A612,457930,339900,52.95337872,-1.13918499,0.1,0.1,Estimated,Estimated from nearby links,C,282,65,5300,427,734,123,23,7,9,10,9,181,6707
75224,2009,A6008,Major,A6008 Hockley,A612,457930,339900,52.95337872,-1.13918499,0.1,0.1,Estimated,Estimated from nearby links,C,282,69,5280,422,779,117,24,7,8,9,9,174,6724
75224,2010,A6008,Major,A6008 Hockley,A612,457930,339900,52.95337872,-1.13918499,0.1,0.1,Estimated,Estimated from nearby links,C,283,65,5195,476,798,118,23,6,10,8,8,173,6707
75224,2011,A6008,Major,A6008 Hockley,A612,457930,339900,52.95337872,-1.13918499,0.1,0.1,Estimated,Estimated from nearby links,C,439,123,13624,908,1691,195,54,28,9,11,9,306,16652
75224,2012,A6008,Major,A6008 Hockley,A612,457930,339900,52.95337872,-1.13918499,0.1,0.1,Estimated,Estimated from nearby links,C,158,107,13547,304,2150,248,52,45,13,34,40,433,16541
75224,2013,A6008,Major,A6008 Hockley,A612,457930,339900,52.95337872,-1.13918499,0.1,0.1,Estimated,Estimated from nearby links,C,158,121,13513,319,2171,243,54,49,11,36,41,434,16557
75224,2014,A6008,Major,A6008 Hockley,A612,457930,339900,52.95337872,-1.13918499,0.1,0.1,Estimated,Estimated from nearby links,C,159,116,13880,305,2275,243,58,52,11,33,39,435,17010
75224,2015,A6008,Major,A6008 Hockley,A612,457930,339900,52.95337872,-1.13918499,0.1,0.1,Estimated,Estimated from nearby links,C,155,104,14210,331,2363,228,58,48,13,31,37,416,17424
75224,2016,A6008,Major,A6008 Hockley,A612,457930,339900,52.95337872,-1.13918499,0.1,0.1,Estimated,Estimated from nearby links,C,123,130,15817,246,2640,257,57,61,24,60,84,542,19376
75224,2017,A6008,Major,A6008 Hockley,A612,457930,339900,52.95337872,-1.13918499,0.1,0.1,Estimated,Estimated from nearby links,C,129,132,15821,233,2618,244,54,59,24,67,78,526,19331
75224,2018,A6008,Major,A6008 Hockley,A612,457930,339900,52.95337872,-1.13918499,0.1,0.1,Estimated,Estimated from nearby links,C,148,132,15740,210,2531,234,51,57,24,73,82,521,19134
75224,2019,A6008,Major,A6008 Hockley,A612,457930,339900,52.95337872,-1.13918499,0.1,0.1,Estimated,Estimated from nearby links,C,220,126,16022,267,2456,211,48,51,22,51,51,435,19306
75224,2020,A6008,Major,A6008 Hockley,A612,457930,339900,52.95337872,-1.13918499,0.1,0.1,Estimated,Estimated from nearby links,C,229,87,11113,160,1953,166,38,41,17,40,44,346,13658
75224,2021,A6008,Major,A6008 Hockley,A612,457930,339900,52.95337872,-1.13918499,0.1,0.1,Estimated,Estimated from nearby links,C,170,94,12267,157,2090,175,40,46,18,45,53,377,14985
75224,2022,A6008,Major,A6008 Hockley,A612,457930,339900,52.95337872,-1.13918499,0.1,0.1,Estimated,Estimated from nearby links,C,163,106,13129,173,2249,178,40,48,18,45,53,382,16039
75224,2023,A6008,Major,A6008 Hockley,A612,457930,339900,52.95337872,-1.13918499,0.1,0.1,Estimated,Estimated from nearby links,C,170,107,13394,182,2267,172,39,46,17,41,52,368,16318
75224,2024,A6008,Major,A6008 Hockley,A612,457930,339900,52.95337872,-1.13918499,0.1,0.1,Estimated,Estimated from nearby links,C,170,111,13361,184,2223,163,37,43,15,37,49,345,16224
75224,2025,A6008,Major,A6008 Hockley,A612,457930,339900,52.95337872,-1.13918499,0.1,0.1,Estimated,Estimated from nearby links,C,170,118,13438,184,2213,153,36,43,14,34,48,327,16282
75225,2000,A6008,Major,A60,Fisher Gate roundabout,457860,339560,52.95033024,-1.1402873,0.2,0.1,Estimated,Estimated from nearby links,C,224,433,40058,237,5519,822,130,52,63,44,66,1177,47424
75225,2001,A6008,Major,A60,Fisher Gate roundabout,457860,339560,52.95033024,-1.1402873,0.2,0.1,Estimated,Estimated from nearby links,C,214,448,40859,241,5497,805,150,52,55,38,74,1174,48219
75225,2002,A6008,Major,A60,Fisher Gate roundabout,457860,339560,52.95033024,-1.1402873,0.2,0.1,Estimated,Estimated from nearby links,C,244,426,44656,182,4551,631,94,68,61,51,29,934,50749
75225,2003,A6008,Major,A60,Fisher Gate roundabout,457860,339560,52.95033024,-1.1402873,0.2,0.1,Estimated,Estimated from nearby links,C,218,478,44031,163,4961,677,107,80,58,45,32,999,50632
75225,2004,A6008,Major,A60,Fisher Gate roundabout,457860,339560,52.95033024,-1.1402873,0.2,0.1,Estimated,Estimated from nearby links,C,176,421,44119,151,4916,680,113,87,55,40,35,1010,50617
75225,2005,A6008,Major,A60,Fisher Gate roundabout,457860,339560,52.95033024,-1.1402873,0.2,0.1,Estimated,Estimated from nearby links,C,149,425,43016,149,5044,653,106,89,49,35,37,969,49603
75225,2006,A6008,Major,A60,Fisher Gate roundabout,457860,339560,52.95033024,-1.1402873,0.2,0.1,Estimated,Estimated from nearby links,C,234,442,43145,146,5124,668,106,96,44,31,40,985,49842
75225,2007,A6008,Major,A60,Fisher Gate roundabout,457860,339560,52.95033024,-1.1402873,0.2,0.1,Estimated,Estimated from nearby links,C,146,447,41117,141,5591,660,104,104,38,29,41,976,48272
75225,2008,A6008,Major,A60,A6008 Fisher Gate ,457860,339560,52.95033024,-1.1402873,0.2,0.1,Estimated,Estimated from nearby links,C,164,417,40336,142,5854,633,113,106,33,26,40,951,47700
75225,2009,A6008,Major,A60,A6008 Fisher Gate ,457860,339560,52.95033024,-1.1402873,0.2,0.1,Estimated,Estimated from nearby links,C,492,243,36606,176,4467,516,91,30,54,35,17,743,42235
75225,2010,A6008,Major,A60,A6008 Fisher Gate ,457860,339560,52.95033024,-1.1402873,0.2,0.1,Estimated,Estimated from nearby links,C,402,223,33742,168,3810,419,112,53,29,22,30,665,38608
75225,2011,A6008,Major,A60,A6008 Fisher Gate ,457860,339560,52.95033024,-1.1402873,0.2,0.1,Estimated,Estimated from nearby links,C,412,343,37371,258,4414,451,95,42,88,14,41,731,43117
75225,2012,A6008,Major,A60,A6008 Fisher Gate,457860,339560,52.95033024,-1.1402873,0.2,0.1,Estimated,Estimated using AADF from previous year on this link,N,82,169,18630,140,2109,191,38,30,21,6,21,307,21354
75225,2012,A6008,Major,A60,A6008 Fisher Gate,457860,339560,52.95033024,-1.1402873,0.2,0.1,Estimated,Estimated using AADF from previous year on this link,S,307,141,18583,138,2129,208,52,12,43,6,20,341,21332
75225,2013,A6008,Major,A60,A6008 Fisher Gate,457860,339560,52.95033024,-1.1402873,0.2,0.1,Counted,Dependent on a neighbouring counted link,N,117,158,18521,90,2340,170,60,20,11,9,16,285,21396
75225,2013,A6008,Major,A60,A6008 Fisher Gate,457860,339560,52.95033024,-1.1402873,0.2,0.1,Counted,Dependent on a neighbouring counted link,S,409,149,18347,136,2229,188,99,17,11,11,19,345,21206
75225,2014,A6008,Major,A60,A6008 Fisher Gate,457860,339560,52.95033024,-1.1402873,0.2,0.1,Estimated,Estimated using AADF from previous year on this link,N,114,168,18329,96,2665,179,69,22,11,9,18,309,21568
75225,2014,A6008,Major,A60,A6008 Fisher Gate,457860,339560,52.95033024,-1.1402873,0.2,0.1,Estimated,Estimated using AADF from previous year on this link,S,397,158,18156,145,2539,199,113,19,11,10,21,375,21373
75225,2015,A6008,Major,A60,A6008 Fisher Gate,457860,339560,52.95033024,-1.1402873,0.2,0.1,Counted,Dependent on a neighbouring counted link,N,438,155,20244,74,2596,163,42,24,8,6,11,254,23322
75225,2015,A6008,Major,A60,A6008 Fisher Gate,457860,339560,52.95033024,-1.1402873,0.2,0.1,Counted,Dependent on a neighbouring counted link,S,478,114,18831,45,2459,170,61,27,6,11,18,294,21743
75225,2016,A6008,Major,A60,A6008 Fisher Gate,457860,339560,52.95033024,-1.1402873,0.2,0.1,Estimated,Estimated using AADF from previous year on this link,N,408,151,20560,68,2836,166,42,27,9,5,11,259,23874
75225,2016,A6008,Major,A60,A6008 Fisher Gate,457860,339560,52.95033024,-1.1402873,0.2,0.1,Estimated,Estimated using AADF from previous year on this link,S,445,111,19125,42,2686,173,60,31,7,10,18,298,22262
75225,2017,A6008,Major,A60,A6008 Fisher Gate,457860,339560,52.95033024,-1.1402873,0.2,0.1,Estimated,Estimated using AADF from previous year on this link,N,391,153,20408,64,2985,164,43,27,9,5,11,260,23870
75225,2017,A6008,Major,A60,A6008 Fisher Gate,457860,339560,52.95033024,-1.1402873,0.2,0.1,Estimated,Estimated using AADF from previous year on this link,S,426,112,18984,39,2827,171,61,31,7,10,19,300,22263
75225,2018,A6008,Major,A60,A6008 Fisher Gate,457860,339560,52.95033024,-1.1402873,0.2,0.1,Estimated,Estimated using AADF from previous year on this link,N,443,151,20184,58,3041,166,42,27,9,5,12,261,23695
75225,2018,A6008,Major,A60,A6008 Fisher Gate,457860,339560,52.95033024,-1.1402873,0.2,0.1,Estimated,Estimated using AADF from previous year on this link,S,483,111,18775,36,2880,173,61,30,7,10,20,301,22103
75225,2019,A6008,Major,A60,A6008 Fisher Gate,457860,339560,52.95033024,-1.1402873,0.2,0.1,Counted,Dependent on a neighbouring counted link,N,187,151,17247,86,2382,160,50,15,4,15,15,259,20125
75225,2019,A6008,Major,A60,A6008 Fisher Gate,457860,339560,52.95033024,-1.1402873,0.2,0.1,Counted,Dependent on a neighbouring counted link,S,127,173,18800,122,2514,153,46,18,2,10,5,234,21844
75225,2020,A6008,Major,A60,A6008 Fisher Gate,457860,339560,52.95033024,-1.1402873,0.2,0.1,Estimated,Estimated using AADF from previous year on this link,N,214,111,13101,54,2102,140,44,13,3,13,13,227,15595
75225,2020,A6008,Major,A60,A6008 Fisher Gate,457860,339560,52.95033024,-1.1402873,0.2,0.1,Estimated,Estimated using AADF from previous year on this link,S,145,128,14280,77,2218,135,40,16,2,9,4,206,16910
75225,2021,A6008,Major,A60,A6008 Fisher Gate,457860,339560,52.95033024,-1.1402873,0.2,0.1,Estimated,Estimated using AADF from previous year on this link,N,175,118,14433,56,2292,150,47,14,4,14,14,243,17142
75225,2021,A6008,Major,A60,A6008 Fisher Gate,457860,339560,52.95033024,-1.1402873,0.2,0.1,Estimated,Estimated using AADF from previous year on this link,S,119,136,15732,80,2418,144,43,18,2,10,4,221,18587
75225,2022,A6008,Major,A60,A6008 Fisher Gate,457860,339560,52.95033024,-1.1402873,0.2,0.1,Counted,Dependent on a neighbouring counted link,N,84,144,17533,107,2623,308,37,28,1,18,19,410,20817
75225,2022,A6008,Major,A60,A6008 Fisher Gate,457860,339560,52.95033024,-1.1402873,0.2,0.1,Counted,Dependent on a neighbouring counted link,S,127,110,15414,65,2297,315,35,40,2,6,14,413,18297
75225,2023,A6008,Major,A60,A6008 Fisher Gate,457860,339560,52.95033024,-1.1402873,0.2,0.1,Estimated,Estimated using AADF from previous year on this link,N,83,142,17862,108,2668,304,36,27,1,17,18,404,21184
75225,2023,A6008,Major,A60,A6008 Fisher Gate,457860,339560,52.95033024,-1.1402873,0.2,0.1,Estimated,Estimated using AADF from previous year on this link,S,125,108,15704,65,2336,311,34,40,2,5,14,407,18619
75225,2024,A6008,Major,A60,A6008 Fisher Gate,457860,339560,52.95033024,-1.1402873,0.2,0.1,Estimated,Estimated using AADF from previous year on this link,N,84,146,18133,108,2715,309,36,27,1,17,18,407,21510
75225,2024,A6008,Major,A60,A6008 Fisher Gate,457860,339560,52.95033024,-1.1402873,0.2,0.1,Estimated,Estimated using AADF from previous year on this link,S,127,112,15942,65,2377,316,35,39,2,5,13,410,18906
75225,2025,A6008,Major,A60,A6008 Fisher Gate,457860,339560,52.95033024,-1.1402873,0.2,0.1,Estimated,Estimated using AADF from previous year on this link,N,84,149,18155,106,2771,306,36,27,1,16,17,404,21585
75225,2025,A6008,Major,A60,A6008 Fisher Gate,457860,339560,52.95033024,-1.1402873,0.2,0.1,Estimated,Estimated using AADF from previous year on this link,S,127,114,15961,64,2426,313,35,40,2,5,13,408,18972
89152,2017,A453,Major,A453 split,A52,456186,336485,52.92286858,-1.16573035,0.6,0.4,Estimated,Estimated from nearby links,C,0,58,9287,47,1437,122,33,28,15,51,97,346,11176
89152,2018,A453,Major,A453 split,A52,456186,336485,52.92286858,-1.16573035,0.7,0.4,Counted,Manual count,N,192,57,10594,78,1548,147,38,53,37,196,173,644,12921
89152,2018,A453,Major,A453 split,A52,456186,336485,52.92286858,-1.16573035,0.7,0.4,Counted,Manual count,S,177,45,8309,87,1071,138,23,16,20,43,44,284,9796
89152,2019,A453,Major,A453 split,A52,456186,336485,52.92286858,-1.16573035,0.7,0.4,Estimated,Estimated using AADF from previous year on this link,N,214,58,10684,75,1543,145,38,53,37,195,173,642,13001
89152,2019,A453,Major,A453 split,A52,456186,336485,52.92286858,-1.16573035,0.7,0.4,Estimated,Estimated using AADF from previous year on this link,S,198,46,8379,83,1067,137,23,16,20,43,44,283,9857
89152,2020,A453,Major,A453 split,A52,456186,336485,52.92286858,-1.16573035,0.7,0.4,Estimated,Estimated using AADF from previous year on this link,N,218,34,7178,46,1226,120,32,45,32,172,146,547,9031
89152,2020,A453,Major,A453 split,A52,456186,336485,52.92286858,-1.16573035,0.7,0.4,Estimated,Estimated using AADF from previous year on this link,S,201,27,5630,51,848,113,19,13,17,38,37,238,6793
89152,2021,A453,Major,A453 split,A52,456186,336485,52.92286858,-1.16573035,0.7,0.4,Estimated,Estimated using AADF from previous year on this link,N,221,40,8240,56,1474,140,36,53,37,190,165,620,10429
89152,2021,A453,Major,A453 split,A52,456186,336485,52.92286858,-1.16573035,0.7,0.4,Estimated,Estimated using AADF from previous year on this link,S,204,32,6462,62,1020,131,22,16,19,42,42,272,7848
89152,2022,A453,Major,A453 split,A52,456186,336485,52.92286858,-1.16573035,0.7,0.4,Counted,Manual count,N,249,61,10593,79,1912,131,73,54,4,609,8,879,13524
89152,2022,A453,Major,A453 split,A52,456186,336485,52.92286858,-1.16573035,0.7,0.4,Counted,Manual count,S,287,56,8646,80,1383,111,30,22,0,129,2,294,10459
89152,2023,A453,Major,A453 split,A52,456186,336485,52.92286858,-1.16573035,0.7,0.4,Estimated,Estimated using AADF from previous year on this link,N,215,59,10751,79,1976,132,71,51,4,610,8,876,13742
89152,2023,A453,Major,A453 split,A52,456186,336485,52.92286858,-1.16573035,0.7,0.4,Estimated,Estimated using AADF from previous year on this link,S,248,54,8775,80,1429,112,29,21,0,129,2,294,10632
89152,2024,A453,Major,A453 split,A52,456186,336485,52.92286858,-1.16573035,0.7,0.4,Estimated,Estimated using AADF from previous year on this link,N,222,60,10830,79,2032,134,71,51,4,614,8,883,13884
89152,2024,A453,Major,A453 split,A52,456186,336485,52.92286858,-1.16573035,0.7,0.4,Estimated,Estimated using AADF from previous year on this link,S,256,55,8839,80,1470,114,29,21,0,130,2,296,10741
89152,2025,A453,Major,A453 split,A52,456186,336485,52.92286858,-1.16573035,0.7,0.4,Estimated,Estimated using AADF from previous year on this link,N,225,62,10938,80,2063,136,73,54,4,618,8,894,14037
89152,2025,A453,Major,A453 split,A52,456186,336485,52.92286858,-1.16573035,0.7,0.4,Estimated,Estimated using AADF from previous year on this link,S,260,57,8927,81,1492,115,30,22,0,131,2,301,10858
89153,2017,A52,Major,A453 split,A52,456324,336578,52.92369009,-1.16366191,0.1,0.1,Estimated,Estimated from nearby links,C,0,58,9287,47,1437,122,33,28,15,51,97,346,11176
89153,2018,A52,Major,A453 split,A52,456324,336578,52.92369009,-1.16366191,0.1,0.1,Counted,Manual count,S,0,23,3412,5,610,111,22,58,32,217,182,621,4670
89153,2019,A52,Major,A453 split,A52,456324,336578,52.92369009,-1.16366191,0.1,0.1,Estimated,Estimated using AADF from previous year on this link,S,0,23,3441,4,607,110,22,58,32,216,182,620,4695
89153,2020,A52,Major,A453 split,A52,456324,336578,52.92369009,-1.16366191,0.1,0.1,Estimated,Estimated using AADF from previous year on this link,S,0,14,2312,3,483,91,18,49,28,190,153,529,3340
89153,2021,A52,Major,A453 split,A52,456324,336578,52.92369009,-1.16366191,0.1,0.1,Estimated,Estimated using AADF from previous year on this link,S,0,16,2654,3,580,106,21,58,32,210,173,598,3851
89153,2022,A52,Major,A453 split,A52,456324,336578,52.92369009,-1.16366191,0.1,0.1,Estimated,Estimated using AADF from previous year on this link,S,0,18,3061,3,636,107,20,64,33,214,177,615,4333
89153,2023,A52,Major,A453 split,A52,456324,336578,52.92369009,-1.16366191,0.1,0.1,Estimated,Estimated using AADF from previous year on this link,S,0,18,3107,3,657,108,19,60,33,214,172,607,4392
89153,2024,A52,Major,A453 split,A52,456324,336578,52.92369009,-1.16366191,0.1,0.1,Estimated,Estimated using AADF from previous year on this link,S,0,18,3129,3,676,110,19,61,34,216,171,610,4436
89153,2025,A52,Major,A453 split,A52,456324,336578,52.92369009,-1.16366191,0.1,0.1,Estimated,Estimated using AADF from previous year on this link,S,0,19,3161,4,686,111,20,64,34,217,172,618,4486
89326,2017,A6008,Major,A6008 Greyfriar Gate,A6008 Canal Street,457300,339470,52.94958126,-1.14863702,0.4,0.2,Estimated,Estimated from nearby links,E,154,197,17753,1676,3554,322,83,44,31,19,20,518,23697
89326,2018,A6008,Major,A6008 Greyfriar Gate,A6008 Canal Street,457300,339470,52.94958126,-1.14863702,0.4,0.2,Estimated,Estimated using AADF from previous year on this link,E,170,195,17557,1520,3620,324,82,43,32,20,21,521,23413
89326,2019,A6008,Major,A6008 Greyfriar Gate,A6008 Canal Street,457300,339470,52.94958126,-1.14863702,0.4,0.2,Estimated,Estimated using AADF from previous year on this link,E,187,182,17777,1537,3589,321,84,43,33,20,21,520,23605
89326,2020,A6008,Major,A6008 Greyfriar Gate,A6008 Canal Street,457640,339440,52.94927527,-1.14358258,0.4,0.2,Estimated,Estimated using AADF from previous year on this link,E,214,135,13503,970,3167,282,72,38,28,18,18,456,18232
89326,2021,A6008,Major,A6008 Greyfriar Gate,A6008 Canal Street,457640,339440,52.94927527,-1.14358258,0.4,0.2,Estimated,Estimated using AADF from previous year on this link,E,174,143,14877,1002,3452,301,78,42,30,19,19,490,19964
90176,2018,A60,Major,A60 King Edward Street,A6008 Lower Parliament Street,457700,340150,52.9556505,-1.14256367,0.2,0.1,Estimated,Estimated using AADF from previous year on this link,C,130,116,14374,470,3327,264,59,32,8,8,8,379,18666
90176,2019,A60,Major,A60 King Edward Street,A6008 Lower Parliament Street,457700,340150,52.9556505,-1.14256367,0.2,0.1,Counted,Manual count,N,72,45,3741,30,646,84,10,20,3,10,3,129,4592
90176,2019,A60,Major,A60 King Edward Street,A6008 Lower Parliament Street,457700,340150,52.9556505,-1.14256367,0.2,0.1,Counted,Manual count,S,208,104,11961,407,1684,156,35,40,16,17,5,269,14425
90176,2020,A60,Major,A60 King Edward Street,A6008 Lower Parliament Street,457700,340150,52.9556505,-1.14256367,0.2,0.1,Estimated,Estimated using AADF from previous year on this link,N,82,33,2842,19,570,73,9,18,2,9,2,114,3578
90176,2020,A60,Major,A60 King Edward Street,A6008 Lower Parliament Street,457700,340150,52.9556505,-1.14256367,0.2,0.1,Estimated,Estimated using AADF from previous year on this link,S,238,77,9085,257,1486,137,30,35,14,15,4,236,11142
90176,2021,A60,Major,A60 King Edward Street,A6008 Lower Parliament Street,457700,340150,52.9556505,-1.14256367,0.2,0.1,Estimated,Estimated using AADF from previous year on this link,N,67,35,3131,20,622,79,9,19,3,10,3,122,3930
90176,2021,A60,Major,A60 King Edward Street,A6008 Lower Parliament Street,457700,340150,52.9556505,-1.14256367,0.2,0.1,Estimated,Estimated using AADF from previous year on this link,S,195,81,10009,266,1620,147,33,39,15,16,4,254,12230
90176,2022,A60,Major,A60 King Edward Street,A6008 Lower Parliament Street,457700,340150,52.9556505,-1.14256367,0.2,0.1,Estimated,Estimated using AADF from previous year on this link,N,60,39,3344,21,674,81,10,21,3,10,3,127,4204
90176,2022,A60,Major,A60 King Edward Street,A6008 Lower Parliament Street,457700,340150,52.9556505,-1.14256367,0.2,0.1,Estimated,Estimated using AADF from previous year on this link,S,174,89,10691,286,1757,152,34,41,16,17,5,263,13085
90176,2023,A60,Major,A60 King Edward Street,A6008 Lower Parliament Street,457700,340150,52.9556505,-1.14256367,0.2,0.1,Estimated,Estimated using AADF from previous year on this link,N,59,38,3407,21,685,80,9,20,3,10,3,125,4277
90176,2023,A60,Major,A60 King Edward Street,A6008 Lower Parliament Street,457700,340150,52.9556505,-1.14256367,0.2,0.1,Estimated,Estimated using AADF from previous year on this link,S,171,87,10892,288,1786,150,33,40,16,16,4,260,13314
90176,2024,A60,Major,A60 King Edward Street,A6008 Lower Parliament Street,457700,340150,52.9556505,-1.14256367,0.2,0.1,Estimated,Estimated using AADF from previous year on this link,N,60,39,3459,21,697,82,9,20,3,10,3,125,4342
90176,2024,A60,Major,A60 King Edward Street,A6008 Lower Parliament Street,457700,340150,52.9556505,-1.14256367,0.2,0.1,Estimated,Estimated using AADF from previous year on this link,S,173,90,11057,289,1818,152,33,40,15,16,4,260,13516
90176,2025,A60,Major,A60 King Edward Street,A6008 Lower Parliament Street,457700,340150,52.9556505,-1.14256367,0.2,0.1,Estimated,Estimated using AADF from previous year on this link,N,60,40,3463,21,712,81,9,20,3,9,2,125,4360
90176,2025,A60,Major,A60 King Edward Street,A6008 Lower Parliament Street,457700,340150,52.9556505,-1.14256367,0.2,0.1,Estimated,Estimated using AADF from previous year on this link,S,174,92,11070,283,1856,151,33,41,16,15,4,260,13561
90202,2018,A6011,Major,A60,A6011 junction,458082,338568,52.94138992,-1.13716067,0.4,0.2,Estimated,Estimated from nearby links,C,83,106,11356,80,3401,325,181,140,10,30,28,715,15659
90202,2019,A6011,Major,A60,A6011 junction,458082,338568,52.94138992,-1.13716067,0.4,0.2,Estimated,Estimated using AADF from previous year on this link,C,92,100,11499,81,3372,321,184,141,10,31,28,715,15767
90202,2020,A6011,Major,A60,A6011 junction,458082,338568,52.94138992,-1.13716067,0.4,0.2,Counted,Manual count,N,98,4,177,0,78,9,0,0,1,2,0,12,270
90202,2020,A6011,Major,A60,A6011 junction,458082,338568,52.94138992,-1.13716067,0.4,0.2,Counted,Manual count,S,122,41,3981,3,965,102,16,17,7,27,34,203,5192
90202,2021,A6011,Major,A60,A6011 junction,458082,338568,52.94138992,-1.13716067,0.4,0.2,Estimated,Estimated using AADF from previous year on this link,N,80,4,195,0,85,10,0,0,1,2,0,12,297
90202,2021,A6011,Major,A60,A6011 junction,458082,338568,52.94138992,-1.13716067,0.4,0.2,Estimated,Estimated using AADF from previous year on this link,S,100,43,4385,3,1052,109,18,19,7,28,37,217,5701
90202,2022,A6011,Major,A60,A6011 junction,458082,338568,52.94138992,-1.13716067,0.4,0.2,Estimated,Estimated using AADF from previous year on this link,N,71,4,209,0,92,10,0,0,1,2,0,13,318
90202,2022,A6011,Major,A60,A6011 junction,458082,338568,52.94138992,-1.13716067,0.4,0.2,Estimated,Estimated using AADF from previous year on this link,S,89,47,4684,3,1141,113,18,20,7,29,37,225,6100
90202,2023,A6011,Major,A60,A6011 junction,458082,338568,52.94138992,-1.13716067,0.4,0.2,Estimated,Estimated using AADF from previous year on this link,N,70,4,213,0,94,10,0,0,1,2,0,13,323
90202,2023,A6011,Major,A60,A6011 junction,458082,338568,52.94138992,-1.13716067,0.4,0.2,Estimated,Estimated using AADF from previous year on this link,S,88,47,4772,3,1160,111,18,20,8,28,36,221,6203
90202,2024,A6011,Major,A60,A6011 junction,458082,338568,52.94138992,-1.13716067,0.4,0.2,Estimated,Estimated using AADF from previous year on this link,N,71,4,216,0,95,10,0,0,1,2,0,13,328
90202,2024,A6011,Major,A60,A6011 junction,458082,338568,52.94138992,-1.13716067,0.4,0.2,Estimated,Estimated using AADF from previous year on this link,S,89,48,4844,3,1181,113,18,19,7,28,35,220,6296
90202,2025,A6011,Major,A60,A6011 junction,458082,338568,52.94138992,-1.13716067,0.4,0.2,Estimated,Estimated using AADF from previous year on this link,N,71,4,216,0,97,10,0,0,1,2,0,13,330
90202,2025,A6011,Major,A60,A6011 junction,458082,338568,52.94138992,-1.13716067,0.4,0.2,Estimated,Estimated using AADF from previous year on this link,S,89,49,4850,3,1205,112,18,20,7,27,34,218,6325
90309,2018,A453,Major,A52,A6008,456900,338911,52.94459931,-1.15468752,2.9,1.8,Estimated,Estimated using AADF from previous year on this link,N,42,76,13376,114,2177,307,47,63,18,32,26,492,16235
90309,2018,A453,Major,A52,A6008,456900,338911,52.94459931,-1.15468752,2.9,1.8,Estimated,Estimated using AADF from previous year on this link,S,18,69,9783,111,1674,255,41,44,13,42,29,424,12063
90309,2019,A453,Major,A52,A6008,456900,338911,52.94459931,-1.15468752,2.9,1.8,Estimated,Estimated using AADF from previous year on this link,N,46,71,13543,115,2158,304,47,63,18,33,26,491,16379
90309,2019,A453,Major,A52,A6008,456900,338911,52.94459931,-1.15468752,2.9,1.8,Estimated,Estimated using AADF from previous year on this link,S,20,65,9906,113,1659,252,41,45,13,43,29,424,12167
90309,2020,A453,Major,A52,A6008,456900,338911,52.94459931,-1.15468752,2.9,1.8,Counted,Manual count,N,38,61,8854,148,1972,157,41,47,6,17,62,331,11366
90309,2020,A453,Major,A52,A6008,456900,338911,52.94459931,-1.15468752,2.9,1.8,Counted,Manual count,S,22,29,5100,135,1162,96,32,21,9,12,35,206,6631
90309,2021,A453,Major,A52,A6008,456900,338911,52.94459931,-1.15468752,2.9,1.8,Estimated,Estimated using AADF from previous year on this link,N,31,64,9754,153,2150,168,45,52,6,18,67,356,12477
90309,2021,A453,Major,A52,A6008,456900,338911,52.94459931,-1.15468752,2.9,1.8,Estimated,Estimated using AADF from previous year on this link,S,18,30,5618,139,1266,103,35,23,9,13,38,221,7275
90309,2022,A453,Major,A52,A6008,456900,338911,52.94459931,-1.15468752,2.9,1.8,Estimated,Estimated using AADF from previous year on this link,N,28,70,10419,164,2331,174,46,55,6,19,68,369,13352
90309,2022,A453,Major,A52,A6008,456900,338911,52.94459931,-1.15468752,2.9,1.8,Estimated,Estimated using AADF from previous year on this link,S,16,33,6001,149,1373,107,36,25,10,14,39,229,7785
90309,2023,A453,Major,A52,A6008,456900,338911,52.94459931,-1.15468752,2.9,1.8,Estimated,Estimated using AADF from previous year on this link,N,27,69,10615,166,2370,172,45,54,6,18,65,362,13582
90309,2023,A453,Major,A52,A6008,456900,338911,52.94459931,-1.15468752,2.9,1.8,Estimated,Estimated using AADF from previous year on this link,S,16,33,6114,151,1396,105,35,24,10,13,37,225,7918
90309,2024,A453,Major,A52,A6008,456900,338911,52.94459931,-1.15468752,2.9,1.8,Estimated,Estimated using AADF from previous year on this link,N,28,71,10775,166,2413,175,45,53,6,18,63,360,13786
90309,2024,A453,Major,A52,A6008,456900,338911,52.94459931,-1.15468752,2.9,1.8,Estimated,Estimated using AADF from previous year on this link,S,16,34,6206,151,1421,107,35,24,9,13,36,224,8037
90309,2025,A453,Major,A52,A6008,456900,338911,52.94459931,-1.15468752,2.9,1.8,Estimated,Estimated using AADF from previous year on this link,N,28,73,10788,163,2462,173,46,54,6,17,62,359,13845
90309,2025,A453,Major,A52,A6008,456900,338911,52.94459931,-1.15468752,2.9,1.8,Estimated,Estimated using AADF from previous year on this link,S,16,34,6214,148,1450,106,35,24,10,13,35,223,8069
99028,2000,A611,Major,A6002,LA Boundary,454600,347000,53.01754307,-1.18754783,0.5,0.3,Estimated,Estimated using AADF from previous year on this link,N,97,111,10738,145,1657,243,22,11,19,17,11,323,12974
99028,2000,A611,Major,A6002,LA Boundary,454600,347000,53.01754307,-1.18754783,0.5,0.3,Estimated,Estimated using AADF from previous year on this link,S,98,111,10840,174,1672,247,23,7,17,25,9,328,13125
99028,2001,A611,Major,A6002,LA Boundary,454600,347000,53.01754307,-1.18754783,0.5,0.3,Counted,Manual count,N,89,254,11515,226,1537,290,34,35,6,38,14,417,13949
99028,2001,A611,Major,A6002,LA Boundary,454600,347000,53.01754307,-1.18754783,0.5,0.3,Counted,Manual count,S,91,199,12006,234,1548,251,26,33,12,23,9,354,14341
99028,2002,A611,Major,A6002,LA Boundary,454600,347000,53.01754307,-1.18754783,0.5,0.3,Estimated,Estimated using AADF from previous year on this link,N,93,257,11492,231,1540,279,35,36,5,33,15,403,13923
99028,2002,A611,Major,A6002,LA Boundary,454600,347000,53.01754307,-1.18754783,0.5,0.3,Estimated,Estimated using AADF from previous year on this link,S,95,201,11982,239,1551,242,27,34,11,20,10,344,14317
99028,2003,A611,Major,A6002,LA Boundary,454600,347000,53.01754307,-1.18754783,0.5,0.3,Estimated,Estimated using AADF from previous year on this link,N,83,288,11331,206,1679,299,40,42,5,29,17,432,13936
99028,2003,A611,Major,A6002,LA Boundary,454600,347000,53.01754307,-1.18754783,0.5,0.3,Estimated,Estimated using AADF from previous year on this link,S,85,226,11814,213,1691,260,31,40,11,18,11,371,14315
99028,2004,A611,Major,A6002,LA Boundary,454600,347000,53.01754307,-1.18754783,0.5,0.3,Estimated,Estimated using AADF from previous year on this link,N,67,254,11354,192,1663,301,42,46,5,26,18,438,13901
99028,2004,A611,Major,A6002,LA Boundary,454600,347000,53.01754307,-1.18754783,0.5,0.3,Estimated,Estimated using AADF from previous year on this link,S,69,199,11838,198,1675,261,32,44,10,16,12,375,14285
99028,2005,A611,Major,A6002,LA Boundary,454600,347000,53.01754307,-1.18754783,0.5,0.3,Estimated,Estimated using AADF from previous year on this link,N,57,257,11070,189,1707,289,39,47,4,22,19,420,13643
99028,2005,A611,Major,A6002,LA Boundary,454600,347000,53.01754307,-1.18754783,0.5,0.3,Estimated,Estimated using AADF from previous year on this link,S,58,201,11542,195,1719,251,30,44,9,14,13,361,14018
99028,2006,A611,Major,A6002,LA Boundary,454600,347000,53.01754307,-1.18754783,0.5,0.3,Estimated,Estimated using AADF from previous year on this link,N,89,267,11103,186,1734,295,39,51,4,20,21,430,13720
99028,2006,A611,Major,A6002,LA Boundary,454600,347000,53.01754307,-1.18754783,0.5,0.3,Estimated,Estimated using AADF from previous year on this link,S,91,209,11577,192,1746,256,30,48,8,12,14,368,14092
99028,2007,A611,Major,A6002,LA Boundary,454600,347000,53.01754307,-1.18754783,0.5,0.3,Estimated,Estimated using AADF from previous year on this link,N,56,270,10581,179,1892,292,39,55,3,19,21,429,13351
99028,2007,A611,Major,A6002,LA Boundary,454600,347000,53.01754307,-1.18754783,0.5,0.3,Estimated,Estimated using AADF from previous year on this link,S,57,211,11032,185,1905,253,30,52,7,12,14,368,13701
99028,2008,A611,Major,A6002,LA Boundary,454600,347000,53.01754307,-1.18754783,0.5,0.3,Estimated,Estimated using AADF from previous year on this link,N,63,251,10380,180,1981,280,42,56,3,17,21,419,13211
99028,2008,A611,Major,A6002,LA Boundary,454600,347000,53.01754307,-1.18754783,0.5,0.3,Estimated,Estimated using AADF from previous year on this link,S,64,197,10823,187,1995,243,32,53,6,10,14,358,13560
99028,2009,A611,Major,A6002,LA Boundary,454600,347000,53.01754307,-1.18754783,0.5,0.3,Counted,Manual count,N,134,163,11990,169,1832,300,35,44,17,32,31,459,14613
99028,2009,A611,Major,A6002,LA Boundary,454600,347000,53.01754307,-1.18754783,0.5,0.3,Counted,Manual count,S,137,168,12240,191,1749,286,38,39,16,33,19,431,14779
99028,2010,A611,Major,A6002,LA Boundary,454600,347000,53.01754307,-1.18754783,0.5,0.3,Estimated,Estimated using AADF from previous year on this link,N,134,150,11738,178,1841,298,33,36,18,28,29,442,14349
99028,2010,A611,Major,A6002,LA Boundary,454600,347000,53.01754307,-1.18754783,0.5,0.3,Estimated,Estimated using AADF from previous year on this link,S,137,155,11983,201,1758,284,36,32,17,29,18,416,14513
99028,2011,A611,Major,A6002,LA Boundary,454600,347000,53.01754307,-1.18754783,0.5,0.3,Estimated,Estimated using AADF from previous year on this link,N,148,159,11679,178,1898,297,35,40,14,28,31,445,14359
99028,2011,A611,Major,A6002,LA Boundary,454600,347000,53.01754307,-1.18754783,0.5,0.3,Estimated,Estimated using AADF from previous year on this link,S,151,164,11923,201,1812,283,39,36,13,29,19,419,14519
99028,2012,A611,Major,A6002,LA Boundary,454600,347000,53.01754307,-1.18754783,0.5,0.3,Counted,Manual count,N,126,117,11337,115,1666,205,47,83,11,17,13,377,13612
99028,2012,A611,Major,A6002,LA Boundary,454600,347000,53.01754307,-1.18754783,0.5,0.3,Counted,Manual count,S,119,120,11548,142,1610,194,30,60,9,20,11,323,13744
99028,2013,A611,Major,A6002,LA Boundary,454600,347000,53.01754307,-1.18754783,0.5,0.3,Estimated,Estimated using AADF from previous year on this link,N,124,117,11273,109,1685,204,51,94,8,16,13,386,13569
99028,2013,A611,Major,A6002,LA Boundary,454600,347000,53.01754307,-1.18754783,0.5,0.3,Estimated,Estimated using AADF from previous year on this link,S,117,120,11483,134,1629,193,32,68,6,19,11,329,13694
99028,2014,A611,Major,A6002,LA Boundary,454600,347000,53.01754307,-1.18754783,0.5,0.3,Estimated,Estimated using AADF from previous year on this link,N,120,125,11156,115,1918,216,58,106,8,16,15,419,13733
99028,2014,A611,Major,A6002,LA Boundary,454600,347000,53.01754307,-1.18754783,0.5,0.3,Estimated,Estimated using AADF from previous year on this link,S,114,128,11364,142,1854,204,36,76,7,18,12,354,13842
99028,2015,A611,Major,A6002,LA Boundary,454600,347000,53.01754307,-1.18754783,0.5,0.3,Estimated,Estimated using AADF from previous year on this link,N,112,127,10951,114,2018,210,61,103,10,16,15,415,13624
99028,2015,A611,Major,A6002,LA Boundary,454600,347000,53.01754307,-1.18754783,0.5,0.3,Estimated,Estimated using AADF from previous year on this link,S,106,130,11155,141,1951,198,38,74,8,18,12,349,13726
99028,2016,A611,Major,A6002,LA Boundary,454600,347000,53.01754307,-1.18754783,0.5,0.3,Estimated,Estimated using AADF from previous year on this link,N,104,124,11122,106,2204,213,61,116,10,14,15,429,13984
99028,2016,A611,Major,A6002,LA Boundary,454600,347000,53.01754307,-1.18754783,0.5,0.3,Estimated,Estimated using AADF from previous year on this link,S,98,127,11329,130,2131,201,38,84,9,16,12,360,14077
99028,2017,A611,Major,A6002,LA Boundary,454600,347000,53.01754307,-1.18754783,0.5,0.3,Counted,Manual count,N,105,97,11410,111,1927,187,30,75,20,21,17,348,13894
99028,2017,A611,Major,A6002,LA Boundary,454600,347000,53.01754307,-1.18754783,0.5,0.3,Counted,Manual count,S,116,95,11487,115,1804,161,21,51,12,19,23,286,13787
99028,2018,A611,Major,A6002,LA Boundary,454600,347000,53.01754307,-1.18754783,0.5,0.3,Estimated,Estimated using AADF from previous year on this link,N,116,96,11284,101,1963,189,30,72,20,21,17,350,13795
99028,2018,A611,Major,A6002,LA Boundary,454600,347000,53.01754307,-1.18754783,0.5,0.3,Estimated,Estimated using AADF from previous year on this link,S,128,93,11361,105,1838,162,21,49,12,19,25,288,13685
99028,2019,A611,Major,A6002,LA Boundary,454600,347000,53.01754307,-1.18754783,0.5,0.3,Estimated,Estimated using AADF from previous year on this link,N,128,90,11426,102,1946,187,30,73,20,22,17,349,13914
99028,2019,A611,Major,A6002,LA Boundary,454600,347000,53.01754307,-1.18754783,0.5,0.3,Estimated,Estimated using AADF from previous year on this link,S,140,88,11503,106,1822,160,21,50,12,20,25,288,13806
99028,2020,A611,Major,A6002,LA Boundary,454600,347000,53.01754307,-1.18754783,0.5,0.3,Estimated,Estimated using AADF from previous year on this link,N,146,67,8679,65,1718,164,26,65,18,19,15,307,10835
99028,2020,A611,Major,A6002,LA Boundary,454600,347000,53.01754307,-1.18754783,0.5,0.3,Estimated,Estimated using AADF from previous year on this link,S,160,65,8738,67,1608,141,18,44,11,17,21,253,10730
99028,2021,A611,Major,A6002,LA Boundary,454600,347000,53.01754307,-1.18754783,0.5,0.3,Counted,Manual count,N,108,81,10718,85,2355,305,24,61,8,33,20,451,13691
99028,2021,A611,Major,A6002,LA Boundary,454600,347000,53.01754307,-1.18754783,0.5,0.3,Counted,Manual count,S,107,82,10491,78,2123,285,26,58,7,13,19,408,13182
99028,2022,A611,Major,A6002,LA Boundary,454600,347000,53.01754307,-1.18754783,0.5,0.3,Estimated,Estimated using AADF from previous year on this link,N,97,88,11448,92,2553,316,25,65,9,34,21,468,14649
99028,2022,A611,Major,A6002,LA Boundary,454600,347000,53.01754307,-1.18754783,0.5,0.3,Estimated,Estimated using AADF from previous year on this link,S,96,90,11205,83,2301,295,27,62,8,13,20,423,14103
99028,2023,A611,Major,A6002,LA Boundary,454600,347000,53.01754307,-1.18754783,0.5,0.3,Estimated,Estimated using AADF from previous year on this link,N,95,87,11664,92,2596,312,24,64,9,33,20,461,14900
99028,2023,A611,Major,A6002,LA Boundary,454600,347000,53.01754307,-1.18754783,0.5,0.3,Estimated,Estimated using AADF from previous year on this link,S,94,89,11416,84,2340,291,26,61,8,13,19,417,14347
99028,2024,A611,Major,A6002,LA Boundary,454600,347000,53.01754307,-1.18754783,0.5,0.3,Estimated,Estimated using AADF from previous year on this link,N,96,90,11840,93,2642,317,24,62,9,32,19,463,15128
99028,2024,A611,Major,A6002,LA Boundary,454600,347000,53.01754307,-1.18754783,0.5,0.3,Estimated,Estimated using AADF from previous year on this link,S,95,92,11589,84,2382,296,26,59,8,12,18,419,14567
99028,2025,A611,Major,A6002,LA Boundary,454600,347000,53.01754307,-1.18754783,0.5,0.3,Counted,Manual count,N,89,94,11178,82,2011,172,28,52,10,32,26,320,13685
99028,2025,A611,Major,A6002,LA Boundary,454600,347000,53.01754307,-1.18754783,0.5,0.3,Counted,Manual count,S,106,89,11018,83,1779,178,24,37,8,22,19,287,13257
99033,2000,A612,Major,A6011 roundabout,LA Boundary,459995,339622,52.95065353,-1.10850326,2.7,1.7,Counted,Manual count,E,171,138,10335,113,1519,435,81,78,62,98,44,798,12903
99033,2000,A612,Major,A6011 roundabout,LA Boundary,459995,339622,52.95065353,-1.10850326,2.7,1.7,Counted,Manual count,W,104,131,10767,108,1462,443,68,67,56,98,49,781,13249
99033,2001,A612,Major,A6011 roundabout,LA Boundary,459995,339622,52.95065353,-1.10850326,2.7,1.7,Estimated,Estimated using AADF from previous year on this link,E,164,143,10542,115,1513,426,93,78,54,84,49,784,13097
99033,2001,A612,Major,A6011 roundabout,LA Boundary,459995,339622,52.95065353,-1.10850326,2.7,1.7,Estimated,Estimated using AADF from previous year on this link,W,100,136,10982,110,1456,434,78,67,49,84,55,767,13451
99033,2002,A612,Major,A6011 roundabout,LA Boundary,459995,339622,52.95065353,-1.10850326,2.7,1.7,Counted,Manual count,E,121,148,10448,117,1476,466,136,85,42,87,71,887,13076
99033,2002,A612,Major,A6011 roundabout,LA Boundary,459995,339622,52.95065353,-1.10850326,2.7,1.7,Counted,Manual count,W,71,148,10167,115,1444,425,125,55,42,68,84,799,12673
99033,2003,A612,Major,A6011 roundabout,LA Boundary,459995,339622,52.95065353,-1.10850326,2.7,1.7,Counted,Manual count,E,265,147,10821,105,1680,431,115,91,34,90,81,842,13595
99033,2003,A612,Major,A6011 roundabout,LA Boundary,459995,339622,52.95065353,-1.10850326,2.7,1.7,Counted,Manual count,W,195,139,11004,99,1599,469,106,83,29,89,98,874,13715
99033,2004,A612,Major,A6011 roundabout,LA Boundary,459995,339622,52.95065353,-1.10850326,2.7,1.7,Counted,Manual count,E,201,132,9947,148,1747,420,104,147,61,101,54,887,12861
99033,2004,A612,Major,A6011 roundabout,LA Boundary,459995,339622,52.95065353,-1.10850326,2.7,1.7,Counted,Manual count,W,179,120,9638,139,1699,405,95,152,56,92,46,846,12442
99033,2005,A612,Major,A6011 roundabout,LA Boundary,459995,339622,52.95065353,-1.10850326,2.7,1.7,Counted,Manual count,E,227,117,10439,189,1757,419,107,109,44,95,57,831,13333
99033,2005,A612,Major,A6011 roundabout,LA Boundary,459995,339622,52.95065353,-1.10850326,2.7,1.7,Counted,Manual count,W,185,113,10708,177,1765,415,105,105,44,89,70,828,13591
99033,2006,A612,Major,A6011 roundabout,LA Boundary,459995,339622,52.95065353,-1.10850326,2.7,1.7,Counted,Manual count,E,164,127,10315,201,1792,531,101,138,42,51,101,964,13399
99033,2006,A612,Major,A6011 roundabout,LA Boundary,459995,339622,52.95065353,-1.10850326,2.7,1.7,Counted,Manual count,W,138,107,9813,204,1827,539,131,133,24,51,90,968,12919
99033,2007,A612,Major,A6011 roundabout,LA Boundary,459995,339622,52.95065353,-1.10850326,2.7,1.7,Counted,Manual count,E,141,98,10318,155,1691,408,125,121,57,78,81,870,13132
99033,2007,A612,Major,A6011 roundabout,LA Boundary,459995,339622,52.95065353,-1.10850326,2.7,1.7,Counted,Manual count,W,111,115,11030,156,1641,411,102,120,51,74,90,848,13790
99033,2008,A612,Major,A6011,LA Boundary,459995,339622,52.95065353,-1.10850326,2.7,1.7,Counted,Manual count,E,149,99,9733,175,1346,261,95,72,21,33,119,601,11954
99033,2008,A612,Major,A6011,LA Boundary,459995,339622,52.95065353,-1.10850326,2.7,1.7,Counted,Manual count,W,106,92,9873,180,1376,278,101,92,12,31,122,636,12157
99033,2009,A612,Major,A6011,LA Boundary,459995,339622,52.95065353,-1.10850326,2.7,1.7,Estimated,Estimated using AADF from previous year on this link,E,149,93,9577,171,1458,251,99,72,20,29,118,589,11888
99033,2009,A612,Major,A6011,LA Boundary,459995,339622,52.95065353,-1.10850326,2.7,1.7,Estimated,Estimated using AADF from previous year on this link,W,106,87,9715,176,1490,268,106,92,11,27,121,625,12093
99033,2010,A612,Major,A6011,LA Boundary,459995,339622,52.95065353,-1.10850326,2.7,1.7,Estimated,Estimated using AADF from previous year on this link,E,149,86,9376,180,1465,249,94,59,22,25,110,559,11666
99033,2010,A612,Major,A6011,LA Boundary,459995,339622,52.95065353,-1.10850326,2.7,1.7,Estimated,Estimated using AADF from previous year on this link,W,106,80,9511,185,1497,266,100,75,12,24,112,589,11862
99033,2011,A612,Major,A6011,LA Boundary,459995,339622,52.95065353,-1.10850326,2.7,1.7,Estimated,Estimated using AADF from previous year on this link,E,164,91,9329,180,1510,248,101,66,17,25,116,573,11683
99033,2011,A612,Major,A6011,LA Boundary,459995,339622,52.95065353,-1.10850326,2.7,1.7,Estimated,Estimated using AADF from previous year on this link,W,117,85,9463,185,1543,265,107,84,9,24,118,607,11883
99033,2012,A612,Major,A6011,LA Boundary,459995,339622,52.95065353,-1.10850326,2.7,1.7,Counted,Manual count,E,218,122,10122,137,1814,310,76,113,45,80,57,681,12875
99033,2012,A612,Major,A6011,LA Boundary,459995,339622,52.95065353,-1.10850326,2.7,1.7,Counted,Manual count,W,238,111,10411,144,1816,330,79,114,54,61,85,722,13205
99033,2013,A612,Major,A6011,LA Boundary,459995,339622,52.95065353,-1.10850326,2.7,1.7,Estimated,Estimated using AADF from previous year on this link,E,215,122,10064,129,1834,309,81,127,33,75,58,683,12832
99033,2013,A612,Major,A6011,LA Boundary,459995,339622,52.95065353,-1.10850326,2.7,1.7,Estimated,Estimated using AADF from previous year on this link,W,235,111,10352,136,1837,329,85,128,40,57,85,723,13159
99033,2014,A612,Major,A6011,LA Boundary,459995,339622,52.95065353,-1.10850326,2.7,1.7,Estimated,Estimated using AADF from previous year on this link,E,208,130,9960,136,2089,326,93,143,35,74,65,736,13051
99033,2014,A612,Major,A6011,LA Boundary,459995,339622,52.95065353,-1.10850326,2.7,1.7,Estimated,Estimated using AADF from previous year on this link,W,228,119,10245,144,2091,347,97,144,42,55,96,783,13381
99033,2015,A612,Major,A6011,LA Boundary,459995,339622,52.95065353,-1.10850326,2.7,1.7,Estimated,Estimated using AADF from previous year on this link,E,194,132,9777,135,2197,317,98,139,43,73,64,734,12975
99033,2015,A612,Major,A6011,LA Boundary,459995,339622,52.95065353,-1.10850326,2.7,1.7,Estimated,Estimated using AADF from previous year on this link,W,212,121,10057,143,2200,338,102,141,52,55,95,781,13301
99033,2016,A612,Major,A6011,LA Boundary,459995,339622,52.95065353,-1.10850326,2.7,1.7,Estimated,Estimated using AADF from previous year on this link,E,180,129,9930,125,2400,322,97,157,44,64,63,748,13332
99033,2016,A612,Major,A6011,LA Boundary,459995,339622,52.95065353,-1.10850326,2.7,1.7,Estimated,Estimated using AADF from previous year on this link,W,198,118,10214,132,2403,342,101,159,54,48,93,798,13665
99033,2017,A612,Major,A6011,LA Boundary,459995,339622,52.95065353,-1.10850326,2.7,1.7,Estimated,Estimated using AADF from previous year on this link,E,173,131,9856,117,2526,319,98,161,46,64,66,755,13385
99033,2017,A612,Major,A6011,LA Boundary,459995,339622,52.95065353,-1.10850326,2.7,1.7,Estimated,Estimated using AADF from previous year on this link,W,189,119,10139,124,2529,340,103,162,56,48,97,806,13717
99033,2018,A612,Major,A6011,LA Boundary,459995,339622,52.95065353,-1.10850326,2.8,1.7,Counted,Manual count,E,182,134,9689,138,1641,315,71,89,14,69,53,611,12214
99033,2018,A612,Major,A6011,LA Boundary,459995,339622,52.95065353,-1.10850326,2.8,1.7,Counted,Manual count,W,149,119,9383,135,1656,328,73,93,18,78,48,638,11930
99033,2019,A612,Major,A6011,LA Boundary,459995,339622,52.95065353,-1.10850326,2.8,1.7,Estimated,Estimated using AADF from previous year on this link,E,200,125,9811,140,1627,311,72,90,15,71,53,612,12314
99033,2019,A612,Major,A6011,LA Boundary,459995,339622,52.95065353,-1.10850326,2.8,1.7,Estimated,Estimated using AADF from previous year on this link,W,163,111,9501,136,1642,324,75,93,18,80,48,638,12028
99033,2020,A612,Major,A6011,LA Boundary,459995,339622,52.95065353,-1.10850326,2.8,1.7,Estimated,Estimated using AADF from previous year on this link,E,229,93,7452,88,1436,273,62,80,13,63,46,538,9607
99033,2020,A612,Major,A6011,LA Boundary,459995,339622,52.95065353,-1.10850326,2.8,1.7,Estimated,Estimated using AADF from previous year on this link,W,187,82,7217,86,1449,285,65,83,16,71,42,561,9395
99033,2021,A612,Major,A6011,LA Boundary,459995,339622,52.95065353,-1.10850326,2.8,1.7,Estimated,Estimated using AADF from previous year on this link,E,187,98,8210,91,1565,292,67,88,14,67,49,578,10542
99033,2021,A612,Major,A6011,LA Boundary,459995,339622,52.95065353,-1.10850326,2.8,1.7,Estimated,Estimated using AADF from previous year on this link,W,152,87,7951,89,1579,305,70,91,17,76,44,603,10308
99033,2022,A612,Major,A6011,LA Boundary,459995,339622,52.95065353,-1.10850326,2.8,1.7,Counted,Manual count,E,235,90,9743,107,1873,216,59,220,8,21,118,642,12455
99033,2022,A612,Major,A6011,LA Boundary,459995,339622,52.95065353,-1.10850326,2.8,1.7,Counted,Manual count,W,197,96,9363,108,2105,206,29,213,1,24,110,583,12254
99033,2023,A612,Major,A6011,LA Boundary,459995,339622,52.95065353,-1.10850326,2.8,1.7,Estimated,Estimated using AADF from previous year on this link,E,231,89,9926,108,1905,213,58,216,8,20,113,630,12658
99033,2023,A612,Major,A6011,LA Boundary,459995,339622,52.95065353,-1.10850326,2.8,1.7,Estimated,Estimated using AADF from previous year on this link,W,194,95,9539,109,2140,204,28,210,1,23,105,572,12455
99033,2024,A612,Major,A6011,LA Boundary,459995,339622,52.95065353,-1.10850326,2.8,1.7,Estimated,Estimated using AADF from previous year on this link,E,234,91,10077,108,1939,217,58,211,8,20,109,624,12839
99033,2024,A612,Major,A6011,LA Boundary,459995,339622,52.95065353,-1.10850326,2.8,1.7,Estimated,Estimated using AADF from previous year on this link,W,196,98,9684,109,2179,207,28,205,1,22,102,566,12635
99033,2025,A612,Major,A6011,LA Boundary,459995,339622,52.95065353,-1.10850326,2.8,1.7,Estimated,Estimated using AADF from previous year on this link,E,234,93,10089,106,1979,214,59,217,8,19,107,625,12891
99033,2025,A612,Major,A6011,LA Boundary,459995,339622,52.95065353,-1.10850326,2.8,1.7,Estimated,Estimated using AADF from previous year on this link,W,197,100,9695,107,2223,205,28,211,1,22,100,567,12692
99034,2000,A612,Major,Southwell Road,A6011,458250,339560,52.95028814,-1.13448337,1,0.6,Counted,Manual count,N,105,92,9278,177,1577,319,40,29,7,16,13,424,11548
99034,2000,A612,Major,Southwell Road,A6011,458250,339560,52.95028814,-1.13448337,1,0.6,Counted,Manual count,S,114,68,8084,177,1371,314,65,31,10,18,15,453,10153
99034,2001,A612,Major,Southwell Road,A6011,458250,339560,52.95028814,-1.13448337,1,0.6,Estimated,Estimated using AADF from previous year on this link,N,101,95,9464,180,1571,313,46,29,6,14,15,423,11733
99034,2001,A612,Major,Southwell Road,A6011,458250,339560,52.95028814,-1.13448337,1,0.6,Estimated,Estimated using AADF from previous year on this link,S,109,70,8246,180,1366,308,75,31,9,15,17,455,10317
99034,2002,A612,Major,Southwell Road,A6011,458250,339560,52.95028814,-1.13448337,1,0.6,Estimated,Estimated using AADF from previous year on this link,N,105,96,9445,184,1574,301,48,30,5,12,16,412,11711
99034,2002,A612,Major,Southwell Road,A6011,458250,339560,52.95028814,-1.13448337,1,0.6,Estimated,Estimated using AADF from previous year on this link,S,113,71,8230,184,1369,297,78,32,8,13,19,447,10301
99034,2003,A612,Major,Southwell Road,A6011,458250,339560,52.95028814,-1.13448337,1,0.6,Estimated,Estimated using AADF from previous year on this link,N,94,108,9313,164,1716,323,54,35,5,11,18,446,11747
99034,2003,A612,Major,Southwell Road,A6011,458250,339560,52.95028814,-1.13448337,1,0.6,Estimated,Estimated using AADF from previous year on this link,S,101,80,8115,164,1492,319,88,38,8,12,21,486,10337
99034,2004,A612,Major,Southwell Road,A6011,458250,339560,52.95028814,-1.13448337,1,0.6,Estimated,Estimated using AADF from previous year on this link,N,76,95,9331,153,1700,324,58,39,5,9,19,454,11733
99034,2004,A612,Major,Southwell Road,A6011,458250,339560,52.95028814,-1.13448337,1,0.6,Estimated,Estimated using AADF from previous year on this link,S,82,70,8131,153,1479,320,94,41,7,10,23,495,10328
99034,2005,A612,Major,Southwell Road,A6011,458250,339560,52.95028814,-1.13448337,1,0.6,Estimated,Estimated using AADF from previous year on this link,N,64,96,9098,150,1744,312,54,39,4,8,20,437,11525
99034,2005,A612,Major,Southwell Road,A6011,458250,339560,52.95028814,-1.13448337,1,0.6,Estimated,Estimated using AADF from previous year on this link,S,69,71,7928,150,1517,307,88,42,6,9,24,476,10142
99034,2006,A612,Major,Southwell Road,A6011,458250,339560,52.95028814,-1.13448337,1,0.6,Estimated,Estimated using AADF from previous year on this link,N,101,100,9125,148,1772,319,54,42,4,7,22,448,11593
99034,2006,A612,Major,Southwell Road,A6011,458250,339560,52.95028814,-1.13448337,1,0.6,Estimated,Estimated using AADF from previous year on this link,S,108,74,7952,148,1542,315,88,45,6,8,26,488,10204
99034,2007,A612,Major,Southwell Road,A6011,458250,339560,52.95028814,-1.13448337,1,0.6,Estimated,Estimated using AADF from previous year on this link,N,63,101,8697,142,1934,315,53,46,3,7,22,446,11320
99034,2007,A612,Major,Southwell Road,A6011,458250,339560,52.95028814,-1.13448337,1,0.6,Estimated,Estimated using AADF from previous year on this link,S,68,74,7578,142,1682,310,86,49,5,7,27,484,9960
99034,2008,A612,Major,B686,A6011,458250,339560,52.95028814,-1.13448337,1,0.6,Counted,Manual count,N,156,77,11196,186,1668,220,42,28,13,21,42,366,13493
99034,2008,A612,Major,B686,A6011,458250,339560,52.95028814,-1.13448337,1,0.6,Counted,Manual count,S,106,79,8473,183,1398,231,41,36,8,15,19,350,10483
99034,2009,A612,Major,B686,A6011,458250,339560,52.95028814,-1.13448337,1,0.6,Estimated,Estimated using AADF from previous year on this link,N,156,73,11017,182,1806,212,44,28,12,19,42,357,13435
99034,2009,A612,Major,B686,A6011,458250,339560,52.95028814,-1.13448337,1,0.6,Estimated,Estimated using AADF from previous year on this link,S,106,75,8337,179,1514,222,43,36,8,13,19,341,10446
99034,2010,A612,Major,B686,A6011,458250,339560,52.95028814,-1.13448337,1,0.6,Estimated,Estimated using AADF from previous year on this link,N,156,67,10786,191,1815,210,42,23,13,17,39,344,13203
99034,2010,A612,Major,B686,A6011,458250,339560,52.95028814,-1.13448337,1,0.6,Estimated,Estimated using AADF from previous year on this link,S,106,69,8162,188,1522,220,41,29,9,11,18,328,10269
99034,2011,A612,Major,B686,A6011,458250,339560,52.95028814,-1.13448337,1,0.6,Estimated,Estimated using AADF from previous year on this link,N,172,71,10732,191,1871,209,45,26,10,17,41,348,13213
99034,2011,A612,Major,B686,A6011,458250,339560,52.95028814,-1.13448337,1,0.6,Estimated,Estimated using AADF from previous year on this link,S,117,73,8121,188,1569,219,44,33,7,11,19,333,10284
99034,2012,A612,Major,B686,A6011,458250,339560,52.95028814,-1.13448337,1,0.6,Counted,Manual count,N,117,87,9525,193,1660,213,46,40,10,15,16,339,11804
99034,2012,A612,Major,B686,A6011,458250,339560,52.95028814,-1.13448337,1,0.6,Counted,Manual count,S,142,69,7695,171,1402,196,51,39,2,16,10,315,9652
99034,2013,A612,Major,B686,A6011,458250,339560,52.95028814,-1.13448337,1,0.6,Estimated,Estimated using AADF from previous year on this link,N,115,87,9471,182,1679,213,49,45,7,14,16,344,11762
99034,2013,A612,Major,B686,A6011,458250,339560,52.95028814,-1.13448337,1,0.6,Estimated,Estimated using AADF from previous year on this link,S,140,69,7651,161,1418,196,55,44,2,15,10,321,9621
99034,2014,A612,Major,B686,A6011,458250,339560,52.95028814,-1.13448337,1,0.6,Estimated,Estimated using AADF from previous year on this link,N,112,92,9372,193,1912,225,56,51,8,13,18,371,11940
99034,2014,A612,Major,B686,A6011,458250,339560,52.95028814,-1.13448337,1,0.6,Estimated,Estimated using AADF from previous year on this link,S,136,73,7572,171,1614,207,63,50,2,15,11,347,9778
99034,2015,A612,Major,B686,A6011,458250,339560,52.95028814,-1.13448337,1,0.6,Estimated,Estimated using AADF from previous year on this link,N,104,94,9200,191,2011,219,59,50,9,13,17,367,11863
99034,2015,A612,Major,B686,A6011,458250,339560,52.95028814,-1.13448337,1,0.6,Estimated,Estimated using AADF from previous year on this link,S,126,75,7433,170,1698,201,66,48,2,15,11,343,9719
99034,2016,A612,Major,B686,A6011,458250,339560,52.95028814,-1.13448337,1,0.6,Estimated,Estimated using AADF from previous year on this link,N,97,92,9344,177,2197,222,58,56,10,12,17,375,12184
99034,2016,A612,Major,B686,A6011,458250,339560,52.95028814,-1.13448337,1,0.6,Estimated,Estimated using AADF from previous year on this link,S,118,73,7549,157,1855,204,65,55,2,13,11,350,9984
99034,2017,A612,Major,B686,A6011,458250,339560,52.95028814,-1.13448337,1,0.6,Estimated,Estimated using AADF from previous year on this link,N,93,93,9275,165,2312,220,59,57,10,12,18,376,12222
99034,2017,A612,Major,B686,A6011,458250,339560,52.95028814,-1.13448337,1,0.6,Estimated,Estimated using AADF from previous year on this link,S,113,74,7494,147,1952,202,67,56,3,13,11,352,10018
99034,2018,A612,Major,B686,A6011,458250,339560,52.95028814,-1.13448337,1.1,0.7,Counted,Manual count,N,106,123,9078,111,1683,211,47,43,13,21,28,362,11358
99034,2018,A612,Major,B686,A6011,458250,339560,52.95028814,-1.13448337,1.1,0.7,Counted,Manual count,S,119,91,7335,93,1426,219,47,29,10,26,27,357,9302
99034,2019,A612,Major,B686,A6011,458250,339560,52.95028814,-1.13448337,1.1,0.7,Estimated,Estimated using AADF from previous year on this link,N,116,116,9192,113,1668,208,47,43,13,22,28,361,11450
99034,2019,A612,Major,B686,A6011,458250,339560,52.95028814,-1.13448337,1.1,0.7,Estimated,Estimated using AADF from previous year on this link,S,130,85,7427,94,1413,216,47,29,10,26,27,357,9377
99034,2020,A612,Major,B686,A6011,458250,339560,52.95028814,-1.13448337,1.1,0.7,Estimated,Estimated using AADF from previous year on this link,N,133,86,6982,71,1472,183,41,39,11,19,24,317,8928
99034,2020,A612,Major,B686,A6011,458250,339560,52.95028814,-1.13448337,1.1,0.7,Estimated,Estimated using AADF from previous year on this link,S,149,63,5642,60,1247,190,41,26,9,23,23,313,7324
99034,2021,A612,Major,B686,A6011,458250,339560,52.95028814,-1.13448337,1.1,0.7,Estimated,Estimated using AADF from previous year on this link,N,108,91,7692,73,1605,196,44,42,12,21,26,341,9802
99034,2021,A612,Major,B686,A6011,458250,339560,52.95028814,-1.13448337,1.1,0.7,Estimated,Estimated using AADF from previous year on this link,S,122,67,6215,62,1360,203,44,29,10,25,25,336,8039
99034,2022,A612,Major,B686,A6011,458250,339560,52.95028814,-1.13448337,1.1,0.7,Estimated,Estimated using AADF from previous year on this link,N,97,99,8216,79,1740,202,46,45,13,21,26,353,10487
99034,2022,A612,Major,B686,A6011,458250,339560,52.95028814,-1.13448337,1.1,0.7,Estimated,Estimated using AADF from previous year on this link,S,109,73,6639,66,1474,210,46,31,10,26,25,348,8599
99034,2023,A612,Major,B686,A6011,458250,339560,52.95028814,-1.13448337,1.1,0.7,Estimated,Estimated using AADF from previous year on this link,N,95,98,8370,80,1769,200,45,44,13,21,25,348,10665
99034,2023,A612,Major,B686,A6011,458250,339560,52.95028814,-1.13448337,1.1,0.7,Estimated,Estimated using AADF from previous year on this link,S,107,72,6763,67,1499,208,45,30,10,25,24,342,8743
99034,2024,A612,Major,B686,A6011,458250,339560,52.95028814,-1.13448337,1.1,0.7,Counted,Manual count,N,116,96,8860,125,1438,113,49,29,5,11,20,227,10747
99034,2024,A612,Major,B686,A6011,458250,339560,52.95028814,-1.13448337,1.1,0.7,Counted,Manual count,S,95,84,7296,94,1286,91,35,19,5,8,20,178,8938
99034,2025,A612,Major,B686,A6011,458250,339560,52.95028814,-1.13448337,1.1,0.7,Estimated,Estimated using AADF from previous year on this link,N,116,98,8871,122,1467,112,49,30,5,11,19,227,10785
99034,2025,A612,Major,B686,A6011,458250,339560,52.95028814,-1.13448337,1.1,0.7,Estimated,Estimated using AADF from previous year on this link,S,95,86,7305,92,1312,90,35,20,5,8,19,177,8972
99035,2000,A612,Major,Lower Parliament St,B686,458000,339900,52.95337118,-1.13814318,0.2,0.1,Estimated,Estimated using AADF from previous year on this link,N,45,31,3105,437,425,67,10,3,2,6,1,89,4087
99035,2000,A612,Major,Lower Parliament St,B686,458000,339900,52.95337118,-1.13814318,0.2,0.1,Estimated,Estimated using AADF from previous year on this link,S,108,112,10460,744,1408,221,24,24,14,16,7,306,13030
99035,2001,A612,Major,Lower Parliament St,B686,458000,339900,52.95337118,-1.13814318,0.2,0.1,Estimated,Estimated using AADF from previous year on this link,N,43,32,3009,458,428,64,11,3,2,5,1,86,4013
99035,2001,A612,Major,Lower Parliament St,B686,458000,339900,52.95337118,-1.13814318,0.2,0.1,Estimated,Estimated using AADF from previous year on this link,S,103,117,10136,779,1418,211,27,23,11,13,7,292,12742
99035,2002,A612,Major,Lower Parliament St,B686,458000,339900,52.95337118,-1.13814318,0.2,0.1,Estimated,Estimated using AADF from previous year on this link,N,45,33,3057,462,459,60,11,3,2,4,1,81,4092
99035,2002,A612,Major,Lower Parliament St,B686,458000,339900,52.95337118,-1.13814318,0.2,0.1,Estimated,Estimated using AADF from previous year on this link,S,107,121,10298,785,1520,199,28,24,10,11,8,280,13004
99035,2003,A612,Major,Lower Parliament St,B686,458000,339900,52.95337118,-1.13814318,0.2,0.1,Estimated,Estimated using AADF from previous year on this link,N,40,47,2944,450,498,58,11,3,2,4,1,79,4018
99035,2003,A612,Major,Lower Parliament St,B686,458000,339900,52.95337118,-1.13814318,0.2,0.1,Estimated,Estimated using AADF from previous year on this link,S,96,172,9917,764,1651,193,29,25,10,10,9,276,12780
99035,2004,A612,Major,Lower Parliament St,B686,458000,339900,52.95337118,-1.13814318,0.2,0.1,Estimated,Estimated using AADF from previous year on this link,N,33,31,2982,368,549,71,14,4,2,3,1,95,4025
99035,2004,A612,Major,Lower Parliament St,B686,458000,339900,52.95337118,-1.13814318,0.2,0.1,Estimated,Estimated using AADF from previous year on this link,S,77,113,10046,626,1817,235,37,34,10,9,10,335,12937
99035,2005,A612,Major,Lower Parliament St,B686,458000,339900,52.95337118,-1.13814318,0.2,0.1,Estimated,Estimated using AADF from previous year on this link,N,28,25,2845,348,585,77,15,5,2,3,1,103,3906
99035,2005,A612,Major,Lower Parliament St,B686,458000,339900,52.95337118,-1.13814318,0.2,0.1,Estimated,Estimated using AADF from previous year on this link,S,66,93,9584,591,1937,254,39,39,8,7,10,357,12562
99035,2006,A612,Major,Lower Parliament St,B686,458000,339900,52.95337118,-1.13814318,0.2,0.1,Estimated,Estimated using AADF from previous year on this link,N,43,22,2791,323,594,74,14,5,1,2,1,97,3827
99035,2006,A612,Major,Lower Parliament St,B686,458000,339900,52.95337118,-1.13814318,0.2,0.1,Estimated,Estimated using AADF from previous year on this link,S,103,81,9402,548,1966,245,37,39,6,6,10,343,12340
99035,2007,A612,Major,Lower Parliament St,B686,458000,339900,52.95337118,-1.13814318,0.2,0.1,Estimated,Estimated using AADF from previous year on this link,N,27,21,2746,293,625,69,13,5,1,2,1,91,3776
99035,2007,A612,Major,Lower Parliament St,B686,458000,339900,52.95337118,-1.13814318,0.2,0.1,Estimated,Estimated using AADF from previous year on this link,S,64,77,9251,499,2071,228,34,40,5,5,9,321,12219
99035,2008,A612,Major,A6008,B686,458000,339900,52.95337118,-1.13814318,0.2,0.1,Estimated,Estimated using AADF from previous year on this link,N,30,20,2686,255,638,69,15,5,1,2,1,93,3692
99035,2008,A612,Major,A6008,B686,458000,339900,52.95337118,-1.13814318,0.2,0.1,Estimated,Estimated using AADF from previous year on this link,S,72,74,9048,433,2114,228,38,43,4,4,9,326,11995
99035,2009,A612,Major,A6008,B686,458000,339900,52.95337118,-1.13814318,0.2,0.1,Counted,Manual count,E,58,24,2193,308,350,56,14,5,2,2,1,80,2955
99035,2009,A612,Major,A6008,B686,458000,339900,52.95337118,-1.13814318,0.2,0.1,Counted,Manual count,W,139,73,9406,551,1328,179,31,12,11,11,14,258,11616
99035,2010,A612,Major,A6008,B686,458000,339900,52.95337118,-1.13814318,0.2,0.1,Estimated,Estimated using AADF from previous year on this link,E,58,23,2180,349,374,60,14,4,2,2,1,83,3009
99035,2010,A612,Major,A6008,B686,458000,339900,52.95337118,-1.13814318,0.2,0.1,Estimated,Estimated using AADF from previous year on this link,W,140,69,9350,624,1418,190,31,10,13,10,14,268,11729
99035,2011,A612,Major,A6008,B686,458000,339900,52.95337118,-1.13814318,0.2,0.1,Estimated,Estimated using AADF from previous year on this link,E,64,19,2173,330,417,61,15,5,2,2,1,86,3025
99035,2011,A612,Major,A6008,B686,458000,339900,52.95337118,-1.13814318,0.2,0.1,Estimated,Estimated using AADF from previous year on this link,W,154,58,9322,590,1582,193,34,11,10,10,15,273,11825
99035,2012,A612,Major,A6008,B686,458000,339900,52.95337118,-1.13814318,0.2,0.1,Estimated,Estimated using AADF from previous year on this link,E,61,18,2139,359,422,62,16,6,1,2,1,88,3026
99035,2012,A612,Major,A6008,B686,458000,339900,52.95337118,-1.13814318,0.2,0.1,Estimated,Estimated using AADF from previous year on this link,W,146,55,9177,642,1601,195,37,13,7,9,14,275,11749
99035,2013,A612,Major,A6008,B686,458000,339900,52.95337118,-1.13814318,0.2,0.1,Estimated,Estimated using AADF from previous year on this link,E,60,20,2120,375,439,62,18,6,1,2,1,90,3044
99035,2013,A612,Major,A6008,B686,458000,339900,52.95337118,-1.13814318,0.2,0.1,Estimated,Estimated using AADF from previous year on this link,W,144,62,9096,671,1664,197,40,14,5,8,15,279,11771
99035,2014,A612,Major,A6008,B686,458000,339900,52.95337118,-1.13814318,0.2,0.1,Estimated,Estimated using AADF from previous year on this link,E,58,19,2178,361,469,64,20,7,1,1,1,94,3121
99035,2014,A612,Major,A6008,B686,458000,339900,52.95337118,-1.13814318,0.2,0.1,Estimated,Estimated using AADF from previous year on this link,W,140,59,9342,646,1779,201,45,16,5,7,14,287,12113
99035,2015,A612,Major,A6008,B686,458000,339900,52.95337118,-1.13814318,0.2,0.1,Estimated,Estimated using AADF from previous year on this link,E,54,17,2221,389,492,60,20,7,1,1,1,91,3209
99035,2015,A612,Major,A6008,B686,458000,339900,52.95337118,-1.13814318,0.2,0.1,Estimated,Estimated using AADF from previous year on this link,W,130,52,9527,696,1866,191,46,15,5,7,13,277,12418
99035,2016,A612,Major,A6008,B686,458000,339900,52.95337118,-1.13814318,0.2,0.1,Estimated,Estimated using AADF from previous year on this link,E,50,17,2256,360,537,61,20,8,1,1,1,92,3262
99035,2016,A612,Major,A6008,B686,458000,339900,52.95337118,-1.13814318,0.2,0.1,Estimated,Estimated using AADF from previous year on this link,W,121,51,9676,644,2038,194,45,17,6,6,13,281,12690
99035,2017,A612,Major,A6008,B686,458000,339900,52.95337118,-1.13814318,0.2,0.1,Counted,Manual count,E,40,23,2139,214,348,29,5,1,4,6,2,46,2770
99035,2017,A612,Major,A6008,B686,458000,339900,52.95337118,-1.13814318,0.2,0.1,Counted,Manual count,W,146,99,10013,384,1525,106,31,11,13,6,15,181,12201
99035,2018,A612,Major,A6008,B686,458000,339900,52.95337118,-1.13814318,0.2,0.1,Estimated,Estimated using AADF from previous year on this link,E,44,23,2115,194,355,29,5,1,4,6,2,46,2733
99035,2018,A612,Major,A6008,B686,458000,339900,52.95337118,-1.13814318,0.2,0.1,Estimated,Estimated using AADF from previous year on this link,W,162,98,9903,348,1553,107,31,11,13,6,16,183,12084
99035,2019,A612,Major,A6008,B686,458000,339900,52.95337118,-1.13814318,0.2,0.1,Estimated,Estimated using AADF from previous year on this link,E,48,21,2142,196,352,29,5,1,4,6,2,46,2758
99035,2019,A612,Major,A6008,B686,458000,339900,52.95337118,-1.13814318,0.2,0.1,Estimated,Estimated using AADF from previous year on this link,W,177,92,10027,352,1540,106,31,11,14,6,16,182,12192
99035,2020,A612,Major,A6008,B686,458000,339900,52.95337118,-1.13814318,0.2,0.1,Estimated,Estimated using AADF from previous year on this link,E,55,16,1627,124,310,25,4,1,3,5,2,40,2118
99035,2020,A612,Major,A6008,B686,458000,339900,52.95337118,-1.13814318,0.2,0.1,Estimated,Estimated using AADF from previous year on this link,W,203,68,7616,222,1359,93,27,9,12,5,14,160,9425
99035,2021,A612,Major,A6008,B686,458000,339900,52.95337118,-1.13814318,0.2,0.1,Estimated,Estimated using AADF from previous year on this link,E,45,17,1792,128,338,27,4,1,4,6,2,43,2319
99035,2021,A612,Major,A6008,B686,458000,339900,52.95337118,-1.13814318,0.2,0.1,Estimated,Estimated using AADF from previous year on this link,W,166,72,8391,229,1481,99,29,10,13,6,15,171,10345
99035,2022,A612,Major,A6008,B686,458000,339900,52.95337118,-1.13814318,0.2,0.1,Estimated,Estimated using AADF from previous year on this link,E,40,18,1914,138,367,28,4,1,4,6,2,45,2482
99035,2022,A612,Major,A6008,B686,458000,339900,52.95337118,-1.13814318,0.2,0.1,Estimated,Estimated using AADF from previous year on this link,W,148,79,8962,247,1606,103,30,11,13,6,15,177,11070
99035,2023,A612,Major,A6008,B686,458000,339900,52.95337118,-1.13814318,0.2,0.1,Estimated,Estimated using AADF from previous year on this link,E,40,18,1950,139,373,28,4,1,4,6,2,44,2525
99035,2023,A612,Major,A6008,B686,458000,339900,52.95337118,-1.13814318,0.2,0.1,Estimated,Estimated using AADF from previous year on this link,W,146,77,9131,249,1633,101,29,11,13,6,14,175,11265
99035,2024,A612,Major,A6008,B686,458000,339900,52.95337118,-1.13814318,0.2,0.1,Estimated,Estimated using AADF from previous year on this link,E,40,19,1980,139,380,28,4,1,4,5,2,44,2562
99035,2024,A612,Major,A6008,B686,458000,339900,52.95337118,-1.13814318,0.2,0.1,Estimated,Estimated using AADF from previous year on this link,W,147,80,9269,250,1662,103,30,11,13,5,14,175,11436
99035,2025,A612,Major,A6008,B686,458000,339900,52.95337118,-1.13814318,0.2,0.1,Counted,Manual count,E,147,17,1679,208,274,19,9,1,1,0,5,36,2214
99035,2025,A612,Major,A6008,B686,458000,339900,52.95337118,-1.13814318,0.2,0.1,Counted,Manual count,W,277,134,10665,338,1520,98,27,28,6,10,18,187,12844
99037,2000,A60,Major,Huntingdon St,Lower Parliament St,457470,340250,52.95657396,-1.14596924,0.3,0.2,Estimated,Estimated using AADF from previous year on this link,N,86,186,13484,95,1527,322,29,10,15,8,3,387,15679
99037,2001,A60,Major,Huntingdon St,Lower Parliament St,457470,340250,52.95657396,-1.14596924,0.3,0.2,Estimated,Estimated using AADF from previous year on this link,N,82,195,13066,99,1538,307,32,10,12,6,3,370,15268
99037,2002,A60,Major,Huntingdon St,Lower Parliament St,457470,340250,52.95657396,-1.14596924,0.3,0.2,Estimated,Estimated using AADF from previous year on this link,N,85,202,13275,100,1649,290,33,10,11,5,3,352,15578
99037,2003,A60,Major,Huntingdon St,Lower Parliament St,457470,340250,52.95657396,-1.14596924,0.3,0.2,Counted,Manual count,N,162,174,11920,70,1416,198,30,25,12,11,3,279,13859
99037,2004,A60,Major,Huntingdon St,Lower Parliament St,457470,340250,52.95657396,-1.14596924,0.3,0.2,Estimated,Estimated using AADF from previous year on this link,N,131,114,12075,58,1559,241,39,33,13,10,4,340,14146
99037,2005,A60,Major,Huntingdon St,Lower Parliament St,457470,340250,52.95657396,-1.14596924,0.3,0.2,Estimated,Estimated using AADF from previous year on this link,N,111,94,11519,54,1662,261,41,38,10,8,4,362,13691
99037,2006,A60,Major,Huntingdon St,Lower Parliament St,457470,340250,52.95657396,-1.14596924,0.3,0.2,Estimated,Estimated using AADF from previous year on this link,N,174,82,11300,50,1687,252,39,39,8,6,4,348,13467
99037,2007,A60,Major,Huntingdon St,Lower Parliament St,457470,340250,52.95657396,-1.14596924,0.3,0.2,Estimated,Estimated using AADF from previous year on this link,N,109,78,11120,46,1777,234,36,40,7,6,3,326,13347
99037,2008,A60,Major,A60 Huntingdon Street,A6008 Lower Parliament Street,457470,340250,52.95657396,-1.14596924,0.3,0.2,Estimated,Estimated using AADF from previous year on this link,N,122,75,10875,40,1814,233,40,42,6,5,3,329,13133
99037,2009,A60,Major,A60 Huntingdon Street,A6008 Lower Parliament Street,457470,340250,52.95657396,-1.14596924,0.3,0.2,Estimated,Estimated using AADF from previous year on this link,N,122,84,11114,40,1841,212,40,40,6,4,3,305,13384
99037,2010,A60,Major,A60 Huntingdon Street,A6008 Lower Parliament Street,457470,340250,52.95657396,-1.14596924,0.3,0.2,Estimated,Estimated using AADF from previous year on this link,N,123,80,11047,45,1966,226,41,35,7,4,3,316,13454
99037,2011,A60,Major,A60 Huntingdon Street,A6008 Lower Parliament Street,457470,340250,52.95657396,-1.14596924,0.3,0.2,Counted,Manual count,N,63,81,9799,50,1123,110,19,7,9,7,4,156,11209
99037,2012,A60,Major,A60 Huntingdon Street,A6008 Lower Parliament Street,457470,340250,52.95657396,-1.14596924,0.3,0.2,Estimated,Estimated using AADF from previous year on this link,N,60,77,9646,54,1136,111,21,8,6,6,4,156,11070
99037,2013,A60,Major,A60 Huntingdon Street,A6008 Lower Parliament Street,457470,340250,52.95657396,-1.14596924,0.3,0.2,Estimated,Estimated using AADF from previous year on this link,N,59,86,9561,57,1181,112,23,9,5,6,4,158,11043
99037,2014,A60,Major,A60 Huntingdon Street,A6008 Lower Parliament Street,457470,340250,52.95657396,-1.14596924,0.3,0.2,Estimated,Estimated using AADF from previous year on this link,N,57,83,9820,55,1263,115,25,10,4,5,4,162,11383
99037,2015,A60,Major,A60 Huntingdon Street,A6008 Lower Parliament Street,457470,340250,52.95657396,-1.14596924,0.3,0.2,Estimated,Estimated using AADF from previous year on this link,N,53,73,10015,59,1324,109,26,9,5,5,4,157,11628
99037,2016,A60,Major,A60 Huntingdon Street,A6008 Lower Parliament Street,457470,340250,52.95657396,-1.14596924,0.3,0.2,Estimated,Estimated using AADF from previous year on this link,N,49,71,10171,55,1447,110,25,11,5,4,3,159,11903
99037,2017,A60,Major,A60 Huntingdon Street,A6008 Lower Parliament Street,457470,340250,52.95657396,-1.14596924,0.3,0.2,Estimated,Estimated using AADF from previous year on this link,N,47,72,10096,51,1523,110,26,11,5,4,4,159,11901
99037,2018,A60,Major,A60 Huntingdon Street,A6008 Lower Parliament Street,457470,340250,52.95657396,-1.14596924,0.3,0.2,Estimated,Estimated using AADF from previous year on this link,N,52,71,9985,46,1551,111,26,11,5,4,4,160,11814
99037,2019,A60,Major,A60 Huntingdon Street,A6008 Lower Parliament Street,457470,340250,52.95657396,-1.14596924,0.3,0.2,Counted,Manual count,N,111,72,8182,32,1103,88,14,22,5,0,3,131,9521
99037,2020,A60,Major,A60 Huntingdon Street,A6008 Lower Parliament Street,457470,340250,52.95657396,-1.14596924,0.3,0.2,Estimated,Estimated using AADF from previous year on this link,N,127,54,6215,20,974,78,12,20,4,0,2,115,7378
99037,2021,A60,Major,A60 Huntingdon Street,A6008 Lower Parliament Street,457470,340250,52.95657396,-1.14596924,0.3,0.2,Estimated,Estimated using AADF from previous year on this link,N,104,57,6847,21,1061,83,13,21,4,0,3,124,8110
99037,2022,A60,Major,A60 Huntingdon Street,A6008 Lower Parliament Street,457470,340250,52.95657396,-1.14596924,0.3,0.2,Estimated,Estimated using AADF from previous year on this link,N,93,62,7313,23,1151,86,13,23,4,0,3,129,8677
99037,2023,A60,Major,A60 Huntingdon Street,A6008 Lower Parliament Street,457470,340250,52.95657396,-1.14596924,0.3,0.2,Estimated,Estimated using AADF from previous year on this link,N,91,61,7451,23,1170,85,13,22,4,0,3,127,8832
99037,2024,A60,Major,A60 Huntingdon Street,A6008 Lower Parliament Street,457470,340250,52.95657396,-1.14596924,0.3,0.2,Estimated,Estimated using AADF from previous year on this link,N,92,63,7564,23,1191,86,13,22,4,0,2,128,8968
99037,2025,A60,Major,A60 Huntingdon Street,A6008 Lower Parliament Street,457470,340250,52.95657396,-1.14596924,0.3,0.2,Estimated,Estimated using AADF from previous year on this link,N,93,64,7573,22,1215,85,13,22,4,0,2,128,9002
99038,2000,A60,Major,King Edward Street,Lower Parliament St,457700,340150,52.9556505,-1.14256367,0.2,0.1,Estimated,Estimated using AADF from previous year on this link,S,174,229,22164,698,3014,502,69,20,23,20,41,675,26780
99038,2001,A60,Major,King Edward Street,Lower Parliament St,457700,340150,52.9556505,-1.14256367,0.2,0.1,Counted,Manual count,S,205,236,19682,608,2436,396,52,23,22,27,11,531,23493
99038,2002,A60,Major,King Edward Street,Lower Parliament St,457700,340150,52.9556505,-1.14256367,0.2,0.1,Estimated,Estimated using AADF from previous year on this link,S,213,239,19643,621,2441,381,54,24,20,23,12,514,23458
99038,2003,A60,Major,King Edward Street,Lower Parliament St,457700,340150,52.9556505,-1.14256367,0.2,0.1,Estimated,Estimated using AADF from previous year on this link,S,190,268,19368,555,2661,409,61,28,19,20,13,550,23402
99038,2004,A60,Major,King Edward Street,Lower Parliament St,457700,340150,52.9556505,-1.14256367,0.2,0.1,Estimated,Estimated using AADF from previous year on this link,S,154,236,19407,516,2637,410,65,31,18,18,14,556,23352
99038,2005,A60,Major,King Edward Street,Lower Parliament St,457700,340150,52.9556505,-1.14256367,0.2,0.1,Counted,Manual count,E,131,204,19312,540,2528,332,47,24,29,23,18,473,23057
99038,2006,A60,Major,King Edward Street,Lower Parliament St,457700,340150,52.9556505,-1.14256367,0.2,0.1,Estimated,Estimated using AADF from previous year on this link,E,205,212,19369,532,2569,340,47,26,26,20,20,479,23161
99038,2007,A60,Major,King Edward Street,Lower Parliament St,457700,340150,52.9556505,-1.14256367,0.2,0.1,Estimated,Estimated using AADF from previous year on this link,E,128,214,18459,511,2803,335,46,28,23,19,20,471,22458
99038,2008,A60,Major,A60 King Edward Street,A6008 Lower Parliament Street,457700,340150,52.9556505,-1.14256367,0.2,0.1,Estimated,Estimated using AADF from previous year on this link,E,144,200,18108,517,2934,322,50,28,20,17,20,457,22216
99038,2009,A60,Major,A60 King Edward Street,A6008 Lower Parliament Street,457700,340150,52.9556505,-1.14256367,0.2,0.1,Estimated,Estimated using AADF from previous year on this link,E,144,189,17818,506,3178,310,52,28,19,15,20,444,22135
99038,2010,A60,Major,A60 King Edward Street,A6008 Lower Parliament Street,457700,340150,52.9556505,-1.14256367,0.2,0.1,Counted,Manual count,S,142,156,14148,538,2158,258,40,18,17,14,7,354,17354
99038,2011,A60,Major,A60 King Edward Street,A6008 Lower Parliament Street,457700,340150,52.9556505,-1.14256367,0.2,0.1,Estimated,Estimated using AADF from previous year on this link,S,157,132,14106,508,2408,262,44,21,14,14,8,363,17517
99038,2012,A60,Major,A60 King Edward Street,A6008 Lower Parliament Street,457700,340150,52.9556505,-1.14256367,0.2,0.1,Estimated,Estimated using AADF from previous year on this link,S,148,126,13886,552,2437,265,48,24,10,12,8,367,17368
99038,2013,A60,Major,A60 King Edward Street,A6008 Lower Parliament Street,457700,340150,52.9556505,-1.14256367,0.2,0.1,Estimated,Estimated using AADF from previous year on this link,S,147,141,13763,577,2532,267,52,27,7,12,8,373,17387
99038,2014,A60,Major,A60 King Edward Street,A6008 Lower Parliament Street,457700,340150,52.9556505,-1.14256367,0.2,0.1,Estimated,Estimated using AADF from previous year on this link,S,142,135,14137,556,2708,273,58,30,6,10,7,384,17920
99038,2015,A60,Major,A60 King Edward Street,A6008 Lower Parliament Street,457700,340150,52.9556505,-1.14256367,0.2,0.1,Estimated,Estimated using AADF from previous year on this link,S,132,119,14417,599,2840,259,59,28,8,9,7,371,18345
99038,2016,A60,Major,A60 King Edward Street,A6008 Lower Parliament Street,457700,340150,52.9556505,-1.14256367,0.2,0.1,Estimated,Estimated using AADF from previous year on this link,S,123,116,14642,555,3102,263,59,32,8,8,7,377,18792
99038,2017,A60,Major,A60 King Edward Street,A6008 Lower Parliament Street,457700,340150,52.9556505,-1.14256367,0.2,0.1,Estimated,Estimated using AADF from previous year on this link,S,118,117,14534,518,3266,261,60,33,8,8,7,377,18812
99039,2000,A6011,Major,A6011 Lady Bay Bridge,A612,458440,339000,52.94523408,-1.13175646,0.3,0.2,Estimated,Estimated using AADF from previous year on this link,N,179,120,11554,56,2489,552,92,91,56,79,57,927,15146
99039,2000,A6011,Major,A6011 Lady Bay Bridge,A612,458440,339000,52.94523408,-1.13175646,0.3,0.2,Estimated,Estimated using AADF from previous year on this link,S,149,107,10639,56,2252,476,87,74,50,71,42,800,13854
99039,2001,A6011,Major,A6011 Lady Bay Bridge,A612,458440,339000,52.94523408,-1.13175646,0.3,0.2,Counted,Manual count,N,176,348,13599,35,2172,486,77,51,73,120,52,859,17013
99039,2001,A6011,Major,A6011 Lady Bay Bridge,A612,458440,339000,52.94523408,-1.13175646,0.3,0.2,Counted,Manual count,S,145,286,12026,32,1774,410,67,46,71,111,52,757,14875
99039,2002,A6011,Major,A6011 Lady Bay Bridge,A612,458440,339000,52.94523408,-1.13175646,0.3,0.2,Estimated,Estimated using AADF from previous year on this link,N,183,352,13572,36,2176,468,80,53,66,104,57,828,16964
99039,2002,A6011,Major,A6011 Lady Bay Bridge,A612,458440,339000,52.94523408,-1.13175646,0.3,0.2,Estimated,Estimated using AADF from previous year on this link,S,151,289,12002,33,1778,395,70,48,65,96,57,731,14833
99039,2003,A6011,Major,A6011 Lady Bay Bridge,A612,458440,339000,52.94523408,-1.13175646,0.3,0.2,Estimated,Estimated using AADF from previous year on this link,N,163,395,13382,32,2372,502,91,62,63,92,63,873,17054
99039,2003,A6011,Major,A6011 Lady Bay Bridge,A612,458440,339000,52.94523408,-1.13175646,0.3,0.2,Estimated,Estimated using AADF from previous year on this link,S,135,324,11834,29,1938,424,79,56,62,85,63,769,14894
99039,2004,A6011,Major,A6011 Lady Bay Bridge,A612,458440,339000,52.94523408,-1.13175646,0.3,0.2,Estimated,Estimated using AADF from previous year on this link,N,132,348,13409,30,2350,504,96,68,60,82,69,879,17016
99039,2004,A6011,Major,A6011 Lady Bay Bridge,A612,458440,339000,52.94523408,-1.13175646,0.3,0.2,Estimated,Estimated using AADF from previous year on this link,S,109,286,11858,27,1921,426,84,62,59,75,69,775,14867
99039,2005,A6011,Major,A6011 Lady Bay Bridge,A612,458440,339000,52.94523408,-1.13175646,0.3,0.2,Estimated,Estimated using AADF from previous year on this link,N,112,351,13074,29,2412,485,90,69,53,71,72,840,16706
99039,2005,A6011,Major,A6011 Lady Bay Bridge,A612,458440,339000,52.94523408,-1.13175646,0.3,0.2,Estimated,Estimated using AADF from previous year on this link,S,93,289,11561,27,1971,409,79,63,52,65,72,740,14588
99039,2006,A6011,Major,A6011 Lady Bay Bridge,A612,458440,339000,52.94523408,-1.13175646,0.3,0.2,Estimated,Estimated using AADF from previous year on this link,N,176,365,13113,29,2450,496,90,75,48,63,78,850,16807
99039,2006,A6011,Major,A6011 Lady Bay Bridge,A612,458440,339000,52.94523408,-1.13175646,0.3,0.2,Estimated,Estimated using AADF from previous year on this link,S,145,300,11596,27,2002,418,79,68,47,58,78,748,14673
99039,2007,A6011,Major,A6011 Lady Bay Bridge,A612,458440,339000,52.94523408,-1.13175646,0.3,0.2,Estimated,Estimated using AADF from previous year on this link,N,110,369,12496,28,2673,489,89,81,41,60,80,840,16406
99039,2007,A6011,Major,A6011 Lady Bay Bridge,A612,458440,339000,52.94523408,-1.13175646,0.3,0.2,Estimated,Estimated using AADF from previous year on this link,S,90,303,11051,26,2184,413,78,73,40,55,80,739,14303
99039,2008,A6011,Major,A6011 Lady Bay Bridge,A612,458440,339000,52.94523408,-1.13175646,0.3,0.2,Estimated,Estimated using AADF from previous year on this link,N,123,344,12259,28,2799,470,96,83,36,53,78,816,16246
99039,2008,A6011,Major,A6011 Lady Bay Bridge,A612,458440,339000,52.94523408,-1.13175646,0.3,0.2,Estimated,Estimated using AADF from previous year on this link,S,101,283,10841,26,2287,396,84,75,35,49,78,717,14154
99039,2009,A6011,Major,A6011 Lady Bay Bridge,A612,458440,339000,52.94523408,-1.13175646,0.3,0.2,Counted,Manual count,N,289,139,14245,60,2503,305,61,70,17,74,77,604,17551
99039,2009,A6011,Major,A6011 Lady Bay Bridge,A612,458440,339000,52.94523408,-1.13175646,0.3,0.2,Counted,Manual count,S,229,103,12934,58,2281,318,65,61,30,72,67,613,15989
99039,2010,A6011,Major,A6011 Lady Bay Bridge,A612,458440,339000,52.94523408,-1.13175646,0.3,0.2,Estimated,Estimated using AADF from previous year on this link,N,289,128,13946,63,2516,303,58,57,18,65,71,572,17225
99039,2010,A6011,Major,A6011 Lady Bay Bridge,A612,458440,339000,52.94523408,-1.13175646,0.3,0.2,Estimated,Estimated using AADF from previous year on this link,S,229,95,12662,61,2292,315,61,50,32,63,62,583,15693
99039,2011,A6011,Major,A6011 Lady Bay Bridge,A612,458440,339000,52.94523408,-1.13175646,0.3,0.2,Estimated,Estimated using AADF from previous year on this link,N,319,136,13876,63,2594,302,62,64,14,64,75,581,17250
99039,2011,A6011,Major,A6011 Lady Bay Bridge,A612,458440,339000,52.94523408,-1.13175646,0.3,0.2,Estimated,Estimated using AADF from previous year on this link,S,253,101,12599,61,2363,314,65,56,25,62,65,587,15711
99039,2012,A6011,Major,A6011 Lady Bay Bridge,A612,458440,339000,52.94523408,-1.13175646,0.3,0.2,Estimated,Estimated using AADF from previous year on this link,N,302,123,13817,68,2491,267,59,64,10,59,74,534,17033
99039,2012,A6011,Major,A6011 Lady Bay Bridge,A612,458440,339000,52.94523408,-1.13175646,0.3,0.2,Estimated,Estimated using AADF from previous year on this link,S,239,91,12546,66,2269,278,62,56,18,57,65,536,15507
99039,2013,A6011,Major,A6011 Lady Bay Bridge,A612,458440,339000,52.94523408,-1.13175646,0.3,0.2,Counted,Manual count,N,272,109,15129,70,2158,241,67,52,22,66,56,504,17970
99039,2013,A6011,Major,A6011 Lady Bay Bridge,A612,458440,339000,52.94523408,-1.13175646,0.3,0.2,Counted,Manual count,S,210,89,13184,47,1874,225,75,59,25,59,57,501,15695
99039,2014,A6011,Major,A6011 Lady Bay Bridge,A612,458440,339000,52.94523408,-1.13175646,0.3,0.2,Estimated,Estimated using AADF from previous year on this link,N,264,116,14972,74,2457,255,76,59,23,64,63,541,18161
99039,2014,A6011,Major,A6011 Lady Bay Bridge,A612,458440,339000,52.94523408,-1.13175646,0.3,0.2,Estimated,Estimated using AADF from previous year on this link,S,204,95,13047,50,2134,238,86,67,26,58,64,539,15866
99039,2015,A6011,Major,A6011 Lady Bay Bridge,A612,458440,339000,52.94523408,-1.13175646,0.3,0.2,Estimated,Estimated using AADF from previous year on this link,N,246,118,14698,73,2584,248,80,57,28,63,62,540,18014
99039,2015,A6011,Major,A6011 Lady Bay Bridge,A612,458440,339000,52.94523408,-1.13175646,0.3,0.2,Estimated,Estimated using AADF from previous year on this link,S,190,96,12808,50,2245,232,90,65,32,57,63,539,15738
99039,2016,A6011,Major,A6011 Lady Bay Bridge,A612,458440,339000,52.94523408,-1.13175646,0.3,0.2,Estimated,Estimated using AADF from previous year on this link,N,229,116,14927,68,2823,252,79,65,30,56,61,543,18477
99039,2016,A6011,Major,A6011 Lady Bay Bridge,A612,458440,339000,52.94523408,-1.13175646,0.3,0.2,Estimated,Estimated using AADF from previous year on this link,S,177,94,13008,46,2452,235,90,73,33,51,62,544,16144
99039,2017,A6011,Major,A6011 Lady Bay Bridge,A612,458440,339000,52.94523408,-1.13175646,0.3,0.2,Counted,Manual count,N,197,122,13593,59,2570,280,75,55,30,92,71,603,16946
99039,2017,A6011,Major,A6011 Lady Bay Bridge,A612,458440,339000,52.94523408,-1.13175646,0.3,0.2,Counted,Manual count,S,165,115,12914,55,2434,252,90,43,42,84,45,557,16075
99039,2018,A6011,Major,A6011 Lady Bay Bridge,A612,458440,339000,52.94523408,-1.13175646,0.3,0.2,Estimated,Estimated using AADF from previous year on this link,N,217,120,13443,53,2618,282,75,53,31,95,75,611,16845
99039,2018,A6011,Major,A6011 Lady Bay Bridge,A612,458440,339000,52.94523408,-1.13175646,0.3,0.2,Estimated,Estimated using AADF from previous year on this link,S,183,114,12772,50,2479,255,90,42,43,87,47,563,15978
99039,2019,A6011,Major,A6011 Lady Bay Bridge,A612,458440,339000,52.94523408,-1.13175646,0.3,0.2,Estimated,Estimated using AADF from previous year on this link,N,239,113,13612,54,2595,279,76,54,31,97,75,612,16986
99039,2019,A6011,Major,A6011 Lady Bay Bridge,A612,458440,339000,52.94523408,-1.13175646,0.3,0.2,Estimated,Estimated using AADF from previous year on this link,S,200,107,12932,51,2457,251,91,42,44,89,47,565,16112
99039,2020,A6011,Major,A6011 Lady Bay Bridge,A612,458440,339000,52.94523408,-1.13175646,0.3,0.2,Estimated,Estimated using AADF from previous year on this link,N,273,83,10339,34,2290,245,66,48,27,86,65,538,13284
99039,2020,A6011,Major,A6011 Lady Bay Bridge,A612,458440,339000,52.94523408,-1.13175646,0.3,0.2,Estimated,Estimated using AADF from previous year on this link,S,229,79,9823,32,2169,221,79,38,38,79,41,496,12598
99039,2021,A6011,Major,A6011 Lady Bay Bridge,A612,458440,339000,52.94523408,-1.13175646,0.3,0.2,Estimated,Estimated using AADF from previous year on this link,N,223,88,11391,35,2497,262,71,52,29,92,70,576,14587
99039,2021,A6011,Major,A6011 Lady Bay Bridge,A612,458440,339000,52.94523408,-1.13175646,0.3,0.2,Estimated,Estimated using AADF from previous year on this link,S,187,83,10822,33,2364,236,85,41,40,84,44,532,13834
99039,2022,A6011,Major,A6011 Lady Bay Bridge,A612,458440,339000,52.94523408,-1.13175646,0.3,0.2,Estimated,Estimated using AADF from previous year on this link,N,199,96,12166,38,2706,271,73,56,30,94,71,596,15603
99039,2022,A6011,Major,A6011 Lady Bay Bridge,A612,458440,339000,52.94523408,-1.13175646,0.3,0.2,Estimated,Estimated using AADF from previous year on this link,S,167,91,11559,35,2563,245,88,44,42,86,45,550,14799
99039,2023,A6011,Major,A6011 Lady Bay Bridge,A612,458440,339000,52.94523408,-1.13175646,0.3,0.2,Estimated,Estimated using AADF from previous year on this link,N,196,95,12395,38,2752,268,72,55,31,92,68,586,15867
99039,2023,A6011,Major,A6011 Lady Bay Bridge,A612,458440,339000,52.94523408,-1.13175646,0.3,0.2,Estimated,Estimated using AADF from previous year on this link,S,165,90,11776,36,2606,242,87,43,42,84,43,541,15050
99039,2024,A6011,Major,A6011 Lady Bay Bridge,A612,458440,339000,52.94523408,-1.13175646,0.3,0.2,Counted,Manual count,N,53,153,16564,46,2790,237,108,115,10,15,175,660,20213
99039,2024,A6011,Major,A6011 Lady Bay Bridge,A612,458440,339000,52.94523408,-1.13175646,0.3,0.2,Counted,Manual count,S,194,147,14035,31,2631,257,113,111,10,12,165,668,17511
99039,2025,A6011,Major,A6011 Lady Bay Bridge,A612,458440,339000,52.94523408,-1.13175646,0.3,0.2,Estimated,Estimated using AADF from previous year on this link,N,53,156,16584,45,2847,235,108,118,10,15,172,657,20289
99039,2025,A6011,Major,A6011 Lady Bay Bridge,A612,458440,339000,52.94523408,-1.13175646,0.3,0.2,Estimated,Estimated using AADF from previous year on this link,S,194,149,14051,30,2685,254,113,114,10,11,162,665,17581
99702,2000,A6008,Major,Castle Boulevard,Middle Hill,457300,339470,52.94958126,-1.14863702,0.3,0.2,Estimated,Estimated using AADF from previous year on this link,E,120,289,29374,2504,2990,510,65,59,67,36,45,782,35939
99702,2001,A6008,Major,Castle Boulevard,Middle Hill,457300,339470,52.94958126,-1.14863702,0.3,0.2,Estimated,Estimated using AADF from previous year on this link,E,115,299,29961,2552,2978,500,75,59,59,31,50,774,36564
99702,2002,A6008,Major,Castle Boulevard,Middle Hill,457300,339470,52.94958126,-1.14863702,0.3,0.2,Estimated,Estimated using AADF from previous year on this link,E,120,302,29901,2608,2984,481,78,61,54,27,55,756,36551
99702,2003,A6008,Major,Castle Boulevard,Middle Hill,457300,339470,52.94958126,-1.14863702,0.3,0.2,Counted,Manual count,E,313,360,26326,1879,2854,568,66,31,52,27,15,759,32178
99702,2004,A6008,Major,Castle Boulevard,Middle Hill,457300,339470,52.94958126,-1.14863702,0.3,0.2,Estimated,Estimated using AADF from previous year on this link,E,254,318,26379,1748,2828,570,70,34,49,23,17,763,32036
99702,2005,A6008,Major,Castle Boulevard,Middle Hill,457300,339470,52.94958126,-1.14863702,0.3,0.2,Estimated,Estimated using AADF from previous year on this link,E,215,321,25719,1720,2902,548,66,35,43,20,18,730,31392
99702,2006,A6008,Major,Castle Boulevard,Middle Hill,457300,339470,52.94958126,-1.14863702,0.3,0.2,Estimated,Estimated using AADF from previous year on this link,E,337,334,25797,1692,2948,561,66,38,39,18,19,741,31512
99702,2007,A6008,Major,Castle Boulevard,Middle Hill,457300,339470,52.94958126,-1.14863702,0.3,0.2,Estimated,Estimated using AADF from previous year on this link,E,210,337,24584,1628,3217,553,65,41,34,17,20,730,30496
99702,2008,A6008,Major,A6008 Greyfriar Gate,A6008 Canal Street,457300,339470,52.94958126,-1.14863702,0.3,0.2,Estimated,Estimated using AADF from previous year on this link,E,236,314,24117,1644,3368,531,70,42,29,15,19,706,30149
99702,2009,A6008,Major,A6008 Greyfriar Gate,A6008 Canal Street,457300,339470,52.94958126,-1.14863702,0.3,0.2,Counted,Manual count,E,258,251,23726,2023,2980,345,47,21,24,30,24,491,29471
99702,2010,A6008,Major,A6008 Greyfriar Gate,A6008 Canal Street,457300,339470,52.94958126,-1.14863702,0.3,0.2,Estimated,Estimated using AADF from previous year on this link,E,258,231,23228,2126,2995,342,44,17,26,26,22,477,29057
99702,2011,A6008,Major,A6008 Greyfriar Gate,A6008 Canal Street,457300,339470,52.94958126,-1.14863702,0.3,0.2,Estimated,Estimated using AADF from previous year on this link,E,285,245,23112,2124,3088,341,47,19,20,26,23,476,29045
99702,2012,A6008,Major,A6008 Greyfriar Gate,A6008 Canal Street,457300,339470,52.94958126,-1.14863702,0.3,0.2,Estimated,Estimated using AADF from previous year on this link,E,270,221,23014,2283,2965,302,45,19,15,24,23,427,28910
99702,2013,A6008,Major,A6008 Greyfriar Gate,A6008 Canal Street,457300,339470,52.94958126,-1.14863702,0.3,0.2,Counted,Manual count,E,141,151,19596,1359,2513,311,68,34,31,37,22,502,24120
99702,2014,A6008,Major,A6008 Greyfriar Gate,A6008 Canal Street,457300,339470,52.94958126,-1.14863702,0.3,0.2,Estimated,Estimated using AADF from previous year on this link,E,137,161,19393,1442,2862,328,77,38,33,36,25,538,24395
99702,2015,A6008,Major,A6008 Greyfriar Gate,A6008 Canal Street,457300,339470,52.94958126,-1.14863702,0.3,0.2,Estimated,Estimated using AADF from previous year on this link,E,127,163,19037,1430,3010,319,81,37,40,36,24,538,24178
99702,2016,A6008,Major,A6008 Greyfriar Gate,A6008 Canal Street,457300,339470,52.94958126,-1.14863702,0.3,0.2,Estimated,Estimated using AADF from previous year on this link,E,119,160,19334,1325,3288,324,81,42,41,32,24,543,24649
99702,2017,A6008,Major,A6008 Greyfriar Gate,A6008 Canal Street,457300,339470,52.94958126,-1.14863702,0.3,0.2,Counted,Manual count,E,201,191,20028,1223,2871,284,63,35,25,29,26,463,24776
99702,2018,A6008,Major,A6008 Greyfriar Gate,A6008 Canal Street,457300,339470,52.94958126,-1.14863702,0.3,0.2,Estimated,Estimated using AADF from previous year on this link,E,222,189,19807,1110,2924,287,63,34,26,30,28,467,24497
99702,2019,A6008,Major,A6008 Greyfriar Gate,A6008 Canal Street,457300,339470,52.94958126,-1.14863702,0.3,0.2,Estimated,Estimated using AADF from previous year on this link,E,244,177,20056,1122,2899,283,64,34,26,31,28,466,24720
99702,2020,A6008,Major,A6008 Greyfriar Gate,A6008 Canal Street,457300,339470,52.94958126,-1.14863702,0.3,0.2,Estimated,Estimated using AADF from previous year on this link,E,279,131,15234,708,2558,249,55,31,23,28,24,409,19041
99702,2021,A6008,Major,A6008 Greyfriar Gate,A6008 Canal Street,457300,339470,52.94958126,-1.14863702,0.3,0.2,Estimated,Estimated using AADF from previous year on this link,E,228,139,16783,732,2789,266,59,33,24,29,26,439,20881
800268,2018,B680,Minor,,,456642,335701,52.91577383,-1.15908479,,,Counted,Manual count,N,185,12,1367,34,226,23,8,1,0,6,9,48,1686
800268,2018,B680,Minor,,,456642,335701,52.91577383,-1.15908479,,,Counted,Manual count,S,114,8,1767,34,290,55,8,2,1,10,5,81,2180
800268,2019,B680,Minor,,,456642,335701,52.91577383,-1.15908479,,,Estimated,Estimated using AADF from previous year on this link,N,226,11,1371,33,228,24,9,1,0,6,9,48,1692
800268,2019,B680,Minor,,,456642,335701,52.91577383,-1.15908479,,,Estimated,Estimated using AADF from previous year on this link,S,139,8,1773,34,293,55,8,2,1,10,5,81,2189
801330,2018,C,Minor,,,452711,338354,52.94001949,-1.2171083,,,Counted,Manual count,N,141,51,6538,78,900,78,12,19,6,5,9,130,7698
801330,2018,C,Minor,,,452711,338354,52.94001949,-1.2171083,,,Counted,Manual count,S,139,40,6921,90,799,97,16,9,2,11,13,148,8000
801330,2019,C,Minor,,,452711,338354,52.94001949,-1.2171083,,,Estimated,Estimated using AADF from previous year on this link,N,162,47,6557,79,893,75,12,17,6,5,9,125,7701
801330,2019,C,Minor,,,452711,338354,52.94001949,-1.2171083,,,Estimated,Estimated using AADF from previous year on this link,S,161,37,6942,92,793,93,16,8,2,10,13,143,8006
803981,2018,U,Minor,,,451552,339255,52.94822999,-1.23421015,,,Counted,Manual count,E,2,0,104,0,10,0,0,0,0,0,0,0,114
803981,2018,U,Minor,,,451552,339255,52.94822999,-1.23421015,,,Counted,Manual count,W,3,0,163,0,5,0,0,0,0,0,0,0,168
803981,2019,U,Minor,,,451552,339255,52.94822999,-1.23421015,,,Estimated,Estimated using AADF from previous year on this link,E,2,0,105,0,9,0,0,0,0,0,0,0,114
803981,2019,U,Minor,,,451552,339255,52.94822999,-1.23421015,,,Estimated,Estimated using AADF from previous year on this link,W,4,0,164,0,5,0,0,0,0,0,0,0,169
803982,2018,U,Minor,,,453608,340204,52.95655953,-1.20345809,,,Counted,Manual count,E,11,0,133,0,21,1,0,0,0,0,0,1,155
803982,2018,U,Minor,,,453608,340204,52.95655953,-1.20345809,,,Counted,Manual count,W,15,3,139,0,12,0,0,0,0,0,0,0,154
803982,2019,U,Minor,,,453608,340204,52.95655953,-1.20345809,,,Estimated,Estimated using AADF from previous year on this link,E,12,0,134,0,20,1,0,0,0,0,0,1,155
803982,2019,U,Minor,,,453608,340204,52.95655953,-1.20345809,,,Estimated,Estimated using AADF from previous year on this link,W,17,3,139,0,12,0,0,0,0,0,0,0,154
803983,2018,U,Minor,,,452317,339696,52.95212024,-1.22275515,,,Counted,Manual count,N,65,19,3532,54,358,5,1,0,0,1,0,7,3970
803983,2018,U,Minor,,,452317,339696,52.95212024,-1.22275515,,,Counted,Manual count,S,48,15,3622,50,343,7,0,2,0,0,0,9,4039
803983,2019,U,Minor,,,452317,339696,52.95212024,-1.22275515,,,Estimated,Estimated using AADF from previous year on this link,N,75,17,3542,55,355,5,1,0,0,1,0,7,3977
803983,2019,U,Minor,,,452317,339696,52.95212024,-1.22275515,,,Estimated,Estimated using AADF from previous year on this link,S,55,14,3632,51,341,7,0,2,0,0,0,9,4046
803984,2018,U,Minor,,,451893,342195,52.97462315,-1.22866728,,,Counted,Manual count,N,15,11,1092,92,186,4,0,0,0,0,0,4,1385
803984,2018,U,Minor,,,451893,342195,52.97462315,-1.22866728,,,Counted,Manual count,S,5,10,1028,94,150,12,1,0,0,0,0,13,1295
803984,2019,U,Minor,,,451893,342195,52.97462315,-1.22866728,,,Estimated,Estimated using AADF from previous year on this link,N,17,10,1096,93,185,4,0,0,0,0,0,4,1387
803984,2019,U,Minor,,,451893,342195,52.97462315,-1.22866728,,,Estimated,Estimated using AADF from previous year on this link,S,5,9,1031,95,149,12,1,0,0,0,0,13,1297
803984,2020,U,Minor,,,451893,342195,52.97462315,-1.22866728,,,Counted,Manual count,N,15,14,1052,47,195,11,3,0,0,0,0,14,1323
803984,2020,U,Minor,,,451893,342195,52.97462315,-1.22866728,,,Counted,Manual count,S,18,10,997,47,170,9,0,0,0,0,0,9,1233
803984,2021,U,Minor,,,451893,342195,52.97462315,-1.22866728,,,Counted,Manual count,N,7,5,1031,82,192,4,2,0,0,0,0,6,1316
803984,2021,U,Minor,,,451893,342195,52.97462315,-1.22866728,,,Counted,Manual count,S,13,6,985,82,145,8,0,0,0,0,0,8,1227
803984,2022,U,Minor,,,451893,342195,52.97462315,-1.22866728,,,Counted,Manual count,N,5,16,1136,68,195,2,1,1,0,0,0,4,1419
803984,2022,U,Minor,,,451893,342195,52.97462315,-1.22866728,,,Counted,Manual count,S,17,20,1015,70,148,3,0,0,0,0,0,3,1255
803984,2023,U,Minor,,,451893,342195,52.97462315,-1.22866728,,,Counted,Manual count,N,16,12,1148,65,190,1,0,0,0,0,0,1,1416
803984,2023,U,Minor,,,451893,342195,52.97462315,-1.22866728,,,Counted,Manual count,S,13,9,1116,57,150,3,0,0,0,0,0,3,1334
803984,2024,U,Minor,,,451893,342195,52.97462315,-1.22866728,,,Counted,Manual count,N,4,6,1160,74,169,3,1,2,1,0,0,6,1415
803984,2024,U,Minor,,,451893,342195,52.97462315,-1.22866728,,,Counted,Manual count,S,11,9,1030,69,164,2,0,1,1,0,0,4,1275
803984,2025,U,Minor,,,451893,342195,52.97462315,-1.22866728,,,Counted,Manual count,N,13,9,1118,75,196,6,4,2,1,2,1,15,1412
803984,2025,U,Minor,,,451893,342195,52.97462315,-1.22866728,,,Counted,Manual count,S,7,14,1025,70,137,3,1,0,0,0,0,4,1249
803985,2018,U,Minor,,,452338,341117,52.96489066,-1.22221439,,,Counted,Manual count,N,8,3,139,0,20,0,0,0,0,0,0,0,161
803985,2018,U,Minor,,,452338,341117,52.96489066,-1.22221439,,,Counted,Manual count,S,6,0,124,0,17,1,1,0,0,0,0,2,143
803985,2019,U,Minor,,,452338,341117,52.96489066,-1.22221439,,,Estimated,Estimated using AADF from previous year on this link,N,10,2,139,0,20,0,0,0,0,0,0,0,161
803985,2019,U,Minor,,,452338,341117,52.96489066,-1.22221439,,,Estimated,Estimated using AADF from previous year on this link,S,7,0,125,0,17,1,1,0,0,0,0,2,143
803985,2020,U,Minor,,,452338,341117,52.96489066,-1.22221439,,,Counted,Manual count,N,7,0,143,0,19,1,0,0,0,0,0,1,163
803985,2020,U,Minor,,,452338,341117,52.96489066,-1.22221439,,,Counted,Manual count,S,11,0,93,0,10,0,0,0,0,0,0,0,103
803985,2021,U,Minor,,,452338,341117,52.96489066,-1.22221439,,,Counted,Manual count,N,7,2,168,0,30,0,0,0,0,0,0,0,200
803985,2021,U,Minor,,,452338,341117,52.96489066,-1.22221439,,,Counted,Manual count,S,4,1,124,0,15,0,0,0,0,0,0,0,141
803985,2022,U,Minor,,,452338,341117,52.96489066,-1.22221439,,,Counted,Manual count,N,15,5,148,0,22,0,0,0,0,0,0,0,176
803985,2022,U,Minor,,,452338,341117,52.96489066,-1.22221439,,,Counted,Manual count,S,16,4,112,0,20,0,0,0,0,0,0,0,136
803985,2023,U,Minor,,,452338,341117,52.96489066,-1.22221439,,,Counted,Manual count,N,14,2,194,0,18,0,0,0,0,0,0,0,214
803985,2023,U,Minor,,,452338,341117,52.96489066,-1.22221439,,,Counted,Manual count,S,10,3,114,0,14,1,1,0,0,0,0,2,133
803985,2024,U,Minor,,,452338,341117,52.96489066,-1.22221439,,,Counted,Manual count,N,11,1,206,0,17,0,0,0,0,0,0,0,224
803985,2024,U,Minor,,,452338,341117,52.96489066,-1.22221439,,,Counted,Manual count,S,8,1,106,0,22,0,0,0,0,0,0,0,129
803985,2025,U,Minor,,,452338,341117,52.96489066,-1.22221439,,,Counted,Manual count,N,10,0,222,0,25,0,0,0,0,0,0,0,247
803985,2025,U,Minor,,,452338,341117,52.96489066,-1.22221439,,,Counted,Manual count,S,6,0,179,0,13,0,0,0,0,0,0,0,192
803986,2018,U,Minor,,,455942,340887,52.96246056,-1.16860177,,,Counted,Manual count,N,13,4,1098,0,184,3,0,0,0,0,0,3,1288
803986,2018,U,Minor,,,455942,340887,52.96246056,-1.16860177,,,Counted,Manual count,S,18,14,1647,1,263,6,3,0,0,0,0,9,1934
803986,2019,U,Minor,,,455942,340887,52.96246056,-1.16860177,,,Estimated,Estimated using AADF from previous year on this link,N,15,4,1101,0,182,3,0,0,0,0,0,3,1290
803986,2019,U,Minor,,,455942,340887,52.96246056,-1.16860177,,,Estimated,Estimated using AADF from previous year on this link,S,21,13,1652,1,261,6,3,0,0,0,0,9,1935
803987,2018,U,Minor,,,455281,339629,52.95122212,-1.17865466,,,Counted,Manual count,E,35,0,379,0,63,2,0,0,0,0,0,2,445
803987,2018,U,Minor,,,455281,339629,52.95122212,-1.17865466,,,Counted,Manual count,W,18,5,235,0,46,0,0,0,0,0,0,0,285
803987,2019,U,Minor,,,455281,339629,52.95122212,-1.17865466,,,Estimated,Estimated using AADF from previous year on this link,E,41,0,380,0,63,2,0,0,0,0,0,2,445
803987,2019,U,Minor,,,455281,339629,52.95122212,-1.17865466,,,Estimated,Estimated using AADF from previous year on this link,W,21,5,235,0,45,0,0,0,0,0,0,0,285
803987,2020,U,Minor,,,455281,339629,52.95122212,-1.17865466,,,Counted,Manual count,E,24,5,306,0,39,0,0,0,0,0,0,0,350
803987,2020,U,Minor,,,455281,339629,52.95122212,-1.17865466,,,Counted,Manual count,W,18,6,277,0,49,1,0,0,0,0,0,1,334
803987,2021,U,Minor,,,455281,339629,52.95122212,-1.17865466,,,Counted,Manual count,E,25,5,463,0,46,1,0,0,0,0,0,1,514
803987,2021,U,Minor,,,455281,339629,52.95122212,-1.17865466,,,Counted,Manual count,W,12,4,187,0,26,0,0,0,0,0,0,0,217
803987,2022,U,Minor,,,455281,339629,52.95122212,-1.17865466,,,Counted,Manual count,E,20,5,427,0,53,0,0,0,0,0,0,0,485
803987,2022,U,Minor,,,455281,339629,52.95122212,-1.17865466,,,Counted,Manual count,W,20,7,256,0,41,1,0,0,0,0,0,1,304
803987,2023,U,Minor,,,455281,339629,52.95122212,-1.17865466,,,Counted,Manual count,E,28,9,439,0,47,0,0,0,0,0,0,0,495
803987,2023,U,Minor,,,455281,339629,52.95122212,-1.17865466,,,Counted,Manual count,W,26,9,263,0,33,1,0,0,0,0,0,1,306
803987,2024,U,Minor,,,455281,339629,52.95122212,-1.17865466,,,Counted,Manual count,E,25,0,488,0,54,0,0,0,0,0,0,0,542
803987,2024,U,Minor,,,455281,339629,52.95122212,-1.17865466,,,Counted,Manual count,W,19,10,316,0,42,0,0,0,0,0,0,0,369
803987,2025,U,Minor,,,455281,339629,52.95122212,-1.17865466,,,Counted,Manual count,E,23,6,538,1,44,0,0,0,0,0,0,0,589
803987,2025,U,Minor,,,455281,339629,52.95122212,-1.17865466,,,Counted,Manual count,W,17,9,337,0,33,0,1,0,0,0,0,1,380
803988,2018,U,Minor,,,455461,343024,52.98171789,-1.17539577,,,Counted,Manual count,N,1,0,74,0,9,0,0,1,0,0,0,1,84
803988,2018,U,Minor,,,455461,343024,52.98171789,-1.17539577,,,Counted,Manual count,S,2,0,127,0,12,2,0,1,0,0,0,3,142
803988,2019,U,Minor,,,455461,343024,52.98171789,-1.17539577,,,Estimated,Estimated using AADF from previous year on this link,N,1,0,74,0,9,0,0,1,0,0,0,1,84
803988,2019,U,Minor,,,455461,343024,52.98171789,-1.17539577,,,Estimated,Estimated using AADF from previous year on this link,S,2,0,128,0,11,2,0,1,0,0,0,3,142
803989,2018,U,Minor,,,455267,342722,52.97902346,-1.1783364,,,Counted,Manual count,N,36,6,330,1,140,7,4,4,1,0,1,18,495
803989,2018,U,Minor,,,455267,342722,52.97902346,-1.1783364,,,Counted,Manual count,S,48,31,4761,47,895,36,14,4,2,6,2,65,5800
803989,2019,U,Minor,,,455267,342722,52.97902346,-1.1783364,,,Estimated,Estimated using AADF from previous year on this link,N,41,6,331,1,139,7,5,4,1,0,1,17,494
803989,2019,U,Minor,,,455267,342722,52.97902346,-1.1783364,,,Estimated,Estimated using AADF from previous year on this link,S,56,29,4775,48,888,34,14,4,2,6,2,63,5803
803989,2020,U,Minor,,,455267,342722,52.97902346,-1.1783364,,,Counted,Manual count,N,73,9,354,1,100,6,8,1,0,0,0,15,480
803989,2020,U,Minor,,,455267,342722,52.97902346,-1.1783364,,,Counted,Manual count,S,61,39,4695,0,992,32,6,6,0,1,1,46,5773
803989,2021,U,Minor,,,455267,342722,52.97902346,-1.1783364,,,Counted,Manual count,N,82,9,347,0,104,9,1,2,0,1,0,13,473
803989,2021,U,Minor,,,455267,342722,52.97902346,-1.1783364,,,Counted,Manual count,S,56,35,4659,44,1088,36,8,21,1,1,6,73,5899
803989,2022,U,Minor,,,455267,342722,52.97902346,-1.1783364,,,Counted,Manual count,N,92,9,518,2,124,13,5,1,1,3,2,25,677
803989,2022,U,Minor,,,455267,342722,52.97902346,-1.1783364,,,Counted,Manual count,S,63,50,4884,45,1031,30,15,16,2,2,5,70,6082
803989,2023,U,Minor,,,455267,342722,52.97902346,-1.1783364,,,Counted,Manual count,N,48,43,4488,49,782,61,5,6,3,2,0,78,5441
803989,2023,U,Minor,,,455267,342722,52.97902346,-1.1783364,,,Counted,Manual count,S,88,4,415,3,84,16,3,4,0,0,2,25,530
803989,2024,U,Minor,,,455267,342722,52.97902346,-1.1783364,,,Estimated,Estimated using AADF from previous year on this link,N,47,44,4539,50,801,62,6,6,3,3,0,80,5513
803989,2024,U,Minor,,,455267,342722,52.97902346,-1.1783364,,,Estimated,Estimated using AADF from previous year on this link,S,86,4,420,3,86,16,3,5,0,0,2,25,537
803989,2025,U,Minor,,,455267,342722,52.97902346,-1.1783364,,,Counted,Manual count,N,84,8,987,3,222,14,6,3,2,7,12,44,1264
803989,2025,U,Minor,,,455267,342722,52.97902346,-1.1783364,,,Counted,Manual count,S,73,36,4323,39,812,30,6,7,4,8,2,58,5268
806383,2019,U,Minor,,,456198,342131,52.973615,-1.16457523,,,Counted,Manual count,E,4,0,159,0,31,1,0,0,0,0,0,1,190
806383,2019,U,Minor,,,456198,342131,52.973615,-1.16457523,,,Counted,Manual count,W,5,1,269,0,36,0,0,0,0,0,0,0,307
806383,2020,U,Minor,,,456198,342131,52.973615,-1.16457523,,,Counted,Manual count,E,6,2,167,0,44,1,0,0,0,0,0,1,214
806383,2020,U,Minor,,,456198,342131,52.973615,-1.16457523,,,Counted,Manual count,W,8,2,222,0,33,0,0,0,0,0,0,0,257
806383,2021,U,Minor,,,456198,342131,52.973615,-1.16457523,,,Counted,Manual count,E,10,2,192,0,41,0,0,0,0,0,0,0,235
806383,2021,U,Minor,,,456198,342131,52.973615,-1.16457523,,,Counted,Manual count,W,8,1,229,0,50,0,0,0,0,0,0,0,280
806383,2022,U,Minor,,,456198,342131,52.973615,-1.16457523,,,Counted,Manual count,E,9,7,319,0,50,0,0,0,0,0,0,0,376
806383,2022,U,Minor,,,456198,342131,52.973615,-1.16457523,,,Counted,Manual count,W,5,0,398,0,56,0,0,0,0,0,0,0,455
806383,2023,U,Minor,,,456198,342131,52.973615,-1.16457523,,,Counted,Manual count,E,6,1,194,0,43,0,0,0,0,0,0,0,238
806383,2023,U,Minor,,,456198,342131,52.973615,-1.16457523,,,Counted,Manual count,W,7,1,258,0,45,1,0,0,0,0,0,1,304
806383,2024,U,Minor,,,456198,342131,52.973615,-1.16457523,,,Counted,Manual count,E,6,0,229,0,45,0,0,0,0,0,0,0,274
806383,2024,U,Minor,,,456198,342131,52.973615,-1.16457523,,,Counted,Manual count,W,3,3,281,0,41,0,0,0,0,0,0,0,324
806383,2025,U,Minor,,,456198,342131,52.973615,-1.16457523,,,Counted,Manual count,E,5,5,237,0,36,1,0,0,0,0,0,1,279
806383,2025,U,Minor,,,456198,342131,52.973615,-1.16457523,,,Counted,Manual count,W,8,5,300,0,44,0,0,0,0,0,0,0,348
806509,2019,U,Minor,,,455401,341468,52.96773862,-1.17655531,,,Counted,Manual count,N,38,11,1652,1,163,6,0,0,0,0,0,6,1833
806509,2019,U,Minor,,,455401,341468,52.96773862,-1.17655531,,,Counted,Manual count,S,54,10,1460,2,172,5,2,0,0,0,0,7,1651
806509,2020,U,Minor,,,455401,341468,52.96773862,-1.17655531,,,Counted,Manual count,N,84,13,1354,0,134,2,2,0,0,0,0,4,1504
806509,2020,U,Minor,,,455401,341468,52.96773862,-1.17655531,,,Counted,Manual count,S,70,8,1311,0,143,1,0,0,0,0,0,1,1462
806509,2021,U,Minor,,,455401,341468,52.96773862,-1.17655531,,,Estimated,Estimated using AADF from previous year on this link,N,73,13,1473,0,144,2,2,0,0,0,0,4,1635
806509,2021,U,Minor,,,455401,341468,52.96773862,-1.17655531,,,Estimated,Estimated using AADF from previous year on this link,S,61,9,1426,0,153,1,0,0,0,0,0,1,1589
806509,2022,U,Minor,,,455401,341468,52.96773862,-1.17655531,,,Counted,Manual count,N,56,13,1520,1,173,11,1,0,0,0,0,12,1719
806509,2022,U,Minor,,,455401,341468,52.96773862,-1.17655531,,,Counted,Manual count,S,77,20,1402,0,157,7,2,0,0,0,0,9,1588
806509,2023,U,Minor,,,455401,341468,52.96773862,-1.17655531,,,Counted,Manual count,N,44,8,1877,0,186,7,0,0,0,0,0,7,2078
806509,2023,U,Minor,,,455401,341468,52.96773862,-1.17655531,,,Counted,Manual count,S,57,8,1784,0,164,10,0,0,0,0,1,11,1968
806509,2024,U,Minor,,,455401,341468,52.96773862,-1.17655531,,,Counted,Manual count,N,58,6,1841,0,230,5,1,0,0,0,0,6,2082
806509,2024,U,Minor,,,455401,341468,52.96773862,-1.17655531,,,Counted,Manual count,S,52,14,1962,0,173,8,0,0,0,0,0,8,2157
806509,2025,U,Minor,,,455401,341468,52.96773862,-1.17655531,,,Counted,Manual count,N,53,19,2013,0,210,2,0,0,0,0,0,2,2244
806509,2025,U,Minor,,,455401,341468,52.96773862,-1.17655531,,,Counted,Manual count,S,64,9,1941,0,190,4,1,0,0,0,0,5,2144
806855,2019,U,Minor,,,455892,343824,52.98886377,-1.16883919,,,Counted,Manual count,N,11,9,354,13,54,1,0,0,0,0,0,1,431
806855,2019,U,Minor,,,455892,343824,52.98886377,-1.16883919,,,Counted,Manual count,S,11,8,421,10,48,1,0,0,0,0,0,1,488
806855,2020,U,Minor,,,455892,343824,52.98886377,-1.16883919,,,Counted,Manual count,N,15,2,313,15,56,1,1,0,0,0,0,2,388
806855,2020,U,Minor,,,455892,343824,52.98886377,-1.16883919,,,Counted,Manual count,S,16,4,366,13,54,0,0,0,0,0,0,0,437
806855,2021,U,Minor,,,455892,343824,52.98886377,-1.16883919,,,Counted,Manual count,N,16,6,315,11,53,1,1,0,0,0,0,2,387
806855,2021,U,Minor,,,455892,343824,52.98886377,-1.16883919,,,Counted,Manual count,S,20,7,350,6,59,2,2,0,0,0,0,4,426
806855,2022,U,Minor,,,455892,343824,52.98886377,-1.16883919,,,Counted,Manual count,N,7,8,338,10,56,0,1,0,0,0,0,1,413
806855,2022,U,Minor,,,455892,343824,52.98886377,-1.16883919,,,Counted,Manual count,S,7,5,355,9,52,1,1,0,0,0,0,2,422
806855,2023,U,Minor,,,455892,343824,52.98886377,-1.16883919,,,Counted,Manual count,N,13,6,471,7,76,1,0,0,0,0,0,1,560
806855,2023,U,Minor,,,455892,343824,52.98886377,-1.16883919,,,Counted,Manual count,S,14,7,353,5,36,0,0,0,0,0,0,0,401
806855,2024,U,Minor,,,455892,343824,52.98886377,-1.16883919,,,Counted,Manual count,N,4,4,369,9,53,0,0,0,0,0,0,0,435
806855,2024,U,Minor,,,455892,343824,52.98886377,-1.16883919,,,Counted,Manual count,S,12,3,348,6,40,2,0,0,0,0,0,2,398
806855,2025,U,Minor,,,455892,343824,52.98886377,-1.16883919,,,Estimated,Estimated using AADF from previous year on this link,N,4,4,369,9,55,0,0,0,0,0,0,0,436
806855,2025,U,Minor,,,455892,343824,52.98886377,-1.16883919,,,Estimated,Estimated using AADF from previous year on this link,S,13,3,348,6,41,2,0,0,0,0,0,2,400
806974,2019,U,Minor,,,457016,342891,52.98035983,-1.15226195,,,Counted,Manual count,N,5,6,285,0,46,0,1,0,0,0,0,1,338
806974,2019,U,Minor,,,457016,342891,52.98035983,-1.15226195,,,Counted,Manual count,S,12,1,339,0,50,3,0,2,0,0,0,4,395
807002,2019,U,Minor,,,452377,341845,52.97143035,-1.22151667,,,Counted,Manual count,N,90,12,825,0,92,3,0,0,0,0,0,3,932
807002,2019,U,Minor,,,452377,341845,52.97143035,-1.22151667,,,Counted,Manual count,S,66,17,1112,0,131,2,0,0,0,0,0,2,1262
807119,2019,U,Minor,,,457149,338596,52.94174153,-1.15103771,,,Counted,Manual count,E,49,10,1610,68,260,8,3,1,0,0,0,12,1959
807119,2019,U,Minor,,,457149,338596,52.94174153,-1.15103771,,,Counted,Manual count,W,67,8,1461,68,215,7,0,1,0,0,1,9,1761
807262,2019,U,Minor,,,455101,346200,53.01030135,-1.18021668,,,Counted,Manual count,E,31,41,5243,59,930,14,3,1,1,1,2,21,6293
807262,2019,U,Minor,,,455101,346200,53.01030135,-1.18021668,,,Counted,Manual count,W,27,30,4432,54,738,9,1,0,0,1,2,12,5267
807262,2020,U,Minor,,,455101,346200,53.01030135,-1.18021668,,,Counted,Manual count,E,35,35,5453,18,1195,39,5,4,1,1,0,50,6751
807262,2020,U,Minor,,,455101,346200,53.01030135,-1.18021668,,,Counted,Manual count,W,34,29,4658,24,978,33,4,1,0,1,0,39,5729
807262,2021,U,Minor,,,455101,346200,53.01030135,-1.18021668,,,Counted,Manual count,E,29,53,5441,59,1151,10,0,0,0,1,0,11,6715
807262,2021,U,Minor,,,455101,346200,53.01030135,-1.18021668,,,Counted,Manual count,W,8,42,4540,62,837,28,5,4,0,2,0,39,5521
807262,2022,U,Minor,,,455101,346200,53.01030135,-1.18021668,,,Counted,Manual count,E,33,55,5612,61,1076,42,5,3,1,1,0,51,6855
807262,2022,U,Minor,,,455101,346200,53.01030135,-1.18021668,,,Counted,Manual count,W,15,45,4192,61,788,44,2,1,0,2,0,49,5135
807262,2023,U,Minor,,,455101,346200,53.01030135,-1.18021668,,,Counted,Manual count,E,21,34,5525,64,1181,38,6,5,0,2,0,51,6856
807262,2023,U,Minor,,,455101,346200,53.01030135,-1.18021668,,,Counted,Manual count,W,30,31,4458,51,888,22,2,4,0,1,0,28,5456
807262,2024,U,Minor,,,455101,346200,53.01030135,-1.18021668,,,Counted,Manual count,E,11,27,5330,57,1179,40,8,4,2,0,0,54,6647
807262,2024,U,Minor,,,455101,346200,53.01030135,-1.18021668,,,Counted,Manual count,W,17,32,4323,49,835,49,4,4,2,0,0,58,5296
807262,2025,U,Minor,,,455101,346200,53.01030135,-1.18021668,,,Counted,Manual count,E,24,42,5572,52,1355,40,8,7,2,1,2,60,7081
807262,2025,U,Minor,,,455101,346200,53.01030135,-1.18021668,,,Counted,Manual count,W,23,30,4591,50,1030,44,7,3,1,1,1,57,5759
807301,2019,U,Minor,,,457205,340559,52.95937957,-1.1498591,,,Counted,Manual count,W,20,10,1636,0,251,11,3,0,0,0,0,14,1912
807301,2020,U,Minor,,,457205,340559,52.95937957,-1.1498591,,,Counted,Manual count,W,17,8,897,0,151,6,2,1,0,0,0,9,1064
807301,2021,U,Minor,,,457205,340559,52.95937957,-1.1498591,,,Counted,Manual count,W,21,16,1047,0,177,6,2,1,0,0,0,9,1249
807301,2022,U,Minor,,,457205,340559,52.95937957,-1.1498591,,,Counted,Manual count,W,24,16,1269,4,190,7,3,4,0,0,0,14,1494
807301,2023,U,Minor,,,457205,340559,52.95937957,-1.1498591,,,Counted,Manual count,W,24,8,1298,2,177,15,2,0,0,0,1,17,1503
807301,2024,U,Minor,,,457205,340559,52.95937957,-1.1498591,,,Counted,Manual count,W,19,15,1356,4,219,14,5,1,1,0,0,22,1615
807301,2025,U,Minor,,,457205,340559,52.95937957,-1.1498591,,,Counted,Manual count,W,21,7,1245,3,233,7,2,1,0,0,0,10,1498
807667,2019,U,Minor,,,455338,335083,52.91035451,-1.17857998,,,Counted,Manual count,N,15,0,73,0,12,2,0,0,0,0,0,2,87
807667,2019,U,Minor,,,455338,335083,52.91035451,-1.17857998,,,Counted,Manual count,S,13,2,59,0,22,1,1,0,0,0,0,2,84
808145,2019,U,Minor,,,457318,343607,52.98676315,-1.14763785,,,Counted,Manual count,E,1,3,362,1,35,0,0,0,0,0,0,0,401
808145,2019,U,Minor,,,457318,343607,52.98676315,-1.14763785,,,Counted,Manual count,W,2,0,288,1,31,2,0,0,0,0,0,2,322
808145,2020,U,Minor,,,457318,343607,52.98676315,-1.14763785,,,Estimated,Estimated using AADF from previous year on this link,E,1,2,285,1,30,0,0,0,0,0,0,0,318
808145,2020,U,Minor,,,457318,343607,52.98676315,-1.14763785,,,Estimated,Estimated using AADF from previous year on this link,W,2,0,227,1,27,2,0,0,0,0,0,2,255
808145,2021,U,Minor,,,457318,343607,52.98676315,-1.14763785,,,Counted,Manual count,E,1,3,318,1,61,4,1,0,0,0,0,5,388
808145,2021,U,Minor,,,457318,343607,52.98676315,-1.14763785,,,Counted,Manual count,W,0,2,279,0,61,2,0,0,0,0,0,2,344
808145,2022,U,Minor,,,457318,343607,52.98676315,-1.14763785,,,Counted,Manual count,E,4,3,379,0,67,0,0,0,0,0,0,0,448
808145,2022,U,Minor,,,457318,343607,52.98676315,-1.14763785,,,Counted,Manual count,W,1,2,235,0,45,1,0,0,0,0,0,1,283
808145,2023,U,Minor,,,457318,343607,52.98676315,-1.14763785,,,Counted,Manual count,E,1,4,393,0,70,1,0,0,0,0,0,1,468
808145,2023,U,Minor,,,457318,343607,52.98676315,-1.14763785,,,Counted,Manual count,W,2,4,258,0,55,1,0,0,0,0,0,1,318
808145,2024,U,Minor,,,457318,343607,52.98676315,-1.14763785,,,Counted,Manual count,E,5,6,426,2,75,1,0,0,0,0,0,1,510
808145,2024,U,Minor,,,457318,343607,52.98676315,-1.14763785,,,Counted,Manual count,W,5,4,331,2,38,1,0,0,0,0,0,1,376
808145,2025,U,Minor,,,457318,343607,52.98676315,-1.14763785,,,Counted,Manual count,E,0,0,456,0,60,1,0,0,0,0,0,1,517
808145,2025,U,Minor,,,457318,343607,52.98676315,-1.14763785,,,Counted,Manual count,W,5,1,260,0,36,1,0,0,0,0,0,1,298
808341,2019,B683,Minor,,,455932,343896,52.98950675,-1.16823097,,,Counted,Manual count,E,22,8,1224,21,226,6,6,2,0,0,0,13,1493
808341,2019,B683,Minor,,,455932,343896,52.98950675,-1.16823097,,,Counted,Manual count,W,24,13,1884,19,266,16,6,6,0,0,0,28,2210
808341,2020,B683,Minor,,,455932,343896,52.98950675,-1.16823097,,,Counted,Manual count,E,83,20,1699,13,318,11,5,2,0,0,0,19,2069
808341,2020,B683,Minor,,,455932,343896,52.98950675,-1.16823097,,,Counted,Manual count,W,38,22,1057,15,245,4,6,3,0,0,1,14,1353
808341,2021,B683,Minor,,,455932,343896,52.98950675,-1.16823097,,,Counted,Manual count,E,26,19,1059,13,233,5,1,3,0,1,0,10,1332
808341,2021,B683,Minor,,,455932,343896,52.98950675,-1.16823097,,,Counted,Manual count,W,46,26,1720,12,345,13,4,6,0,2,1,26,2129
808341,2022,B683,Minor,,,455932,343896,52.98950675,-1.16823097,,,Counted,Manual count,E,38,10,1229,9,246,3,2,1,0,0,0,5,1499
808341,2022,B683,Minor,,,455932,343896,52.98950675,-1.16823097,,,Counted,Manual count,W,39,14,1800,9,371,13,3,4,0,1,0,20,2213
808341,2023,B683,Minor,,,455932,343896,52.98950675,-1.16823097,,,Counted,Manual count,E,33,12,1333,7,233,9,1,2,2,0,0,13,1599
808341,2023,B683,Minor,,,455932,343896,52.98950675,-1.16823097,,,Counted,Manual count,W,35,15,1738,7,275,11,2,2,4,0,0,18,2053
808341,2024,B683,Minor,,,455932,343896,52.98950675,-1.16823097,,,Counted,Manual count,E,34,11,1396,24,223,4,3,3,0,0,1,10,1664
808341,2024,B683,Minor,,,455932,343896,52.98950675,-1.16823097,,,Counted,Manual count,W,35,13,1750,24,266,9,4,5,1,1,0,19,2072
808341,2025,B683,Minor,,,455932,343896,52.98950675,-1.16823097,,,Counted,Manual count,E,13,18,1750,13,297,37,3,5,0,1,1,48,2126
808341,2025,B683,Minor,,,455932,343896,52.98950675,-1.16823097,,,Counted,Manual count,W,34,19,2152,22,384,47,4,4,1,1,0,58,2635
808556,2019,U,Minor,,,456812,340175,52.95596981,-1.1557759,,,Counted,Manual count,E,46,24,2828,365,340,19,5,2,0,0,0,26,3583
808556,2019,U,Minor,,,456812,340175,52.95596981,-1.1557759,,,Counted,Manual count,W,21,0,3,0,1,0,0,0,0,0,0,0,5
808724,2019,U,Minor,,,459625,340593,52.9594222,-1.11383139,,,Counted,Manual count,E,66,22,4566,84,571,22,4,2,3,1,0,32,5275
808724,2019,U,Minor,,,459625,340593,52.9594222,-1.11383139,,,Counted,Manual count,W,37,18,4499,90,509,15,3,1,0,1,0,20,5136
809323,2019,U,Minor,,,457935,341297,52.96593464,-1.13886138,,,Counted,Manual count,N,18,7,945,5,122,4,0,0,0,0,0,4,1083
809323,2019,U,Minor,,,457935,341297,52.96593464,-1.13886138,,,Counted,Manual count,S,19,5,745,0,109,0,1,0,0,0,0,1,860
809546,2019,U,Minor,,,455826,334508,52.90513591,-1.17142301,,,Counted,Manual count,E,31,4,365,0,48,2,0,0,1,0,0,3,420
809546,2019,U,Minor,,,455826,334508,52.90513591,-1.17142301,,,Counted,Manual count,W,20,1,380,0,53,1,0,1,2,0,0,4,439
809546,2020,U,Minor,,,455826,334508,52.90513591,-1.17142301,,,Estimated,Estimated using AADF from previous year on this link,E,41,3,287,0,42,2,0,0,1,0,0,2,334
809546,2020,U,Minor,,,455826,334508,52.90513591,-1.17142301,,,Estimated,Estimated using AADF from previous year on this link,W,27,1,299,0,46,1,0,1,2,0,0,3,350
809546,2021,U,Minor,,,455826,334508,52.90513591,-1.17142301,,,Counted,Manual count,E,25,4,362,0,45,1,0,0,0,0,0,1,411
809546,2021,U,Minor,,,455826,334508,52.90513591,-1.17142301,,,Counted,Manual count,W,31,5,382,1,57,0,0,0,0,0,0,0,445
809546,2022,U,Minor,,,455826,334508,52.90513591,-1.17142301,,,Counted,Manual count,E,28,1,377,0,52,3,0,0,0,0,0,3,433
809546,2022,U,Minor,,,455826,334508,52.90513591,-1.17142301,,,Counted,Manual count,W,28,5,353,0,71,1,0,0,0,0,1,2,431
809546,2023,U,Minor,,,455826,334508,52.90513591,-1.17142301,,,Counted,Manual count,E,7,1,411,0,56,2,0,0,0,0,0,2,470
809546,2023,U,Minor,,,455826,334508,52.90513591,-1.17142301,,,Counted,Manual count,W,11,1,421,0,62,1,0,0,0,0,0,1,485
809546,2024,U,Minor,,,455826,334508,52.90513591,-1.17142301,,,Counted,Manual count,E,13,0,363,0,34,2,0,0,0,0,0,2,399
809546,2024,U,Minor,,,455826,334508,52.90513591,-1.17142301,,,Counted,Manual count,W,15,2,346,0,69,0,0,0,0,0,0,0,417
809546,2025,U,Minor,,,455826,334508,52.90513591,-1.17142301,,,Counted,Manual count,E,23,1,376,0,39,0,0,0,0,0,0,0,416
809546,2025,U,Minor,,,455826,334508,52.90513591,-1.17142301,,,Counted,Manual count,W,20,1,436,0,62,0,1,0,0,0,0,1,500
809828,2019,U,Minor,,,453776,342729,52.97923772,-1.20053957,,,Counted,Manual count,E,16,14,558,0,66,2,0,1,0,0,0,3,641
809828,2019,U,Minor,,,453776,342729,52.97923772,-1.20053957,,,Counted,Manual count,W,27,15,567,0,76,1,0,0,0,0,0,1,659
809828,2020,U,Minor,,,453776,342729,52.97923772,-1.20053957,,,Counted,Manual count,E,14,14,656,0,120,3,2,1,0,0,0,6,797
809828,2020,U,Minor,,,453776,342729,52.97923772,-1.20053957,,,Counted,Manual count,W,22,10,683,0,91,2,0,2,0,0,0,4,788
809828,2021,U,Minor,,,453776,342729,52.97923772,-1.20053957,,,Counted,Manual count,E,13,4,615,0,89,2,0,0,0,0,0,2,710
809828,2021,U,Minor,,,453776,342729,52.97923772,-1.20053957,,,Counted,Manual count,W,24,2,611,0,71,4,1,0,0,0,0,5,690
809828,2022,U,Minor,,,453776,342729,52.97923772,-1.20053957,,,Counted,Manual count,E,11,10,752,1,105,0,2,0,0,0,0,2,870
809828,2022,U,Minor,,,453776,342729,52.97923772,-1.20053957,,,Counted,Manual count,W,20,3,718,0,87,3,2,1,0,0,0,5,813
809828,2023,U,Minor,,,453776,342729,52.97923772,-1.20053957,,,Counted,Manual count,E,16,7,637,0,95,3,2,0,0,0,0,5,744
809828,2023,U,Minor,,,453776,342729,52.97923772,-1.20053957,,,Counted,Manual count,W,20,4,707,0,97,3,3,0,0,0,0,7,815
809828,2024,U,Minor,,,453776,342729,52.97923772,-1.20053957,,,Counted,Manual count,E,16,3,685,0,108,4,0,1,0,0,0,4,801
809828,2024,U,Minor,,,453776,342729,52.97923772,-1.20053957,,,Counted,Manual count,W,22,2,695,0,80,4,1,0,0,0,0,4,781
809828,2025,U,Minor,,,453776,342729,52.97923772,-1.20053957,,,Estimated,Estimated using AADF from previous year on this link,E,17,3,686,0,111,4,0,1,0,0,0,5,804
809828,2025,U,Minor,,,453776,342729,52.97923772,-1.20053957,,,Estimated,Estimated using AADF from previous year on this link,W,23,2,695,0,82,4,1,0,0,0,0,5,783
810007,2019,U,Minor,,,452913,342428,52.976618,-1.21344085,,,Counted,Manual count,N,12,5,218,0,35,1,0,0,0,0,0,1,258
810007,2019,U,Minor,,,452913,342428,52.976618,-1.21344085,,,Counted,Manual count,S,20,2,209,0,37,0,0,0,0,0,0,0,249
810007,2020,U,Minor,,,452913,342428,52.976618,-1.21344085,,,Counted,Manual count,N,19,3,267,0,18,1,0,0,0,0,0,1,288
810007,2020,U,Minor,,,452913,342428,52.976618,-1.21344085,,,Counted,Manual count,S,21,2,250,0,36,0,0,0,0,0,0,0,288
810007,2021,U,Minor,,,452913,342428,52.976618,-1.21344085,,,Estimated,Estimated using AADF from previous year on this link,N,16,3,290,0,19,1,0,0,0,0,0,1,313
810007,2021,U,Minor,,,452913,342428,52.976618,-1.21344085,,,Estimated,Estimated using AADF from previous year on this link,S,18,2,272,0,39,0,0,0,0,0,0,0,313
810007,2022,U,Minor,,,452913,342428,52.976618,-1.21344085,,,Counted,Manual count,N,26,4,207,0,43,0,0,0,0,0,0,0,254
810007,2022,U,Minor,,,452913,342428,52.976618,-1.21344085,,,Counted,Manual count,S,32,4,213,0,46,0,1,0,0,0,0,1,264
810007,2023,U,Minor,,,452913,342428,52.976618,-1.21344085,,,Counted,Manual count,N,19,4,184,0,28,0,0,1,0,0,0,1,216
810007,2023,U,Minor,,,452913,342428,52.976618,-1.21344085,,,Counted,Manual count,S,23,5,204,1,26,0,0,0,0,0,0,0,236
810007,2024,U,Minor,,,452913,342428,52.976618,-1.21344085,,,Counted,Manual count,N,18,6,202,0,49,1,0,0,0,0,0,1,258
810007,2024,U,Minor,,,452913,342428,52.976618,-1.21344085,,,Counted,Manual count,S,23,2,205,0,38,1,0,0,0,0,0,1,246
810007,2025,U,Minor,,,452913,342428,52.976618,-1.21344085,,,Counted,Manual count,N,20,0,221,0,35,5,0,0,0,0,0,5,261
810007,2025,U,Minor,,,452913,342428,52.976618,-1.21344085,,,Counted,Manual count,S,8,1,219,0,27,1,0,0,0,0,0,1,249
810055,2019,U,Minor,,,454630,333849,52.89933507,-1.18931341,,,Counted,Manual count,N,10,8,405,0,49,1,0,0,0,0,0,1,463
810055,2019,U,Minor,,,454630,333849,52.89933507,-1.18931341,,,Counted,Manual count,S,4,5,322,0,34,4,0,0,0,0,0,4,364
810226,2019,B680,Minor,,,456547,336739,52.92511385,-1.1603174,,,Counted,Manual count,N,119,11,2049,20,297,30,9,0,0,4,3,46,2423
810226,2019,B680,Minor,,,456547,336739,52.92511385,-1.1603174,,,Counted,Manual count,S,108,16,1433,20,234,22,9,2,0,4,2,39,1741
810414,2019,U,Minor,,,457634,342364,52.97555726,-1.14315274,,,Counted,Manual count,E,4,1,550,0,81,4,0,0,0,0,0,4,635
810414,2019,U,Minor,,,457634,342364,52.97555726,-1.14315274,,,Counted,Manual count,W,8,1,582,0,61,4,0,0,0,0,0,4,647
820126,2020,U,Minor,,,454402,345505,53.00412588,-1.19075051,,,Counted,Manual count,N,41,2,28,0,3,0,0,0,0,0,0,0,32
820126,2020,U,Minor,,,454402,345505,53.00412588,-1.19075051,,,Counted,Manual count,S,53,2,27,0,3,0,0,0,0,0,0,0,31
820126,2021,U,Minor,,,454402,345505,53.00412588,-1.19075051,,,Estimated,Estimated using AADF from previous year on this link,N,35,2,31,0,3,0,0,0,0,0,0,0,35
820126,2021,U,Minor,,,454402,345505,53.00412588,-1.19075051,,,Estimated,Estimated using AADF from previous year on this link,S,46,2,29,0,3,0,0,0,0,0,0,0,34
820126,2022,U,Minor,,,454402,345505,53.00412588,-1.19075051,,,Estimated,Estimated using AADF from previous year on this link,N,34,2,32,0,3,0,0,0,0,0,0,0,37
820126,2022,U,Minor,,,454402,345505,53.00412588,-1.19075051,,,Estimated,Estimated using AADF from previous year on this link,S,45,2,31,0,3,0,0,0,0,0,0,0,36
820126,2023,U,Minor,,,454402,345505,53.00412588,-1.19075051,,,Estimated,Estimated using AADF from previous year on this link,N,31,2,33,0,3,0,0,0,0,0,0,0,38
820126,2023,U,Minor,,,454402,345505,53.00412588,-1.19075051,,,Estimated,Estimated using AADF from previous year on this link,S,41,2,31,0,3,0,0,0,0,0,0,0,36
820126,2024,U,Minor,,,454402,345505,53.00412588,-1.19075051,,,Estimated,Estimated using AADF from previous year on this link,N,31,2,33,0,4,0,0,0,0,0,0,0,38
820126,2024,U,Minor,,,454402,345505,53.00412588,-1.19075051,,,Estimated,Estimated using AADF from previous year on this link,S,40,2,32,0,4,0,0,0,0,0,0,0,37
820126,2025,U,Minor,,,454402,345505,53.00412588,-1.19075051,,,Estimated,Estimated using AADF from previous year on this link,N,31,2,33,0,4,0,0,0,0,0,0,0,38
820126,2025,U,Minor,,,454402,345505,53.00412588,-1.19075051,,,Estimated,Estimated using AADF from previous year on this link,S,41,2,32,0,4,0,0,0,0,0,0,0,37
820127,2020,U,Minor,,,455320,346096,53.00934406,-1.17697088,,,Counted,Manual count,E,4,0,63,0,7,1,0,0,0,0,0,1,71
820127,2020,U,Minor,,,455320,346096,53.00934406,-1.17697088,,,Counted,Manual count,W,6,0,60,0,8,1,0,0,0,0,0,1,69
820127,2021,U,Minor,,,455320,346096,53.00934406,-1.17697088,,,Counted,Manual count,E,3,0,68,0,15,2,0,0,0,0,0,2,86
820127,2021,U,Minor,,,455320,346096,53.00934406,-1.17697088,,,Counted,Manual count,W,3,0,65,0,15,2,0,0,0,0,0,2,82
820127,2022,U,Minor,,,455320,346096,53.00934406,-1.17697088,,,Counted,Manual count,E,4,1,89,0,17,2,0,0,0,0,0,2,110
820127,2022,U,Minor,,,455320,346096,53.00934406,-1.17697088,,,Counted,Manual count,W,6,1,86,0,18,2,0,0,0,0,0,2,108
820127,2023,U,Minor,,,455320,346096,53.00934406,-1.17697088,,,Counted,Manual count,E,2,0,77,0,6,1,0,0,0,0,0,1,84
820127,2023,U,Minor,,,455320,346096,53.00934406,-1.17697088,,,Counted,Manual count,W,1,0,75,0,7,1,0,0,0,0,0,1,83
820127,2024,U,Minor,,,455320,346096,53.00934406,-1.17697088,,,Counted,Manual count,E,2,1,100,0,16,0,0,1,0,0,0,1,118
820127,2024,U,Minor,,,455320,346096,53.00934406,-1.17697088,,,Counted,Manual count,W,2,0,88,0,16,0,0,1,0,0,0,1,105
820127,2025,U,Minor,,,455320,346096,53.00934406,-1.17697088,,,Counted,Manual count,E,3,1,86,0,7,2,0,0,1,0,0,3,98
820127,2025,U,Minor,,,455320,346096,53.00934406,-1.17697088,,,Counted,Manual count,W,2,1,85,0,7,2,0,0,1,0,0,3,96
930712,2003,U,Minor,,,454670,345350,53.00270549,-1.18678333,,,Counted,Manual count,N,76,61,2167,60,302,32,3,2,0,0,0,37,2627
930712,2003,U,Minor,,,454670,345350,53.00270549,-1.18678333,,,Counted,Manual count,S,81,57,2024,63,303,32,5,4,1,0,0,42,2489
930712,2004,U,Minor,,,454670,345350,53.00270549,-1.18678333,,,Counted,Manual count,N,38,23,1341,66,216,8,3,2,0,0,1,14,1660
930712,2004,U,Minor,,,454670,345350,53.00270549,-1.18678333,,,Counted,Manual count,S,27,11,847,66,185,8,0,2,0,0,1,11,1120
930712,2005,U,Minor,,,454670,345350,53.00270549,-1.18678333,,,Counted,Manual count,N,30,60,1671,70,268,16,2,3,0,0,0,21,2090
930712,2005,U,Minor,,,454670,345350,53.00270549,-1.18678333,,,Counted,Manual count,S,31,48,1565,67,256,15,2,1,1,0,1,20,1956
930712,2006,U,Minor,,,454670,345350,53.00270549,-1.18678333,,,Counted,Manual count,N,1,2,1661,15,294,0,0,0,60,33,30,123,2095
930712,2006,U,Minor,,,454670,345350,53.00270549,-1.18678333,,,Counted,Manual count,S,1,1,1676,11,274,2,1,0,60,21,24,108,2070
930712,2007,U,Minor,,,454670,345350,53.00270549,-1.18678333,,,Counted,Manual count,N,26,39,1813,67,317,13,5,7,0,1,0,26,2262
930712,2007,U,Minor,,,454670,345350,53.00270549,-1.18678333,,,Counted,Manual count,S,24,32,1598,61,290,12,5,8,1,0,0,26,2007
930712,2008,U,Minor,,,454670,345350,53.00270549,-1.18678333,,,Counted,Manual count,N,32,35,1567,68,361,11,4,1,0,0,0,16,2047
930712,2008,U,Minor,,,454670,345350,53.00270549,-1.18678333,,,Counted,Manual count,S,34,29,1512,66,330,14,3,0,0,0,0,17,1954
930712,2009,U,Minor,,,454670,345350,53.00270549,-1.18678333,,,Counted,Manual count,N,38,41,1639,70,293,6,3,2,0,0,0,11,2054
930712,2009,U,Minor,,,454670,345350,53.00270549,-1.18678333,,,Counted,Manual count,S,36,18,1464,65,251,6,2,3,1,0,0,12,1810
930713,2003,U,Minor,,,452190,338900,52.94497779,-1.22477265,,,Counted,Manual count,N,78,110,6999,98,740,119,19,18,16,29,4,205,8152
930713,2003,U,Minor,,,452190,338900,52.94497779,-1.22477265,,,Counted,Manual count,S,94,134,6618,92,767,114,11,11,26,23,11,196,7807
930713,2004,U,Minor,,,452190,338900,52.94497779,-1.22477265,,,Counted,Manual count,N,65,105,7064,70,864,142,12,17,18,18,9,216,8319
930713,2004,U,Minor,,,452190,338900,52.94497779,-1.22477265,,,Counted,Manual count,S,73,106,6650,69,846,137,12,16,24,28,9,226,7897
930713,2005,U,Minor,,,452190,338900,52.94497779,-1.22477265,,,Counted,Manual count,N,72,102,6981,85,833,163,30,16,16,11,12,248,8249
930713,2005,U,Minor,,,452190,338900,52.94497779,-1.22477265,,,Counted,Manual count,S,67,98,6570,87,825,138,26,16,21,23,18,242,7822
930713,2006,U,Minor,,,452190,338900,52.94497779,-1.22477265,,,Counted,Manual count,N,50,96,6245,85,860,126,14,10,13,20,12,195,7481
930713,2006,U,Minor,,,452190,338900,52.94497779,-1.22477265,,,Counted,Manual count,S,49,103,5831,85,882,122,15,11,16,15,14,193,7094
930713,2007,U,Minor,,,452190,338900,52.94497779,-1.22477265,,,Counted,Manual count,N,46,111,6597,122,846,165,22,14,16,22,9,248,7924
930713,2007,U,Minor,,,452190,338900,52.94497779,-1.22477265,,,Counted,Manual count,S,66,127,6236,121,750,141,21,19,13,22,16,232,7466
930713,2008,U,Minor,,,452190,338900,52.94497779,-1.22477265,,,Counted,Manual count,N,41,94,6224,77,731,110,21,9,6,16,15,177,7303
930713,2008,U,Minor,,,452190,338900,52.94497779,-1.22477265,,,Counted,Manual count,S,37,92,6095,88,734,85,16,15,7,15,9,147,7156
930713,2009,U,Minor,,,452190,338900,52.94497779,-1.22477265,,,Counted,Manual count,N,63,107,6449,95,854,113,21,10,5,7,7,163,7668
930713,2009,U,Minor,,,452190,338900,52.94497779,-1.22477265,,,Counted,Manual count,S,72,117,6142,95,783,102,11,16,11,11,6,157,7294
930714,2003,U,Minor,,,459240,340170,52.95566278,-1.11963922,,,Counted,Manual count,E,131,46,5625,97,737,93,10,1,0,0,0,104,6609
930714,2003,U,Minor,,,459240,340170,52.95566278,-1.11963922,,,Counted,Manual count,W,139,38,5774,74,726,76,9,2,2,0,0,89,6701
930714,2004,U,Minor,,,459240,340170,52.95566278,-1.11963922,,,Counted,Manual count,N,101,56,4847,72,712,30,6,3,0,0,0,39,5726
930714,2004,U,Minor,,,459240,340170,52.95566278,-1.11963922,,,Counted,Manual count,S,125,55,4955,71,662,34,11,5,1,1,1,53,5796
930714,2005,U,Minor,,,459240,340170,52.95566278,-1.11963922,,,Counted,Manual count,N,50,27,5012,80,705,19,6,0,0,0,0,25,5849
930714,2005,U,Minor,,,459240,340170,52.95566278,-1.11963922,,,Counted,Manual count,S,37,26,4808,70,644,33,4,2,1,0,0,40,5588
930714,2006,U,Minor,,,459240,340170,52.95566278,-1.11963922,,,Counted,Manual count,N,61,44,5050,76,753,23,7,2,0,1,0,33,5956
930714,2006,U,Minor,,,459240,340170,52.95566278,-1.11963922,,,Counted,Manual count,S,73,32,4783,76,657,34,5,3,1,1,0,44,5592
930714,2007,U,Minor,,,459240,340170,52.95566278,-1.11963922,,,Counted,Manual count,N,74,40,5856,73,796,31,6,3,0,0,0,40,6805
930714,2007,U,Minor,,,459240,340170,52.95566278,-1.11963922,,,Counted,Manual count,S,82,30,5986,75,684,29,8,5,1,0,1,44,6819
930714,2008,C,Minor,,,459240,340170,52.95566278,-1.11963922,,,Counted,Manual count,N,61,59,5656,72,705,35,11,0,1,0,0,47,6539
930714,2008,C,Minor,,,459240,340170,52.95566278,-1.11963922,,,Counted,Manual count,S,63,47,5549,70,596,44,14,4,0,0,0,62,6324
930714,2009,C,Minor,,,459240,340170,52.95566278,-1.11963922,,,Counted,Manual count,N,66,53,4701,67,628,49,15,1,0,0,0,65,5514
930714,2009,C,Minor,,,459240,340170,52.95566278,-1.11963922,,,Counted,Manual count,S,73,66,4656,69,561,42,16,2,1,0,0,61,5413
930715,2003,U,Minor,,,456230,340740,52.96110928,-1.16434026,,,Counted,Manual count,E,33,8,1484,0,142,10,3,0,2,0,0,15,1649
930715,2003,U,Minor,,,456230,340740,52.96110928,-1.16434026,,,Counted,Manual count,W,26,15,1508,3,130,8,2,4,2,0,0,16,1672
930715,2004,U,Minor,,,456230,340740,52.96110928,-1.16434026,,,Counted,Manual count,E,7,7,1354,2,95,7,0,0,1,0,0,8,1466
930715,2004,U,Minor,,,456230,340740,52.96110928,-1.16434026,,,Counted,Manual count,W,11,5,1076,2,70,5,1,0,0,0,0,6,1159
930715,2005,U,Minor,,,456230,340740,52.96110928,-1.16434026,,,Counted,Manual count,E,12,12,1239,2,152,16,0,0,0,1,1,18,1423
930715,2005,U,Minor,,,456230,340740,52.96110928,-1.16434026,,,Counted,Manual count,W,5,4,725,2,68,9,0,1,0,0,0,10,809
930715,2006,U,Minor,,,456230,340740,52.96110928,-1.16434026,,,Counted,Manual count,E,16,5,503,1,52,10,0,0,0,0,0,10,571
930715,2006,U,Minor,,,456230,340740,52.96110928,-1.16434026,,,Counted,Manual count,W,20,8,982,4,110,8,0,0,1,0,0,9,1113
930715,2007,U,Minor,,,456230,340740,52.96110928,-1.16434026,,,Counted,Manual count,E,27,16,1147,0,114,7,1,1,0,0,0,9,1286
930715,2007,U,Minor,,,456230,340740,52.96110928,-1.16434026,,,Counted,Manual count,W,22,6,680,1,64,9,1,0,0,0,0,10,761
930715,2008,U,Minor,,,456230,340740,52.96110928,-1.16434026,,,Counted,Manual count,E,15,6,952,3,104,4,0,0,0,0,0,4,1069
930715,2008,U,Minor,,,456230,340740,52.96110928,-1.16434026,,,Counted,Manual count,W,11,1,491,2,63,2,2,0,0,0,0,4,561
930715,2009,U,Minor,,,456230,340740,52.96110928,-1.16434026,,,Counted,Manual count,E,16,15,1316,5,127,6,1,0,0,0,0,7,1470
930715,2009,U,Minor,,,456230,340740,52.96110928,-1.16434026,,,Counted,Manual count,W,23,7,824,0,70,14,2,0,1,1,0,18,919
930716,2003,U,Minor,,,458660,341410,52.96687165,-1.12804775,,,Counted,Manual count,N,64,29,2753,86,376,25,1,0,0,1,1,28,3272
930716,2003,U,Minor,,,458660,341410,52.96687165,-1.12804775,,,Counted,Manual count,S,64,43,3178,84,382,22,1,0,0,0,1,24,3711
930716,2004,U,Minor,,,458660,341410,52.96687165,-1.12804775,,,Counted,Manual count,N,86,46,2789,80,385,20,3,1,1,0,0,25,3325
930716,2004,U,Minor,,,458660,341410,52.96687165,-1.12804775,,,Counted,Manual count,S,65,48,3301,73,416,31,2,1,1,0,0,35,3873
930716,2005,U,Minor,,,458660,341410,52.96687165,-1.12804775,,,Counted,Manual count,N,18,20,2745,83,386,23,4,7,0,1,0,35,3269
930716,2005,U,Minor,,,458660,341410,52.96687165,-1.12804775,,,Counted,Manual count,S,23,17,2936,84,390,24,9,12,1,1,0,47,3474
930716,2006,U,Minor,,,458660,341410,52.96687165,-1.12804775,,,Counted,Manual count,N,42,31,2756,120,404,27,4,9,2,1,1,44,3355
930716,2006,U,Minor,,,458660,341410,52.96687165,-1.12804775,,,Counted,Manual count,S,50,31,2941,127,391,28,13,16,1,1,0,59,3549
930716,2007,U,Minor,,,458660,341410,52.96687165,-1.12804775,,,Counted,Manual count,N,55,33,2405,87,356,13,2,0,1,1,0,17,2898
930716,2007,U,Minor,,,458660,341410,52.96687165,-1.12804775,,,Counted,Manual count,S,47,41,2591,86,373,12,3,1,0,0,1,17,3108
930716,2008,C,Minor,,,458660,341410,52.96687165,-1.12804775,,,Counted,Manual count,N,47,26,2229,94,350,16,4,2,0,0,0,22,2721
930716,2008,C,Minor,,,458660,341410,52.96687165,-1.12804775,,,Counted,Manual count,S,53,22,2359,94,341,15,3,0,0,0,0,18,2834
930716,2009,C,Minor,,,458660,341410,52.96687165,-1.12804775,,,Counted,Manual count,N,46,22,2211,93,363,12,2,0,1,1,0,16,2705
930716,2009,C,Minor,,,458660,341410,52.96687165,-1.12804775,,,Counted,Manual count,S,46,18,2324,98,317,14,2,0,0,0,0,16,2773
940648,2008,B686,Minor,,,458881,340541,52.95903683,-1.12491521,,,Counted,Manual count,E,75,74,8441,164,1297,93,11,8,2,5,2,121,10097
940648,2008,B686,Minor,,,458881,340541,52.95903683,-1.12491521,,,Counted,Manual count,W,79,64,8545,171,1138,79,9,8,2,5,1,104,10022
940650,2008,B6004,Minor,,,454489,343189,52.98330042,-1.18984394,,,Counted,Manual count,E,44,65,6311,55,1094,136,16,13,6,21,9,201,7726
940650,2008,B6004,Minor,,,454489,343189,52.98330042,-1.18984394,,,Counted,Manual count,W,36,62,6416,69,1007,144,12,19,9,10,15,209,7763
940651,2009,B682,Minor,,,456582,336037,52.91880022,-1.15991862,,,Counted,Manual count,C,257,34,3054,132,476,75,6,2,5,3,1,92,3787
940652,2008,B682,Minor,,,454881,343638,52.9872962,-1.18392954,,,Counted,Manual count,N,53,24,5473,91,827,63,13,2,1,3,2,84,6499
940652,2008,B682,Minor,,,454881,343638,52.9872962,-1.18392954,,,Counted,Manual count,S,49,39,5407,92,861,61,13,3,2,0,2,81,6480
940652,2010,B682,Minor,,,454881,343638,52.9872962,-1.18392954,,,Counted,Manual count,N,113,56,5366,165,940,88,15,9,4,3,2,121,6648
940652,2010,B682,Minor,,,454881,343638,52.9872962,-1.18392954,,,Counted,Manual count,S,99,60,5372,157,965,84,13,12,4,4,1,118,6672
940652,2011,B682,Minor,,,454881,343638,52.9872962,-1.18392954,,,Counted,Manual count,N,127,50,5427,129,1071,73,15,4,7,2,2,103,6780
940652,2011,B682,Minor,,,454881,343638,52.9872962,-1.18392954,,,Counted,Manual count,S,106,49,5756,131,1114,81,12,3,1,2,2,101,7151
940652,2012,B682,Minor,,,454881,343638,52.9872962,-1.18392954,,,Counted,Manual count,N,98,75,5510,109,957,51,15,4,1,2,1,73,6723
940652,2012,B682,Minor,,,454881,343638,52.9872962,-1.18392954,,,Counted,Manual count,S,93,51,5870,102,957,57,11,3,1,2,0,73,7052
940652,2013,B682,Minor,,,454881,343638,52.9872962,-1.18392954,,,Estimated,Estimated using AADF from previous year on this link,N,91,76,5556,87,1009,52,16,4,1,1,1,75,6803
940652,2013,B682,Minor,,,454881,343638,52.9872962,-1.18392954,,,Estimated,Estimated using AADF from previous year on this link,S,87,52,5919,81,1009,58,12,3,1,1,0,75,7135
940652,2014,B682,Minor,,,454881,343638,52.9872962,-1.18392954,,,Counted,Manual count,N,178,67,6071,109,919,40,12,2,4,3,1,61,7227
940652,2014,B682,Minor,,,454881,343638,52.9872962,-1.18392954,,,Counted,Manual count,S,158,77,6308,106,877,59,9,4,1,3,1,76,7444
940652,2015,B682,Minor,,,454881,343638,52.9872962,-1.18392954,,,Counted,Manual count,N,107,43,5560,112,907,66,7,5,1,3,1,83,6706
940652,2015,B682,Minor,,,454881,343638,52.9872962,-1.18392954,,,Counted,Manual count,S,104,41,5823,116,974,59,8,7,1,3,3,81,7035
940652,2016,B682,Minor,,,454881,343638,52.9872962,-1.18392954,,,Counted,Manual count,N,83,48,5395,110,898,59,8,7,1,3,0,79,6529
940652,2016,B682,Minor,,,454881,343638,52.9872962,-1.18392954,,,Counted,Manual count,S,71,54,6104,111,986,73,6,6,3,3,1,91,7347
940652,2017,B682,Minor,,,454881,343638,52.9872962,-1.18392954,,,Counted,Manual count,N,86,42,5654,115,879,52,10,6,2,1,3,74,6764
940652,2017,B682,Minor,,,454881,343638,52.9872962,-1.18392954,,,Counted,Manual count,S,66,45,5614,116,843,79,13,8,2,4,1,107,6725
940652,2018,B682,Minor,,,454881,343638,52.9872962,-1.18392954,,,Counted,Manual count,N,80,60,4825,113,796,46,9,15,2,1,1,73,5867
940652,2018,B682,Minor,,,454881,343638,52.9872962,-1.18392954,,,Counted,Manual count,S,72,36,4987,109,778,65,10,14,3,2,0,94,6004
940652,2019,B682,Minor,,,454881,343638,52.9872962,-1.18392954,,,Counted,Manual count,N,75,55,5060,107,856,51,7,6,2,1,1,70,6147
940652,2019,B682,Minor,,,454881,343638,52.9872962,-1.18392954,,,Counted,Manual count,S,69,27,5355,112,943,49,6,8,0,2,1,67,6504
940653,2009,B686,Minor,,,458403,340231,52.95630264,-1.13208588,,,Counted,Manual count,C,184,258,16446,328,2140,200,19,15,6,9,3,252,19424
940653,2010,B686,Minor,,,458403,340231,52.95630264,-1.13208588,,,Counted,Manual count,N,108,106,7727,203,1034,146,20,12,4,5,5,192,9262
940653,2010,B686,Minor,,,458403,340231,52.95630264,-1.13208588,,,Counted,Manual count,S,111,91,8268,216,970,89,18,11,5,5,4,132,9677
940653,2011,B686,Minor,,,458403,340231,52.95630264,-1.13208588,,,Counted,Manual count,E,63,67,8307,243,1328,92,21,21,5,6,5,150,10095
940653,2011,B686,Minor,,,458403,340231,52.95630264,-1.13208588,,,Counted,Manual count,W,86,60,8013,254,995,69,23,15,10,7,5,129,9451
940653,2012,B686,Minor,,,458403,340231,52.95630264,-1.13208588,,,Counted,Manual count,E,84,62,8947,222,1214,101,17,14,16,3,8,158,10604
940653,2012,B686,Minor,,,458403,340231,52.95630264,-1.13208588,,,Counted,Manual count,W,90,62,8954,228,1118,90,17,12,5,9,2,134,10496
940653,2013,B686,Minor,,,458403,340231,52.95630264,-1.13208588,,,Counted,Manual count,E,139,92,7788,182,1052,67,12,4,6,3,3,96,9210
940653,2013,B686,Minor,,,458403,340231,52.95630264,-1.13208588,,,Counted,Manual count,W,149,91,7704,192,984,64,10,7,7,4,2,92,9062
940653,2014,B686,Minor,,,458403,340231,52.95630264,-1.13208588,,,Counted,Manual count,E,198,97,7804,194,1245,73,18,16,10,4,7,129,9469
940653,2014,B686,Minor,,,458403,340231,52.95630264,-1.13208588,,,Counted,Manual count,W,189,106,8208,210,1159,64,17,11,7,6,4,109,9792
940653,2015,B686,Minor,,,458403,340231,52.95630264,-1.13208588,,,Counted,Manual count,E,111,89,6469,182,941,87,21,11,5,8,4,136,7816
940653,2015,B686,Minor,,,458403,340231,52.95630264,-1.13208588,,,Counted,Manual count,W,114,79,6757,188,995,97,12,7,3,5,4,128,8147
940653,2016,B686,Minor,,,458403,340231,52.95630264,-1.13208588,,,Counted,Manual count,E,124,74,7419,187,1134,71,8,13,3,4,1,100,8915
940653,2016,B686,Minor,,,458403,340231,52.95630264,-1.13208588,,,Counted,Manual count,W,121,62,7443,191,1079,67,16,16,6,3,3,111,8885
940653,2017,B686,Minor,,,458403,340231,52.95630264,-1.13208588,,,Estimated,Estimated using AADF from previous year on this link,E,114,72,7384,183,1181,71,9,14,4,4,1,102,8922
940653,2017,B686,Minor,,,458403,340231,52.95630264,-1.13208588,,,Estimated,Estimated using AADF from previous year on this link,W,112,60,7408,187,1123,68,16,17,6,3,4,113,8891
940653,2018,B686,Minor,,,458403,340231,52.95630264,-1.13208588,,,Counted,Manual count,E,100,34,7444,194,1217,64,22,5,2,3,5,101,8989
940653,2018,B686,Minor,,,458403,340231,52.95630264,-1.13208588,,,Counted,Manual count,W,73,65,7378,190,1107,50,15,9,4,4,13,95,8835
940653,2019,B686,Minor,,,458403,340231,52.95630264,-1.13208588,,,Counted,Manual count,E,118,66,6465,186,1004,78,10,8,4,6,6,112,7832
940653,2019,B686,Minor,,,458403,340231,52.95630264,-1.13208588,,,Counted,Manual count,W,117,78,6995,198,1187,69,20,5,6,3,3,107,8565
940654,2008,B682,Minor,,,454682,344131,52.99174768,-1.18681042,,,Counted,Manual count,E,78,48,7046,82,975,70,24,4,2,2,0,102,8253
940654,2008,B682,Minor,,,454682,344131,52.99174768,-1.18681042,,,Counted,Manual count,W,76,50,6520,88,932,79,18,3,2,2,2,106,7696
940654,2010,B682,Minor,,,454682,344131,52.99174768,-1.18681042,,,Counted,Manual count,E,54,51,5070,165,981,82,37,9,3,4,0,135,6402
940654,2010,B682,Minor,,,454682,344131,52.99174768,-1.18681042,,,Counted,Manual count,W,68,59,5157,157,1063,68,31,9,3,4,2,117,6553
940654,2011,B682,Minor,,,454682,344131,52.99174768,-1.18681042,,,Counted,Manual count,N,128,49,5250,104,944,54,18,8,2,4,3,89,6436
940654,2011,B682,Minor,,,454682,344131,52.99174768,-1.18681042,,,Counted,Manual count,S,101,55,5492,105,955,61,20,14,1,1,0,97,6704
940654,2012,B682,Minor,,,454682,344131,52.99174768,-1.18681042,,,Counted,Manual count,N,133,74,5406,118,926,59,8,3,5,3,3,81,6605
940654,2012,B682,Minor,,,454682,344131,52.99174768,-1.18681042,,,Counted,Manual count,S,126,74,5714,109,963,57,10,1,1,1,1,71,6931
940654,2013,B682,Minor,,,454682,344131,52.99174768,-1.18681042,,,Counted,Manual count,N,95,52,5440,124,898,46,9,3,2,2,1,62,6577
940654,2013,B682,Minor,,,454682,344131,52.99174768,-1.18681042,,,Counted,Manual count,S,110,41,5780,110,875,45,9,3,5,2,0,64,6870
940654,2014,B682,Minor,,,454682,344131,52.99174768,-1.18681042,,,Counted,Manual count,N,119,35,5656,119,882,45,6,2,1,1,3,58,6749
940654,2014,B682,Minor,,,454682,344131,52.99174768,-1.18681042,,,Counted,Manual count,S,104,35,5835,113,894,54,10,1,0,5,0,69,6946
940654,2015,B682,Minor,,,454682,344131,52.99174768,-1.18681042,,,Counted,Manual count,N,89,56,5369,123,860,51,10,1,3,2,1,68,6477
940654,2015,B682,Minor,,,454682,344131,52.99174768,-1.18681042,,,Counted,Manual count,S,82,52,5836,117,930,56,9,2,5,1,2,75,7010
940654,2016,B682,Minor,,,454682,344131,52.99174768,-1.18681042,,,Counted,Manual count,N,82,39,5148,107,844,38,13,6,4,2,0,63,6202
940654,2016,B682,Minor,,,454682,344131,52.99174768,-1.18681042,,,Counted,Manual count,S,78,33,5744,108,907,39,14,7,1,2,2,64,6856
940654,2017,B682,Minor,,,454682,344131,52.99174768,-1.18681042,,,Counted,Manual count,N,86,56,5314,118,920,33,5,17,1,1,1,58,6466
940654,2017,B682,Minor,,,454682,344131,52.99174768,-1.18681042,,,Counted,Manual count,S,77,59,5810,112,904,37,12,11,1,1,1,64,6948
940654,2018,B682,Minor,,,454682,344131,52.99174768,-1.18681042,,,Counted,Manual count,N,100,47,5132,115,728,58,5,3,3,2,2,72,6094
940654,2018,B682,Minor,,,454682,344131,52.99174768,-1.18681042,,,Counted,Manual count,S,96,33,5912,112,778,49,14,10,1,3,2,79,6915
940654,2019,B682,Minor,,,454682,344131,52.99174768,-1.18681042,,,Counted,Manual count,N,97,39,5315,108,850,25,7,6,2,2,2,45,6357
940654,2019,B682,Minor,,,454682,344131,52.99174768,-1.18681042,,,Counted,Manual count,S,96,42,5412,110,868,34,10,7,5,2,2,59,6492
940655,2009,C,Minor,,,454801,342891,52.98059019,-1.18524748,,,Counted,Manual count,C,144,41,2811,43,512,50,9,7,1,1,0,68,3474
940657,2009,C,Minor,,,453579,341125,52.96484052,-1.2037381,,,Counted,Manual count,C,77,47,3961,105,866,116,19,12,4,1,2,153,5133
940657,2010,C,Minor,,,453579,341125,52.96484052,-1.2037381,,,Counted,Manual count,N,25,21,1788,33,349,38,7,2,2,0,2,51,2242
940657,2010,C,Minor,,,453579,341125,52.96484052,-1.2037381,,,Counted,Manual count,S,36,21,2079,39,451,30,11,5,2,1,2,51,2641
940657,2011,C,Minor,,,453579,341125,52.96484052,-1.2037381,,,Counted,Manual count,N,43,30,1760,34,386,30,7,5,2,0,2,46,2256
940657,2011,C,Minor,,,453579,341125,52.96484052,-1.2037381,,,Counted,Manual count,S,46,46,2134,39,453,45,11,9,2,1,0,68,2740
940657,2012,C,Minor,,,453579,341125,52.96484052,-1.2037381,,,Counted,Manual count,N,35,16,1622,27,305,37,12,5,1,0,2,56,2027
940657,2012,C,Minor,,,453579,341125,52.96484052,-1.2037381,,,Counted,Manual count,S,33,15,1681,38,371,39,11,5,1,2,0,57,2163
940657,2013,C,Minor,,,453579,341125,52.96484052,-1.2037381,,,Counted,Manual count,N,43,27,2130,24,411,27,9,2,1,4,3,46,2637
940657,2013,C,Minor,,,453579,341125,52.96484052,-1.2037381,,,Counted,Manual count,S,53,36,2207,32,425,36,5,1,3,3,3,50,2750
940657,2014,C,Minor,,,453579,341125,52.96484052,-1.2037381,,,Counted,Manual count,N,33,22,1596,12,359,22,7,2,0,1,1,34,2023
940657,2014,C,Minor,,,453579,341125,52.96484052,-1.2037381,,,Counted,Manual count,S,35,22,2033,22,377,26,7,5,1,2,2,43,2498
940657,2015,C,Minor,,,453579,341125,52.96484052,-1.2037381,,,Counted,Manual count,N,60,43,1984,16,322,45,4,8,0,1,2,61,2427
940657,2015,C,Minor,,,453579,341125,52.96484052,-1.2037381,,,Counted,Manual count,S,67,43,2055,18,378,51,8,16,0,4,2,81,2576
940657,2016,C,Minor,,,453579,341125,52.96484052,-1.2037381,,,Counted,Manual count,N,41,23,1892,4,337,53,10,5,2,2,2,75,2330
940657,2016,C,Minor,,,453579,341125,52.96484052,-1.2037381,,,Counted,Manual count,S,39,33,2165,11,332,97,14,5,0,4,1,120,2660
940657,2017,C,Minor,,,453579,341125,52.96484052,-1.2037381,,,Counted,Manual count,N,40,22,1850,5,365,62,7,11,1,2,6,88,2329
940657,2017,C,Minor,,,453579,341125,52.96484052,-1.2037381,,,Counted,Manual count,S,63,18,2026,12,391,66,5,10,0,3,5,89,2536
940657,2018,C,Minor,,,453579,341125,52.96484052,-1.2037381,,,Counted,Manual count,N,56,27,2240,3,416,33,6,6,0,0,3,48,2733
940657,2018,C,Minor,,,453579,341125,52.96484052,-1.2037381,,,Counted,Manual count,S,62,21,2212,18,455,51,5,7,3,0,3,68,2774
940657,2019,C,Minor,,,453579,341125,52.96484052,-1.2037381,,,Counted,Manual count,N,50,17,2000,3,393,52,7,13,0,5,4,81,2493
940657,2019,C,Minor,,,453579,341125,52.96484052,-1.2037381,,,Counted,Manual count,S,75,17,2105,13,431,49,8,15,0,3,6,81,2647
940658,2008,U,Minor,,,453558,340758,52.96154398,-1.20411116,,,Counted,Manual count,E,95,49,6208,143,769,121,13,8,11,8,5,166,7335
940658,2008,U,Minor,,,453558,340758,52.96154398,-1.20411116,,,Counted,Manual count,W,104,50,6515,144,883,139,24,8,9,7,9,196,7788
940658,2010,U,Minor,,,453558,340758,52.96154398,-1.20411116,,,Counted,Manual count,E,139,83,5202,90,797,96,17,14,4,23,3,157,6329
940658,2010,U,Minor,,,453558,340758,52.96154398,-1.20411116,,,Counted,Manual count,W,94,82,5343,131,799,125,14,13,3,10,6,171,6526
940658,2011,U,Minor,,,453558,340758,52.96154398,-1.20411116,,,Counted,Manual count,E,118,58,5681,97,840,113,23,14,13,20,2,185,6861
940658,2011,U,Minor,,,453558,340758,52.96154398,-1.20411116,,,Counted,Manual count,W,85,53,5777,130,901,151,22,16,9,12,5,215,7076
940658,2012,U,Minor,,,453558,340758,52.96154398,-1.20411116,,,Counted,Manual count,E,90,45,4872,119,823,67,18,6,2,8,4,104,5964
940658,2012,U,Minor,,,453558,340758,52.96154398,-1.20411116,,,Counted,Manual count,W,74,35,5099,123,909,96,11,5,5,7,7,131,6296
940658,2013,U,Minor,,,453558,340758,52.96154398,-1.20411116,,,Counted,Manual count,E,78,37,4521,133,874,75,9,4,10,18,5,121,5687
940658,2013,U,Minor,,,453558,340758,52.96154398,-1.20411116,,,Counted,Manual count,W,87,47,5044,139,890,97,11,5,10,14,14,151,6271
940658,2014,U,Minor,,,453558,340758,52.96154398,-1.20411116,,,Counted,Manual count,E,133,78,4649,170,804,51,9,7,6,9,6,87,5788
940658,2014,U,Minor,,,453558,340758,52.96154398,-1.20411116,,,Counted,Manual count,W,70,56,3801,154,651,83,8,5,12,8,5,121,4784
940658,2015,U,Minor,,,453558,340758,52.96154398,-1.20411116,,,Counted,Manual count,E,111,75,4904,155,871,80,11,17,5,9,15,137,6142
940658,2015,U,Minor,,,453558,340758,52.96154398,-1.20411116,,,Counted,Manual count,W,85,69,5565,167,923,116,10,21,8,10,7,171,6895
940658,2016,U,Minor,,,453558,340758,52.96154398,-1.20411116,,,Counted,Manual count,E,129,71,4656,164,887,65,10,15,4,7,3,104,5881
940658,2016,U,Minor,,,453558,340758,52.96154398,-1.20411116,,,Counted,Manual count,W,141,70,5110,149,886,71,15,7,3,8,5,108,6323
940658,2017,U,Minor,,,453558,340758,52.96154398,-1.20411116,,,Counted,Manual count,E,95,62,4654,113,697,84,14,30,2,6,7,143,5668
940658,2017,U,Minor,,,453558,340758,52.96154398,-1.20411116,,,Counted,Manual count,W,109,69,5424,108,796,103,18,28,4,7,5,166,6563
940658,2018,U,Minor,,,453558,340758,52.96154398,-1.20411116,,,Counted,Manual count,E,64,42,5023,139,776,76,14,6,3,6,8,114,6094
940658,2018,U,Minor,,,453558,340758,52.96154398,-1.20411116,,,Counted,Manual count,W,68,42,5205,122,861,92,11,9,5,6,6,129,6359
940658,2019,U,Minor,,,453558,340758,52.96154398,-1.20411116,,,Counted,Manual count,E,104,67,4686,98,660,65,11,3,2,10,6,97,5608
940658,2019,U,Minor,,,453558,340758,52.96154398,-1.20411116,,,Counted,Manual count,W,111,67,5035,118,746,77,7,4,3,9,9,108,6073
940659,2008,U,Minor,,,453187,344778,52.99771324,-1.20897466,,,Counted,Manual count,E,19,13,1583,36,262,16,2,0,1,0,1,20,1914
940659,2008,U,Minor,,,453187,344778,52.99771324,-1.20897466,,,Counted,Manual count,W,12,16,1550,34,237,13,5,0,2,0,0,20,1857
940660,2008,U,Minor,,,451525,340162,52.95638505,-1.23446861,,,Counted,Manual count,N,29,71,3827,31,708,118,17,9,9,29,20,202,4839
940660,2008,U,Minor,,,451525,340162,52.95638505,-1.23446861,,,Counted,Manual count,S,41,78,4567,35,791,116,21,8,7,33,13,198,5669
940661,2009,C,Minor,,,455524,333573,52.89676298,-1.17607189,,,Counted,Manual count,C,21,104,10999,276,1593,74,12,5,5,3,1,100,13072
940661,2010,C,Minor,,,455524,333573,52.89676298,-1.17607189,,,Counted,Manual count,E,4,28,5076,163,587,42,4,1,1,0,3,51,5905
940661,2010,C,Minor,,,455524,333573,52.89676298,-1.17607189,,,Counted,Manual count,W,8,26,4862,157,598,31,8,1,2,0,3,45,5688
940661,2011,C,Minor,,,455524,333573,52.89676298,-1.17607189,,,Estimated,Estimated using AADF from previous year on this link,E,4,31,5000,194,606,40,4,1,1,0,3,49,5880
940661,2011,C,Minor,,,455524,333573,52.89676298,-1.17607189,,,Estimated,Estimated using AADF from previous year on this link,W,8,29,4789,187,618,30,8,1,1,0,3,43,5666
940661,2012,C,Minor,,,455524,333573,52.89676298,-1.17607189,,,Counted,Manual count,E,22,17,2139,23,284,7,2,0,0,0,0,9,2472
940661,2012,C,Minor,,,455524,333573,52.89676298,-1.17607189,,,Counted,Manual count,W,29,24,1868,5,251,14,2,0,0,0,2,17,2165
940661,2013,C,Minor,,,455524,333573,52.89676298,-1.17607189,,,Counted,Manual count,E,24,24,2573,22,433,31,2,0,0,0,0,33,3085
940661,2013,C,Minor,,,455524,333573,52.89676298,-1.17607189,,,Counted,Manual count,W,24,17,2050,7,261,30,2,1,0,0,0,33,2369
940661,2014,C,Minor,,,455524,333573,52.89676298,-1.17607189,,,Counted,Manual count,E,23,10,598,48,128,23,3,6,0,0,0,32,815
940661,2014,C,Minor,,,455524,333573,52.89676298,-1.17607189,,,Counted,Manual count,W,36,15,1304,47,495,107,11,6,0,0,1,124,1985
940661,2015,C,Minor,,,455524,333573,52.89676298,-1.17607189,,,Counted,Manual count,E,26,10,1770,44,359,46,3,2,0,0,0,51,2234
940661,2015,C,Minor,,,455524,333573,52.89676298,-1.17607189,,,Counted,Manual count,W,29,11,1684,11,330,54,1,3,0,0,0,58,2094
940661,2016,C,Minor,,,455524,333573,52.89676298,-1.17607189,,,Estimated,Estimated using AADF from previous year on this link,E,25,10,1775,44,377,49,3,3,0,0,0,55,2261
940661,2016,C,Minor,,,455524,333573,52.89676298,-1.17607189,,,Estimated,Estimated using AADF from previous year on this link,W,28,11,1688,11,347,57,1,5,0,0,0,63,2119
940661,2017,C,Minor,,,455524,333573,52.89676298,-1.17607189,,,Counted,Manual count,E,35,8,1195,32,193,3,2,1,0,0,0,6,1434
940661,2017,C,Minor,,,455524,333573,52.89676298,-1.17607189,,,Counted,Manual count,W,35,9,998,32,176,7,1,0,0,0,0,8,1222
940661,2018,C,Minor,,,455524,333573,52.89676298,-1.17607189,,,Counted,Manual count,E,25,6,1108,31,142,10,0,0,0,0,0,10,1296
940661,2018,C,Minor,,,455524,333573,52.89676298,-1.17607189,,,Counted,Manual count,W,34,7,1008,34,153,10,1,0,0,0,0,11,1213
940661,2019,C,Minor,,,455524,333573,52.89676298,-1.17607189,,,Counted,Manual count,E,26,11,1337,13,172,6,6,0,0,0,0,11,1544
940661,2019,C,Minor,,,455524,333573,52.89676298,-1.17607189,,,Counted,Manual count,W,36,10,985,12,191,8,2,2,1,1,0,14,1212
940662,2008,C,Minor,,,456402,342749,52.97914826,-1.1614301,,,Counted,Manual count,E,38,24,4101,61,733,70,11,4,2,4,2,93,5012
940662,2008,C,Minor,,,456402,342749,52.97914826,-1.1614301,,,Counted,Manual count,W,42,20,4369,56,787,50,13,1,1,2,3,70,5302
940663,2009,U,Minor,,,459823,340153,52.95544542,-1.1109652,,,Counted,Manual count,C,9,20,1117,6,142,9,3,2,0,0,0,14,1298
940663,2010,U,Minor,,,459823,340153,52.95544542,-1.1109652,,,Counted,Manual count,N,9,4,470,12,62,7,1,2,0,3,0,13,561
940663,2010,U,Minor,,,459823,340153,52.95544542,-1.1109652,,,Counted,Manual count,S,12,3,469,7,64,9,2,1,0,1,0,13,556
940663,2011,U,Minor,,,459823,340153,52.95544542,-1.1109652,,,Counted,Manual count,E,10,2,537,1,115,15,0,4,2,0,0,21,676
940663,2011,U,Minor,,,459823,340153,52.95544542,-1.1109652,,,Counted,Manual count,W,9,2,499,2,121,9,1,4,0,0,0,14,638
940663,2012,U,Minor,,,459823,340153,52.95544542,-1.1109652,,,Counted,Manual count,E,27,9,833,1,75,6,1,0,0,0,0,7,926
940663,2012,U,Minor,,,459823,340153,52.95544542,-1.1109652,,,Counted,Manual count,W,29,2,832,1,71,9,1,0,0,0,0,10,915
940663,2013,U,Minor,,,459823,340153,52.95544542,-1.1109652,,,Counted,Manual count,E,16,3,887,1,60,5,1,0,0,0,0,6,958
940663,2013,U,Minor,,,459823,340153,52.95544542,-1.1109652,,,Counted,Manual count,W,18,7,836,0,66,5,1,0,0,0,0,6,916
940663,2014,U,Minor,,,459823,340153,52.95544542,-1.1109652,,,Counted,Manual count,E,18,4,754,3,60,3,1,1,0,0,0,5,826
940663,2014,U,Minor,,,459823,340153,52.95544542,-1.1109652,,,Counted,Manual count,W,22,3,749,0,53,5,2,0,0,0,0,6,811
940663,2015,U,Minor,,,459823,340153,52.95544542,-1.1109652,,,Counted,Manual count,E,16,2,764,5,51,7,1,0,0,0,0,8,828
940663,2015,U,Minor,,,459823,340153,52.95544542,-1.1109652,,,Counted,Manual count,W,14,1,864,0,64,9,0,0,0,0,0,9,938
940663,2016,U,Minor,,,459823,340153,52.95544542,-1.1109652,,,Counted,Manual count,E,8,1,839,3,86,3,2,0,0,0,0,5,935
940663,2016,U,Minor,,,459823,340153,52.95544542,-1.1109652,,,Counted,Manual count,W,7,2,903,0,67,5,1,0,0,0,0,6,978
940663,2017,U,Minor,,,459823,340153,52.95544542,-1.1109652,,,Counted,Manual count,E,15,7,1211,7,105,2,1,0,0,0,0,3,1333
940663,2017,U,Minor,,,459823,340153,52.95544542,-1.1109652,,,Counted,Manual count,W,12,2,1144,5,99,5,0,0,0,0,0,5,1255
940663,2018,U,Minor,,,459823,340153,52.95544542,-1.1109652,,,Counted,Manual count,E,11,4,941,3,87,3,1,0,0,0,0,4,1039
940663,2018,U,Minor,,,459823,340153,52.95544542,-1.1109652,,,Counted,Manual count,W,9,6,901,1,76,4,0,1,0,0,0,5,989
940663,2019,U,Minor,,,459823,340153,52.95544542,-1.1109652,,,Counted,Manual count,E,11,1,619,2,56,4,1,0,0,0,0,5,683
940663,2019,U,Minor,,,459823,340153,52.95544542,-1.1109652,,,Counted,Manual count,W,11,2,803,0,93,2,1,0,0,0,0,3,901
940664,2008,U,Minor,,,458780,343318,52.98400772,-1.12591546,,,Counted,Manual count,N,2,0,50,2,9,0,1,0,0,0,0,1,62
940664,2008,U,Minor,,,458780,343318,52.98400772,-1.12591546,,,Counted,Manual count,S,2,0,56,2,5,0,1,0,0,0,0,1,64
940665,2009,U,Minor,,,454777,342351,52.97573903,-1.18569619,,,Counted,Manual count,C,37,7,315,1,41,3,1,0,0,0,0,4,368
940666,2008,U,Minor,,,452693,345435,53.00366704,-1.21622762,,,Counted,Manual count,N,12,12,611,63,70,6,1,0,1,2,0,10,766
940666,2008,U,Minor,,,452693,345435,53.00366704,-1.21622762,,,Counted,Manual count,S,5,9,554,64,84,6,1,0,0,1,0,8,719
940668,2008,U,Minor,,,456045,343151,52.9827988,-1.16667668,,,Counted,Manual count,N,2,2,188,1,33,0,0,1,0,0,0,1,225
940668,2008,U,Minor,,,456045,343151,52.9827988,-1.16667668,,,Counted,Manual count,S,6,2,169,1,20,2,0,1,0,0,0,3,195
940668,2010,U,Minor,,,456045,343151,52.9827988,-1.16667668,,,Counted,Manual count,N,2,3,199,0,22,0,0,1,0,0,0,1,225
940668,2010,U,Minor,,,456045,343151,52.9827988,-1.16667668,,,Counted,Manual count,S,2,2,169,0,20,1,0,1,0,0,0,2,193
940668,2011,U,Minor,,,456045,343151,52.9827988,-1.16667668,,,Counted,Manual count,N,7,3,191,0,26,5,0,0,1,0,0,6,226
940668,2011,U,Minor,,,456045,343151,52.9827988,-1.16667668,,,Counted,Manual count,S,9,5,201,0,23,2,0,1,0,0,0,3,232
940668,2012,U,Minor,,,456045,343151,52.9827988,-1.16667668,,,Counted,Manual count,N,2,8,139,0,30,1,1,0,0,0,0,2,179
940668,2012,U,Minor,,,456045,343151,52.9827988,-1.16667668,,,Counted,Manual count,S,2,1,165,0,18,0,1,0,0,0,0,1,185
940668,2013,U,Minor,,,456045,343151,52.9827988,-1.16667668,,,Counted,Manual count,N,1,0,167,0,26,0,1,0,0,0,0,1,194
940668,2013,U,Minor,,,456045,343151,52.9827988,-1.16667668,,,Counted,Manual count,S,2,1,191,0,22,0,0,0,0,0,0,0,214
940668,2014,U,Minor,,,456045,343151,52.9827988,-1.16667668,,,Counted,Manual count,N,4,2,200,0,36,0,1,0,0,0,0,1,238
940668,2014,U,Minor,,,456045,343151,52.9827988,-1.16667668,,,Counted,Manual count,S,5,2,169,0,35,0,0,0,0,0,0,0,205
940668,2015,U,Minor,,,456045,343151,52.9827988,-1.16667668,,,Counted,Manual count,N,0,2,187,0,38,2,1,0,0,0,0,3,229
940668,2015,U,Minor,,,456045,343151,52.9827988,-1.16667668,,,Counted,Manual count,S,2,2,181,0,28,0,0,0,0,0,0,0,210
940668,2016,U,Minor,,,456045,343151,52.9827988,-1.16667668,,,Counted,Manual count,N,2,1,193,0,27,0,0,0,0,0,0,0,222
940668,2016,U,Minor,,,456045,343151,52.9827988,-1.16667668,,,Counted,Manual count,S,3,1,221,0,25,0,0,0,0,0,0,0,247
940668,2017,U,Minor,,,456045,343151,52.9827988,-1.16667668,,,Counted,Manual count,N,4,1,261,1,28,0,0,0,0,0,0,0,292
940668,2017,U,Minor,,,456045,343151,52.9827988,-1.16667668,,,Counted,Manual count,S,2,0,220,1,24,0,0,0,0,0,0,0,245
940668,2018,U,Minor,,,456045,343151,52.9827988,-1.16667668,,,Counted,Manual count,N,2,1,204,0,38,1,2,0,0,0,0,3,245
940668,2018,U,Minor,,,456045,343151,52.9827988,-1.16667668,,,Counted,Manual count,S,2,2,230,0,41,1,0,0,0,0,0,1,274
940668,2019,U,Minor,,,456045,343151,52.9827988,-1.16667668,,,Counted,Manual count,N,1,1,207,0,28,0,1,0,0,0,0,1,236
940668,2019,U,Minor,,,456045,343151,52.9827988,-1.16667668,,,Counted,Manual count,S,9,0,239,0,39,0,1,0,0,0,0,1,280
940669,2009,U,Minor,,,455146,333880,52.89956119,-1.18163826,,,Counted,Manual count,C,27,8,629,0,80,2,1,0,0,0,0,3,720
940670,2008,U,Minor,,,457678,343111,52.98226661,-1.14236454,,,Counted,Manual count,N,0,2,163,1,29,0,1,0,0,0,0,1,196
940670,2008,U,Minor,,,457678,343111,52.98226661,-1.14236454,,,Counted,Manual count,S,1,0,355,0,55,1,0,0,0,0,0,1,411
940670,2010,U,Minor,,,457678,343111,52.98226661,-1.14236454,,,Counted,Manual count,N,1,0,104,0,8,0,0,0,0,0,0,0,112
940670,2010,U,Minor,,,457678,343111,52.98226661,-1.14236454,,,Counted,Manual count,S,1,5,370,0,39,0,0,1,1,0,0,2,416
940670,2011,U,Minor,,,457678,343111,52.98226661,-1.14236454,,,Counted,Manual count,N,1,3,106,0,12,0,0,1,0,0,0,1,122
940670,2011,U,Minor,,,457678,343111,52.98226661,-1.14236454,,,Counted,Manual count,S,1,7,309,0,37,0,2,0,0,0,0,2,355
940670,2012,U,Minor,,,457678,343111,52.98226661,-1.14236454,,,Counted,Manual count,E,2,1,97,0,13,0,0,0,0,0,0,0,112
940670,2012,U,Minor,,,457678,343111,52.98226661,-1.14236454,,,Counted,Manual count,W,6,2,393,2,62,1,1,0,0,0,0,2,461
940670,2013,U,Minor,,,457678,343111,52.98226661,-1.14236454,,,Counted,Manual count,N,1,1,116,0,15,0,0,0,0,0,0,0,132
940670,2013,U,Minor,,,457678,343111,52.98226661,-1.14236454,,,Counted,Manual count,S,0,4,315,0,33,1,0,0,0,0,0,1,353
940670,2014,U,Minor,,,457678,343111,52.98226661,-1.14236454,,,Counted,Manual count,N,1,0,129,0,14,3,0,0,0,0,0,3,146
940670,2014,U,Minor,,,457678,343111,52.98226661,-1.14236454,,,Counted,Manual count,S,5,1,298,0,37,1,0,0,0,0,0,1,338
940670,2015,U,Minor,,,457678,343111,52.98226661,-1.14236454,,,Counted,Manual count,N,5,3,134,0,15,0,0,0,0,0,0,0,151
940670,2015,U,Minor,,,457678,343111,52.98226661,-1.14236454,,,Counted,Manual count,S,1,4,294,0,44,1,0,0,0,0,0,1,343
940670,2016,U,Minor,,,457678,343111,52.98226661,-1.14236454,,,Counted,Manual count,N,2,2,265,0,28,0,0,0,0,0,0,0,296
940670,2016,U,Minor,,,457678,343111,52.98226661,-1.14236454,,,Counted,Manual count,S,1,4,452,0,53,1,0,0,0,0,0,1,511
940670,2017,U,Minor,,,457678,343111,52.98226661,-1.14236454,,,Counted,Manual count,N,4,3,178,0,23,0,0,0,0,0,0,0,204
940670,2017,U,Minor,,,457678,343111,52.98226661,-1.14236454,,,Counted,Manual count,S,5,0,377,0,38,0,0,0,0,0,0,0,414
940670,2018,U,Minor,,,457678,343111,52.98226661,-1.14236454,,,Counted,Manual count,N,1,3,180,0,28,1,0,0,0,0,0,1,211
940670,2018,U,Minor,,,457678,343111,52.98226661,-1.14236454,,,Counted,Manual count,S,1,3,367,0,53,1,0,0,0,0,0,1,424
940670,2019,U,Minor,,,457678,343111,52.98226661,-1.14236454,,,Counted,Manual count,N,3,0,184,0,22,0,0,0,0,0,0,0,206
940670,2019,U,Minor,,,457678,343111,52.98226661,-1.14236454,,,Counted,Manual count,S,2,1,367,0,43,0,0,0,0,0,0,0,411
940671,2009,U,Minor,,,454339,333885,52.89968805,-1.19363288,,,Counted,Manual count,C,22,22,450,117,115,3,3,0,0,0,0,5,709
940671,2010,U,Minor,,,454339,333885,52.89968805,-1.19363288,,,Counted,Manual count,N,6,6,211,115,50,3,0,0,0,0,0,3,385
940671,2010,U,Minor,,,454339,333885,52.89968805,-1.19363288,,,Counted,Manual count,S,5,6,190,26,54,2,0,0,0,0,0,2,278
940671,2011,U,Minor,,,454339,333885,52.89968805,-1.19363288,,,Estimated,Estimated using AADF from previous year on this link,N,6,7,208,137,52,3,0,0,0,0,0,3,407
940671,2011,U,Minor,,,454339,333885,52.89968805,-1.19363288,,,Estimated,Estimated using AADF from previous year on this link,S,5,7,187,31,56,2,0,0,0,0,0,2,283
940671,2012,U,Minor,,,454339,333885,52.89968805,-1.19363288,,,Estimated,Estimated using AADF from previous year on this link,E,6,5,206,130,55,3,0,0,0,0,0,3,399
940671,2012,U,Minor,,,454339,333885,52.89968805,-1.19363288,,,Estimated,Estimated using AADF from previous year on this link,W,5,5,185,30,59,2,0,0,0,0,0,2,281
940671,2013,U,Minor,,,454339,333885,52.89968805,-1.19363288,,,Estimated,Estimated using AADF from previous year on this link,E,6,6,208,104,58,3,0,0,0,0,0,3,377
940671,2013,U,Minor,,,454339,333885,52.89968805,-1.19363288,,,Estimated,Estimated using AADF from previous year on this link,W,5,6,187,23,62,2,0,0,0,0,0,2,279
940671,2014,U,Minor,,,454339,333885,52.89968805,-1.19363288,,,Estimated,Estimated using AADF from previous year on this link,E,6,6,211,107,62,3,0,0,0,0,0,3,389
940671,2014,U,Minor,,,454339,333885,52.89968805,-1.19363288,,,Estimated,Estimated using AADF from previous year on this link,W,5,6,190,24,67,2,0,0,0,0,0,2,289
940671,2015,U,Minor,,,454339,333885,52.89968805,-1.19363288,,,Estimated,Estimated using AADF from previous year on this link,E,6,5,213,108,63,3,0,0,0,0,0,3,392
940671,2015,U,Minor,,,454339,333885,52.89968805,-1.19363288,,,Estimated,Estimated using AADF from previous year on this link,W,5,5,191,24,68,2,0,0,0,0,0,2,291
940671,2016,U,Minor,,,454339,333885,52.89968805,-1.19363288,,,Counted,Manual count,E,8,3,156,26,35,1,1,0,0,0,0,2,222
940671,2016,U,Minor,,,454339,333885,52.89968805,-1.19363288,,,Counted,Manual count,W,3,1,174,91,41,1,3,0,0,0,0,4,311
940671,2017,U,Minor,,,454339,333885,52.89968805,-1.19363288,,,Counted,Manual count,E,11,3,177,29,34,0,2,0,0,0,0,2,245
940671,2017,U,Minor,,,454339,333885,52.89968805,-1.19363288,,,Counted,Manual count,W,11,2,176,71,39,2,3,0,0,0,0,5,293
940671,2018,U,Minor,,,454339,333885,52.89968805,-1.19363288,,,Counted,Manual count,E,6,1,152,21,29,0,2,0,0,0,0,2,205
940671,2018,U,Minor,,,454339,333885,52.89968805,-1.19363288,,,Counted,Manual count,W,4,3,144,94,30,1,1,0,0,0,0,2,272
940671,2019,U,Minor,,,454339,333885,52.89968805,-1.19363288,,,Counted,Manual count,E,5,2,203,0,41,2,2,1,0,0,0,5,251
940671,2019,U,Minor,,,454339,333885,52.89968805,-1.19363288,,,Counted,Manual count,W,6,3,188,73,35,1,1,0,0,0,0,2,302
940672,2008,U,Minor,,,455158,344642,52.99629195,-1.17963272,,,Counted,Manual count,N,1,0,27,0,1,0,0,0,0,0,0,0,28
940672,2008,U,Minor,,,455158,344642,52.99629195,-1.17963272,,,Counted,Manual count,S,1,0,31,0,2,0,0,0,0,0,0,0,33
940672,2013,U,Minor,,,455158,344642,52.99629195,-1.17963272,,,Estimated,Estimated using AADF from previous year on this link,C,3,0,65,0,3,0,0,0,0,0,0,0,68
940672,2014,U,Minor,,,455158,344642,52.99629195,-1.17963272,,,Estimated,Estimated using AADF from previous year on this link,C,3,0,66,0,4,0,0,0,0,0,0,0,70
940672,2015,U,Minor,,,455158,344642,52.99629195,-1.17963272,,,Estimated,Estimated using AADF from previous year on this link,C,3,0,67,0,4,0,0,0,0,0,0,0,70
940672,2016,U,Minor,,,455158,344642,52.99629195,-1.17963272,,,Estimated,Estimated using AADF from previous year on this link,C,3,0,67,0,4,0,0,0,0,0,0,0,70
940672,2017,U,Minor,,,455158,344642,52.99629195,-1.17963272,,,Estimated,Estimated using AADF from previous year on this link,C,3,0,66,0,4,0,0,0,0,0,0,0,70
940673,2009,U,Minor,,,456021,342367,52.97575464,-1.16716978,,,Counted,Manual count,C,21,5,433,0,73,5,1,0,0,0,0,6,517
940673,2010,U,Minor,,,456021,342367,52.97575464,-1.16716978,,,Counted,Manual count,N,6,0,156,1,20,6,1,0,0,0,0,7,184
940673,2010,U,Minor,,,456021,342367,52.97575464,-1.16716978,,,Counted,Manual count,S,1,2,205,0,29,3,1,0,0,0,0,4,240
940673,2011,U,Minor,,,456021,342367,52.97575464,-1.16716978,,,Counted,Manual count,N,6,3,142,0,34,2,1,1,1,0,0,5,184
940673,2011,U,Minor,,,456021,342367,52.97575464,-1.16716978,,,Counted,Manual count,S,3,2,219,1,51,0,0,1,1,0,0,2,275
940673,2012,U,Minor,,,456021,342367,52.97575464,-1.16716978,,,Counted,Manual count,N,12,1,178,0,30,1,0,0,0,0,0,1,210
940673,2012,U,Minor,,,456021,342367,52.97575464,-1.16716978,,,Counted,Manual count,S,10,2,206,0,32,1,0,0,0,0,0,1,240
940673,2013,U,Minor,,,456021,342367,52.97575464,-1.16716978,,,Counted,Manual count,N,17,4,179,0,41,2,0,0,0,0,0,2,225
940673,2013,U,Minor,,,456021,342367,52.97575464,-1.16716978,,,Counted,Manual count,S,12,4,213,0,43,2,0,0,0,0,0,2,261
940673,2014,U,Minor,,,456021,342367,52.97575464,-1.16716978,,,Counted,Manual count,N,7,0,195,0,30,3,0,0,0,0,0,3,228
940673,2014,U,Minor,,,456021,342367,52.97575464,-1.16716978,,,Counted,Manual count,S,10,2,215,0,41,2,0,0,0,0,0,2,260
940673,2015,U,Minor,,,456021,342367,52.97575464,-1.16716978,,,Counted,Manual count,N,11,1,307,0,39,0,0,0,0,0,0,0,348
940673,2015,U,Minor,,,456021,342367,52.97575464,-1.16716978,,,Counted,Manual count,S,8,1,299,0,40,0,0,0,0,0,0,0,340
940673,2016,U,Minor,,,456021,342367,52.97575464,-1.16716978,,,Counted,Manual count,N,11,3,223,2,35,3,0,0,0,0,0,3,266
940673,2016,U,Minor,,,456021,342367,52.97575464,-1.16716978,,,Counted,Manual count,S,10,0,199,1,44,3,0,0,0,0,0,3,246
940673,2017,U,Minor,,,456021,342367,52.97575464,-1.16716978,,,Counted,Manual count,N,5,3,235,0,31,5,1,0,0,0,0,6,275
940673,2017,U,Minor,,,456021,342367,52.97575464,-1.16716978,,,Counted,Manual count,S,4,1,257,4,25,2,1,0,0,0,0,3,290
940673,2018,U,Minor,,,456021,342367,52.97575464,-1.16716978,,,Counted,Manual count,N,9,1,258,0,35,1,0,0,0,0,0,1,295
940673,2018,U,Minor,,,456021,342367,52.97575464,-1.16716978,,,Counted,Manual count,S,11,1,238,0,41,2,0,0,0,0,0,2,282
940673,2019,U,Minor,,,456021,342367,52.97575464,-1.16716978,,,Counted,Manual count,N,9,1,267,0,35,2,0,0,0,0,0,2,305
940673,2019,U,Minor,,,456021,342367,52.97575464,-1.16716978,,,Counted,Manual count,S,15,0,324,0,44,2,0,0,0,0,0,2,370
940675,2009,U,Minor,,,457491,338345,52.93944902,-1.14599346,,,Counted,Manual count,C,57,5,471,0,64,1,0,0,0,0,0,1,541
940676,2008,U,Minor,,,455320,346096,53.00934406,-1.17697088,,,Counted,Manual count,N,1,1,15,0,4,0,0,0,0,0,0,0,20
940676,2008,U,Minor,,,455320,346096,53.00934406,-1.17697088,,,Counted,Manual count,S,2,2,18,0,1,0,0,0,0,0,0,0,21
940676,2013,U,Minor,,,455320,346096,53.00934406,-1.17697088,,,Estimated,Estimated using AADF from previous year on this link,C,5,2,36,0,6,0,0,0,0,0,0,0,44
940676,2014,U,Minor,,,455320,346096,53.00934406,-1.17697088,,,Estimated,Estimated using AADF from previous year on this link,C,5,3,37,0,6,0,0,0,0,0,0,0,45
940676,2015,U,Minor,,,455320,346096,53.00934406,-1.17697088,,,Estimated,Estimated using AADF from previous year on this link,C,5,2,37,0,6,0,0,0,0,0,0,0,45
940676,2016,U,Minor,,,455320,346096,53.00934406,-1.17697088,,,Estimated,Estimated using AADF from previous year on this link,C,5,2,37,0,6,0,0,0,0,0,0,0,46
940676,2017,U,Minor,,,455320,346096,53.00934406,-1.17697088,,,Estimated,Estimated using AADF from previous year on this link,C,5,2,37,0,7,0,0,0,0,0,0,0,46
940677,2009,U,Minor,,,456958,342496,52.97681571,-1.15319521,,,Counted,Manual count,C,27,11,644,2,81,1,1,0,1,0,0,3,741
940677,2010,U,Minor,,,456958,342496,52.97681571,-1.15319521,,,Counted,Manual count,N,11,0,265,0,34,2,0,0,0,0,0,2,301
940677,2010,U,Minor,,,456958,342496,52.97681571,-1.15319521,,,Counted,Manual count,S,13,10,297,0,19,2,0,0,0,0,0,2,328
940677,2011,U,Minor,,,456958,342496,52.97681571,-1.15319521,,,Counted,Manual count,N,17,1,281,0,28,5,1,0,1,0,0,7,317
940677,2011,U,Minor,,,456958,342496,52.97681571,-1.15319521,,,Counted,Manual count,S,14,1,268,0,28,2,0,0,0,0,0,2,299
940677,2012,U,Minor,,,456958,342496,52.97681571,-1.15319521,,,Counted,Manual count,N,31,7,299,0,49,3,1,1,0,0,0,4,359
940677,2012,U,Minor,,,456958,342496,52.97681571,-1.15319521,,,Counted,Manual count,S,30,6,329,0,34,1,2,0,0,0,0,3,372
940677,2013,U,Minor,,,456958,342496,52.97681571,-1.15319521,,,Counted,Manual count,N,30,0,307,0,40,4,1,0,0,0,0,5,352
940677,2013,U,Minor,,,456958,342496,52.97681571,-1.15319521,,,Counted,Manual count,S,23,0,289,0,23,0,1,0,0,0,0,1,313
940677,2014,U,Minor,,,456958,342496,52.97681571,-1.15319521,,,Counted,Manual count,N,14,2,311,0,38,1,0,2,0,0,0,3,353
940677,2014,U,Minor,,,456958,342496,52.97681571,-1.15319521,,,Counted,Manual count,S,16,1,355,0,23,3,0,1,0,0,0,4,383
940677,2015,U,Minor,,,456958,342496,52.97681571,-1.15319521,,,Counted,Manual count,N,20,3,343,0,42,2,3,0,0,0,0,5,393
940677,2015,U,Minor,,,456958,342496,52.97681571,-1.15319521,,,Counted,Manual count,S,20,3,328,0,25,2,2,1,0,0,0,5,362
940677,2016,U,Minor,,,456958,342496,52.97681571,-1.15319521,,,Counted,Manual count,N,23,1,423,0,40,0,2,0,0,0,0,2,465
940677,2016,U,Minor,,,456958,342496,52.97681571,-1.15319521,,,Counted,Manual count,S,17,5,342,0,50,3,1,0,0,0,0,4,401
940677,2017,U,Minor,,,456958,342496,52.97681571,-1.15319521,,,Counted,Manual count,N,24,6,360,0,40,1,0,1,0,0,0,2,408
940677,2017,U,Minor,,,456958,342496,52.97681571,-1.15319521,,,Counted,Manual count,S,16,4,333,0,25,0,1,0,0,0,0,1,363
940677,2018,U,Minor,,,456958,342496,52.97681571,-1.15319521,,,Counted,Manual count,N,12,9,337,0,51,3,3,0,0,0,0,6,402
940677,2018,U,Minor,,,456958,342496,52.97681571,-1.15319521,,,Counted,Manual count,S,17,3,329,0,43,1,1,0,0,0,0,2,376
940677,2019,U,Minor,,,456958,342496,52.97681571,-1.15319521,,,Counted,Manual count,N,21,0,360,0,38,0,0,0,0,0,0,0,398
940677,2019,U,Minor,,,456958,342496,52.97681571,-1.15319521,,,Counted,Manual count,S,23,5,315,0,25,0,2,0,0,0,0,2,347
940678,2008,U,Minor,,,457444,343622,52.98688453,-1.14575858,,,Counted,Manual count,N,9,1,103,0,14,1,0,0,0,0,0,1,119
940678,2008,U,Minor,,,457444,343622,52.98688453,-1.14575858,,,Counted,Manual count,S,6,0,127,0,17,1,0,0,0,0,0,1,145
940678,2010,U,Minor,,,457444,343622,52.98688453,-1.14575858,,,Counted,Manual count,N,3,2,112,0,22,1,0,0,0,0,0,1,137
940678,2010,U,Minor,,,457444,343622,52.98688453,-1.14575858,,,Counted,Manual count,S,1,2,141,0,13,1,0,0,0,0,0,1,157
940678,2011,U,Minor,,,457444,343622,52.98688453,-1.14575858,,,Counted,Manual count,N,6,1,89,0,21,1,0,0,0,0,0,1,112
940678,2011,U,Minor,,,457444,343622,52.98688453,-1.14575858,,,Counted,Manual count,S,6,2,125,0,20,1,0,0,0,0,0,1,148
940678,2012,U,Minor,,,457444,343622,52.98688453,-1.14575858,,,Counted,Manual count,N,12,1,115,0,24,1,0,0,0,0,0,1,141
940678,2012,U,Minor,,,457444,343622,52.98688453,-1.14575858,,,Counted,Manual count,S,11,2,161,0,22,0,0,0,0,0,0,0,184
940678,2013,U,Minor,,,457444,343622,52.98688453,-1.14575858,,,Counted,Manual count,N,10,1,108,0,15,2,0,0,0,0,0,2,125
940678,2013,U,Minor,,,457444,343622,52.98688453,-1.14575858,,,Counted,Manual count,S,4,1,111,0,9,1,0,0,0,0,0,1,122
940678,2014,U,Minor,,,457444,343622,52.98688453,-1.14575858,,,Counted,Manual count,N,4,1,142,0,22,0,0,0,0,0,0,0,164
940678,2014,U,Minor,,,457444,343622,52.98688453,-1.14575858,,,Counted,Manual count,S,9,1,149,0,18,0,0,0,0,0,0,0,169
940678,2015,U,Minor,,,457444,343622,52.98688453,-1.14575858,,,Counted,Manual count,N,10,1,135,0,13,0,0,0,0,0,0,0,149
940678,2015,U,Minor,,,457444,343622,52.98688453,-1.14575858,,,Counted,Manual count,S,8,0,161,0,22,1,0,0,0,0,0,1,184
940678,2016,U,Minor,,,457444,343622,52.98688453,-1.14575858,,,Counted,Manual count,N,5,0,118,0,15,0,0,0,0,0,0,0,133
940678,2016,U,Minor,,,457444,343622,52.98688453,-1.14575858,,,Counted,Manual count,S,5,1,148,0,16,0,0,0,0,0,0,0,165
940678,2017,U,Minor,,,457444,343622,52.98688453,-1.14575858,,,Counted,Manual count,N,8,2,125,0,23,1,0,0,0,0,0,1,151
940678,2017,U,Minor,,,457444,343622,52.98688453,-1.14575858,,,Counted,Manual count,S,5,3,142,0,20,0,0,0,0,0,0,0,164
940678,2018,U,Minor,,,457444,343622,52.98688453,-1.14575858,,,Counted,Manual count,N,10,1,121,0,21,3,0,0,0,0,0,3,146
940678,2018,U,Minor,,,457444,343622,52.98688453,-1.14575858,,,Counted,Manual count,S,8,0,174,0,26,4,0,0,0,0,0,4,204
940678,2019,U,Minor,,,457444,343622,52.98688453,-1.14575858,,,Counted,Manual count,N,3,1,136,1,29,0,0,0,0,0,0,0,167
940678,2019,U,Minor,,,457444,343622,52.98688453,-1.14575858,,,Counted,Manual count,S,8,1,183,0,16,2,1,0,0,0,0,3,202
940679,2009,U,Minor,,,457783,341440,52.9672363,-1.14109876,,,Counted,Manual count,C,21,9,1594,15,218,0,0,0,0,0,0,0,1837
940680,2008,U,Minor,,,456505,338585,52.94171088,-1.16062184,,,Counted,Manual count,E,22,24,2045,6,179,13,3,2,0,1,4,23,2277
940680,2008,U,Minor,,,456505,338585,52.94171088,-1.16062184,,,Counted,Manual count,W,36,24,1512,7,214,11,3,2,0,1,3,20,1777
940680,2010,U,Minor,,,456505,338585,52.94171088,-1.16062184,,,Counted,Manual count,E,15,14,2009,1,194,14,5,1,1,4,1,26,2244
940680,2010,U,Minor,,,456505,338585,52.94171088,-1.16062184,,,Counted,Manual count,W,9,10,2311,0,225,15,5,0,0,3,3,26,2572
940680,2011,U,Minor,,,456505,338585,52.94171088,-1.16062184,,,Counted,Manual count,E,46,24,2171,0,167,15,3,0,0,2,2,22,2384
940680,2011,U,Minor,,,456505,338585,52.94171088,-1.16062184,,,Counted,Manual count,W,35,21,2223,0,162,15,3,0,0,2,2,22,2428
940680,2012,U,Minor,,,456505,338585,52.94171088,-1.16062184,,,Counted,Manual count,E,45,7,1847,0,164,12,3,4,0,4,3,26,2043
940680,2012,U,Minor,,,456505,338585,52.94171088,-1.16062184,,,Counted,Manual count,W,36,6,1913,0,156,11,3,3,1,3,4,25,2099
940680,2013,U,Minor,,,456479,338594,52.94179451,-1.16100714,,,Counted,Manual count,E,32,10,1673,0,187,12,13,16,0,4,1,47,1917
940680,2013,U,Minor,,,456479,338594,52.94179451,-1.16100714,,,Counted,Manual count,W,30,8,1862,0,195,16,4,16,1,4,1,43,2109
940680,2014,U,Minor,,,456479,338594,52.94179451,-1.16100714,,,Counted,Manual count,E,37,40,1932,0,180,23,1,9,1,2,1,38,2191
940680,2014,U,Minor,,,456479,338594,52.94179451,-1.16100714,,,Counted,Manual count,W,52,29,1988,0,197,30,1,7,0,4,2,43,2257
940680,2015,U,Minor,,,456479,338594,52.94179451,-1.16100714,,,Counted,Manual count,E,34,16,2079,4,167,10,4,2,1,7,1,25,2290
940680,2015,U,Minor,,,456479,338594,52.94179451,-1.16100714,,,Counted,Manual count,W,48,13,2103,3,156,20,4,0,0,8,2,35,2310
940680,2016,U,Minor,,,456479,338594,52.94179451,-1.16100714,,,Counted,Manual count,E,33,9,2196,0,168,15,2,0,0,2,4,22,2395
940680,2016,U,Minor,,,456479,338594,52.94179451,-1.16100714,,,Counted,Manual count,W,31,9,2233,0,151,16,2,0,0,2,3,22,2415
940680,2017,U,Minor,,,456479,338594,52.94179451,-1.16100714,,,Counted,Manual count,E,52,16,2088,0,175,11,4,0,2,2,3,21,2300
940680,2017,U,Minor,,,456479,338594,52.94179451,-1.16100714,,,Counted,Manual count,W,35,17,2150,0,170,11,2,1,2,1,4,20,2357
940680,2018,U,Minor,,,456479,338594,52.94179451,-1.16100714,,,Counted,Manual count,E,61,16,2267,0,170,25,8,2,1,1,3,39,2492
940680,2018,U,Minor,,,456479,338594,52.94179451,-1.16100714,,,Counted,Manual count,W,68,20,2281,0,165,43,8,2,0,1,3,57,2524
940680,2019,U,Minor,,,456479,338594,52.94179451,-1.16100714,,,Counted,Manual count,E,50,18,1805,0,218,14,1,2,0,1,1,18,2060
940680,2019,U,Minor,,,456479,338594,52.94179451,-1.16100714,,,Counted,Manual count,W,41,8,1695,0,178,15,4,1,1,1,1,23,1905
940681,2008,U,Minor,,,457718,341058,52.96380983,-1.1421344,,,Counted,Manual count,N,6,0,87,0,21,1,0,0,0,0,0,1,109
940681,2008,U,Minor,,,457718,341058,52.96380983,-1.1421344,,,Counted,Manual count,S,10,0,94,0,21,1,0,0,0,0,0,1,116
940682,2008,U,Minor,,,454169,339885,52.95363622,-1.19516115,,,Counted,Manual count,E,25,3,969,3,62,1,3,0,0,0,0,4,1041
940682,2008,U,Minor,,,454169,339885,52.95363622,-1.19516115,,,Counted,Manual count,W,18,0,125,0,5,0,0,0,0,0,0,0,130
940682,2010,U,Minor,,,454169,339885,52.95363622,-1.19516115,,,Counted,Manual count,E,30,1,896,6,40,4,2,0,0,0,0,6,949
940682,2010,U,Minor,,,454169,339885,52.95363622,-1.19516115,,,Counted,Manual count,W,29,0,126,0,5,0,0,0,0,0,0,0,131
940682,2011,U,Minor,,,454169,339885,52.95363622,-1.19516115,,,Counted,Manual count,E,74,4,1031,5,48,7,2,0,0,0,0,9,1097
940682,2011,U,Minor,,,454169,339885,52.95363622,-1.19516115,,,Counted,Manual count,W,49,3,170,3,2,0,0,0,0,0,0,0,178
940682,2012,U,Minor,,,454169,339885,52.95363622,-1.19516115,,,Counted,Manual count,E,61,4,908,1,63,9,3,0,0,1,0,12,988
940682,2012,U,Minor,,,454169,339885,52.95363622,-1.19516115,,,Counted,Manual count,W,55,1,89,0,12,2,0,0,0,0,0,2,104
940682,2013,U,Minor,,,454169,339885,52.95363622,-1.19516115,,,Counted,Manual count,E,47,1,975,0,70,11,2,0,0,0,0,13,1058
940682,2013,U,Minor,,,454169,339885,52.95363622,-1.19516115,,,Counted,Manual count,W,45,0,134,0,8,1,1,0,0,0,0,2,144
940682,2014,U,Minor,,,454169,339885,52.95363622,-1.19516115,,,Counted,Manual count,E,48,2,673,4,79,3,4,0,0,0,0,6,764
940682,2014,U,Minor,,,454169,339885,52.95363622,-1.19516115,,,Counted,Manual count,W,63,1,152,0,6,0,1,0,0,0,0,1,159
940682,2015,U,Minor,,,454169,339885,52.95363622,-1.19516115,,,Estimated,Estimated using AADF from previous year on this link,E,46,1,678,4,80,3,4,0,0,0,0,6,771
940682,2015,U,Minor,,,454169,339885,52.95363622,-1.19516115,,,Estimated,Estimated using AADF from previous year on this link,W,61,1,153,0,6,0,1,0,0,0,0,1,160
940682,2016,U,Minor,,,454169,339885,52.95363622,-1.19516115,,,Counted,Manual count,E,55,1,746,2,64,2,0,0,0,0,0,2,814
940682,2016,U,Minor,,,454169,339885,52.95363622,-1.19516115,,,Counted,Manual count,W,64,0,119,0,7,0,0,0,0,0,0,0,127
940682,2017,U,Minor,,,454169,339885,52.95363622,-1.19516115,,,Counted,Manual count,E,102,4,838,2,45,4,2,0,0,0,0,6,895
940682,2017,U,Minor,,,454169,339885,52.95363622,-1.19516115,,,Counted,Manual count,W,56,0,190,1,9,0,0,0,0,0,0,0,200
940682,2018,U,Minor,,,454169,339885,52.95363622,-1.19516115,,,Counted,Manual count,E,68,3,1104,0,71,5,1,1,0,0,0,6,1184
940682,2018,U,Minor,,,454169,339885,52.95363622,-1.19516115,,,Counted,Manual count,W,66,1,168,0,14,0,0,0,0,0,0,0,182
940682,2019,U,Minor,,,454169,339885,52.95363622,-1.19516115,,,Counted,Manual count,E,35,0,1118,0,80,6,0,0,0,0,0,6,1204
940682,2019,U,Minor,,,454169,339885,52.95363622,-1.19516115,,,Counted,Manual count,W,31,2,138,0,2,0,0,0,0,0,0,0,142
940683,2009,U,Minor,,,455894,346480,53.01273604,-1.16835088,,,Counted,Manual count,C,7,0,197,5,20,4,0,0,0,0,0,4,226
940684,2008,U,Minor,,,455653,333348,52.89472731,-1.17419295,,,Counted,Manual count,N,16,6,515,18,97,7,1,1,0,0,0,9,645
940684,2008,U,Minor,,,455653,333348,52.89472731,-1.17419295,,,Counted,Manual count,S,22,6,478,37,94,5,0,1,0,0,0,6,621
940684,2010,U,Minor,,,455653,333348,52.89472731,-1.17419295,,,Counted,Manual count,N,7,1,429,2,73,0,0,0,0,0,0,0,505
940684,2010,U,Minor,,,455653,333348,52.89472731,-1.17419295,,,Counted,Manual count,S,5,4,371,20,64,2,0,0,0,0,0,2,461
940684,2011,U,Minor,,,455653,333348,52.89472731,-1.17419295,,,Counted,Manual count,N,8,3,375,3,62,5,2,0,0,0,0,7,450
940684,2011,U,Minor,,,455653,333348,52.89472731,-1.17419295,,,Counted,Manual count,S,6,3,318,20,78,4,1,0,0,0,0,5,424
940684,2012,U,Minor,,,455653,333348,52.89472731,-1.17419295,,,Counted,Manual count,N,16,1,405,1,56,3,0,1,2,0,0,6,469
940684,2012,U,Minor,,,455653,333348,52.89472731,-1.17419295,,,Counted,Manual count,S,14,3,373,20,60,4,0,0,1,0,0,5,461
940684,2013,U,Minor,,,455653,333348,52.89472731,-1.17419295,,,Counted,Manual count,N,10,0,513,0,71,1,1,0,0,0,0,2,586
940684,2013,U,Minor,,,455653,333348,52.89472731,-1.17419295,,,Counted,Manual count,S,6,1,384,21,74,2,0,0,0,0,0,2,483
940684,2014,U,Minor,,,455653,333348,52.89472731,-1.17419295,,,Estimated,Estimated using AADF from previous year on this link,N,11,0,522,0,77,1,1,0,0,0,0,2,600
940684,2014,U,Minor,,,455653,333348,52.89472731,-1.17419295,,,Estimated,Estimated using AADF from previous year on this link,S,7,1,391,22,80,2,0,0,0,0,0,2,496
940684,2015,U,Minor,,,455653,333348,52.89472731,-1.17419295,,,Counted,Manual count,N,10,1,478,0,76,9,0,0,0,0,0,9,564
940684,2015,U,Minor,,,455653,333348,52.89472731,-1.17419295,,,Counted,Manual count,S,13,0,429,18,76,9,0,0,0,0,0,9,533
940684,2016,U,Minor,,,455653,333348,52.89472731,-1.17419295,,,Counted,Manual count,N,12,2,359,1,66,0,0,0,1,0,0,1,429
940684,2016,U,Minor,,,455653,333348,52.89472731,-1.17419295,,,Counted,Manual count,S,12,4,374,18,74,0,0,0,1,0,0,1,469
940684,2017,U,Minor,,,455653,333348,52.89472731,-1.17419295,,,Counted,Manual count,N,9,1,386,11,58,1,0,0,0,0,0,1,456
940684,2017,U,Minor,,,455653,333348,52.89472731,-1.17419295,,,Counted,Manual count,S,8,4,305,11,55,3,0,0,0,0,0,3,378
940684,2018,U,Minor,,,455653,333348,52.89472731,-1.17419295,,,Counted,Manual count,N,17,3,389,9,42,0,0,0,1,0,0,1,444
940684,2018,U,Minor,,,455653,333348,52.89472731,-1.17419295,,,Counted,Manual count,S,15,1,290,10,44,3,0,0,0,0,0,3,348
940684,2019,U,Minor,,,455653,333348,52.89472731,-1.17419295,,,Counted,Manual count,N,10,2,391,3,85,2,0,0,0,0,0,2,482
940684,2019,U,Minor,,,455653,333348,52.89472731,-1.17419295,,,Counted,Manual count,S,6,3,370,1,67,4,0,0,0,0,0,4,445
940686,2008,U,Minor,,,457675,339936,52.95372971,-1.14297375,,,Counted,Manual count,E,93,14,565,0,117,7,2,0,0,0,0,9,705
940688,2008,U,Minor,,,453707,340038,52.95505764,-1.20201194,,,Counted,Manual count,E,19,1,67,0,4,0,0,0,0,0,0,0,72
940688,2008,U,Minor,,,453707,340038,52.95505764,-1.20201194,,,Counted,Manual count,W,21,0,52,0,3,0,0,0,0,0,0,0,55
940689,2009,U,Minor,,,457706,342928,52.9806188,-1.1419802,,,Counted,Manual count,C,5,1,166,0,23,2,0,0,0,0,0,2,192
940689,2010,U,Minor,,,457706,342928,52.9806188,-1.1419802,,,Counted,Manual count,N,1,0,86,0,22,2,0,0,0,0,0,2,110
940689,2010,U,Minor,,,457706,342928,52.9806188,-1.1419802,,,Counted,Manual count,S,0,0,57,0,21,0,0,0,0,0,0,0,78
940689,2011,U,Minor,,,457706,342928,52.9806188,-1.1419802,,,Counted,Manual count,E,7,0,56,0,13,0,0,0,0,0,0,0,69
940689,2011,U,Minor,,,457706,342928,52.9806188,-1.1419802,,,Counted,Manual count,W,9,1,83,0,9,0,0,0,0,0,1,1,94
940689,2012,U,Minor,,,457706,342928,52.9806188,-1.1419802,,,Counted,Manual count,E,3,0,88,0,10,1,0,1,0,0,0,2,100
940689,2012,U,Minor,,,457706,342928,52.9806188,-1.1419802,,,Counted,Manual count,W,4,0,89,0,17,0,0,0,0,0,0,0,106
940689,2013,U,Minor,,,457706,342928,52.9806188,-1.1419802,,,Counted,Manual count,E,2,0,53,0,6,1,0,0,0,0,0,1,60
940689,2013,U,Minor,,,457706,342928,52.9806188,-1.1419802,,,Counted,Manual count,W,1,0,75,0,15,1,0,1,0,0,0,2,92
940689,2014,U,Minor,,,457706,342928,52.9806188,-1.1419802,,,Counted,Manual count,E,9,1,94,0,14,0,0,0,0,0,0,0,109
940689,2014,U,Minor,,,457706,342928,52.9806188,-1.1419802,,,Counted,Manual count,W,9,1,85,0,12,0,0,1,0,0,0,1,99
940689,2015,U,Minor,,,457706,342928,52.9806188,-1.1419802,,,Counted,Manual count,E,1,1,56,0,11,0,0,0,0,0,0,0,68
940689,2015,U,Minor,,,457706,342928,52.9806188,-1.1419802,,,Counted,Manual count,W,0,1,78,0,28,0,0,1,0,0,0,1,108
940689,2016,U,Minor,,,457706,342928,52.9806188,-1.1419802,,,Counted,Manual count,E,1,0,66,0,20,0,0,0,0,0,0,0,86
940689,2016,U,Minor,,,457706,342928,52.9806188,-1.1419802,,,Counted,Manual count,W,2,1,95,0,19,0,1,0,0,0,0,1,116
940689,2017,U,Minor,,,457706,342928,52.9806188,-1.1419802,,,Counted,Manual count,E,3,0,72,0,4,0,0,0,0,0,0,0,76
940689,2017,U,Minor,,,457706,342928,52.9806188,-1.1419802,,,Counted,Manual count,W,0,1,98,0,9,0,1,1,0,0,0,2,110
940689,2018,U,Minor,,,457706,342928,52.9806188,-1.1419802,,,Counted,Manual count,E,2,0,77,0,12,0,0,1,0,0,0,1,90
940689,2018,U,Minor,,,457706,342928,52.9806188,-1.1419802,,,Counted,Manual count,W,1,1,76,0,16,0,1,1,0,0,0,2,95
940689,2019,U,Minor,,,457706,342928,52.9806188,-1.1419802,,,Counted,Manual count,E,3,0,41,0,15,0,0,0,0,0,0,0,56
940689,2019,U,Minor,,,457706,342928,52.9806188,-1.1419802,,,Counted,Manual count,W,1,0,77,0,12,0,0,1,0,0,0,1,90
940690,2008,U,Minor,,,455910,340054,52.95497694,-1.16922135,,,Counted,Manual count,N,7,3,170,0,17,0,0,0,0,0,0,0,190
940690,2008,U,Minor,,,455910,340054,52.95497694,-1.16922135,,,Counted,Manual count,S,6,0,141,0,21,0,0,0,0,0,0,0,162
940690,2010,U,Minor,,,455910,340054,52.95497694,-1.16922135,,,Counted,Manual count,N,2,4,134,0,20,0,0,0,0,0,0,0,158
940690,2010,U,Minor,,,455910,340054,52.95497694,-1.16922135,,,Counted,Manual count,S,5,1,105,0,15,0,0,0,0,0,0,0,121
940690,2011,U,Minor,,,455910,340054,52.95497694,-1.16922135,,,Counted,Manual count,N,0,4,170,0,31,0,0,0,0,0,0,0,205
940690,2011,U,Minor,,,455910,340054,52.95497694,-1.16922135,,,Counted,Manual count,S,3,2,177,0,37,0,0,0,0,0,0,0,216
940690,2012,U,Minor,,,455910,340054,52.95497694,-1.16922135,,,Estimated,Estimated using AADF from previous year on this link,N,0,3,168,0,33,0,0,0,0,0,0,0,204
940690,2012,U,Minor,,,455910,340054,52.95497694,-1.16922135,,,Estimated,Estimated using AADF from previous year on this link,S,3,2,175,0,39,0,0,0,0,0,0,0,216
940690,2013,U,Minor,,,455910,340054,52.95497694,-1.16922135,,,Estimated,Estimated using AADF from previous year on this link,N,0,3,170,0,34,0,0,0,0,0,0,0,207
940690,2013,U,Minor,,,455910,340054,52.95497694,-1.16922135,,,Estimated,Estimated using AADF from previous year on this link,S,3,2,177,0,41,0,0,0,0,0,0,0,219
940690,2014,U,Minor,,,455910,340054,52.95497694,-1.16922135,,,Estimated,Estimated using AADF from previous year on this link,N,0,4,173,0,37,0,0,0,0,0,0,0,213
940690,2014,U,Minor,,,455910,340054,52.95497694,-1.16922135,,,Estimated,Estimated using AADF from previous year on this link,S,3,2,180,0,44,0,0,0,0,0,0,0,226
940690,2015,U,Minor,,,455910,340054,52.95497694,-1.16922135,,,Estimated,Estimated using AADF from previous year on this link,N,0,3,174,0,38,0,0,0,0,0,0,0,215
940690,2015,U,Minor,,,455910,340054,52.95497694,-1.16922135,,,Estimated,Estimated using AADF from previous year on this link,S,3,2,181,0,45,0,0,0,0,0,0,0,227
940690,2016,U,Minor,,,455934,339959,52.95412059,-1.16888052,,,Counted,Manual count,N,4,0,200,0,12,0,0,0,0,0,0,0,213
940690,2016,U,Minor,,,455934,339959,52.95412059,-1.16888052,,,Counted,Manual count,S,13,3,162,0,15,0,0,0,0,0,0,0,179
940690,2017,U,Minor,,,455934,339959,52.95412059,-1.16888052,,,Counted,Manual count,N,8,3,155,0,24,0,0,0,0,0,0,0,182
940690,2017,U,Minor,,,455934,339959,52.95412059,-1.16888052,,,Counted,Manual count,S,9,1,143,0,14,1,0,0,0,0,0,1,158
940690,2018,U,Minor,,,455934,339959,52.95412059,-1.16888052,,,Counted,Manual count,N,9,1,139,0,24,1,0,0,0,0,0,1,165
940690,2018,U,Minor,,,455934,339959,52.95412059,-1.16888052,,,Counted,Manual count,S,8,2,143,0,17,0,0,0,0,0,0,0,161
940690,2019,U,Minor,,,455934,339959,52.95412059,-1.16888052,,,Counted,Manual count,N,1,0,169,0,17,0,0,0,0,0,0,0,186
940690,2019,U,Minor,,,455934,339959,52.95412059,-1.16888052,,,Counted,Manual count,S,11,0,181,0,28,2,0,0,0,0,0,2,212
940693,2009,U,Minor,,,458478,339870,52.95304975,-1.13103456,,,Counted,Manual count,C,11,9,1365,6,209,7,2,0,0,0,0,9,1598
940693,2010,U,Minor,,,458478,339870,52.95304975,-1.13103456,,,Counted,Manual count,N,13,9,693,7,103,11,3,0,0,0,0,14,826
940693,2010,U,Minor,,,458478,339870,52.95304975,-1.13103456,,,Counted,Manual count,S,12,6,680,10,95,10,2,0,0,0,0,12,803
940693,2011,U,Minor,,,458478,339870,52.95304975,-1.13103456,,,Counted,Manual count,N,12,4,512,3,80,2,1,0,0,0,0,3,602
940693,2011,U,Minor,,,458478,339870,52.95304975,-1.13103456,,,Counted,Manual count,S,12,1,364,3,58,4,1,0,0,0,0,5,431
940693,2012,U,Minor,,,458478,339870,52.95304975,-1.13103456,,,Counted,Manual count,N,27,7,707,0,89,7,0,0,0,0,0,7,810
940693,2012,U,Minor,,,458478,339870,52.95304975,-1.13103456,,,Counted,Manual count,S,19,6,591,0,56,4,0,0,0,0,0,4,657
940693,2013,U,Minor,,,458478,339870,52.95304975,-1.13103456,,,Counted,Manual count,N,9,5,700,4,94,3,1,0,0,0,0,4,807
940693,2013,U,Minor,,,458478,339870,52.95304975,-1.13103456,,,Counted,Manual count,S,13,13,551,0,77,2,1,0,0,0,0,2,644
940693,2014,U,Minor,,,458478,339870,52.95304975,-1.13103456,,,Counted,Manual count,N,15,2,741,1,92,4,1,0,0,0,0,5,841
940693,2014,U,Minor,,,458478,339870,52.95304975,-1.13103456,,,Counted,Manual count,S,13,4,578,0,91,4,2,0,0,0,0,6,679
940693,2015,U,Minor,,,458478,339870,52.95304975,-1.13103456,,,Counted,Manual count,N,14,6,872,1,107,8,0,0,0,0,0,8,994
940693,2015,U,Minor,,,458478,339870,52.95304975,-1.13103456,,,Counted,Manual count,S,20,7,847,0,130,8,3,0,0,0,0,11,995
940693,2016,U,Minor,,,458478,339870,52.95304975,-1.13103456,,,Counted,Manual count,N,18,3,825,0,145,2,0,0,0,0,0,2,974
940693,2016,U,Minor,,,458478,339870,52.95304975,-1.13103456,,,Counted,Manual count,S,14,5,788,0,130,4,1,1,0,0,0,5,928
940693,2017,U,Minor,,,458478,339870,52.95304975,-1.13103456,,,Counted,Manual count,N,12,4,835,0,117,1,1,0,0,0,0,2,958
940693,2017,U,Minor,,,458478,339870,52.95304975,-1.13103456,,,Counted,Manual count,S,10,2,919,0,104,3,1,0,0,1,0,4,1030
940693,2018,U,Minor,,,458478,339870,52.95304975,-1.13103456,,,Counted,Manual count,N,13,1,817,0,114,1,0,0,0,0,0,1,933
940693,2018,U,Minor,,,458478,339870,52.95304975,-1.13103456,,,Counted,Manual count,S,22,2,851,0,94,1,2,0,0,0,0,3,948
940693,2019,U,Minor,,,458478,339870,52.95304975,-1.13103456,,,Counted,Manual count,N,14,5,779,0,126,3,0,0,0,0,0,3,913
940693,2019,U,Minor,,,458478,339870,52.95304975,-1.13103456,,,Counted,Manual count,S,21,3,795,0,126,1,0,1,0,0,0,2,926
940694,2008,U,Minor,,,456370,345851,53.00703275,-1.16136662,,,Counted,Manual count,N,0,0,28,0,3,1,0,0,0,0,0,1,32
940694,2008,U,Minor,,,456370,345851,53.00703275,-1.16136662,,,Counted,Manual count,S,1,0,26,0,5,1,0,0,0,0,0,1,32
940695,2009,U,Minor,,,453725,344870,52.99848657,-1.20094382,,,Counted,Manual count,C,36,23,1458,0,930,108,16,14,2,4,2,147,2558
940695,2010,U,Minor,,,453725,344870,52.99848657,-1.20094382,,,Counted,Manual count,N,14,18,785,1,317,76,9,8,5,4,5,107,1228
940695,2010,U,Minor,,,453725,344870,52.99848657,-1.20094382,,,Counted,Manual count,S,12,25,820,1,298,72,12,7,4,2,2,99,1243
940695,2011,U,Minor,,,453725,344870,52.99848657,-1.20094382,,,Counted,Manual count,N,10,15,859,0,391,35,8,2,0,5,5,55,1320
940695,2011,U,Minor,,,453725,344870,52.99848657,-1.20094382,,,Counted,Manual count,S,11,8,815,0,338,34,12,4,0,5,6,61,1222
940695,2012,U,Minor,,,453725,344870,52.99848657,-1.20094382,,,Counted,Manual count,N,18,7,715,0,392,34,10,4,1,1,2,53,1167
940695,2012,U,Minor,,,453725,344870,52.99848657,-1.20094382,,,Counted,Manual count,S,37,8,791,0,388,39,7,6,0,2,2,57,1245
940695,2013,U,Minor,,,453725,344870,52.99848657,-1.20094382,,,Counted,Manual count,N,30,8,1034,3,444,35,7,2,0,1,3,47,1536
940695,2013,U,Minor,,,453725,344870,52.99848657,-1.20094382,,,Counted,Manual count,S,21,11,1056,3,431,37,7,1,0,0,2,46,1547
940695,2014,U,Minor,,,453725,344870,52.99848657,-1.20094382,,,Counted,Manual count,N,17,16,781,2,407,51,7,6,1,2,2,69,1276
940695,2014,U,Minor,,,453725,344870,52.99848657,-1.20094382,,,Counted,Manual count,S,13,20,868,2,399,64,12,4,0,6,3,89,1378
940695,2015,U,Minor,,,453725,344870,52.99848657,-1.20094382,,,Counted,Manual count,N,28,11,895,0,384,126,15,3,1,3,3,152,1441
940695,2015,U,Minor,,,453725,344870,52.99848657,-1.20094382,,,Counted,Manual count,S,31,8,906,0,371,116,12,2,3,5,1,139,1424
940695,2016,U,Minor,,,453725,344870,52.99848657,-1.20094382,,,Counted,Manual count,N,20,11,752,2,454,30,14,4,0,2,2,52,1270
940695,2016,U,Minor,,,453725,344870,52.99848657,-1.20094382,,,Counted,Manual count,S,19,14,840,2,458,24,17,0,0,2,2,46,1360
940695,2017,U,Minor,,,453725,344870,52.99848657,-1.20094382,,,Counted,Manual count,N,14,17,784,1,406,42,8,12,1,4,5,72,1280
940695,2017,U,Minor,,,453725,344870,52.99848657,-1.20094382,,,Counted,Manual count,S,22,14,844,1,404,37,16,11,2,4,3,72,1335
940695,2018,U,Minor,,,453725,344870,52.99848657,-1.20094382,,,Counted,Manual count,N,15,9,711,0,346,69,9,3,1,2,3,87,1153
940695,2018,U,Minor,,,453725,344870,52.99848657,-1.20094382,,,Counted,Manual count,S,33,10,763,0,310,65,10,5,1,1,3,86,1170
940695,2019,U,Minor,,,453725,344870,52.99848657,-1.20094382,,,Counted,Manual count,N,13,19,812,0,405,41,10,5,1,1,2,59,1295
940695,2019,U,Minor,,,453725,344870,52.99848657,-1.20094382,,,Counted,Manual count,S,12,16,860,0,389,22,14,2,0,2,2,42,1308
940696,2008,U,Minor,,,457278,344160,52.9917378,-1.14813571,,,Counted,Manual count,E,16,5,756,0,76,4,1,0,0,0,0,5,842
940696,2008,U,Minor,,,457278,344160,52.9917378,-1.14813571,,,Counted,Manual count,W,16,8,674,3,69,2,1,0,0,0,0,3,757
940697,2009,U,Minor,,,456823,343014,52.98148578,-1.15511441,,,Counted,Manual count,C,14,0,272,0,38,0,0,0,0,0,0,0,310
940698,2008,U,Minor,,,454402,345505,53.00412588,-1.19075051,,,Counted,Manual count,N,0,0,64,1,5,8,0,0,0,0,0,8,78
940698,2008,U,Minor,,,454402,345505,53.00412588,-1.19075051,,,Counted,Manual count,S,0,0,55,1,6,25,0,0,0,0,0,25,87
940699,2009,U,Minor,,,455246,334972,52.90936624,-1.17996666,,,Counted,Manual count,C,88,18,1209,30,184,13,0,0,0,0,0,13,1453
940699,2010,U,Minor,,,455246,334972,52.90936624,-1.17996666,,,Counted,Manual count,N,12,5,704,11,104,2,1,0,0,0,0,3,827
940699,2010,U,Minor,,,455246,334972,52.90936624,-1.17996666,,,Counted,Manual count,S,15,2,538,12,85,3,1,0,0,0,0,4,641
940699,2011,U,Minor,,,455246,334972,52.90936624,-1.17996666,,,Counted,Manual count,N,27,12,714,15,89,8,0,0,0,0,0,8,838
940699,2011,U,Minor,,,455246,334972,52.90936624,-1.17996666,,,Counted,Manual count,S,22,6,519,23,60,7,0,0,1,0,0,8,616
940699,2012,U,Minor,,,455246,334972,52.90936624,-1.17996666,,,Counted,Manual count,N,24,5,580,13,76,5,1,0,0,0,0,6,680
940699,2012,U,Minor,,,455246,334972,52.90936624,-1.17996666,,,Counted,Manual count,S,33,5,559,13,60,1,0,0,0,0,0,1,639
940699,2013,U,Minor,,,455246,334972,52.90936624,-1.17996666,,,Counted,Manual count,N,13,5,821,37,138,5,2,1,0,0,0,8,1009
940699,2013,U,Minor,,,455246,334972,52.90936624,-1.17996666,,,Counted,Manual count,S,26,5,733,25,116,4,1,0,0,0,0,5,884
940699,2014,U,Minor,,,455246,334972,52.90936624,-1.17996666,,,Counted,Manual count,N,19,2,825,10,122,2,0,0,0,0,0,2,962
940699,2014,U,Minor,,,455246,334972,52.90936624,-1.17996666,,,Counted,Manual count,S,16,3,625,9,68,4,0,0,0,0,0,4,709
940699,2015,U,Minor,,,455246,334972,52.90936624,-1.17996666,,,Counted,Manual count,N,15,4,636,9,78,9,0,0,0,0,0,9,737
940699,2015,U,Minor,,,455246,334972,52.90936624,-1.17996666,,,Counted,Manual count,S,18,5,453,4,63,4,0,0,0,0,0,4,529
940699,2016,U,Minor,,,455246,334972,52.90936624,-1.17996666,,,Counted,Manual count,N,22,4,561,5,83,4,0,0,0,0,0,4,656
940699,2016,U,Minor,,,455246,334972,52.90936624,-1.17996666,,,Counted,Manual count,S,17,8,449,8,62,2,0,0,0,0,0,2,529
940699,2017,U,Minor,,,455246,334972,52.90936624,-1.17996666,,,Counted,Manual count,N,5,5,617,8,90,1,0,0,0,0,0,1,721
940699,2017,U,Minor,,,455246,334972,52.90936624,-1.17996666,,,Counted,Manual count,S,12,9,517,11,68,1,0,0,0,0,0,1,606
940699,2018,U,Minor,,,455246,334972,52.90936624,-1.17996666,,,Counted,Manual count,N,18,10,631,9,106,4,0,0,0,0,0,4,759
940699,2018,U,Minor,,,455246,334972,52.90936624,-1.17996666,,,Counted,Manual count,S,16,6,473,8,65,1,0,0,0,0,0,1,553
940699,2019,U,Minor,,,455246,334972,52.90936624,-1.17996666,,,Counted,Manual count,N,19,1,676,8,79,1,0,0,1,0,0,2,766
940699,2019,U,Minor,,,455246,334972,52.90936624,-1.17996666,,,Counted,Manual count,S,22,1,568,10,58,3,1,0,0,0,0,4,641
940700,2008,U,Minor,,,457868,342391,52.97577481,-1.13966363,,,Counted,Manual count,E,8,2,510,0,68,0,2,0,0,0,0,2,582
940700,2008,U,Minor,,,457868,342391,52.97577481,-1.13966363,,,Counted,Manual count,W,8,4,537,0,73,2,0,0,0,1,0,3,617
940701,2009,U,Minor,,,456072,344508,52.9949929,-1.16603974,,,Counted,Manual count,C,13,19,1053,71,179,19,4,2,0,1,0,25,1348
940701,2010,U,Minor,,,456072,344508,52.9949929,-1.16603974,,,Counted,Manual count,E,6,6,443,34,71,6,6,1,0,0,0,13,567
940701,2010,U,Minor,,,456072,344508,52.9949929,-1.16603974,,,Counted,Manual count,W,8,7,334,33,57,3,6,1,0,0,0,10,441
940701,2011,U,Minor,,,456072,344508,52.9949929,-1.16603974,,,Counted,Manual count,E,10,13,312,34,48,5,1,1,0,0,0,7,414
940701,2011,U,Minor,,,456072,344508,52.9949929,-1.16603974,,,Counted,Manual count,W,8,7,305,31,35,1,3,1,2,0,0,7,385
940701,2012,U,Minor,,,456072,344508,52.9949929,-1.16603974,,,Counted,Manual count,E,7,3,423,54,66,10,0,0,0,0,0,10,555
940701,2012,U,Minor,,,456072,344508,52.9949929,-1.16603974,,,Counted,Manual count,W,12,5,366,54,60,3,0,0,0,0,0,3,489
940701,2013,U,Minor,,,456072,344508,52.9949929,-1.16603974,,,Counted,Manual count,E,15,5,406,42,76,5,1,0,0,0,0,6,535
940701,2013,U,Minor,,,456072,344508,52.9949929,-1.16603974,,,Counted,Manual count,W,7,6,376,42,53,1,0,0,0,0,0,1,478
940701,2014,U,Minor,,,456072,344508,52.9949929,-1.16603974,,,Counted,Manual count,E,8,6,462,45,76,5,1,0,0,0,0,6,595
940701,2014,U,Minor,,,456072,344508,52.9949929,-1.16603974,,,Counted,Manual count,W,8,4,445,43,46,7,1,0,0,0,0,8,546
940701,2015,U,Minor,,,456072,344508,52.9949929,-1.16603974,,,Counted,Manual count,E,3,1,429,41,70,2,1,0,0,0,0,3,544
940701,2015,U,Minor,,,456072,344508,52.9949929,-1.16603974,,,Counted,Manual count,W,3,4,412,39,44,2,1,0,0,0,0,3,502
940701,2016,U,Minor,,,456072,344508,52.9949929,-1.16603974,,,Counted,Manual count,E,5,1,475,43,55,5,0,0,0,0,0,5,580
940701,2016,U,Minor,,,456072,344508,52.9949929,-1.16603974,,,Counted,Manual count,W,2,5,480,38,52,1,1,0,0,0,0,2,576
940701,2017,U,Minor,,,456072,344508,52.9949929,-1.16603974,,,Counted,Manual count,E,14,8,494,39,53,3,0,0,0,0,0,3,596
940701,2017,U,Minor,,,456072,344508,52.9949929,-1.16603974,,,Counted,Manual count,W,8,3,414,33,43,3,1,0,0,0,0,4,498
940701,2018,U,Minor,,,456072,344508,52.9949929,-1.16603974,,,Counted,Manual count,E,4,4,429,39,71,2,0,0,0,0,0,2,545
940701,2018,U,Minor,,,456072,344508,52.9949929,-1.16603974,,,Counted,Manual count,W,2,3,394,37,50,0,1,0,0,0,0,1,484
940701,2019,U,Minor,,,456072,344508,52.9949929,-1.16603974,,,Counted,Manual count,E,5,2,495,45,72,0,0,0,0,0,0,0,613
940701,2019,U,Minor,,,456072,344508,52.9949929,-1.16603974,,,Counted,Manual count,W,4,2,443,42,58,3,1,0,0,0,0,4,548
940702,2008,U,Minor,,,456550,345059,52.99989524,-1.1588228,,,Counted,Manual count,N,3,2,200,0,25,5,0,0,0,0,0,5,232
940702,2008,U,Minor,,,456550,345059,52.99989524,-1.1588228,,,Counted,Manual count,S,3,0,223,0,29,2,0,0,0,0,0,2,254
940703,2008,U,Minor,,,458991,339456,52.94927257,-1.12347483,,,Counted,Manual count,N,22,0,42,0,8,1,0,0,0,0,0,1,51
940703,2008,U,Minor,,,458991,339456,52.94927257,-1.12347483,,,Counted,Manual count,S,19,0,45,0,8,1,0,0,0,0,0,1,54
940704,2008,U,Minor,,,453299,340254,52.95703959,-1.20804913,,,Counted,Manual count,E,26,1,516,13,28,0,1,0,0,0,0,1,559
940704,2008,U,Minor,,,453299,340254,52.95703959,-1.20804913,,,Counted,Manual count,W,21,0,438,10,22,0,0,0,0,0,0,0,470
951474,2008,C,Minor,,,453762,343894,52.98971038,-1.20055468,,,Counted,Manual count,N,98,57,6928,174,1144,145,27,4,4,6,1,187,8490
951474,2008,C,Minor,,,453762,343894,52.98971038,-1.20055468,,,Counted,Manual count,S,61,64,7832,190,1297,158,17,3,7,6,4,195,9578
951475,2009,U,Minor,,,452230,341160,52.96528764,-1.22381531,,,Counted,Manual count,C,31,12,182,4,18,4,0,0,0,0,0,4,220
951476,2008,U,Minor,,,452690,344175,52.99234227,-1.21647753,,,Counted,Manual count,E,24,2,560,2,57,5,0,0,0,0,0,5,626
951476,2008,U,Minor,,,452690,344175,52.99234227,-1.21647753,,,Counted,Manual count,W,15,8,603,1,56,6,0,0,0,0,0,6,674
951477,2009,U,Minor,,,455626,344272,52.99291807,-1.17272429,,,Counted,Manual count,C,24,41,738,93,156,10,2,0,0,0,0,12,1040
951477,2010,U,Minor,,,455626,344272,52.99291807,-1.17272429,,,Counted,Manual count,N,28,6,366,37,86,5,0,0,0,0,0,5,500
951477,2010,U,Minor,,,455626,344272,52.99291807,-1.17272429,,,Counted,Manual count,S,19,6,414,36,96,4,1,0,0,0,1,6,558
951477,2011,U,Minor,,,455626,344272,52.99291807,-1.17272429,,,Counted,Manual count,N,27,9,396,39,99,10,0,0,0,0,0,10,553
951477,2011,U,Minor,,,455626,344272,52.99291807,-1.17272429,,,Counted,Manual count,S,14,9,422,38,101,7,2,0,0,0,1,10,580
951477,2012,U,Minor,,,455626,344272,52.99291807,-1.17272429,,,Counted,Manual count,E,12,5,357,45,46,1,1,0,0,0,0,2,454
951477,2012,U,Minor,,,455626,344272,52.99291807,-1.17272429,,,Counted,Manual count,W,10,10,353,49,50,2,0,0,0,0,0,2,464
951477,2013,U,Minor,,,455626,344272,52.99291807,-1.17272429,,,Counted,Manual count,E,10,7,334,41,63,4,0,1,1,0,0,6,450
951477,2013,U,Minor,,,455626,344272,52.99291807,-1.17272429,,,Counted,Manual count,W,12,9,345,45,63,3,0,2,1,0,0,6,467
951477,2014,U,Minor,,,455626,344272,52.99291807,-1.17272429,,,Counted,Manual count,E,17,3,397,51,83,1,1,0,0,0,0,2,536
951477,2014,U,Minor,,,455626,344272,52.99291807,-1.17272429,,,Counted,Manual count,W,16,3,349,55,73,4,1,0,0,0,0,5,486
951477,2015,U,Minor,,,455626,344272,52.99291807,-1.17272429,,,Counted,Manual count,E,14,9,417,44,67,2,0,0,1,0,0,3,540
951477,2015,U,Minor,,,455626,344272,52.99291807,-1.17272429,,,Counted,Manual count,W,6,4,295,48,49,3,0,0,0,0,0,3,398
951477,2016,U,Minor,,,455626,344272,52.99291807,-1.17272429,,,Counted,Manual count,E,15,2,372,40,85,4,0,0,0,0,0,4,503
951477,2016,U,Minor,,,455626,344272,52.99291807,-1.17272429,,,Counted,Manual count,W,7,7,321,46,57,3,0,0,0,0,0,3,434
951477,2017,U,Minor,,,455626,344272,52.99291807,-1.17272429,,,Counted,Manual count,E,19,8,409,37,85,3,0,1,0,0,0,4,542
951477,2017,U,Minor,,,455626,344272,52.99291807,-1.17272429,,,Counted,Manual count,W,14,7,327,42,51,2,0,0,0,0,0,2,428
951477,2018,U,Minor,,,455626,344272,52.99291807,-1.17272429,,,Counted,Manual count,E,6,0,393,48,72,2,0,0,0,0,0,2,515
951477,2018,U,Minor,,,455626,344272,52.99291807,-1.17272429,,,Counted,Manual count,W,14,6,301,49,49,2,0,0,0,0,0,2,407
951477,2019,U,Minor,,,455626,344272,52.99291807,-1.17272429,,,Counted,Manual count,E,20,3,359,39,55,2,0,0,0,0,0,2,458
951477,2019,U,Minor,,,455626,344272,52.99291807,-1.17272429,,,Counted,Manual count,W,17,2,366,55,64,1,0,0,0,0,0,1,488
951478,2009,U,Minor,,,452385,338787,52.9439432,-1.22188916,,,Counted,Manual count,C,74,13,931,0,100,4,0,0,0,0,0,4,1049
951479,2008,U,Minor,,,454803,338341,52.93969412,-1.18598566,,,Counted,Manual count,N,4,1,25,0,15,0,1,0,0,0,0,1,42
951479,2008,U,Minor,,,454803,338341,52.93969412,-1.18598566,,,Counted,Manual count,S,4,0,41,0,24,1,0,0,0,0,0,1,66
951483,2015,C,Minor,,,451468,341873,52.9717697,-1.23504666,,,Counted,Manual count,E,89,3,454,0,48,12,3,2,1,0,0,18,523
951483,2015,C,Minor,,,451468,341873,52.9717697,-1.23504666,,,Counted,Manual count,W,66,5,507,0,48,15,3,3,1,0,0,21,581
951483,2016,C,Minor,,,451468,341873,52.9717697,-1.23504666,,,Counted,Manual count,E,28,8,474,1,54,5,2,0,1,0,0,7,544
951483,2016,C,Minor,,,451468,341873,52.9717697,-1.23504666,,,Counted,Manual count,W,28,4,516,1,69,5,2,0,1,0,0,7,597
951483,2017,C,Minor,,,451468,341873,52.9717697,-1.23504666,,,Counted,Manual count,E,40,7,436,0,60,2,2,0,0,0,0,4,508
951483,2017,C,Minor,,,451468,341873,52.9717697,-1.23504666,,,Counted,Manual count,W,54,7,472,1,58,1,3,0,1,0,0,4,543
951483,2018,C,Minor,,,451468,341873,52.9717697,-1.23504666,,,Counted,Manual count,E,33,4,461,0,80,6,3,0,0,1,0,9,555
951483,2018,C,Minor,,,451468,341873,52.9717697,-1.23504666,,,Counted,Manual count,W,32,1,493,0,80,6,4,0,0,1,0,10,585
951483,2019,C,Minor,,,451468,341873,52.9717697,-1.23504666,,,Counted,Manual count,E,36,1,497,0,73,2,4,0,0,0,0,5,576
951483,2019,C,Minor,,,451468,341873,52.9717697,-1.23504666,,,Counted,Manual count,W,36,1,512,0,77,2,4,0,0,0,0,5,596
951925,2000,U,Minor,,,456673,344851,52.99801275,-1.15702669,,,Counted,Manual count,E,17,6,1983,116,230,27,1,0,2,0,0,30,2365
951925,2000,U,Minor,,,456673,344851,52.99801275,-1.15702669,,,Counted,Manual count,W,16,14,2003,117,238,28,2,0,0,0,3,33,2405
951925,2001,U,Minor,,,456673,344851,52.99801275,-1.15702669,,,Counted,Manual count,E,16,83,2138,112,282,19,4,1,0,0,0,24,2639
951925,2001,U,Minor,,,456673,344851,52.99801275,-1.15702669,,,Counted,Manual count,W,12,62,2233,116,293,32,3,1,1,0,0,37,2741
951925,2002,U,Minor,,,456673,344851,52.99801275,-1.15702669,,,Counted,Manual count,E,8,22,2387,141,287,18,7,0,0,0,0,25,2862
951925,2002,U,Minor,,,456673,344851,52.99801275,-1.15702669,,,Counted,Manual count,W,6,33,2661,135,339,24,7,0,2,0,1,34,3202
951925,2003,U,Minor,,,456673,344851,52.99801275,-1.15702669,,,Counted,Manual count,E,25,30,2312,128,324,25,5,0,0,0,0,30,2824
951925,2003,U,Minor,,,456673,344851,52.99801275,-1.15702669,,,Counted,Manual count,W,22,30,2251,134,366,24,3,0,0,0,0,27,2808
951925,2004,U,Minor,,,456673,344851,52.99801275,-1.15702669,,,Counted,Manual count,E,13,18,2114,150,287,15,3,0,1,0,0,19,2588
951925,2004,U,Minor,,,456673,344851,52.99801275,-1.15702669,,,Counted,Manual count,W,20,18,2202,154,302,16,1,1,1,0,1,20,2696
951925,2005,U,Minor,,,456673,344851,52.99801275,-1.15702669,,,Counted,Manual count,E,20,27,2365,141,265,22,4,0,0,1,0,27,2825
951925,2005,U,Minor,,,456673,344851,52.99801275,-1.15702669,,,Counted,Manual count,W,22,37,2443,142,303,28,3,1,1,0,0,33,2958
951925,2006,U,Minor,,,456673,344851,52.99801275,-1.15702669,,,Counted,Manual count,E,12,23,2442,138,289,13,4,3,1,1,0,22,2914
951925,2006,U,Minor,,,456673,344851,52.99801275,-1.15702669,,,Counted,Manual count,W,10,22,2363,136,318,17,1,0,1,1,0,20,2859
951925,2007,U,Minor,,,456673,344851,52.99801275,-1.15702669,,,Counted,Manual count,E,24,28,2281,145,312,23,3,3,0,1,0,30,2796
951925,2007,U,Minor,,,456673,344851,52.99801275,-1.15702669,,,Counted,Manual count,W,20,38,2113,147,318,13,1,1,0,0,0,15,2631
951925,2008,U,Minor,,,456673,344851,52.99801275,-1.15702669,,,Counted,Manual count,E,12,41,2240,127,281,10,3,0,0,0,1,14,2703
951925,2008,U,Minor,,,456673,344851,52.99801275,-1.15702669,,,Counted,Manual count,W,17,37,2330,137,329,16,2,1,0,1,0,20,2853
951925,2009,U,Minor,,,456673,344851,52.99801275,-1.15702669,,,Counted,Manual count,N,11,26,2252,176,318,36,2,2,1,2,1,44,2816
951925,2009,U,Minor,,,456673,344851,52.99801275,-1.15702669,,,Counted,Manual count,S,26,28,2144,147,326,21,3,0,2,2,0,28,2673
961210,2000,U,Minor,,,457113,340000,52.95436495,-1.15132679,,,Counted,Manual count,N,34,12,1126,498,139,35,4,2,3,0,0,44,1819
961210,2000,U,Minor,,,457113,340000,52.95436495,-1.15132679,,,Counted,Manual count,S,42,4,64,1081,46,5,0,0,0,0,0,5,1200
961210,2001,U,Minor,,,457113,340000,52.95436495,-1.15132679,,,Counted,Manual count,N,16,8,674,766,132,26,6,1,3,0,0,36,1616
961210,2001,U,Minor,,,457113,340000,52.95436495,-1.15132679,,,Counted,Manual count,S,32,2,40,578,33,7,2,2,0,0,0,11,664
961210,2002,U,Minor,,,457113,340000,52.95436495,-1.15132679,,,Estimated,Estimated using AADF from previous year on this link,N,16,9,682,653,135,26,7,1,3,0,0,37,1516
961210,2002,U,Minor,,,457113,340000,52.95436495,-1.15132679,,,Estimated,Estimated using AADF from previous year on this link,S,33,2,40,493,34,7,2,2,0,0,0,11,580
961210,2003,U,Minor,,,457113,340000,52.95436495,-1.15132679,,,Counted,Manual count,N,134,3,16,0,7,1,1,0,1,1,0,4,30
961210,2003,U,Minor,,,457113,340000,52.95436495,-1.15132679,,,Counted,Manual count,S,134,4,70,748,100,23,4,0,2,0,0,29,951
961210,2004,U,Minor,,,457113,340000,52.95436495,-1.15132679,,,Counted,Manual count,N,106,4,86,1,26,114,1,0,2,1,0,118,235
961210,2004,U,Minor,,,457113,340000,52.95436495,-1.15132679,,,Counted,Manual count,S,183,6,34,820,51,113,1,0,2,0,0,116,1027
961210,2005,U,Minor,,,457113,340000,52.95436495,-1.15132679,,,Counted,Manual count,N,45,1,44,0,22,8,0,0,2,0,0,10,77
961210,2005,U,Minor,,,457113,340000,52.95436495,-1.15132679,,,Counted,Manual count,S,58,1,73,529,51,18,0,0,1,1,0,20,674
961210,2006,U,Minor,,,457113,340000,52.95436495,-1.15132679,,,Counted,Manual count,N,68,1,14,0,24,14,0,0,1,0,0,15,54
961210,2006,U,Minor,,,457113,340000,52.95436495,-1.15132679,,,Counted,Manual count,S,79,4,39,931,65,21,0,0,1,2,0,24,1063
961210,2007,U,Minor,,,457113,340000,52.95436495,-1.15132679,,,Counted,Manual count,N,15,0,30,0,11,0,0,0,0,0,0,0,41
961210,2007,U,Minor,,,457113,340000,52.95436495,-1.15132679,,,Counted,Manual count,S,35,2,54,747,42,7,2,0,0,0,0,9,854
961210,2008,U,Minor,,,457113,340000,52.95436495,-1.15132679,,,Counted,Manual count,N,49,0,8,1,12,0,0,0,0,1,0,1,22
961210,2008,U,Minor,,,457113,340000,52.95436495,-1.15132679,,,Counted,Manual count,S,69,0,45,725,50,12,1,0,0,1,0,14,834
961210,2009,U,Minor,,,457113,340000,52.95436495,-1.15132679,,,Counted,Manual count,N,84,0,16,0,10,0,0,0,0,0,0,0,26
961210,2009,U,Minor,,,457113,340000,52.95436495,-1.15132679,,,Counted,Manual count,S,96,2,70,733,43,0,0,0,0,0,0,0,848
966765,2000,U,Minor,,,456857,345222,53.00132789,-1.15422032,,,Counted,Manual count,N,5,1,307,0,50,0,0,1,0,0,0,1,359
966765,2000,U,Minor,,,456857,345222,53.00132789,-1.15422032,,,Counted,Manual count,S,3,3,419,3,62,0,0,1,0,0,0,1,488
966765,2001,U,Minor,,,456857,345222,53.00132789,-1.15422032,,,Counted,Manual count,N,4,42,359,1,49,3,2,0,0,0,0,5,456
966765,2001,U,Minor,,,456857,345222,53.00132789,-1.15422032,,,Counted,Manual count,S,4,44,405,2,52,4,2,0,0,0,0,6,509
966765,2002,U,Minor,,,456857,345222,53.00132789,-1.15422032,,,Counted,Manual count,N,1,3,458,1,42,0,0,0,0,0,0,0,504
966765,2002,U,Minor,,,456857,345222,53.00132789,-1.15422032,,,Counted,Manual count,S,4,5,396,0,32,2,0,0,0,0,0,2,435
966765,2003,U,Minor,,,456857,345222,53.00132789,-1.15422032,,,Counted,Manual count,N,7,11,360,0,50,1,1,1,0,0,0,3,424
966765,2003,U,Minor,,,456857,345222,53.00132789,-1.15422032,,,Counted,Manual count,S,10,9,402,0,49,4,2,0,0,0,0,6,466
966765,2004,U,Minor,,,456857,345222,53.00132789,-1.15422032,,,Counted,Manual count,N,10,3,383,0,40,7,0,0,0,0,0,7,433
966765,2004,U,Minor,,,456857,345222,53.00132789,-1.15422032,,,Counted,Manual count,S,9,3,451,0,57,8,2,0,0,0,0,10,521
966765,2005,U,Minor,,,456857,345222,53.00132789,-1.15422032,,,Counted,Manual count,N,3,6,284,1,43,0,0,0,0,0,0,0,334
966765,2005,U,Minor,,,456857,345222,53.00132789,-1.15422032,,,Counted,Manual count,S,5,8,415,0,59,0,0,0,0,0,0,0,482
966765,2006,U,Minor,,,456857,345222,53.00132789,-1.15422032,,,Counted,Manual count,N,7,4,340,0,45,4,0,2,0,0,0,6,395
966765,2006,U,Minor,,,456857,345222,53.00132789,-1.15422032,,,Counted,Manual count,S,11,6,386,1,75,3,0,0,0,0,0,3,471
966765,2007,U,Minor,,,456857,345222,53.00132789,-1.15422032,,,Counted,Manual count,N,3,14,350,2,41,2,0,0,0,0,0,2,409
966765,2007,U,Minor,,,456857,345222,53.00132789,-1.15422032,,,Counted,Manual count,S,2,12,403,1,45,1,0,0,0,0,0,1,462
966765,2008,U,Minor,,,456857,345222,53.00132789,-1.15422032,,,Counted,Manual count,N,2,3,357,1,43,0,0,0,0,0,0,0,404
966765,2008,U,Minor,,,456857,345222,53.00132789,-1.15422032,,,Counted,Manual count,S,4,3,388,0,52,0,0,0,0,0,0,0,443
966765,2009,U,Minor,,,456857,345222,53.00132789,-1.15422032,,,Counted,Manual count,N,4,6,374,2,45,6,1,0,0,0,0,7,434
966765,2009,U,Minor,,,456857,345222,53.00132789,-1.15422032,,,Counted,Manual count,S,2,1,377,0,53,4,0,0,0,0,0,4,435
990055,2000,B679,Minor,,,456770,336800,52.92563864,-1.15699007,,,Counted,Manual count,E,95,90,8453,188,844,147,24,22,35,52,24,304,9879
990055,2000,B679,Minor,,,456770,336800,52.92563864,-1.15699007,,,Counted,Manual count,W,108,78,9066,179,988,148,36,25,38,61,37,345,10656
990055,2001,B679,Minor,,,456770,336800,52.92563864,-1.15699007,,,Counted,Manual count,E,70,268,8625,194,916,134,33,9,28,31,26,261,10264
990055,2001,B679,Minor,,,456770,336800,52.92563864,-1.15699007,,,Counted,Manual count,W,63,252,8774,184,884,158,28,21,21,42,20,290,10384
990055,2002,B679,Minor,,,456770,336800,52.92563864,-1.15699007,,,Counted,Manual count,E,65,64,7217,151,701,126,27,19,13,31,21,237,8370
990055,2002,B679,Minor,,,456770,336800,52.92563864,-1.15699007,,,Counted,Manual count,W,63,64,8697,146,813,142,35,19,22,36,20,274,9994
990055,2003,B679,Minor,,,456770,336800,52.92563864,-1.15699007,,,Counted,Manual count,N,145,77,8580,162,896,163,45,38,15,39,41,341,10056
990055,2003,B679,Minor,,,456770,336800,52.92563864,-1.15699007,,,Counted,Manual count,S,145,92,8711,153,876,179,45,23,32,59,34,372,10204
990055,2004,B679,Minor,,,456770,336800,52.92563864,-1.15699007,,,Counted,Manual count,E,141,79,8721,139,894,128,29,41,15,21,19,253,10086
990055,2004,B679,Minor,,,456770,336800,52.92563864,-1.15699007,,,Counted,Manual count,W,98,90,9050,130,947,133,32,35,14,28,31,273,10490
990055,2005,B679,Minor,,,456770,336800,52.92563864,-1.15699007,,,Estimated,Estimated using AADF from previous year on this link,E,111,62,8774,145,941,134,30,45,14,20,21,264,10186
990055,2005,B679,Minor,,,456770,336800,52.92563864,-1.15699007,,,Estimated,Estimated using AADF from previous year on this link,W,77,70,9105,136,996,139,33,38,14,26,36,286,10593
990055,2006,B679,Minor,,,456770,336800,52.92563864,-1.15699007,,,Counted,Manual count,E,75,52,7839,148,805,126,34,22,16,35,36,269,9113
990055,2006,B679,Minor,,,456770,336800,52.92563864,-1.15699007,,,Counted,Manual count,W,94,78,9183,178,915,175,39,33,16,21,50,334,10688
990055,2007,B679,Minor,,,456770,336800,52.92563864,-1.15699007,,,Counted,Manual count,E,68,44,7147,158,782,91,42,37,2,14,38,224,8355
990055,2007,B679,Minor,,,456770,336800,52.92563864,-1.15699007,,,Counted,Manual count,W,82,66,7594,150,818,105,38,31,18,24,36,252,8880
990055,2008,B679,Minor,,,456770,336800,52.92563864,-1.15699007,,,Counted,Manual count,E,97,93,8560,166,860,88,35,29,13,35,51,251,9930
990055,2008,B679,Minor,,,456770,336800,52.92563864,-1.15699007,,,Counted,Manual count,W,79,68,9068,156,861,127,37,21,14,52,35,286,10439
990055,2009,B679,Minor,,,456770,336800,52.92563864,-1.15699007,,,Counted,Manual count,E,113,78,8678,262,919,93,32,27,10,26,36,224,10161
990055,2009,B679,Minor,,,456770,336800,52.92563864,-1.15699007,,,Counted,Manual count,W,103,87,8954,251,1078,121,48,30,12,36,43,290,10660
990209,2000,U,Minor,,,455990,341878,52.97136271,-1.16771596,,,Counted,Manual count,E,12,5,813,0,89,12,0,0,0,2,0,14,921
990209,2000,U,Minor,,,455990,341878,52.97136271,-1.16771596,,,Counted,Manual count,W,36,9,893,0,99,13,1,1,2,1,0,18,1019
990209,2001,U,Minor,,,455990,341878,52.97136271,-1.16771596,,,Counted,Manual count,E,34,69,1125,1,148,6,3,2,0,3,2,16,1359
990209,2001,U,Minor,,,455990,341878,52.97136271,-1.16771596,,,Counted,Manual count,W,46,88,1151,2,151,5,0,1,0,1,0,7,1399
990209,2002,U,Minor,,,455990,341878,52.97136271,-1.16771596,,,Counted,Manual count,E,41,5,1056,2,109,6,0,0,1,0,0,7,1179
990209,2002,U,Minor,,,455990,341878,52.97136271,-1.16771596,,,Counted,Manual count,W,34,6,988,1,111,5,0,1,0,0,0,6,1112
990209,2003,U,Minor,,,455990,341878,52.97136271,-1.16771596,,,Counted,Manual count,E,46,1,945,3,100,13,1,0,0,0,1,15,1064
990209,2003,U,Minor,,,455990,341878,52.97136271,-1.16771596,,,Counted,Manual count,W,29,3,639,0,61,3,2,0,0,0,1,6,709
990209,2004,U,Minor,,,455990,341878,52.97136271,-1.16771596,,,Counted,Manual count,E,33,2,621,1,49,5,0,1,1,0,0,7,680
990209,2004,U,Minor,,,455990,341878,52.97136271,-1.16771596,,,Counted,Manual count,W,55,4,809,0,82,5,0,1,0,0,1,7,902
990209,2005,U,Minor,,,455990,341878,52.97136271,-1.16771596,,,Counted,Manual count,E,26,1,618,3,54,4,0,0,0,0,0,4,680
990209,2005,U,Minor,,,455990,341878,52.97136271,-1.16771596,,,Counted,Manual count,W,33,5,910,2,93,4,0,0,0,0,0,4,1014
990209,2006,U,Minor,,,455990,341878,52.97136271,-1.16771596,,,Counted,Manual count,E,49,4,782,0,79,0,0,0,0,0,0,0,865
990209,2006,U,Minor,,,455990,341878,52.97136271,-1.16771596,,,Counted,Manual count,W,38,2,568,0,53,0,0,0,0,0,0,0,623
990209,2007,U,Minor,,,455990,341878,52.97136271,-1.16771596,,,Counted,Manual count,E,30,1,500,0,44,4,0,0,0,0,0,4,549
990209,2007,U,Minor,,,455990,341878,52.97136271,-1.16771596,,,Counted,Manual count,W,44,3,745,0,67,6,0,0,1,0,0,7,822
990209,2008,U,Minor,,,455990,341878,52.97136271,-1.16771596,,,Counted,Manual count,E,17,4,639,0,61,4,1,0,0,0,0,5,709
990209,2008,U,Minor,,,455990,341878,52.97136271,-1.16771596,,,Counted,Manual count,W,34,2,775,1,74,4,0,0,0,0,2,6,858
990209,2009,U,Minor,,,455990,341878,52.97136271,-1.16771596,,,Counted,Manual count,E,41,4,603,0,48,0,0,0,0,0,0,0,655
990209,2009,U,Minor,,,455990,341878,52.97136271,-1.16771596,,,Counted,Manual count,W,57,3,676,1,70,0,0,0,0,0,0,0,750
990210,2000,C,Minor,,,454560,343300,52.9842909,-1.18876778,,,Counted,Manual count,E,55,40,1802,35,234,11,2,0,2,1,1,17,2128
990210,2000,C,Minor,,,454560,343300,52.9842909,-1.18876778,,,Counted,Manual count,W,44,51,1976,29,237,16,3,0,0,0,0,19,2312
990210,2001,C,Minor,,,454560,343300,52.9842909,-1.18876778,,,Counted,Manual count,E,31,106,1903,28,268,10,4,1,0,0,0,15,2320
990210,2001,C,Minor,,,454560,343300,52.9842909,-1.18876778,,,Counted,Manual count,W,34,106,1974,25,242,11,0,0,0,0,0,11,2358
990210,2002,C,Minor,,,454560,343300,52.9842909,-1.18876778,,,Counted,Manual count,E,46,30,1597,39,295,16,3,0,1,0,1,21,1982
990210,2002,C,Minor,,,454560,343300,52.9842909,-1.18876778,,,Counted,Manual count,W,33,38,2221,47,386,31,6,0,1,0,0,38,2730
990210,2003,C,Minor,,,454560,343300,52.9842909,-1.18876778,,,Counted,Manual count,E,78,32,1756,34,315,10,2,3,0,0,0,15,2152
990210,2003,C,Minor,,,454560,343300,52.9842909,-1.18876778,,,Counted,Manual count,W,73,37,1879,32,287,10,1,1,0,0,0,12,2247
990210,2004,C,Minor,,,454560,343300,52.9842909,-1.18876778,,,Counted,Manual count,E,34,13,1740,24,293,23,0,1,0,0,0,24,2094
990210,2004,C,Minor,,,454560,343300,52.9842909,-1.18876778,,,Counted,Manual count,W,42,13,1887,20,271,24,1,1,0,0,0,26,2217
990210,2005,C,Minor,,,454560,343300,52.9842909,-1.18876778,,,Counted,Manual count,E,45,36,1723,30,284,13,2,1,1,0,0,17,2090
990210,2005,C,Minor,,,454560,343300,52.9842909,-1.18876778,,,Counted,Manual count,W,33,33,1765,26,296,22,5,0,1,0,0,28,2148
990210,2006,C,Minor,,,454560,343300,52.9842909,-1.18876778,,,Counted,Manual count,E,26,32,1708,35,338,20,4,2,1,2,0,29,2142
990210,2006,C,Minor,,,454560,343300,52.9842909,-1.18876778,,,Counted,Manual count,W,29,27,1933,28,319,24,3,3,2,0,0,32,2339
990210,2007,C,Minor,,,454560,343300,52.9842909,-1.18876778,,,Counted,Manual count,E,21,16,1803,46,346,12,4,0,2,1,0,19,2230
990210,2007,C,Minor,,,454560,343300,52.9842909,-1.18876778,,,Counted,Manual count,W,31,25,1885,41,332,17,3,0,0,1,0,21,2304
990210,2008,C,Minor,,,454560,343300,52.9842909,-1.18876778,,,Counted,Manual count,E,25,35,1560,39,286,7,0,1,1,0,0,9,1929
990210,2008,C,Minor,,,454560,343300,52.9842909,-1.18876778,,,Counted,Manual count,W,25,31,1493,37,320,14,3,1,0,0,0,18,1899
990210,2009,C,Minor,,,454560,343300,52.9842909,-1.18876778,,,Counted,Manual count,E,45,22,1737,38,312,2,1,2,0,0,1,6,2115
990210,2009,C,Minor,,,454560,343300,52.9842909,-1.18876778,,,Counted,Manual count,W,52,34,1673,43,309,9,2,2,1,0,0,14,2073
990211,2000,U,Minor,,,452002,340770,52.96180422,-1.22727184,,,Counted,Manual count,E,59,40,3719,26,626,127,7,4,11,31,18,198,4609
990211,2000,U,Minor,,,452002,340770,52.96180422,-1.22727184,,,Counted,Manual count,W,47,30,3680,29,599,142,6,6,6,32,16,208,4546
990211,2001,U,Minor,,,452002,340770,52.96180422,-1.22727184,,,Counted,Manual count,E,28,33,3723,21,609,85,8,8,3,19,17,140,4526
990211,2001,U,Minor,,,452002,340770,52.96180422,-1.22727184,,,Counted,Manual count,W,32,42,3680,23,599,142,9,6,9,34,18,218,4562
990211,2002,U,Minor,,,452002,340770,52.96180422,-1.22727184,,,Counted,Manual count,E,39,75,3693,21,618,123,18,4,3,30,27,205,4612
990211,2002,U,Minor,,,452002,340770,52.96180422,-1.22727184,,,Counted,Manual count,W,38,59,4090,27,642,126,14,3,7,23,29,202,5020
990211,2003,U,Minor,,,452002,340770,52.96180422,-1.22727184,,,Counted,Manual count,E,39,84,3711,11,576,111,16,9,4,24,27,191,4573
990211,2003,U,Minor,,,452002,340770,52.96180422,-1.22727184,,,Counted,Manual count,W,73,53,3867,18,588,118,14,12,9,22,25,200,4726
990211,2004,U,Minor,,,452002,340770,52.96180422,-1.22727184,,,Counted,Manual count,E,39,40,3740,22,542,115,12,9,4,25,25,190,4534
990211,2004,U,Minor,,,452002,340770,52.96180422,-1.22727184,,,Counted,Manual count,W,36,32,3819,18,599,99,13,9,9,25,21,176,4644
990211,2005,U,Minor,,,452002,340770,52.96180422,-1.22727184,,,Counted,Manual count,E,28,41,3904,23,638,117,11,5,3,26,18,180,4786
990211,2005,U,Minor,,,452002,340770,52.96180422,-1.22727184,,,Counted,Manual count,W,31,49,3735,22,593,95,11,5,7,27,21,166,4565
990211,2006,U,Minor,,,452002,340770,52.96180422,-1.22727184,,,Counted,Manual count,E,33,50,3744,40,543,105,8,5,5,23,22,168,4545
990211,2006,U,Minor,,,452002,340770,52.96180422,-1.22727184,,,Counted,Manual count,W,21,44,3754,63,590,99,10,3,4,24,21,161,4612
990211,2007,U,Minor,,,452002,340770,52.96180422,-1.22727184,,,Counted,Manual count,E,27,38,3617,31,452,140,13,6,3,21,27,210,4348
990211,2007,U,Minor,,,452002,340770,52.96180422,-1.22727184,,,Counted,Manual count,W,27,57,3859,28,619,117,11,6,6,23,28,191,4754
990211,2008,U,Minor,,,452002,340770,52.96180422,-1.22727184,,,Counted,Manual count,E,30,55,3494,30,654,131,11,3,18,23,12,198,4431
990211,2008,U,Minor,,,452002,340770,52.96180422,-1.22727184,,,Counted,Manual count,W,42,62,3817,29,712,94,13,5,13,14,14,153,4773
990211,2009,U,Minor,,,452002,340770,52.96180422,-1.22727184,,,Counted,Manual count,E,25,42,3593,22,627,104,15,6,2,15,9,151,4435
990211,2009,U,Minor,,,452002,340770,52.96180422,-1.22727184,,,Counted,Manual count,W,32,39,3371,15,577,107,14,10,4,21,13,169,4171
990212,2000,U,Minor,,,455560,338690,52.94275339,-1.17466372,,,Counted,Manual count,N,296,45,2387,8,569,139,6,14,24,24,7,214,3223
990212,2000,U,Minor,,,455560,338690,52.94275339,-1.17466372,,,Counted,Manual count,S,260,45,2321,8,510,121,10,16,12,11,13,183,3067
990212,2001,U,Minor,,,455560,338690,52.94275339,-1.17466372,,,Counted,Manual count,N,279,474,2470,5,529,142,7,4,11,17,5,186,3664
990212,2001,U,Minor,,,455560,338690,52.94275339,-1.17466372,,,Counted,Manual count,S,273,470,2509,5,535,119,2,4,8,10,3,146,3665
990212,2002,U,Minor,,,455560,338690,52.94275339,-1.17466372,,,Counted,Manual count,N,257,38,2091,3,532,138,10,7,12,14,17,198,2862
990212,2002,U,Minor,,,455560,338690,52.94275339,-1.17466372,,,Counted,Manual count,S,249,48,2417,5,579,108,8,9,12,15,4,156,3205
990212,2003,U,Minor,,,455560,338690,52.94275339,-1.17466372,,,Counted,Manual count,N,374,75,2666,30,558,122,16,7,11,25,9,190,3519
990212,2003,U,Minor,,,455560,338690,52.94275339,-1.17466372,,,Counted,Manual count,S,363,62,2756,35,516,109,13,4,15,9,3,153,3522
990212,2004,U,Minor,,,455560,338690,52.94275339,-1.17466372,,,Counted,Manual count,N,333,68,2475,40,632,140,17,6,14,19,12,208,3423
990212,2004,U,Minor,,,455560,338690,52.94275339,-1.17466372,,,Counted,Manual count,S,334,53,2513,34,611,118,9,9,19,19,6,180,3391
990212,2005,U,Minor,,,455560,338690,52.94275339,-1.17466372,,,Counted,Manual count,N,249,65,2172,23,604,121,5,3,9,11,4,153,3017
990212,2005,U,Minor,,,455560,338690,52.94275339,-1.17466372,,,Counted,Manual count,S,231,44,2165,15,549,100,1,4,7,6,1,119,2892
990212,2006,U,Minor,,,455560,338690,52.94275339,-1.17466372,,,Counted,Manual count,N,5,23,2498,78,679,7,10,9,74,256,43,399,3677
990212,2006,U,Minor,,,455560,338690,52.94275339,-1.17466372,,,Counted,Manual count,S,7,9,2241,64,617,6,7,4,39,217,27,300,3231
990212,2007,U,Minor,,,455560,338690,52.94275339,-1.17466372,,,Counted,Manual count,N,295,52,2481,133,714,101,12,4,21,19,13,170,3550
990212,2007,U,Minor,,,455560,338690,52.94275339,-1.17466372,,,Counted,Manual count,S,298,49,2384,110,618,86,15,4,15,18,10,148,3309
990212,2008,U,Minor,,,455560,338690,52.94275339,-1.17466372,,,Counted,Manual count,N,257,50,2444,84,646,75,7,1,7,10,3,103,3327
990212,2008,U,Minor,,,455560,338690,52.94275339,-1.17466372,,,Counted,Manual count,S,235,45,2220,34,568,72,5,0,3,6,1,87,2954
990212,2009,U,Minor,,,455560,338690,52.94275339,-1.17466372,,,Counted,Manual count,N,268,45,2368,118,604,106,12,1,7,17,4,147,3282
990212,2009,U,Minor,,,455560,338690,52.94275339,-1.17466372,,,Counted,Manual count,S,231,28,2058,35,571,75,9,3,3,13,5,108,2800
990213,2000,U,Minor,,,455670,334840,52.90813616,-1.17368538,,,Counted,Manual count,N,47,41,3148,148,400,36,2,3,1,5,1,48,3785
990213,2000,U,Minor,,,455670,334840,52.90813616,-1.17368538,,,Counted,Manual count,S,66,53,2531,132,286,28,0,0,3,1,1,33,3035
990213,2001,U,Minor,,,455670,334840,52.90813616,-1.17368538,,,Counted,Manual count,N,16,88,3343,163,466,47,1,1,1,1,1,52,4112
990213,2001,U,Minor,,,455670,334840,52.90813616,-1.17368538,,,Counted,Manual count,S,9,58,2801,160,402,47,3,1,0,3,0,54,3475
990213,2002,U,Minor,,,455670,334840,52.90813616,-1.17368538,,,Counted,Manual count,N,22,43,3008,111,382,49,3,0,6,1,0,59,3603
990213,2002,U,Minor,,,455670,334840,52.90813616,-1.17368538,,,Counted,Manual count,S,13,42,2601,121,304,39,7,0,7,2,1,56,3124
990213,2003,U,Minor,,,455670,334840,52.90813616,-1.17368538,,,Counted,Manual count,N,63,53,3451,116,434,42,7,1,4,2,1,57,4111
990213,2003,U,Minor,,,455670,334840,52.90813616,-1.17368538,,,Counted,Manual count,S,54,60,2814,110,350,35,2,0,0,1,1,39,3373
990213,2004,U,Minor,,,455670,334840,52.90813616,-1.17368538,,,Counted,Manual count,N,50,48,3691,100,459,42,3,1,2,3,0,51,4349
990213,2004,U,Minor,,,455670,334840,52.90813616,-1.17368538,,,Counted,Manual count,S,34,41,2928,99,370,21,2,0,3,3,0,29,3467
990213,2005,U,Minor,,,455670,334840,52.90813616,-1.17368538,,,Counted,Manual count,N,39,37,3249,100,491,40,4,3,4,1,1,53,3930
990213,2005,U,Minor,,,455670,334840,52.90813616,-1.17368538,,,Counted,Manual count,S,23,34,2798,96,407,44,3,0,5,1,1,54,3389
990213,2006,U,Minor,,,455670,334840,52.90813616,-1.17368538,,,Counted,Manual count,N,34,60,3127,96,489,41,4,0,3,1,0,49,3821
990213,2006,U,Minor,,,455670,334840,52.90813616,-1.17368538,,,Counted,Manual count,S,16,71,2825,94,406,33,2,0,8,1,0,44,3440
990213,2007,U,Minor,,,455670,334840,52.90813616,-1.17368538,,,Counted,Manual count,N,43,37,3400,95,544,31,5,1,4,2,1,44,4120
990213,2007,U,Minor,,,455670,334840,52.90813616,-1.17368538,,,Counted,Manual count,S,28,47,2876,91,422,43,0,4,2,1,0,50,3486
990213,2008,U,Minor,,,455670,334840,52.90813616,-1.17368538,,,Counted,Manual count,N,41,20,2937,93,482,26,2,1,4,1,1,35,3567
990213,2008,U,Minor,,,455670,334840,52.90813616,-1.17368538,,,Counted,Manual count,S,31,43,2620,99,448,31,3,2,3,0,1,40,3250
990213,2009,U,Minor,,,455670,334840,52.90813616,-1.17368538,,,Counted,Manual count,N,24,16,3020,97,458,25,3,2,3,4,0,37,3628
990213,2009,U,Minor,,,455670,334840,52.90813616,-1.17368538,,,Counted,Manual count,S,17,19,2909,90,349,20,8,2,2,0,1,33,3400
990532,2002,B684,Minor,,,454670,345350,53.00270549,-1.18678333,,,Counted,Manual count,N,40,69,6129,81,742,67,7,11,4,3,0,92,7113
990532,2002,B684,Minor,,,454670,345350,53.00270549,-1.18678333,,,Counted,Manual count,S,83,93,8626,105,873,89,12,11,3,3,6,124,9821
990532,2003,B684,Minor,,,454670,345350,53.00270549,-1.18678333,,,Counted,Manual count,N,80,98,6874,104,716,86,4,4,1,1,0,96,7888
990532,2003,B684,Minor,,,454670,345350,53.00270549,-1.18678333,,,Counted,Manual count,S,99,102,7847,119,632,42,56,10,1,4,3,116,8816
990532,2004,B684,Minor,,,454670,345350,53.00270549,-1.18678333,,,Counted,Manual count,N,45,65,6584,92,721,66,9,20,0,0,0,95,7557
990532,2004,B684,Minor,,,454670,345350,53.00270549,-1.18678333,,,Counted,Manual count,S,75,60,7395,96,705,81,7,20,2,2,3,115,8371
990532,2005,B684,Minor,,,454670,345350,53.00270549,-1.18678333,,,Counted,Manual count,N,29,88,6831,105,730,83,7,4,6,1,1,102,7856
990532,2005,B684,Minor,,,454670,345350,53.00270549,-1.18678333,,,Counted,Manual count,S,58,95,8104,108,821,58,10,13,3,2,1,87,9215
990532,2006,B684,Minor,,,454670,345350,53.00270549,-1.18678333,,,Counted,Manual count,N,42,83,6926,91,854,49,14,10,2,0,0,75,8029
990532,2006,B684,Minor,,,454670,345350,53.00270549,-1.18678333,,,Counted,Manual count,S,57,75,7645,96,841,62,9,7,1,1,1,81,8738
990532,2007,B684,Minor,,,454670,345350,53.00270549,-1.18678333,,,Counted,Manual count,N,27,89,5994,85,791,50,6,12,2,1,1,72,7031
990532,2007,B684,Minor,,,454670,345350,53.00270549,-1.18678333,,,Counted,Manual count,S,38,99,7245,98,813,55,3,13,2,1,3,77,8332
990532,2008,B684,Minor,,,454670,345350,53.00270549,-1.18678333,,,Counted,Manual count,N,39,67,5938,97,684,40,6,1,2,0,0,49,6835
990532,2008,B684,Minor,,,454670,345350,53.00270549,-1.18678333,,,Counted,Manual count,S,54,72,7148,100,779,55,11,1,4,1,0,72,8171
990532,2009,B684,Minor,,,454670,345350,53.00270549,-1.18678333,,,Counted,Manual count,N,56,93,6935,109,708,41,7,3,1,1,3,56,7901
990532,2009,B684,Minor,,,454670,345350,53.00270549,-1.18678333,,,Counted,Manual count,S,78,80,8732,114,783,44,10,3,3,3,2,65,9774
