count_point_id,year,road_name,road_type,start_junction_road_name,end_junction_road_name,easting,northing,latitude,longitude,link_length_km,link_length_miles,estimation_method,estimation_method_detailed,pedal_cycles,two_wheeled_motor_vehicles,cars_and_taxis,buses_and_coaches,lgvs,hgvs_2_rigid_axle,hgvs_3_rigid_axle,hgvs_4_or_more_rigid_axle,hgvs_3_or_4_articulated_axle,hgvs_5_articulated_axle,hgvs_6_articulated_axle,all_hgvs,all_motor_vehicles
7176,2000,A6005,Major,A6130,A6008,455800,339140,52.94677319,-1.17101568,1.4,0.9,Estimated,Estimated using AADF from previous year on this link,418,220,28274,309,2822,408,25,30,34,30,25,552,32177
7176,2001,A6005,Major,A6130,A6008,455800,339140,52.94677319,-1.17101568,1.4,0.9,Counted,Manual count,411,617,26938,230,2862,356,56,40,29,23,25,529,31176
7176,2002,A6005,Major,A6130,A6008,455800,339140,52.94677319,-1.17101568,1.4,0.9,Estimated,Estimated using AADF from previous year on this link,428,623,26884,235,2868,342,58,42,26,20,27,515,31125
7176,2003,A6005,Major,A6130,A6008,455800,339140,52.94677319,-1.17101568,1.4,0.9,Counted,Manual count,499,541,26956,126,3043,424,60,44,23,44,31,626,31292
7176,2004,A6005,Major,A6130,A6008,455800,339140,52.94677319,-1.17101568,1.4,0.9,Estimated,Estimated using AADF from previous year on this link,404,476,27009,117,3015,426,63,49,22,40,33,633,31250
7176,2005,A6005,Major,A6130,A6008,455800,339140,52.94677319,-1.17101568,1.4,0.9,Counted,Manual count,265,261,26329,160,3097,429,45,38,22,52,47,633,30480
7176,2006,A6005,Major,A6130,A6008,455800,339140,52.94677319,-1.17101568,1.4,0.9,Estimated,Estimated using AADF from previous year on this link,415,272,26408,157,3146,439,45,41,19,47,52,643,30626
7176,2007,A6005,Major,A6130,A6008,455800,339140,52.94677319,-1.17101568,1.4,0.9,Counted,Manual count,270,389,24798,228,2925,340,57,46,15,26,63,547,28887
7176,2008,A6005,Major,A6130,A6008,455800,339140,52.94677319,-1.17101568,1.4,0.9,Counted,Manual count,520,261,32148,221,2748,266,75,32,36,34,64,507,35885
7176,2009,A6005,Major,A6130,A6008,455800,339140,52.94677319,-1.17101568,1.4,0.9,Estimated,Estimated using AADF from previous year on this link,520,246,31634,216,2976,256,79,32,34,30,64,495,35567
7176,2010,A6005,Major,A6130,A6008,455800,339140,52.94677319,-1.17101568,1.4,0.9,Counted,Manual count,347,258,34794,231,2608,308,51,34,18,27,17,455,38346
7176,2011,A6005,Major,A6130,A6008,455800,339140,52.94677319,-1.17101568,1.4,0.9,Estimated,Estimated using AADF from previous year on this link,383,274,34620,231,2688,306,55,38,14,27,18,458,38271
7176,2012,A6005,Major,A6130,A6008,455800,339140,52.94677319,-1.17101568,1.4,0.9,Estimated,Estimated using AADF from previous year on this link,362,247,34473,248,2581,271,52,38,10,25,18,414,37964
7176,2013,A6005,Major,A6130,A6008,455800,339140,52.94677319,-1.17101568,1.4,0.9,Estimated,Estimated using AADF from previous year on this link,358,247,34278,234,2611,270,56,43,7,23,18,418,37787
7176,2014,A6005,Major,A6130,A6008,455800,339140,52.94677319,-1.17101568,1.4,0.9,Counted,Manual count,483,252,24862,201,2783,337,52,58,8,28,21,505,28604
7176,2015,A6005,Major,A6130,A6008,455800,339140,52.94677319,-1.17101568,1.4,0.9,Estimated,Estimated using AADF from previous year on this link,449,257,24406,200,2927,328,55,57,9,28,21,497,28287
7176,2016,A6005,Major,A6130,A6008,455800,339140,52.94677319,-1.17101568,1.4,0.9,Estimated,Estimated using AADF from previous year on this link,418,251,24787,185,3198,333,54,64,10,25,20,506,28926
7176,2017,A6005,Major,A6130,A6008,455800,339140,52.94677319,-1.17101568,1.4,0.9,Estimated,Estimated using AADF from previous year on this link,400,254,24604,173,3366,330,55,65,10,25,21,507,28904
7176,2018,A6005,Major,A6130,A6008,455800,339140,52.94677319,-1.17101568,1.5,0.9,Estimated,Estimated using AADF from previous year on this link,442,251,24333,157,3429,333,55,64,10,26,22,510,28679
7176,2019,A6005,Major,A6130,A6008,455800,339140,52.94677319,-1.17101568,1.5,0.9,Counted,Manual count,465,198,19156,119,2100,231,37,29,12,19,22,350,21924
7176,2020,A6005,Major,A6130,A6008,455800,339140,52.94677319,-1.17101568,1.5,0.9,Estimated,Estimated using AADF from previous year on this link,532,147,14550,75,1854,203,32,26,11,17,19,308,16933
7176,2021,A6005,Major,A6130,A6008,455800,339140,52.94677319,-1.17101568,1.5,0.9,Estimated,Estimated using AADF from previous year on this link,435,155,16030,78,2021,217,34,28,11,18,21,330,18614
7176,2022,A6005,Major,A6130,A6008,455800,339140,52.94677319,-1.17101568,1.5,0.9,Estimated,Estimated using AADF from previous year on this link,389,170,17122,83,2191,225,36,30,12,18,21,342,19907
7176,2023,A6005,Major,A6130,A6008,455800,339140,52.94677319,-1.17101568,1.5,0.9,Counted,Manual count,542,116,14414,112,1964,88,39,11,3,6,4,150,16757
7176,2024,A6005,Major,A6130,A6008,455800,339140,52.94677319,-1.17101568,1.5,0.9,Estimated,Estimated using AADF from previous year on this link,549,120,14632,112,1999,89,39,11,3,6,3,151,17015
7176,2025,A6005,Major,A6130,A6008,455800,339140,52.94677319,-1.17101568,1.5,0.9,Estimated,Estimated using AADF from previous year on this link,550,122,14650,110,2041,88,39,11,3,6,3,150,17073
7350,2000,A6514,Major,A52(T),A609,454480,339300,52.94834671,-1.19063026,1.3,0.8,Estimated,Estimated using AADF from previous year on this link,142,427,39529,364,5288,1189,162,87,204,242,150,2034,47642
7350,2001,A6514,Major,A52(T),A609,454480,339300,52.94834671,-1.19063026,1.3,0.8,Counted,Manual count,294,416,39427,421,4899,1078,131,74,212,306,159,1960,47123
7350,2002,A6514,Major,A52(T),A609,454480,339300,52.94834671,-1.19063026,1.3,0.8,Estimated,Estimated using AADF from previous year on this link,305,421,39349,431,4908,1038,136,77,193,266,174,1884,46993
7350,2003,A6514,Major,A52(T),A609,454480,339300,52.94834671,-1.19063026,1.3,0.8,Counted,Manual count,591,494,40273,294,4909,1112,137,91,176,327,267,2110,48080
7350,2004,A6514,Major,A52(T),A609,454480,339300,52.94834671,-1.19063026,1.3,0.8,Estimated,Estimated using AADF from previous year on this link,479,436,40353,273,4865,1117,146,99,167,289,292,2110,48037
7350,2005,A6514,Major,A52(T),A609,454480,339300,52.94834671,-1.19063026,1.3,0.8,Estimated,Estimated using AADF from previous year on this link,405,441,39344,269,4991,1073,136,101,147,252,308,2017,47062
7350,2006,A6514,Major,A52(T),A609,454480,339300,52.94834671,-1.19063026,1.3,0.8,Estimated,Estimated using AADF from previous year on this link,636,458,39462,264,5072,1098,136,109,133,224,333,2033,47289
7350,2007,A6514,Major,A52(T),A609,454480,339300,52.94834671,-1.19063026,1.3,0.8,Estimated,Estimated using AADF from previous year on this link,396,463,37608,254,5533,1083,134,118,114,212,340,2001,45859
7350,2008,A6514,Major,A52(T),A609,454480,339300,52.94834671,-1.19063026,1.3,0.8,Estimated,Estimated using AADF from previous year on this link,445,431,36893,257,5793,1040,144,122,100,186,332,1924,45298
7350,2009,A6514,Major,A52(T),A609,454480,339300,52.94834671,-1.19063026,1.3,0.8,Counted,Manual count,406,397,42991,439,6600,706,139,84,105,318,241,1593,52020
7350,2010,A6514,Major,A52(T),A609,454480,339300,52.94834671,-1.19063026,1.3,0.8,Counted,Manual count,207,382,41208,466,5428,649,119,101,55,161,208,1293,48777
7350,2011,A6514,Major,A52(T),A609,454480,339300,52.94834671,-1.19063026,1.3,0.8,Counted,Manual count,135,512,42041,341,5959,1547,168,109,57,74,356,2311,51164
7350,2012,A6514,Major,A52(T),A609,454480,339300,52.94834671,-1.19063026,1.3,0.8,Counted,Manual count,313,391,39320,273,6511,731,161,78,109,278,229,1585,48079
7350,2013,A6514,Major,A52(T),A609,454480,339300,52.94834671,-1.19063026,1.3,0.8,Counted,Manual count,67,394,41885,410,6088,1374,219,173,39,109,248,2162,50939
7350,2014,A6514,Major,A52(T),A609,454480,339300,52.94834671,-1.19063026,1.3,0.8,Estimated,Estimated using AADF from previous year on this link,65,419,41450,436,6932,1451,250,195,41,106,281,2325,51563
7350,2015,A6514,Major,A52(T),A609,454480,339300,52.94834671,-1.19063026,1.3,0.8,Estimated,Estimated using AADF from previous year on this link,60,427,40690,432,7292,1411,263,190,51,105,277,2296,51137
7350,2016,A6514,Major,A52(T),A609,454480,339300,52.94834671,-1.19063026,1.3,0.8,Counted,Manual count,413,409,39257,320,6835,672,137,169,49,157,287,1471,48293
7350,2017,A6514,Major,A52(T),A609,454480,339300,52.94834671,-1.19063026,1.3,0.8,Estimated,Estimated using AADF from previous year on this link,395,413,38968,299,7195,668,140,173,51,156,299,1486,48362
7350,2018,A6514,Major,A52(T),A609,454480,339300,52.94834671,-1.19063026,1.5,0.9,Estimated,Estimated using AADF from previous year on this link,437,409,38539,271,7330,674,139,168,52,161,312,1506,48055
7350,2019,A6514,Major,A52(T),A609,454480,339300,52.94834671,-1.19063026,1.5,0.9,Counted,Manual count,398,307,42964,307,7882,709,131,130,63,204,364,1602,53062
7350,2020,A6514,Major,A52(T),A609,454480,339300,52.94834671,-1.19063026,1.5,0.9,Estimated,Estimated using AADF from previous year on this link,456,227,32634,194,6956,623,114,117,55,181,316,1406,41417
7350,2021,A6514,Major,A52(T),A609,454480,339300,52.94834671,-1.19063026,1.5,0.9,Counted,Manual count,466,300,35801,230,7160,488,132,231,25,41,350,1266,44757
7350,2022,A6514,Major,A52(T),A609,454480,339300,52.94834671,-1.19063026,1.5,0.9,Counted,Manual count,167,235,38726,283,6707,693,69,260,122,105,438,1687,47638
7350,2023,A6514,Major,A52(T),A609,454480,339300,52.94834671,-1.19063026,1.5,0.9,Estimated,Estimated using AADF from previous year on this link,164,231,39454,286,6821,684,68,256,123,103,422,1655,48447
7350,2024,A6514,Major,A52(T),A609,454480,339300,52.94834671,-1.19063026,1.5,0.9,Estimated,Estimated using AADF from previous year on this link,166,239,40051,287,6943,695,68,250,120,99,408,1640,49160
7350,2025,A6514,Major,A52(T),A609,454480,339300,52.94834671,-1.19063026,1.5,0.9,Counted,Manual count,180,303,39547,208,7495,531,118,193,51,123,357,1373,48926
7351,2000,A60,Major,A6011,A6008,457880,339000,52.94529464,-1.14008932,0.3,0.2,Estimated,Estimated using AADF from previous year on this link,172,331,38987,181,4621,748,115,48,49,78,43,1081,45201
7351,2001,A60,Major,A6011,A6008,457880,339000,52.94529464,-1.14008932,0.3,0.2,Estimated,Estimated using AADF from previous year on this link,165,343,39767,185,4602,733,132,48,43,67,48,1071,45968
7351,2002,A60,Major,A6011,A6008,457880,339000,52.94529464,-1.14008932,0.3,0.2,Estimated,Estimated using AADF from previous year on this link,172,347,39688,189,4611,706,137,50,39,58,53,1043,45878
7351,2003,A60,Major,A6011,A6008,457880,339000,52.94529464,-1.14008932,0.3,0.2,Counted,Manual count,300,260,34107,177,4093,609,93,25,53,85,63,928,39565
7351,2004,A60,Major,A6011,A6008,457880,339000,52.94529464,-1.14008932,0.3,0.2,Estimated,Estimated using AADF from previous year on this link,243,229,34175,164,4056,611,99,29,51,76,69,935,39559
7351,2005,A60,Major,A6011,A6008,457880,339000,52.94529464,-1.14008932,0.3,0.2,Estimated,Estimated using AADF from previous year on this link,205,231,33321,161,4162,587,92,29,44,65,72,889,38764
7351,2006,A60,Major,A6011,A6008,457880,339000,52.94529464,-1.14008932,0.3,0.2,Estimated,Estimated using AADF from previous year on this link,321,241,33421,159,4228,600,92,31,41,58,78,900,38949
7351,2007,A60,Major,A6011,A6008,457880,339000,52.94529464,-1.14008932,0.3,0.2,Estimated,Estimated using AADF from previous year on this link,200,243,31849,153,4613,593,91,33,35,55,80,887,37745
7351,2008,A60,Major,A6011,A6008,457880,339000,52.94529464,-1.14008932,0.3,0.2,Estimated,Estimated using AADF from previous year on this link,225,227,31245,154,4829,569,98,34,30,49,78,858,37313
7351,2009,A60,Major,A6011,A6008,457880,339000,52.94529464,-1.14008932,0.3,0.2,Counted,Manual count,452,254,36686,192,4902,614,129,79,32,76,33,963,42997
7351,2010,A60,Major,A6011,A6008,457880,339000,52.94529464,-1.14008932,0.3,0.2,Counted,Manual count,127,165,29509,147,3874,389,98,71,25,53,51,687,34382
7351,2011,A60,Major,A6011,A6008,457880,339000,52.94529464,-1.14008932,0.3,0.2,Counted,Manual count,245,335,36354,165,3319,643,177,79,65,65,32,1061,41234
7351,2012,A60,Major,A6011,A6008,457880,339000,52.94529464,-1.14008932,0.3,0.2,Estimated,Estimated using AADF from previous year on this link,232,302,36200,177,3187,569,169,79,47,60,32,955,40822
7351,2013,A60,Major,A6011,A6008,457880,339000,52.94529464,-1.14008932,0.3,0.2,Counted,Manual count,243,293,34206,172,4420,481,154,79,24,39,117,895,39987
7351,2014,A60,Major,A6011,A6008,457880,339000,52.94529464,-1.14008932,0.3,0.2,Estimated,Estimated using AADF from previous year on this link,236,312,33852,182,5033,508,177,90,25,38,132,970,40350
7351,2015,A60,Major,A6011,A6008,457880,339000,52.94529464,-1.14008932,0.3,0.2,Counted,Manual count,203,345,35125,125,4059,465,141,102,12,16,80,816,40470
7351,2016,A60,Major,A6011,A6008,457880,339000,52.94529464,-1.14008932,0.3,0.2,Estimated,Estimated using AADF from previous year on this link,189,337,35673,116,4434,472,140,116,12,14,78,832,41392
7351,2017,A60,Major,A6011,A6008,457880,339000,52.94529464,-1.14008932,0.3,0.2,Estimated,Estimated using AADF from previous year on this link,181,341,35411,108,4668,469,142,118,13,14,82,837,41364
7351,2018,A60,Major,A6011,A6008,457880,339000,52.94529464,-1.14008932,0.3,0.2,Estimated,Estimated using AADF from previous year on this link,200,337,35021,98,4755,473,141,115,13,14,85,842,41052
7351,2019,A60,Major,A6011,A6008,457880,339000,52.94529464,-1.14008932,0.3,0.2,Counted,Manual count,250,280,30234,125,4787,400,158,71,19,50,89,786,36211
7351,2020,A60,Major,A6011,A6008,457880,339000,52.94529464,-1.14008932,0.3,0.2,Estimated,Estimated using AADF from previous year on this link,286,207,22965,79,4225,352,137,64,16,44,77,689,28165
7351,2021,A60,Major,A6011,A6008,457880,339000,52.94529464,-1.14008932,0.3,0.2,Estimated,Estimated using AADF from previous year on this link,233,219,25301,81,4606,376,147,70,17,47,83,740,30946
7351,2022,A60,Major,A6011,A6008,457880,339000,52.94529464,-1.14008932,0.3,0.2,Estimated,Estimated using AADF from previous year on this link,209,239,27023,87,4993,389,152,74,18,48,84,766,33109
7351,2023,A60,Major,A6011,A6008,457880,339000,52.94529464,-1.14008932,0.3,0.2,Estimated,Estimated using AADF from previous year on this link,205,236,27532,88,5078,385,149,73,18,47,81,753,33686
7351,2024,A60,Major,A6011,A6008,457880,339000,52.94529464,-1.14008932,0.3,0.2,Estimated,Estimated using AADF from previous year on this link,208,243,27949,88,5169,390,150,71,18,45,78,753,34202
7351,2025,A60,Major,A6011,A6008,457880,339000,52.94529464,-1.14008932,0.3,0.2,Counted,Manual count,228,290,26714,53,4018,337,103,151,25,91,41,747,31821
7874,2000,A611,Major,A6514,A6002,455060,345500,53.00401385,-1.18094678,4,2.5,Estimated,Estimated using AADF from previous year on this link,101,182,16175,144,2194,360,37,45,31,26,10,509,19204
7874,2001,A611,Major,A6514,A6002,455060,345500,53.00401385,-1.18094678,4,2.5,Counted,Manual count,79,224,17040,190,2255,383,30,50,39,57,27,586,20295
7874,2002,A611,Major,A6514,A6002,455060,345500,53.00401385,-1.18094678,4,2.5,Counted,Manual count,75,236,13148,275,1606,324,56,40,29,35,22,506,15771
7874,2003,A611,Major,A6514,A6002,455060,345500,53.00401385,-1.18094678,4,2.5,Counted,Manual count,59,187,14028,251,1915,378,70,49,50,34,43,624,17005
7874,2004,A611,Major,A6514,A6002,455060,345500,53.00401385,-1.18094678,4,2.5,Counted,Manual count,43,205,15262,245,2088,332,62,58,51,51,21,575,18375
7874,2005,A611,Major,A6514,A6002,455060,345500,53.00401385,-1.18094678,4,2.5,Counted,Manual count,58,175,14620,227,2003,327,47,38,34,25,28,499,17524
7874,2006,A611,Major,A6514,A6002,455060,345500,53.00401385,-1.18094678,4,2.5,Counted,Manual count,36,207,15801,234,2300,366,50,88,28,48,18,598,19140
7874,2007,A611,Major,A6514,A6002,455060,345500,53.00401385,-1.18094678,4,2.5,Counted,Manual count,70,181,13354,196,2124,387,81,59,25,60,30,642,16497
7874,2008,A611,Major,A6514,A6002,455060,345500,53.00401385,-1.18094678,4,2.5,Estimated,Estimated using AADF from previous year on this link,79,173,13060,170,2168,387,91,63,21,52,29,643,16214
7874,2009,A611,Major,A6514,A6002,455060,345500,53.00401385,-1.18094678,4,2.5,Estimated,Estimated using AADF from previous year on this link,79,193,13347,168,2200,352,90,60,19,45,28,594,16502
7874,2010,A611,Major,A6514,A6002,455060,345500,53.00401385,-1.18094678,4,2.5,Estimated,Estimated using AADF from previous year on this link,79,183,13267,190,2350,374,92,53,22,43,28,612,16602
7874,2011,A611,Major,A6514,A6002,455060,345500,53.00401385,-1.18094678,4,2.5,Estimated,Estimated using AADF from previous year on this link,88,154,13227,180,2622,380,101,61,18,45,31,636,16819
7874,2012,A611,Major,A6514,A6002,455060,345500,53.00401385,-1.18094678,4,2.5,Estimated,Estimated using AADF from previous year on this link,83,147,13021,196,2653,384,110,70,13,40,30,646,16663
7874,2013,A611,Major,A6514,A6002,455060,345500,53.00401385,-1.18094678,4,2.5,Counted,Manual count,92,175,15246,219,2169,267,61,127,13,25,20,513,18322
7874,2014,A611,Major,A6514,A6002,455060,345500,53.00401385,-1.18094678,4,2.5,Estimated,Estimated using AADF from previous year on this link,89,167,15660,211,2319,274,67,139,12,21,18,531,18888
7874,2015,A611,Major,A6514,A6002,455060,345500,53.00401385,-1.18094678,4,2.5,Estimated,Estimated using AADF from previous year on this link,83,148,15970,227,2432,260,69,132,14,20,18,512,19289
7874,2016,A611,Major,A6514,A6002,455060,345500,53.00401385,-1.18094678,4,2.5,Estimated,Estimated using AADF from previous year on this link,77,144,16219,210,2657,264,68,149,14,18,18,530,19761
7874,2017,A611,Major,A6514,A6002,455060,345500,53.00401385,-1.18094678,4,2.5,Counted,Manual count,120,125,15186,266,2289,330,38,53,12,31,43,508,18375
7874,2018,A611,Major,A6514,A6002,455060,345500,53.00401385,-1.18094678,4,2.5,Estimated,Estimated using AADF from previous year on this link,132,124,15019,241,2332,333,38,51,12,32,45,513,18229
7874,2019,A611,Major,A6514,A6002,455060,345500,53.00401385,-1.18094678,4,2.5,Estimated,Estimated using AADF from previous year on this link,145,116,15207,244,2312,329,39,51,12,33,45,511,18390
7874,2020,A611,Major,A6514,A6002,455060,345500,53.00401385,-1.18094678,4,2.5,Estimated,Estimated using AADF from previous year on this link,166,86,11551,154,2040,290,34,46,11,30,40,449,14280
7874,2021,A611,Major,A6514,A6002,455060,345500,53.00401385,-1.18094678,4,2.5,Estimated,Estimated using AADF from previous year on this link,136,91,12726,159,2224,310,36,50,12,31,42,482,15681
7874,2022,A611,Major,A6514,A6002,455060,345500,53.00401385,-1.18094678,4,2.5,Estimated,Estimated using AADF from previous year on this link,121,99,13592,171,2411,321,37,53,12,32,43,499,16773
7874,2023,A611,Major,A6514,A6002,455060,345500,53.00401385,-1.18094678,4,2.5,Estimated,Estimated using AADF from previous year on this link,119,98,13848,173,2452,317,37,53,12,31,42,491,17061
7874,2024,A611,Major,A6514,A6002,455060,345500,53.00401385,-1.18094678,4,2.5,Estimated,Estimated using AADF from previous year on this link,121,101,14058,173,2496,321,37,51,12,30,40,492,17320
7874,2025,A611,Major,A6514,A6002,455060,345500,53.00401385,-1.18094678,4,2.5,Counted,Manual count,73,91,15015,176,2395,228,58,99,15,33,32,465,18141
7875,2000,A6130,Major,A610,A60,456000,341270,52.96589693,-1.16767224,1.6,1,Estimated,Estimated using AADF from previous year on this link,197,125,18361,92,1852,220,28,34,13,15,0,310,20740
7875,2001,A6130,Major,A610,A60,456000,341270,52.96589693,-1.16767224,1.6,1,Counted,Manual count,171,309,18216,142,1706,217,16,15,10,7,6,271,20644
7875,2002,A6130,Major,A610,A60,456000,341270,52.96589693,-1.16767224,1.6,1,Estimated,Estimated using AADF from previous year on this link,178,313,18180,145,1710,209,16,15,10,6,6,262,20610
7875,2003,A6130,Major,A610,A60,456000,341270,52.96589693,-1.16767224,1.6,1,Estimated,Estimated using AADF from previous year on this link,159,351,17926,129,1864,224,18,17,10,6,6,281,20551
7875,2004,A6130,Major,A610,A60,456000,341270,52.96589693,-1.16767224,1.6,1,Counted,Manual count,138,93,12631,29,1311,134,26,24,7,17,9,217,14281
7875,2005,A6130,Major,A610,A60,456000,341270,52.96589693,-1.16767224,1.6,1,Counted,Manual count,191,100,14294,24,1347,160,25,5,16,11,18,235,16000
7875,2006,A6130,Major,A610,A60,456000,341270,52.96589693,-1.16767224,1.6,1,Estimated,Estimated using AADF from previous year on this link,299,104,14337,22,1368,164,25,6,15,11,20,241,16072
7875,2007,A6130,Major,A610,A60,456000,341270,52.96589693,-1.16767224,1.6,1,Estimated,Estimated using AADF from previous year on this link,187,84,13798,20,1439,143,21,6,11,8,16,205,15546
7875,2008,A6130,Major,A610,A60,456000,341270,52.96589693,-1.16767224,1.6,1,Estimated,Estimated using AADF from previous year on this link,209,80,13494,16,1469,143,24,6,9,6,16,204,15263
7875,2009,A6130,Major,A610,A60,456000,341270,52.96589693,-1.16767224,1.6,1,Estimated,Estimated using AADF from previous year on this link,209,90,13791,16,1491,130,24,6,9,5,16,190,15578
7875,2010,A6130,Major,A610,A60,456000,341270,52.96589693,-1.16767224,1.6,1,Estimated,Estimated using AADF from previous year on this link,211,86,13708,18,1592,138,24,5,11,5,16,199,15603
7875,2011,A6130,Major,A610,A60,456000,341270,52.96589693,-1.16767224,1.6,1,Estimated,Estimated using AADF from previous year on this link,233,72,13667,18,1776,140,26,6,9,5,17,203,15736
7875,2012,A6130,Major,A610,A60,456000,341270,52.96589693,-1.16767224,1.6,1,Estimated,Estimated using AADF from previous year on this link,220,69,13454,20,1797,142,28,7,6,4,16,204,15543
7875,2013,A6130,Major,A610,A60,456000,341270,52.96589693,-1.16767224,1.6,1,Counted,Manual count,147,170,12945,32,1028,120,32,29,6,20,9,215,14391
7875,2014,A6130,Major,A610,A60,456000,341270,52.96589693,-1.16767224,1.6,1,Estimated,Estimated using AADF from previous year on this link,143,163,13296,31,1100,123,35,31,5,16,9,220,14810
7875,2015,A6130,Major,A610,A60,456000,341270,52.96589693,-1.16767224,1.6,1,Estimated,Estimated using AADF from previous year on this link,133,144,13560,33,1153,116,36,30,6,16,9,213,15103
7875,2016,A6130,Major,A610,A60,456000,341270,52.96589693,-1.16767224,1.6,1,Estimated,Estimated using AADF from previous year on this link,124,141,13771,31,1260,118,36,34,6,14,8,216,15419
7875,2017,A6130,Major,A610,A60,456000,341270,52.96589693,-1.16767224,1.6,1,Estimated,Estimated using AADF from previous year on this link,118,142,13670,29,1326,117,36,34,7,14,9,217,15384
7875,2018,A6130,Major,A610,A60,456000,341270,52.96589693,-1.16767224,1.8,1.1,Estimated,Estimated using AADF from previous year on this link,131,141,13519,26,1351,118,36,33,7,14,9,218,15255
7875,2019,A6130,Major,A610,A60,456000,341270,52.96589693,-1.16767224,1.8,1.1,Estimated,Estimated using AADF from previous year on this link,143,132,13689,27,1339,117,37,34,7,15,9,218,15404
7875,2020,A6130,Major,A610,A60,456000,341270,52.96589693,-1.16767224,1.8,1.1,Estimated,Estimated using AADF from previous year on this link,164,97,10398,17,1182,103,32,30,6,13,8,192,11885
7875,2021,A6130,Major,A610,A60,456020,341275,52.96593979,-1.16737365,1.8,1.1,Counted,Manual count,225,104,14088,34,1733,67,24,4,4,7,18,123,16081
7875,2022,A6130,Major,A610,A60,456020,341275,52.96593979,-1.16737365,1.8,1.1,Estimated,Estimated using AADF from previous year on this link,201,113,15047,36,1879,69,24,4,4,8,18,127,17203
7875,2023,A6130,Major,A610,A60,456020,341275,52.96593979,-1.16737365,1.8,1.1,Estimated,Estimated using AADF from previous year on this link,198,112,15330,37,1911,68,24,4,4,7,17,125,17514
7875,2024,A6130,Major,A610,A60,456020,341275,52.96593979,-1.16737365,1.8,1.1,Estimated,Estimated using AADF from previous year on this link,200,115,15563,37,1945,69,24,4,4,7,17,125,17784
7875,2025,A6130,Major,A610,A60,456020,341275,52.96593979,-1.16737365,1.8,1.1,Estimated,Estimated using AADF from previous year on this link,200,118,15581,36,1985,68,24,4,4,7,16,124,17843
17297,2000,A610,Major,A6514/A610,A6130 Gregory Boulevard,455000,341300,52.96626983,-1.18255359,1.1,0.7,Estimated,Estimated using AADF from previous year on this link,146,162,27436,763,3911,519,89,51,57,42,54,812,33084
17297,2001,A610,Major,A6514/A610,A6130 Gregory Boulevard,455000,341300,52.96626983,-1.18255359,1.1,0.7,Counted,Manual count,214,281,27805,1452,3807,598,85,42,39,56,34,854,34199
17297,2002,A610,Major,A6514/A610,A6130 Gregory Boulevard,455000,341300,52.96626983,-1.18255359,1.1,0.7,Estimated,Estimated using AADF from previous year on this link,222,285,27749,1484,3814,576,88,44,36,49,37,830,34162
17297,2003,A610,Major,A6514/A610,A6130 Gregory Boulevard,455000,341300,52.96626983,-1.18255359,1.1,0.7,Estimated,Estimated using AADF from previous year on this link,198,320,27361,1325,4157,618,100,52,34,44,41,889,34052
17297,2004,A610,Major,A6514/A610,A6130 Gregory Boulevard,455000,341300,52.96626983,-1.18255359,1.1,0.7,Counted,Manual count,168,277,28534,517,3546,420,83,33,47,47,33,663,33537
17297,2005,A610,Major,A6514/A610,A6130 Gregory Boulevard,455000,341300,52.96626983,-1.18255359,1.1,0.7,Estimated,Estimated using AADF from previous year on this link,143,279,27821,509,3637,403,78,34,41,41,34,631,32877
17297,2006,A610,Major,A6514/A610,A6130 Gregory Boulevard,455000,341300,52.96626983,-1.18255359,1.1,0.7,Estimated,Estimated using AADF from previous year on this link,224,291,27904,501,3696,413,78,36,37,36,37,637,33029
17297,2007,A610,Major,A6514/A610,A6130 Gregory Boulevard,455000,341300,52.96626983,-1.18255359,1.1,0.7,Estimated,Estimated using AADF from previous year on this link,140,294,26593,481,4032,407,76,40,32,34,38,627,32027
17297,2008,A610,Major,A6514,A6130,455000,341300,52.96626983,-1.18255359,1.1,0.7,Counted,Manual count,346,180,24392,576,3356,319,82,22,32,47,44,546,29050
17297,2009,A610,Major,A6514,A6130,455000,341300,52.96626983,-1.18255359,1.1,0.7,Estimated,Estimated using AADF from previous year on this link,346,170,24002,563,3635,307,85,22,30,42,44,530,28900
17297,2010,A610,Major,A6514,A6130,455000,341300,52.96626983,-1.18255359,1.1,0.7,Counted,Manual count,284,250,24649,624,3465,295,63,25,7,26,44,460,29448
17297,2011,A610,Major,A6514,A6130,455000,341300,52.96626983,-1.18255359,1.1,0.7,Estimated,Estimated using AADF from previous year on this link,313,264,24526,624,3572,293,68,28,5,26,46,466,29452
17297,2012,A610,Major,A6514,A6130,455000,341300,52.96626983,-1.18255359,1.1,0.7,Estimated,Estimated using AADF from previous year on this link,296,238,24422,671,3430,259,65,28,4,24,46,425,29186
17297,2013,A610,Major,A6514,A6130,455000,341300,52.96626983,-1.18255359,1.1,0.7,Estimated,Estimated using AADF from previous year on this link,292,238,24284,631,3470,258,70,31,3,23,46,431,29053
17297,2014,A610,Major,A6514,A6130,455000,341300,52.96626983,-1.18255359,1.1,0.7,Counted,Manual count,284,191,24254,656,3330,260,74,82,22,31,38,507,28938
17297,2015,A610,Major,A6514,A6130,455000,341300,52.96626983,-1.18255359,1.1,0.7,Estimated,Estimated using AADF from previous year on this link,264,195,23809,650,3503,253,77,80,27,31,38,505,28662
17297,2016,A610,Major,A6514,A6130,455000,341300,52.96626983,-1.18255359,1.1,0.7,Estimated,Estimated using AADF from previous year on this link,246,190,24181,602,3826,256,77,90,28,27,37,515,29315
17297,2017,A610,Major,A6514,A6130,455000,341300,52.96626983,-1.18255359,1.1,0.7,Estimated,Estimated using AADF from previous year on this link,235,192,24002,562,4028,255,78,92,29,27,39,519,29305
17297,2018,A610,Major,A6514,A6130,455000,341300,52.96626983,-1.18255359,1.2,0.7,Counted,Manual count,229,181,22323,601,3126,342,70,29,22,49,45,558,26789
17297,2019,A610,Major,A6514,A6130,455000,341300,52.96626983,-1.18255359,1.2,0.7,Estimated,Estimated using AADF from previous year on this link,251,170,22603,607,3099,338,71,29,23,51,45,557,27036
17297,2020,A610,Major,A6514,A6130,455000,341300,52.96626983,-1.18255359,1.2,0.7,Estimated,Estimated using AADF from previous year on this link,287,126,17169,384,2735,297,62,26,20,45,39,488,20901
17297,2021,A610,Major,A6514,A6130,455000,341300,52.96626983,-1.18255359,1.2,0.7,Estimated,Estimated using AADF from previous year on this link,235,133,18915,396,2981,317,66,28,21,48,42,523,22949
17297,2022,A610,Major,A6514,A6130,455000,341300,52.96626983,-1.18255359,1.2,0.7,Counted,Manual count,351,198,20794,415,3173,168,54,25,15,24,47,334,24914
17297,2023,A610,Major,A6514,A6130,455000,341300,52.96626983,-1.18255359,1.2,0.7,Estimated,Estimated using AADF from previous year on this link,345,195,21185,419,3227,166,53,25,15,24,46,328,25354
17297,2024,A610,Major,A6514,A6130,455000,341300,52.96626983,-1.18255359,1.2,0.7,Estimated,Estimated using AADF from previous year on this link,349,201,21506,421,3284,169,53,24,14,23,44,328,25740
17297,2025,A610,Major,A6514,A6130,455000,341300,52.96626983,-1.18255359,1.2,0.7,Estimated,Estimated using AADF from previous year on this link,350,205,21532,411,3352,167,53,25,15,22,43,325,25825
17303,2000,A6514,Major,A610,A611,456000,343400,52.98504154,-1.16730383,2.6,1.6,Counted,Manual count,150,351,27193,126,3367,462,57,86,59,103,51,818,31855
17303,2001,A6514,Major,A610,A611,456000,343400,52.98504154,-1.16730383,2.6,1.6,Estimated,Estimated using AADF from previous year on this link,144,364,27737,128,3354,453,66,86,52,88,57,802,32385
17303,2002,A6514,Major,A610,A611,456000,343400,52.98504154,-1.16730383,2.6,1.6,Counted,Manual count,183,399,28090,129,3314,504,80,55,55,72,63,829,32761
17303,2003,A6514,Major,A610,A611,456000,343400,52.98504154,-1.16730383,2.6,1.6,Estimated,Estimated using AADF from previous year on this link,163,447,27696,115,3613,540,90,65,53,64,70,882,32753
17303,2004,A6514,Major,A610,A611,456000,343400,52.98504154,-1.16730383,2.6,1.6,Counted,Manual count,209,277,28445,110,3397,524,66,51,75,118,77,911,33140
17303,2005,A6514,Major,A610,A611,456000,343400,52.98504154,-1.16730383,2.6,1.6,Estimated,Estimated using AADF from previous year on this link,177,279,27734,108,3485,503,62,51,66,103,81,866,32472
17303,2006,A6514,Major,A610,A611,456000,343400,52.98504154,-1.16730383,2.6,1.6,Counted,Manual count,161,301,27525,178,3901,400,83,64,31,81,58,717,32622
17303,2007,A6514,Major,A610,A611,456000,343400,52.98504154,-1.16730383,2.6,1.6,Estimated,Estimated using AADF from previous year on this link,101,303,26232,171,4256,395,81,70,26,77,58,707,31669
17303,2008,A6514,Major,A610,A611,456000,343400,52.98504154,-1.16730383,2.6,1.6,Counted,Manual count,345,279,24355,143,3701,415,79,43,40,58,54,689,29167
17303,2009,A6514,Major,A610,A611,456000,343400,52.98504154,-1.16730383,2.6,1.6,Estimated,Estimated using AADF from previous year on this link,345,264,23966,140,4008,400,83,43,38,51,54,669,29047
17303,2010,A6514,Major,A610,A611,456000,343400,52.98504154,-1.16730383,2.6,1.6,Counted,Manual count,181,242,26823,194,3198,407,76,67,17,62,43,672,31129
17303,2011,A6514,Major,A610,A611,456000,343400,52.98504154,-1.16730383,2.6,1.6,Estimated,Estimated using AADF from previous year on this link,200,256,26689,194,3297,405,81,75,13,62,45,681,31117
17303,2012,A6514,Major,A610,A611,456000,343400,52.98504154,-1.16730383,2.6,1.6,Counted,Manual count,355,212,25447,91,3543,312,44,44,46,51,40,538,29831
17303,2013,A6514,Major,A610,A611,456000,343400,52.98504154,-1.16730383,2.6,1.6,Estimated,Estimated using AADF from previous year on this link,351,212,25303,86,3583,311,48,50,34,48,40,531,29715
17303,2014,A6514,Major,A610,A611,456000,343400,52.98504154,-1.16730383,2.6,1.6,Estimated,Estimated using AADF from previous year on this link,340,226,25040,91,4080,329,54,56,36,47,45,568,30005
17303,2015,A6514,Major,A610,A611,456000,343400,52.98504154,-1.16730383,2.6,1.6,Estimated,Estimated using AADF from previous year on this link,316,229,24581,91,4292,320,57,55,44,46,45,566,29759
17303,2016,A6514,Major,A610,A611,456000,343400,52.98504154,-1.16730383,2.6,1.6,Estimated,Estimated using AADF from previous year on this link,295,224,24965,84,4688,325,57,62,46,41,44,573,30534
17303,2017,A6514,Major,A610,A611,456000,343400,52.98504154,-1.16730383,2.6,1.6,Counted,Manual count,330,255,24313,135,3732,318,76,69,19,53,66,602,29039
17303,2018,A6514,Major,A610,A611,456000,343400,52.98504154,-1.16730383,2.6,1.6,Estimated,Estimated using AADF from previous year on this link,364,253,24046,123,3802,321,76,67,20,55,69,608,28831
17303,2019,A6514,Major,A610,A611,456000,343400,52.98504154,-1.16730383,2.6,1.6,Estimated,Estimated using AADF from previous year on this link,400,237,24347,124,3769,317,77,67,20,57,69,608,29085
17303,2020,A6514,Major,A610,A611,456000,343400,52.98504154,-1.16730383,2.6,1.6,Estimated,Estimated using AADF from previous year on this link,457,175,18494,78,3326,279,67,60,17,50,60,534,22607
17303,2021,A6514,Major,A610,A611,456073,343426,52.98526762,-1.16621211,2.6,1.6,Counted,Manual count,305,273,22327,82,4800,280,70,90,26,22,108,596,28078
17303,2022,A6514,Major,A610,A611,456073,343426,52.98526762,-1.16621211,2.6,1.6,Estimated,Estimated using AADF from previous year on this link,273,299,23847,88,5203,290,73,95,27,22,110,617,30055
17303,2023,A6514,Major,A610,A611,456073,343426,52.98526762,-1.16621211,2.6,1.6,Estimated,Estimated using AADF from previous year on this link,269,295,24296,89,5291,287,71,94,27,22,106,607,30578
17303,2024,A6514,Major,A610,A611,456073,343426,52.98526762,-1.16621211,2.6,1.6,Estimated,Estimated using AADF from previous year on this link,272,304,24664,90,5386,291,72,92,26,21,102,604,31048
17303,2025,A6514,Major,A610,A611,456073,343426,52.98526762,-1.16621211,2.6,1.6,Counted,Manual count,227,191,25649,97,3872,245,69,64,30,32,109,549,30358
17304,2000,A52,Major,A6005 Abbey Street,Queens Drive,455600,338000,52.93654724,-1.17418699,1.6,1,Counted,Manual count,94,403,66287,298,8705,1885,255,134,453,599,292,3618,79311
17304,2001,A52,Major,A6005 Abbey Street,Queens Drive,455600,338000,52.93654724,-1.17418699,1.6,1,Counted,Manual count,194,363,63071,376,7850,1992,274,128,342,421,255,3412,75072
17304,2002,A52,Major,A6005 Abbey Street,Queens Drive,455600,338000,52.93654724,-1.17418699,1.6,1,Estimated,Estimated using AADF from previous year on this link,202,367,62945,384,7866,1919,285,134,311,366,279,3294,74856
17304,2003,A52,Major,A6005 Abbey Street,Queens Drive,455600,338000,52.93654724,-1.17418699,1.6,1,Counted,Manual count,492,721,64087,221,8265,1711,226,182,272,517,348,3256,76550
17304,2004,A52,Major,A6005 Abbey Street,Queens Drive,455600,338000,52.93654724,-1.17418699,1.6,1,Estimated,Estimated using AADF from previous year on this link,399,635,64215,206,8190,1719,240,200,258,456,381,3254,76500
17304,2005,A52,Major,A6005 Abbey Street,Queens Drive,455600,338000,52.93654724,-1.17418699,1.6,1,Counted,Manual count,253,603,66557,344,8450,1675,265,139,264,412,393,3148,79102
17304,2006,A52,Major,A6005 Abbey Street,Queens Drive,455600,338000,52.93654724,-1.17418699,1.6,1,Estimated,Estimated using AADF from previous year on this link,395,628,66757,339,8586,1714,264,151,240,369,426,3164,79474
17304,2007,A52,Major,A6005 Abbey Street,Queens Drive,455600,338000,52.93654724,-1.17418699,1.6,1,Counted,Manual count,259,508,53335,370,8145,1371,284,282,230,287,435,2889,65247
17304,2008,A52,Major,A6005 ,A453 Queens Drive,455600,338000,52.93654724,-1.17418699,1.6,1,Estimated,Estimated using AADF from previous year on this link,290,474,52321,374,8527,1315,307,287,201,252,424,2786,64482
17304,2009,A52,Major,A6005 ,A453 Queens Drive,455600,338000,52.93654724,-1.17418699,1.6,1,Counted,Manual count,306,626,66481,394,9482,1058,207,154,172,323,450,2364,79347
17304,2010,A52,Major,A6005 ,A453 Queens Drive,455600,338000,52.93654724,-1.17418699,1.6,1,Counted,Manual count,312,490,62424,658,8864,1180,254,140,106,257,451,2388,74824
17304,2011,A52,Major,A6005 ,A453 Queens Drive,455600,338000,52.93654724,-1.17418699,1.6,1,Counted,Manual count,341,545,57760,405,9751,1101,244,194,119,341,490,2489,70950
17304,2012,A52,Major,A6005,A453 Queens Drive,455600,338000,52.93654724,-1.17418699,1.6,1,Counted,Manual count,410,491,62498,427,9258,1111,236,256,95,413,342,2453,75126
17304,2013,A52,Major,A6005,A453 Queens Drive,455600,338000,52.93654724,-1.17418699,1.6,1,Counted,Manual count,37,602,60426,478,10658,1212,239,265,164,213,537,2630,74794
17304,2014,A52,Major,A6005,A453 Queens Drive,455600,338000,52.93654724,-1.17418699,1.6,1,Counted,Manual count,253,599,62066,427,10807,1243,312,307,82,122,740,2806,76704
17304,2015,A52,Major,A6005,A453 Queens Drive,455600,338000,52.93654724,-1.17418699,1.6,1,Counted,Manual count,489,562,61644,404,9634,1503,240,252,104,272,691,3063,75306
17304,2016,A52,Major,A6005,A453 Queens Drive,455600,338000,52.93654724,-1.17418699,1.6,1,Estimated,Estimated using AADF from previous year on this link,581,584,63489,412,10404,1596,232,286,109,262,722,3206,78095
17304,2017,A52,Major,A6005,A453 Queens Drive,455600,338000,52.93654724,-1.17418699,1.6,1,Counted,Automatic counter,603,593,63967,426,11172,1681,237,310,112,270,750,3360,79519
17304,2018,A52,Major,A6005,A453 Queens Drive,455600,338000,52.93654724,-1.17418699,1.6,1,Estimated,Estimated using AADF from previous year on this link,619,623,63750,413,11699,1712,238,319,113,273,757,3412,79896
17304,2019,A52,Major,A6005,A453 Queens Drive,455600,338000,52.93654724,-1.17418699,1.6,1,Estimated,Estimated using AADF from previous year on this link,691,616,65919,414,11678,1640,237,327,117,284,810,3415,82042
17304,2020,A52,Major,A6005,A453 Queens Drive,455600,338000,52.93654724,-1.17418699,1.6,1,Estimated,Estimated using AADF from previous year on this link,791,457,48563,269,10355,1475,204,301,104,259,720,3062,62707
17304,2021,A52,Major,A6005,A453 Queens Drive,455600,338000,52.93654724,-1.17418699,1.6,1,Counted,Manual count,302,432,53791,297,12260,1060,248,327,105,600,495,2836,69615
17304,2022,A52,Major,A6005,A453 Queens Drive,455600,338000,52.93654724,-1.17418699,1.6,1,Counted,Manual count,137,496,61637,317,12272,875,256,295,52,50,960,2487,77209
17304,2023,A52,Major,A6005,A453 Queens Drive,455600,338000,52.93654724,-1.17418699,1.6,1,Counted,Manual count,289,398,61056,338,11231,1009,238,289,60,159,747,2503,75526
17304,2024,A52,Major,A6005,A453 Queens Drive,455600,338000,52.93654724,-1.17418699,1.6,1,Counted,Manual count,218,293,62027,332,12314,683,170,453,41,276,589,2212,77178
17304,2025,A52,Major,A6005,A453 Queens Drive,455600,338000,52.93654724,-1.17418699,1.6,1,Counted,Manual count,237,453,70960,292,11561,863,210,266,96,352,649,2434,85701
17852,2000,A60,Major,Mansfield Rd,Glasshouse St,457450,340470,52.9585535,-1.14622801,0.8,0.5,Estimated,Estimated using AADF from previous year on this link,208,228,25044,207,3188,508,83,24,24,24,15,678,29345
17852,2001,A60,Major,Mansfield Rd,Glasshouse St,457450,340470,52.9585535,-1.14622801,0.8,0.5,Estimated,Estimated using AADF from previous year on this link,199,236,25545,211,3175,498,96,24,22,21,17,678,29845
17852,2002,A60,Major,Mansfield Rd,Glasshouse St,457450,340470,52.9585535,-1.14622801,0.8,0.5,Counted,Manual count,245,332,28855,288,3325,589,77,66,14,26,19,791,33591
17852,2003,A60,Major,Mansfield Rd,Glasshouse St,457450,340470,52.9585535,-1.14622801,0.8,0.5,Estimated,Estimated using AADF from previous year on this link,219,372,28451,258,3624,632,87,78,14,23,21,855,33560
17852,2004,A60,Major,Mansfield Rd,Glasshouse St,457450,340470,52.9585535,-1.14622801,0.8,0.5,Estimated,Estimated using AADF from previous year on this link,177,328,28508,239,3591,634,93,84,13,21,23,868,33534
17852,2005,A60,Major,Mansfield Rd,Glasshouse St,457450,340470,52.9585535,-1.14622801,0.8,0.5,Counted,Manual count,213,309,27566,210,3115,473,108,83,30,28,18,740,31940
17852,2006,A60,Major,Mansfield Rd,Glasshouse St,457450,340470,52.9585535,-1.14622801,0.8,0.5,Estimated,Estimated using AADF from previous year on this link,334,322,27649,207,3165,484,108,89,27,24,19,751,32094
17852,2007,A60,Major,Mansfield Rd,Glasshouse St,457450,340470,52.9585535,-1.14622801,0.8,0.5,Estimated,Estimated using AADF from previous year on this link,209,325,26349,199,3452,478,106,97,24,23,19,747,31072
17852,2008,A60,Major,A60 Mansfield Rd,A60 Glasshouse St,457450,340470,52.9585535,-1.14622801,0.8,0.5,Estimated,Estimated using AADF from previous year on this link,233,303,25849,201,3614,459,116,99,21,20,19,734,30701
17852,2009,A60,Major,A60 Mansfield Rd,A60 Glasshouse St,457450,340470,52.9585535,-1.14622801,0.8,0.5,Counted,Manual count,241,257,29475,244,3313,341,85,25,8,18,21,498,33787
17852,2010,A60,Major,A60 Mansfield Rd,A60 Glasshouse St,457450,340470,52.9585535,-1.14622801,0.8,0.5,Estimated,Estimated using AADF from previous year on this link,241,237,28856,257,3330,339,81,21,8,15,19,483,33163
17852,2011,A60,Major,A60 Mansfield Rd,A60 Glasshouse St,457450,340470,52.9585535,-1.14622801,0.8,0.5,Counted,Manual count,261,207,36307,249,2544,378,55,31,60,36,33,593,39900
17852,2012,A60,Major,A60 Mansfield Rd,A60 Glasshouse St,457450,340470,52.9585535,-1.14622801,0.8,0.5,Estimated,Estimated using AADF from previous year on this link,247,187,36153,268,2443,334,52,31,44,33,33,527,39578
17852,2013,A60,Major,A60 Mansfield Rd,A60 Glasshouse St,457450,340470,52.9585535,-1.14622801,0.8,0.5,Counted,Manual count,260,251,24517,157,3542,382,103,65,9,14,23,595,29062
17852,2014,A60,Major,A60 Mansfield Rd,A60 Glasshouse St,457450,340470,52.9585535,-1.14622801,0.8,0.5,Estimated,Estimated using AADF from previous year on this link,252,267,24262,167,4033,404,117,73,10,14,25,643,29373
17852,2015,A60,Major,A60 Mansfield Rd,A60 Glasshouse St,457450,340470,52.9585535,-1.14622801,0.8,0.5,Estimated,Estimated using AADF from previous year on this link,235,272,23817,165,4242,392,123,71,12,14,25,637,29134
17852,2016,A60,Major,A60 Mansfield Rd,A60 Glasshouse St,457450,340470,52.9585535,-1.14622801,0.8,0.5,Estimated,Estimated using AADF from previous year on this link,219,266,24189,153,4634,398,122,80,12,12,25,650,29891
17852,2017,A60,Major,A60 Mansfield Rd,A60 Glasshouse St,457450,340470,52.9585535,-1.14622801,0.8,0.5,Estimated,Estimated using AADF from previous year on this link,209,269,24011,143,4878,395,124,82,13,12,26,652,29953
17852,2018,A60,Major,A60 Mansfield Rd,A60 Glasshouse St,457450,340470,52.9585535,-1.14622801,0.8,0.5,Estimated,Estimated using AADF from previous year on this link,231,266,23746,130,4969,399,124,80,13,13,27,655,29766
17852,2019,A60,Major,A60 Mansfield Rd,A60 Glasshouse St,457450,340470,52.9585535,-1.14622801,0.8,0.5,Counted,Manual count,248,185,26581,125,3820,273,60,57,15,18,18,441,31152
17852,2020,A60,Major,A60 Mansfield Rd,A60 Glasshouse St,457450,340470,52.9585535,-1.14622801,0.8,0.5,Estimated,Estimated using AADF from previous year on this link,284,137,20191,79,3371,240,52,51,13,16,16,387,24165
17852,2021,A60,Major,A60 Mansfield Rd,A60 Glasshouse St,457450,340470,52.9585535,-1.14622801,0.8,0.5,Estimated,Estimated using AADF from previous year on this link,232,145,22244,82,3675,256,56,55,14,17,17,416,26561
17852,2022,A60,Major,A60 Mansfield Rd,A60 Glasshouse St,457450,340470,52.9585535,-1.14622801,0.8,0.5,Estimated,Estimated using AADF from previous year on this link,208,158,23759,88,3984,265,58,59,14,17,17,431,28420
17852,2023,A60,Major,A60 Mansfield Rd,A60 Glasshouse St,457450,340470,52.9585535,-1.14622801,0.8,0.5,Counted,Manual count,220,218,26487,72,4164,265,46,108,10,25,36,491,31432
17852,2024,A60,Major,A60 Mansfield Rd,A60 Glasshouse St,457450,340470,52.9585535,-1.14622801,0.8,0.5,Estimated,Estimated using AADF from previous year on this link,223,225,26888,72,4239,269,47,106,10,24,35,490,31914
17852,2025,A60,Major,A60 Mansfield Rd,A60 Glasshouse St,457450,340470,52.9585535,-1.14622801,0.8,0.5,Estimated,Estimated using AADF from previous year on this link,223,229,26921,70,4326,266,47,108,10,23,34,489,32035
17853,2000,A60,Major,LA Boundary,A6011 Meadow Lane,458050,338300,52.93898452,-1.13768461,0.2,0.1,Counted,Manual count,440,385,40866,1592,3661,471,72,26,57,77,49,752,47256
17853,2001,A60,Major,LA Boundary,A6011 Meadow Lane,458050,338300,52.93898452,-1.13768461,0.2,0.1,Estimated,Estimated using AADF from previous year on this link,422,399,41683,1623,3647,461,83,26,50,66,55,741,48093
17853,2002,A60,Major,LA Boundary,A6011 Meadow Lane,458050,338300,52.93898452,-1.13768461,0.2,0.1,Estimated,Estimated using AADF from previous year on this link,438,404,41600,1659,3654,444,86,27,46,57,61,721,48038
17853,2003,A60,Major,LA Boundary,A6011 Meadow Lane,458050,338300,52.93898452,-1.13768461,0.2,0.1,Estimated,Estimated using AADF from previous year on this link,392,453,41017,1482,3983,476,97,32,44,51,67,767,47702
17853,2004,A60,Major,LA Boundary,A6011 Meadow Lane,458050,338300,52.93898452,-1.13768461,0.2,0.1,Counted,Manual count,347,251,38559,1142,3697,493,86,56,44,79,76,834,44483
17853,2005,A60,Major,LA Boundary,A6011 Meadow Lane,458050,338300,52.93898452,-1.13768461,0.2,0.1,Estimated,Estimated using AADF from previous year on this link,295,254,37595,1123,3793,474,81,56,39,69,79,798,43563
17853,2006,A60,Major,LA Boundary,A6011 Meadow Lane,458050,338300,52.93898452,-1.13768461,0.2,0.1,Estimated,Estimated using AADF from previous year on this link,461,264,37708,1106,3853,485,80,61,35,62,86,809,43740
17853,2007,A60,Major,LA Boundary,A6011 Meadow Lane,458050,338300,52.93898452,-1.13768461,0.2,0.1,Estimated,Estimated using AADF from previous year on this link,288,267,35936,1063,4204,478,79,66,30,59,88,800,42270
17853,2008,A60,Major,LA Boundary,B685,458050,338300,52.93898452,-1.13768461,0.2,0.1,Estimated,Estimated using AADF from previous year on this link,323,249,35253,1074,4402,460,86,67,26,51,86,776,41754
17853,2009,A60,Major,LA Boundary,B685,458050,338300,52.93898452,-1.13768461,0.2,0.1,Counted,Manual count,1158,275,36038,1762,4036,338,52,20,33,86,67,596,42707
17853,2010,A60,Major,LA Boundary,B685,458050,338300,52.93898452,-1.13768461,0.2,0.1,Counted,Manual count,328,158,37501,1447,3375,340,53,33,30,68,39,563,43044
17853,2011,A60,Major,LA Boundary,B685,458050,338300,52.93898452,-1.13768461,0.2,0.1,Counted,Manual count,472,255,34245,1584,3791,300,55,29,25,65,77,551,40426
17853,2012,A60,Major,LA Boundary,B685,458050,338300,52.93898452,-1.13768461,0.2,0.1,Estimated,Estimated using AADF from previous year on this link,446,230,34100,1702,3641,265,52,29,18,60,76,502,40174
17853,2013,A60,Major,LA Boundary,B685,458050,338300,52.93898452,-1.13768461,0.2,0.1,Counted,Manual count,651,177,33208,1213,3460,247,53,42,15,14,75,446,38503
17853,2014,A60,Major,LA Boundary,B685,458050,338300,52.93898452,-1.13768461,0.2,0.1,Estimated,Estimated using AADF from previous year on this link,632,188,32863,1287,3939,261,61,47,16,14,85,484,38762
17853,2015,A60,Major,LA Boundary,B685,458050,338300,52.93898452,-1.13768461,0.2,0.1,Counted,Manual count,716,272,36582,1419,3804,259,62,57,30,30,79,516,42594
17853,2016,A60,Major,LA Boundary,B685,458050,338300,52.93898452,-1.13768461,0.2,0.1,Estimated,Estimated using AADF from previous year on this link,667,266,37153,1315,4155,262,62,64,31,27,78,523,43412
17853,2017,A60,Major,LA Boundary,B685,458050,338300,52.93898452,-1.13768461,0.2,0.1,Estimated,Estimated using AADF from previous year on this link,639,269,36879,1228,4374,260,63,66,32,26,81,528,43278
17853,2018,A60,Major,LA Boundary,B685,458050,338300,52.93898452,-1.13768461,0.3,0.2,Estimated,Estimated using AADF from previous year on this link,706,266,36473,1113,4456,263,62,64,33,27,84,534,42842
17853,2019,A60,Major,LA Boundary,B685,458050,338300,52.93898452,-1.13768461,0.3,0.2,Counted,Manual count,497,239,31026,1137,3927,196,43,82,32,76,80,509,36837
17853,2020,A60,Major,LA Boundary,B685,458050,338300,52.93898452,-1.13768461,0.3,0.2,Estimated,Estimated using AADF from previous year on this link,568,176,23566,718,3466,172,37,73,28,68,70,448,28374
17853,2021,A60,Major,LA Boundary,B685,458050,338300,52.93898452,-1.13768461,0.3,0.2,Estimated,Estimated using AADF from previous year on this link,464,187,25963,742,3778,184,40,80,30,72,75,481,31150
17853,2022,A60,Major,LA Boundary,B685,458050,338300,52.93898452,-1.13768461,0.3,0.2,Counted,Manual count,584,284,29821,1244,4439,178,201,63,49,29,136,656,36443
17853,2023,A60,Major,LA Boundary,B685,458050,338300,52.93898452,-1.13768461,0.3,0.2,Estimated,Estimated using AADF from previous year on this link,574,280,30381,1256,4514,175,198,62,49,28,131,644,37075
17853,2024,A60,Major,LA Boundary,B685,458050,338300,52.93898452,-1.13768461,0.3,0.2,Estimated,Estimated using AADF from previous year on this link,581,288,30842,1261,4595,178,199,61,48,27,127,640,37626
17853,2025,A60,Major,LA Boundary,B685,458050,338300,52.93898452,-1.13768461,0.3,0.2,Estimated,Estimated using AADF from previous year on this link,583,294,30879,1233,4689,176,199,62,49,26,124,638,37732
17854,2000,A609,Major,A6514,A6130,455000,340100,52.95548431,-1.18275669,1.1,0.7,Estimated,Estimated using AADF from previous year on this link,197,245,15913,580,2536,420,43,12,24,25,16,540,19814
17854,2001,A609,Major,A6514,A6130,455000,340100,52.95548431,-1.18275669,1.1,0.7,Estimated,Estimated using AADF from previous year on this link,189,257,15420,607,2554,401,48,12,20,20,16,517,19355
17854,2002,A609,Major,A6514,A6130,455000,340100,52.95548431,-1.18275669,1.1,0.7,Counted,Manual count,217,225,13287,403,2166,292,58,48,18,41,19,476,16557
17854,2003,A609,Major,A6514,A6130,455000,340100,52.95548431,-1.18275669,1.1,0.7,Estimated,Estimated using AADF from previous year on this link,194,320,12795,393,2352,283,60,50,18,37,21,469,16329
17854,2004,A609,Major,A6514,A6130,455000,340100,52.95548431,-1.18275669,1.1,0.7,Estimated,Estimated using AADF from previous year on this link,157,210,12962,321,2590,344,76,68,18,34,24,564,16647
17854,2005,A609,Major,A6514,A6130,455000,340100,52.95548431,-1.18275669,1.1,0.7,Estimated,Estimated using AADF from previous year on this link,133,173,12366,303,2761,373,80,78,15,28,24,598,16201
17854,2006,A609,Major,A6514,A6130,455000,340100,52.95548431,-1.18275669,1.1,0.7,Counted,Manual count,204,119,13574,459,2123,245,58,25,5,12,12,357,16632
17854,2007,A609,Major,A6514,A6130,455000,340100,52.95548431,-1.18275669,1.1,0.7,Estimated,Estimated using AADF from previous year on this link,127,114,13356,417,2235,228,55,25,3,11,12,334,16456
17854,2008,A609,Major,A6514,A6130,455000,340100,52.95548431,-1.18275669,1.1,0.7,Estimated,Estimated using AADF from previous year on this link,143,109,13062,362,2283,228,61,27,3,9,11,339,16155
17854,2009,A609,Major,A6514,A6130,455000,340100,52.95548431,-1.18275669,1.1,0.7,Estimated,Estimated using AADF from previous year on this link,143,121,13350,358,2318,208,61,25,3,7,11,315,16462
17854,2010,A609,Major,A6514,A6130,455000,340100,52.95548431,-1.18275669,1.1,0.7,Estimated,Estimated using AADF from previous year on this link,143,116,13270,406,2476,222,61,21,3,7,11,325,16593
17854,2011,A609,Major,A6514,A6130,455000,340100,52.95548431,-1.18275669,1.1,0.7,Estimated,Estimated using AADF from previous year on this link,158,98,13230,384,2764,226,67,24,3,7,13,340,16816
17854,2012,A609,Major,A6514,A6130,455000,340100,52.95548431,-1.18275669,1.1,0.7,Estimated,Estimated using AADF from previous year on this link,149,94,13024,418,2797,229,73,27,2,6,12,350,16681
17854,2013,A609,Major,A6514,A6130,455000,340100,52.95548431,-1.18275669,1.1,0.7,Estimated,Estimated using AADF from previous year on this link,148,104,12909,437,2907,230,79,31,2,6,13,361,16717
17854,2014,A609,Major,A6514,A6130,455000,340100,52.95548431,-1.18275669,1.1,0.7,Estimated,Estimated using AADF from previous year on this link,143,100,13259,420,3109,236,88,34,1,5,12,376,17263
17854,2015,A609,Major,A6514,A6130,455000,340100,52.95548431,-1.18275669,1.1,0.7,Counted,Manual count,295,103,14589,631,2014,194,29,31,3,12,5,274,17611
17854,2016,A609,Major,A6514,A6130,455000,340100,52.95548431,-1.18275669,1.1,0.7,Estimated,Estimated using AADF from previous year on this link,275,101,14817,584,2200,197,29,36,3,11,5,280,17981
17854,2017,A609,Major,A6514,A6130,455000,340100,52.95548431,-1.18275669,1.1,0.7,Estimated,Estimated using AADF from previous year on this link,263,102,14708,546,2316,195,29,36,3,11,5,280,17951
17854,2018,A609,Major,A6514,A6130,455000,340100,52.95548431,-1.18275669,1.1,0.7,Estimated,Estimated using AADF from previous year on this link,291,101,14546,495,2359,197,29,35,3,11,5,281,17781
17854,2019,A609,Major,A6514,A6130,455000,340100,52.95548431,-1.18275669,1.1,0.7,Estimated,Estimated using AADF from previous year on this link,319,95,14728,500,2338,195,30,36,3,11,5,280,17941
17854,2020,A609,Major,A6514,A6130,455000,340100,52.95548431,-1.18275669,1.1,0.7,Counted,Manual count,192,77,11256,217,1870,145,25,22,15,9,7,224,13643
17854,2021,A609,Major,A6514,A6130,455000,340100,52.95548431,-1.18275669,1.1,0.7,Estimated,Estimated using AADF from previous year on this link,157,82,12401,224,2038,155,27,24,17,10,8,240,14984
17854,2022,A609,Major,A6514,A6130,455000,340100,52.95548431,-1.18275669,1.1,0.7,Estimated,Estimated using AADF from previous year on this link,141,90,13245,240,2210,160,28,25,17,10,8,249,16033
17854,2023,A609,Major,A6514,A6130,455000,340100,52.95548431,-1.18275669,1.1,0.7,Estimated,Estimated using AADF from previous year on this link,138,88,13494,243,2247,158,28,25,17,10,8,246,16318
17854,2024,A609,Major,A6514,A6130,455000,340100,52.95548431,-1.18275669,1.1,0.7,Estimated,Estimated using AADF from previous year on this link,140,91,13699,244,2287,161,28,24,17,10,7,247,16567
17854,2025,A609,Major,A6514,A6130,455000,340100,52.95548431,-1.18275669,1.1,0.7,Estimated,Estimated using AADF from previous year on this link,140,93,13715,238,2334,159,28,25,17,9,7,245,16626
17855,2000,A6011,Major,A60,A6011 Meadow Lane,458000,338840,52.94384359,-1.13833223,0.4,0.2,Estimated,Estimated using AADF from previous year on this link,56,145,9937,42,2310,499,75,53,67,69,50,813,13247
17855,2001,A6011,Major,A60,A6011 Meadow Lane,458000,338840,52.94384359,-1.13833223,0.4,0.2,Estimated,Estimated using AADF from previous year on this link,54,152,9628,44,2326,476,84,51,54,55,52,772,12922
17855,2002,A6011,Major,A60,A6011 Meadow Lane,458000,338840,52.94384359,-1.13833223,0.4,0.2,Estimated,Estimated using AADF from previous year on this link,56,157,9782,44,2493,450,86,53,49,48,57,743,13219
17855,2003,A6011,Major,A60,A6011 Meadow Lane,458000,338840,52.94384359,-1.13833223,0.4,0.2,Counted,Manual count,161,140,11734,72,2407,594,122,82,55,93,54,1000,15353
17855,2004,A6011,Major,A60,A6011 Meadow Lane,458000,338840,52.94384359,-1.13833223,0.4,0.2,Estimated,Estimated using AADF from previous year on this link,130,92,11887,60,2651,724,156,109,55,88,62,1194,15884
17855,2005,A6011,Major,A60,A6011 Meadow Lane,458000,338840,52.94384359,-1.13833223,0.4,0.2,Estimated,Estimated using AADF from previous year on this link,111,76,11340,56,2826,784,166,125,46,71,61,1253,15551
17855,2006,A6011,Major,A60,A6011 Meadow Lane,458000,338840,52.94384359,-1.13833223,0.4,0.2,Estimated,Estimated using AADF from previous year on this link,173,66,11124,52,2869,755,156,127,37,56,58,1189,15300
17855,2007,A6011,Major,A60,A6011 Meadow Lane,458000,338840,52.94384359,-1.13833223,0.4,0.2,Estimated,Estimated using AADF from previous year on this link,108,63,10947,47,3020,702,145,130,29,49,55,1110,15187
17855,2008,A6011,Major,A60,B685,458000,338840,52.94384359,-1.13833223,0.4,0.2,Estimated,Estimated using AADF from previous year on this link,121,60,10706,41,3084,701,163,137,24,43,53,1121,15012
17855,2009,A6011,Major,A60,B685,458000,338840,52.94384359,-1.13833223,0.4,0.2,Estimated,Estimated using AADF from previous year on this link,121,67,10941,41,3130,638,161,130,22,37,51,1039,15218
17855,2010,A6011,Major,A60,B685,458000,338840,52.94384359,-1.13833223,0.4,0.2,Estimated,Estimated using AADF from previous year on this link,121,64,10875,46,3343,679,163,114,26,35,51,1068,15396
17855,2011,A6011,Major,A60,B685,458000,338840,52.94384359,-1.13833223,0.4,0.2,Counted,Manual count,98,121,11145,87,2462,323,134,93,16,50,30,646,14461
17855,2012,A6011,Major,A60,B685,458000,338840,52.94384359,-1.13833223,0.4,0.2,Estimated,Estimated using AADF from previous year on this link,93,116,10971,95,2491,327,146,106,11,45,29,663,14335
17855,2013,A6011,Major,A60,B685,458000,338840,52.94384359,-1.13833223,0.4,0.2,Estimated,Estimated using AADF from previous year on this link,92,129,10874,99,2589,329,159,121,8,42,29,688,14379
17855,2014,A6011,Major,A60,B685,458000,338840,52.94384359,-1.13833223,0.4,0.2,Estimated,Estimated using AADF from previous year on this link,89,123,11169,95,2769,337,176,132,7,35,27,714,14871
17855,2015,A6011,Major,A60,B685,458000,338840,52.94384359,-1.13833223,0.4,0.2,Estimated,Estimated using AADF from previous year on this link,83,109,11390,103,2904,320,180,125,9,33,26,694,15199
17855,2016,A6011,Major,A60,B685,458000,338840,52.94384359,-1.13833223,0.4,0.2,Estimated,Estimated using AADF from previous year on this link,77,106,11568,95,3172,324,179,141,9,29,26,709,15650
17855,2017,A6011,Major,A60,B685,458000,338840,52.94384359,-1.13833223,0.4,0.2,Estimated,Estimated using AADF from previous year on this link,74,108,11483,89,3339,322,182,145,9,29,27,715,15733
17855,2018,A6011,Major,A60,B685,458000,338840,52.94384359,-1.13833223,0.4,0.2,Estimated,Estimated using AADF from previous year on this link,81,106,11356,80,3401,325,181,140,10,30,28,715,15659
17855,2019,A6011,Major,A60,B685,458000,338840,52.94384359,-1.13833223,0.4,0.2,Counted,Manual count,103,81,9559,31,2040,275,84,121,18,60,74,632,12345
17855,2020,A6011,Major,A60,B685,458000,338840,52.94384359,-1.13833223,0.4,0.2,Estimated,Estimated using AADF from previous year on this link,117,60,7261,20,1801,242,73,108,15,53,65,556,9698
17855,2021,A6011,Major,A60,B685,458000,338840,52.94384359,-1.13833223,0.4,0.2,Estimated,Estimated using AADF from previous year on this link,96,64,7999,20,1963,258,79,118,16,57,69,598,10645
17855,2022,A6011,Major,A60,B685,458000,338840,52.94384359,-1.13833223,0.4,0.2,Estimated,Estimated using AADF from previous year on this link,86,70,8544,22,2128,268,81,125,17,58,71,620,11384
17855,2023,A6011,Major,A60,B685,458000,338840,52.94384359,-1.13833223,0.4,0.2,Estimated,Estimated using AADF from previous year on this link,84,69,8705,22,2164,264,80,124,17,57,68,610,11570
17855,2024,A6011,Major,A60,B685,458000,338840,52.94384359,-1.13833223,0.4,0.2,Estimated,Estimated using AADF from previous year on this link,85,71,8837,22,2203,268,80,121,17,55,66,607,11740
17855,2025,A6011,Major,A60,B685,458000,338840,52.94384359,-1.13833223,0.4,0.2,Estimated,Estimated using AADF from previous year on this link,86,72,8847,22,2248,265,80,124,17,54,64,605,11795
17856,2000,A6130,Major,A6200,A609,455500,340000,52.9545341,-1.17533234,0.5,0.3,Estimated,Estimated using AADF from previous year on this link,443,155,17249,93,2415,267,14,12,13,8,12,326,20238
17856,2001,A6130,Major,A6200,A609,455500,340000,52.9545341,-1.17533234,0.5,0.3,Estimated,Estimated using AADF from previous year on this link,425,162,16714,97,2432,255,16,12,10,7,12,312,19717
17856,2002,A6130,Major,A6200,A609,455500,340000,52.9545341,-1.17533234,0.5,0.3,Counted,Manual count,402,96,14488,81,1571,231,23,10,12,23,9,308,16544
17856,2003,A6130,Major,A6200,A609,455500,340000,52.9545341,-1.17533234,0.5,0.3,Estimated,Estimated using AADF from previous year on this link,359,136,13952,79,1706,224,23,10,12,20,10,299,16172
17856,2004,A6130,Major,A6200,A609,455500,340000,52.9545341,-1.17533234,0.5,0.3,Estimated,Estimated using AADF from previous year on this link,290,90,14133,65,1879,273,31,14,12,19,12,361,16528
17856,2005,A6130,Major,A6200,A609,455500,340000,52.9545341,-1.17533234,0.5,0.3,Estimated,Estimated using AADF from previous year on this link,246,73,13483,61,2002,295,32,16,10,16,12,381,16000
17856,2006,A6130,Major,A6200,A609,455500,340000,52.9545341,-1.17533234,0.5,0.3,Estimated,Estimated using AADF from previous year on this link,386,64,13227,57,2033,285,30,17,7,12,11,362,15743
17856,2007,A6130,Major,A6200,A609,455500,340000,52.9545341,-1.17533234,0.5,0.3,Estimated,Estimated using AADF from previous year on this link,241,61,13015,51,2140,264,28,17,7,11,10,337,15604
17856,2008,A6130,Major,A6200,A609,455500,340000,52.9545341,-1.17533234,0.5,0.3,Estimated,Estimated using AADF from previous year on this link,270,59,12729,45,2185,264,31,18,5,9,10,337,15355
17856,2009,A6130,Major,A6200,A609,455500,340000,52.9545341,-1.17533234,0.5,0.3,Estimated,Estimated using AADF from previous year on this link,270,66,13009,45,2218,240,31,17,5,8,10,311,15649
17856,2010,A6130,Major,A6200,A609,455500,340000,52.9545341,-1.17533234,0.5,0.3,Estimated,Estimated using AADF from previous year on this link,272,63,12931,51,2369,255,31,15,6,8,10,325,15739
17856,2011,A6130,Major,A6200,A609,455500,340000,52.9545341,-1.17533234,0.5,0.3,Estimated,Estimated using AADF from previous year on this link,300,53,12893,49,2644,259,34,17,5,8,11,334,15973
17856,2012,A6130,Major,A6200,A609,455500,340000,52.9545341,-1.17533234,0.5,0.3,Estimated,Estimated using AADF from previous year on this link,284,51,12692,53,2675,262,37,19,3,7,10,339,15811
17856,2013,A6130,Major,A6200,A609,455500,340000,52.9545341,-1.17533234,0.5,0.3,Counted,Manual count,359,69,12377,17,1164,91,38,19,7,8,6,169,13797
17856,2014,A6130,Major,A6200,A609,455500,340000,52.9545341,-1.17533234,0.5,0.3,Estimated,Estimated using AADF from previous year on this link,348,66,12713,17,1245,93,42,21,6,6,6,175,14216
17856,2015,A6130,Major,A6200,A609,455500,340000,52.9545341,-1.17533234,0.5,0.3,Estimated,Estimated using AADF from previous year on this link,323,58,12965,18,1306,88,43,20,7,6,6,171,14518
17856,2016,A6130,Major,A6200,A609,455500,340000,52.9545341,-1.17533234,0.5,0.3,Estimated,Estimated using AADF from previous year on this link,301,57,13167,17,1426,89,43,23,8,5,6,174,14841
17856,2017,A6130,Major,A6200,A609,455500,340000,52.9545341,-1.17533234,0.5,0.3,Estimated,Estimated using AADF from previous year on this link,289,58,13070,16,1501,89,43,23,8,5,6,175,14820
17856,2018,A6130,Major,A6200,A609,455500,340000,52.9545341,-1.17533234,0.5,0.3,Estimated,Estimated using AADF from previous year on this link,319,57,12926,14,1530,90,43,23,8,6,6,175,14702
17856,2019,A6130,Major,A6200,A609,455500,340000,52.9545341,-1.17533234,0.5,0.3,Estimated,Estimated using AADF from previous year on this link,350,53,13088,14,1516,89,44,23,8,6,6,175,14848
17856,2020,A6130,Major,A6200,A609,455500,340000,52.9545341,-1.17533234,0.5,0.3,Estimated,Estimated using AADF from previous year on this link,400,40,9942,9,1338,78,38,20,7,5,5,154,11482
17856,2021,A6130,Major,A6200,A609,455500,340000,52.9545341,-1.17533234,0.5,0.3,Counted,Manual count,318,70,9412,1,1499,160,23,14,5,10,6,218,11200
17856,2022,A6130,Major,A6200,A609,455500,340000,52.9545341,-1.17533234,0.5,0.3,Estimated,Estimated using AADF from previous year on this link,285,77,10052,1,1625,165,24,15,5,10,6,226,11981
17856,2023,A6130,Major,A6200,A609,455500,340000,52.9545341,-1.17533234,0.5,0.3,Estimated,Estimated using AADF from previous year on this link,280,76,10241,1,1653,163,23,15,5,10,6,223,12194
17856,2024,A6130,Major,A6200,A609,455500,340000,52.9545341,-1.17533234,0.5,0.3,Estimated,Estimated using AADF from previous year on this link,283,78,10397,1,1682,166,23,15,5,10,6,225,12382
17856,2025,A6130,Major,A6200,A609,455500,340000,52.9545341,-1.17533234,0.5,0.3,Estimated,Estimated using AADF from previous year on this link,284,79,10409,1,1717,164,23,15,5,10,6,223,12429
17857,2000,A6008,Major,Carrington St,A60,457600,339120,52.9464033,-1.14423452,0.5,0.3,Estimated,Estimated using AADF from previous year on this link,23,30,5624,36,792,265,44,17,17,15,7,365,6847
17857,2001,A6008,Major,Carrington St,A60,457600,339120,52.9464033,-1.14423452,0.5,0.3,Estimated,Estimated using AADF from previous year on this link,22,31,5450,38,798,253,49,17,14,12,7,352,6669
17857,2002,A6008,Major,Carrington St,A60,457600,339120,52.9464033,-1.14423452,0.5,0.3,Estimated,Estimated using AADF from previous year on this link,23,32,5537,38,855,239,50,17,13,10,8,337,6799
17857,2003,A6008,Major,Carrington St,A60,457600,339120,52.9464033,-1.14423452,0.5,0.3,Counted,Manual count,70,101,10677,73,1393,355,70,24,46,47,25,567,12811
17857,2004,A6008,Major,Carrington St,A60,457600,339120,52.9464033,-1.14423452,0.5,0.3,Estimated,Estimated using AADF from previous year on this link,57,66,10816,60,1533,433,90,32,47,44,30,676,13151
17857,2005,A6008,Major,Carrington St,A60,457600,339120,52.9464033,-1.14423452,0.5,0.3,Estimated,Estimated using AADF from previous year on this link,48,55,10318,56,1634,468,95,37,39,36,29,704,12767
17857,2006,A6008,Major,Carrington St,A60,457600,339120,52.9464033,-1.14423452,0.5,0.3,Estimated,Estimated using AADF from previous year on this link,75,48,10122,52,1658,451,89,38,31,29,28,666,12546
17857,2007,A6008,Major,Carrington St,A60,457600,339120,52.9464033,-1.14423452,0.5,0.3,Estimated,Estimated using AADF from previous year on this link,47,45,9960,47,1747,420,83,38,25,25,27,618,12417
17857,2008,A6008,Major,Carrington St,A60,457600,339120,52.9464033,-1.14423452,0.5,0.3,Estimated,Estimated using AADF from previous year on this link,53,43,9741,41,1783,419,93,40,21,22,25,620,12228
17857,2009,A6008,Major,Carrington St,A60,457600,339120,52.9464033,-1.14423452,0.5,0.3,Estimated,Estimated using AADF from previous year on this link,53,48,9956,41,1810,381,92,38,19,19,25,574,12429
17857,2010,A6008,Major,Carrington St,A60,457600,339120,52.9464033,-1.14423452,0.5,0.3,Estimated,Estimated using AADF from previous year on this link,53,45,9897,46,1933,405,93,33,23,18,25,597,12518
17857,2011,A6008,Major,Carrington St,A60,457600,339120,52.9464033,-1.14423452,0.5,0.3,Counted,Manual count,42,121,13359,46,1734,273,79,41,49,55,31,528,15788
17857,2012,A6008,Major,Carrington St,A60,457600,339120,52.9464033,-1.14423452,0.5,0.3,Estimated,Estimated using AADF from previous year on this link,40,116,13151,50,1755,276,86,47,34,49,30,522,15592
17857,2013,A6008,Major,Carrington St,A60,457600,339120,52.9464033,-1.14423452,0.5,0.3,Estimated,Estimated using AADF from previous year on this link,39,129,13035,52,1824,278,94,53,25,47,30,527,15566
17857,2014,A6008,Major,Carrington St,A60,457600,339120,52.9464033,-1.14423452,0.5,0.3,Estimated,Estimated using AADF from previous year on this link,38,123,13388,50,1950,285,104,58,23,38,28,536,16048
17857,2015,A6008,Major,Carrington St,A60,457600,339120,52.9464033,-1.14423452,0.5,0.3,Estimated,Estimated using AADF from previous year on this link,35,109,13653,54,2045,270,106,55,27,37,27,523,16384
17857,2016,A6008,Major,Carrington St,A60,457600,339120,52.9464033,-1.14423452,0.5,0.3,Estimated,Estimated using AADF from previous year on this link,33,106,13866,50,2234,274,105,62,28,32,27,529,16786
17857,2017,A6008,Major,Carrington St,A60,457600,339120,52.9464033,-1.14423452,0.5,0.3,Estimated,Estimated using AADF from previous year on this link,32,108,13764,47,2352,272,107,64,29,32,28,532,16803
17857,2018,A6008,Major,Carrington St,A60,457600,339120,52.9464033,-1.14423452,0.5,0.3,Estimated,Estimated using AADF from previous year on this link,35,106,13612,43,2396,275,107,62,29,33,29,535,16692
17857,2019,A6008,Major,Carrington St,A60,457757,339134,52.9465123,-1.14189578,0.5,0.3,Counted,Manual count,108,114,15362,46,2344,301,91,70,16,54,52,585,18451
17857,2020,A6008,Major,Carrington St,A60,457757,339134,52.9465123,-1.14189578,0.5,0.3,Estimated,Estimated using AADF from previous year on this link,124,85,11669,29,2069,265,79,63,14,48,45,514,14365
17857,2021,A6008,Major,Carrington St,A60,457757,339134,52.9465123,-1.14189578,0.5,0.3,Estimated,Estimated using AADF from previous year on this link,101,90,12855,30,2255,283,85,69,15,51,49,552,15782
17857,2022,A6008,Major,Carrington St,A60,457757,339134,52.9465123,-1.14189578,0.5,0.3,Estimated,Estimated using AADF from previous year on this link,90,98,13731,32,2445,293,88,73,16,52,50,572,16877
17857,2023,A6008,Major,Carrington St,A60,457757,339134,52.9465123,-1.14189578,0.5,0.3,Estimated,Estimated using AADF from previous year on this link,89,97,13989,32,2486,289,87,72,16,51,48,562,17166
17857,2024,A6008,Major,Carrington St,A60,457757,339134,52.9465123,-1.14189578,0.5,0.3,Estimated,Estimated using AADF from previous year on this link,90,100,14201,32,2531,294,87,70,16,49,46,562,17426
17857,2025,A6008,Major,Carrington St,A60,457757,339134,52.9465123,-1.14189578,0.5,0.3,Estimated,Estimated using AADF from previous year on this link,90,101,14218,32,2583,291,87,72,16,48,45,559,17493
18325,2000,A6008,Major,A610,A60,457150,340200,52.95615866,-1.15074093,0.3,0.2,Estimated,Estimated using AADF from previous year on this link,100,186,12955,1713,2008,247,27,18,15,12,11,330,17192
18325,2001,A6008,Major,A610,A60,457150,340200,52.95615866,-1.15074093,0.3,0.2,Estimated,Estimated using AADF from previous year on this link,96,195,12553,1794,2022,236,30,18,12,10,11,317,16881
18325,2002,A6008,Major,A610,A60,457150,340200,52.95615866,-1.15074093,0.3,0.2,Estimated,Estimated using AADF from previous year on this link,100,202,12754,1808,2168,223,31,18,11,9,12,304,17236
18325,2003,A6008,Major,A610,A60,457150,340200,52.95615866,-1.15074093,0.3,0.2,Estimated,Estimated using AADF from previous year on this link,89,287,12282,1759,2354,216,32,19,11,8,13,299,16981
18325,2004,A6008,Major,A610,A60,457150,340200,52.95615866,-1.15074093,0.3,0.2,Estimated,Estimated using AADF from previous year on this link,72,189,12442,1441,2592,263,41,25,11,8,16,364,17028
18325,2005,A6008,Major,A610,A60,457150,340200,52.95615866,-1.15074093,0.3,0.2,Counted,Manual count,25,48,3809,166,467,70,18,7,6,3,4,108,4598
18325,2006,A6008,Major,A610,A60,457150,340200,52.95615866,-1.15074093,0.3,0.2,Counted,Manual count,28,45,3380,88,408,85,24,8,5,6,4,132,4053
18325,2007,A6008,Major,A610,A60,457150,340200,52.95615866,-1.15074093,0.7,0.4,Estimated,Estimated using AADF from previous year on this link,18,43,3326,80,429,79,22,9,4,5,4,123,4001
18325,2008,A6008,Major,A6008 Upper Parliament Street,A60,457150,340200,52.95615866,-1.15074093,0.7,0.4,Estimated,Estimated using AADF from previous year on this link,20,41,3252,70,438,79,25,9,3,4,4,124,3925
18325,2009,A6008,Major,A6008 Upper Parliament Street,A60,457150,340200,52.95615866,-1.15074093,0.7,0.4,Estimated,Estimated using AADF from previous year on this link,20,46,3324,69,445,72,25,9,3,3,4,116,4000
18325,2010,A6008,Major,A6008 Upper Parliament Street,A60,457150,340200,52.95615866,-1.15074093,0.7,0.4,Estimated,Estimated using AADF from previous year on this link,20,44,3304,78,475,77,25,8,4,3,4,121,4022
18325,2011,A6008,Major,A6008 Upper Parliament Street,A60,457150,340200,52.95615866,-1.15074093,0.7,0.4,Estimated,Estimated using AADF from previous year on this link,22,37,3294,74,530,78,27,9,3,3,4,124,4059
18325,2012,A6008,Major,A6008 Upper Parliament Street,A60,457150,340200,52.95615866,-1.15074093,0.7,0.4,Estimated,Estimated using AADF from previous year on this link,21,35,3243,80,536,79,29,10,2,3,4,127,4022
18325,2013,A6008,Major,A6008 Upper Parliament Street,A60,457150,340200,52.95615866,-1.15074093,0.7,0.4,Estimated,Estimated using AADF from previous year on this link,21,39,3214,84,557,80,32,12,2,3,4,131,4026
18325,2014,A6008,Major,A6008 Upper Parliament Street,A60,457150,340200,52.95615866,-1.15074093,0.7,0.4,Estimated,Estimated using AADF from previous year on this link,20,38,3301,81,596,81,35,13,1,2,4,137,4153
18325,2015,A6008,Major,A6008 Upper Parliament Street,A60,457150,340200,52.95615866,-1.15074093,0.7,0.4,Counted,Manual count,44,45,5209,236,690,103,20,11,5,3,2,144,6325
18325,2016,A6008,Major,A6008 Upper Parliament Street,A60,457150,340200,52.95615866,-1.15074093,0.7,0.4,Estimated,Estimated using AADF from previous year on this link,41,44,5291,219,754,105,19,13,6,2,2,147,6454
18325,2017,A6008,Major,A6008 Upper Parliament Street,A60,457150,340200,52.95615866,-1.15074093,0.7,0.4,Estimated,Estimated using AADF from previous year on this link,39,44,5252,205,793,104,20,13,6,2,2,147,6441
18325,2018,A6008,Major,A6008 Upper Parliament Street,A60,457150,340200,52.95615866,-1.15074093,0.8,0.5,Estimated,Estimated using AADF from previous year on this link,43,44,5194,186,808,105,20,13,6,2,2,147,6379
18325,2019,A6008,Major,A6008 Upper Parliament Street,A60,457150,340200,52.95615866,-1.15074093,0.8,0.5,Estimated,Estimated using AADF from previous year on this link,47,41,5259,188,801,104,20,13,6,3,2,147,6436
18325,2020,A6008,Major,A6008 Upper Parliament Street,A60,457150,340200,52.95615866,-1.15074093,0.8,0.5,Estimated,Estimated using AADF from previous year on this link,54,30,3995,118,707,91,17,11,5,2,2,129,4979
18325,2021,A6008,Major,A6008 Upper Parliament Street,A60,457150,340200,52.95615866,-1.15074093,0.8,0.5,Estimated,Estimated using AADF from previous year on this link,44,32,4401,122,771,98,19,12,6,2,2,138,5464
18325,2022,A6008,Major,A6008 Upper Parliament Street,A60,457150,340200,52.95615866,-1.15074093,0.8,0.5,Estimated,Estimated using AADF from previous year on this link,40,35,4701,131,836,101,19,13,6,2,2,143,5846
18325,2023,A6008,Major,A6008 Upper Parliament Street,A60,457150,340200,52.95615866,-1.15074093,0.8,0.5,Counted,Manual count,59,236,4796,290,597,64,9,5,4,0,0,82,6002
18325,2024,A6008,Major,A6008 Upper Parliament Street,A60,457150,340200,52.95615866,-1.15074093,0.8,0.5,Estimated,Estimated using AADF from previous year on this link,59,244,4869,292,608,65,9,5,4,0,0,83,6095
18325,2025,A6008,Major,A6008 Upper Parliament Street,A60,457150,340200,52.95615866,-1.15074093,0.8,0.5,Estimated,Estimated using AADF from previous year on this link,59,248,4874,285,620,64,9,5,4,0,0,83,6111
26550,2000,A6200,Major,A6130,A610,455962,339964,52.95416261,-1.16846296,1,0.6,Counted,Manual count,168,185,15573,1238,1409,203,18,9,9,11,10,260,18665
26550,2001,A6200,Major,A6130,A610,455962,339964,52.95416261,-1.16846296,1,0.6,Estimated,Estimated using AADF from previous year on this link,161,194,15090,1296,1419,194,20,9,7,9,10,249,18248
26550,2002,A6200,Major,A6130,A610,455962,339964,52.95416261,-1.16846296,1,0.6,Estimated,Estimated using AADF from previous year on this link,168,201,15331,1306,1521,183,20,9,6,7,11,236,18595
26550,2003,A6200,Major,A6130,A610,455962,339964,52.95416261,-1.16846296,1,0.6,Estimated,Estimated using AADF from previous year on this link,150,286,14764,1271,1652,177,20,9,6,7,12,231,18204
26550,2004,A6200,Major,A6130,A610,455962,339964,52.95416261,-1.16846296,1,0.6,Estimated,Estimated using AADF from previous year on this link,121,188,14956,1040,1818,216,26,13,6,6,14,281,18283
26550,2005,A6200,Major,A6130,A610,455962,339964,52.95416261,-1.16846296,1,0.6,Counted,Manual count,262,117,14367,1132,1466,131,21,34,13,11,9,219,17301
26550,2006,A6200,Major,A6130,A610,455962,339964,52.95416261,-1.16846296,1,0.6,Estimated,Estimated using AADF from previous year on this link,412,103,14094,1051,1487,126,19,34,10,8,9,206,16941
26550,2007,A6200,Major,A6130,A610,455962,339964,52.95416261,-1.16846296,1,0.6,Estimated,Estimated using AADF from previous year on this link,256,97,13869,956,1566,117,17,36,8,7,8,193,16681
26550,2008,A6200,Major,A6130,A609/A610,455962,339964,52.95416261,-1.16846296,1,0.6,Estimated,Estimated using AADF from previous year on this link,288,93,13564,831,1599,117,20,38,7,6,7,195,16282
26550,2009,A6200,Major,A6130,A609/A610,455962,339964,52.95416261,-1.16846296,1,0.6,Estimated,Estimated using AADF from previous year on this link,288,104,13863,822,1623,106,20,36,7,6,7,182,16594
26550,2010,A6200,Major,A6130,A609/A610,455962,339964,52.95416261,-1.16846296,1,0.6,Estimated,Estimated using AADF from previous year on this link,290,99,13779,932,1733,113,20,32,9,6,7,187,16730
26550,2011,A6200,Major,A6130,A609/A610,455962,339964,52.95416261,-1.16846296,1,0.6,Estimated,Estimated using AADF from previous year on this link,320,84,13738,881,1934,115,22,36,7,6,7,193,16830
26550,2012,A6200,Major,A6130,A609/A610,455962,339964,52.95416261,-1.16846296,1,0.6,Estimated,Estimated using AADF from previous year on this link,303,80,13524,958,1957,116,24,41,5,5,7,198,16717
26550,2013,A6200,Major,A6130,A609/A610,455962,339964,52.95416261,-1.16846296,1,0.6,Counted,Manual count,162,91,10148,1380,1057,104,19,6,6,2,4,141,12818
26550,2014,A6200,Major,A6130,A609/A610,455962,339964,52.95416261,-1.16846296,1,0.6,Estimated,Estimated using AADF from previous year on this link,157,87,10423,1329,1130,107,21,6,6,2,3,145,13114
26550,2015,A6200,Major,A6130,A609/A610,455962,339964,52.95416261,-1.16846296,1,0.6,Estimated,Estimated using AADF from previous year on this link,146,77,10630,1432,1185,101,22,6,7,2,3,140,13464
26550,2016,A6200,Major,A6130,A609/A610,455962,339964,52.95416261,-1.16846296,1,0.6,Estimated,Estimated using AADF from previous year on this link,136,76,10796,1326,1295,103,21,7,7,1,3,142,13634
26550,2017,A6200,Major,A6130,A609/A610,455962,339964,52.95416261,-1.16846296,1,0.6,Estimated,Estimated using AADF from previous year on this link,131,76,10716,1238,1363,102,22,7,7,1,3,142,13536
26550,2018,A6200,Major,A6130,A609/A610,455962,339964,52.95416261,-1.16846296,1.2,0.7,Estimated,Estimated using AADF from previous year on this link,144,75,10598,1123,1388,103,22,7,7,2,3,143,13328
26550,2019,A6200,Major,A6130,A609/A610,455962,339964,52.95416261,-1.16846296,1.2,0.7,Estimated,Estimated using AADF from previous year on this link,158,71,10731,1136,1376,102,22,7,7,2,3,143,13456
26550,2020,A6200,Major,A6130,A609/A610,455962,339964,52.95416261,-1.16846296,1.2,0.7,Estimated,Estimated using AADF from previous year on this link,181,52,8151,717,1214,89,19,6,6,1,3,125,10260
26550,2021,A6200,Major,A6130,A609/A610,455962,339964,52.95416261,-1.16846296,1.2,0.7,Counted,Manual count,116,85,8894,867,1560,43,13,6,1,2,0,65,11472
26550,2022,A6200,Major,A6130,A609/A610,455962,339964,52.95416261,-1.16846296,1.2,0.7,Estimated,Estimated using AADF from previous year on this link,103,93,9500,932,1692,45,14,6,1,2,0,67,12284
26550,2023,A6200,Major,A6130,A609/A610,455962,339964,52.95416261,-1.16846296,1.2,0.7,Estimated,Estimated using AADF from previous year on this link,102,92,9678,941,1720,44,13,6,1,2,0,66,12498
26550,2024,A6200,Major,A6130,A609/A610,455962,339964,52.95416261,-1.16846296,1.2,0.7,Estimated,Estimated using AADF from previous year on this link,103,95,9825,945,1751,45,13,6,1,2,0,67,12682
26550,2025,A6200,Major,A6130,A609/A610,455962,339964,52.95416261,-1.16846296,1.2,0.7,Estimated,Estimated using AADF from previous year on this link,103,97,9837,923,1787,44,13,6,1,2,0,66,12710
27200,2000,A6005,Major,A6464,A52,455000,338340,52.93966507,-1.18305491,1.8,1.1,Counted,Manual count,157,438,35958,494,4266,782,86,57,55,61,31,1072,42228
27200,2001,A6005,Major,A6464,A52,455000,338340,52.93966507,-1.18305491,1.8,1.1,Estimated,Estimated using AADF from previous year on this link,150,454,36677,504,4249,766,99,57,49,52,35,1058,42942
27200,2002,A6005,Major,A6464,A52,455000,338340,52.93966507,-1.18305491,1.8,1.1,Counted,Manual count,279,546,36930,519,4163,809,70,83,64,61,43,1130,43288
27200,2003,A6005,Major,A6464,A52,455000,338340,52.93966507,-1.18305491,1.8,1.1,Counted,Manual count,360,638,36919,477,4198,860,114,74,59,49,37,1193,43425
27200,2004,A6005,Major,A6464,A52,455000,338340,52.93966507,-1.18305491,1.8,1.1,Counted,Manual count,304,348,34648,468,3966,652,94,63,35,61,25,930,40360
27200,2005,A6005,Major,A6464,A52,455000,338340,52.93966507,-1.18305491,1.8,1.1,Counted,Manual count,154,476,33743,386,4298,666,58,41,35,45,25,870,39773
27200,2006,A6005,Major,A6464,A52,455000,338340,52.93966507,-1.18305491,1.8,1.1,Counted,Manual count,195,489,36397,582,5003,681,112,61,34,32,33,953,43424
27200,2007,A6005,Major,A6464,A52,455000,338340,52.93966507,-1.18305491,1.8,1.1,Counted,Manual count,209,383,31888,670,3898,557,79,53,30,61,25,805,37644
27200,2008,A6005,Major,A6464,A52,455000,338340,52.93966507,-1.18305491,1.8,1.1,Counted,Manual count,259,476,31620,457,4546,492,73,31,29,40,30,695,37794
27200,2009,A6005,Major,A6464,A52,455000,338340,52.93966507,-1.18305491,1.8,1.1,Estimated,Estimated using AADF from previous year on this link,259,449,31114,447,4924,474,76,31,27,35,30,673,37607
27200,2010,A6005,Major,A6464,A52,455000,338340,52.93966507,-1.18305491,1.8,1.1,Counted,Manual count,287,459,30274,490,4393,508,89,101,31,37,24,790,36406
27200,2011,A6005,Major,A6464,A52,455000,338340,52.93966507,-1.18305491,1.8,1.1,Estimated,Estimated using AADF from previous year on this link,317,487,30123,490,4529,506,95,114,24,37,26,802,36431
27200,2012,A6005,Major,A6464,A52,455000,338340,52.93966507,-1.18305491,1.8,1.1,Counted,Manual count,221,398,32169,659,3937,424,86,66,31,47,29,683,37845
27200,2013,A6005,Major,A6464,A52,455000,338340,52.93966507,-1.18305491,1.8,1.1,Estimated,Estimated using AADF from previous year on this link,218,398,31986,620,3982,423,93,74,22,44,29,685,37671
27200,2014,A6005,Major,A6464,A52,455000,338340,52.93966507,-1.18305491,1.8,1.1,Counted,Manual count,295,379,25910,508,3983,443,88,118,43,37,30,759,31539
27200,2015,A6005,Major,A6464,A52,455000,338340,52.93966507,-1.18305491,1.8,1.1,Estimated,Estimated using AADF from previous year on this link,274,385,25435,504,4189,431,92,115,53,37,29,757,31270
27200,2016,A6005,Major,A6464,A52,455000,338340,52.93966507,-1.18305491,1.8,1.1,Estimated,Estimated using AADF from previous year on this link,255,377,25832,467,4576,437,91,130,55,33,29,774,32026
27200,2017,A6005,Major,A6464,A52,455000,338340,52.93966507,-1.18305491,1.8,1.1,Estimated,Estimated using AADF from previous year on this link,245,381,25642,436,4817,434,93,133,57,32,30,779,32054
27200,2018,A6005,Major,A6464,A52,455000,338340,52.93966507,-1.18305491,1.9,1.2,Counted,Manual count,172,316,30077,514,3902,597,68,48,19,71,63,866,35675
27200,2019,A6005,Major,A6464,A52,455000,338340,52.93966507,-1.18305491,1.9,1.2,Estimated,Estimated using AADF from previous year on this link,189,297,30454,520,3868,590,69,48,19,73,63,863,36001
27200,2020,A6005,Major,A6464,A52,455000,338340,52.93966507,-1.18305491,1.9,1.2,Counted,Manual count,103,220,18601,352,3707,286,34,45,4,11,50,431,23311
27200,2021,A6005,Major,A6464,A52,455000,338340,52.93966507,-1.18305491,1.9,1.2,Estimated,Estimated using AADF from previous year on this link,84,233,20493,364,4041,306,36,50,4,12,54,462,25593
27200,2022,A6005,Major,A6464,A52,455000,338340,52.93966507,-1.18305491,1.9,1.2,Estimated,Estimated using AADF from previous year on this link,75,254,21888,391,4381,317,37,53,5,13,55,479,27394
27200,2023,A6005,Major,A6464,A52,455000,338340,52.93966507,-1.18305491,1.9,1.2,Estimated,Estimated using AADF from previous year on this link,74,251,22299,395,4455,313,37,52,5,12,53,471,27872
27200,2024,A6005,Major,A6464,A52,455000,338340,52.93966507,-1.18305491,1.9,1.2,Counted,Manual count,157,313,26563,371,3776,175,56,31,7,23,64,356,31379
27200,2025,A6005,Major,A6464,A52,455000,338340,52.93966507,-1.18305491,1.9,1.2,Estimated,Estimated using AADF from previous year on this link,157,319,26595,363,3854,173,57,32,7,22,62,353,31483
27360,2000,A609,Major,A6002,A6514,454000,340000,52.95468682,-1.19765734,3.6,2.2,Estimated,Estimated using AADF from previous year on this link,94,146,18408,362,2047,315,36,14,37,38,35,475,21438
27360,2001,A609,Major,A6002,A6514,454000,340000,52.95468682,-1.19765734,3.6,2.2,Counted,Manual count,159,189,18909,298,1893,323,48,11,76,81,26,565,21854
27360,2002,A609,Major,A6002,A6514,454000,340000,52.95468682,-1.19765734,3.6,2.2,Counted,Manual count,74,292,19123,221,2059,284,42,22,42,88,30,508,22203
27360,2003,A609,Major,A6002,A6514,454000,340000,52.95468682,-1.19765734,3.6,2.2,Counted,Manual count,110,276,18413,248,1713,236,145,20,33,67,62,563,21213
27360,2004,A609,Major,A6002,A6514,454000,340000,52.95468682,-1.19765734,3.6,2.2,Counted,Manual count,86,198,18915,271,2235,262,51,14,35,56,24,442,22061
27360,2005,A609,Major,A6002,A6514,454000,340000,52.95468682,-1.19765734,3.6,2.2,Counted,Manual count,97,168,18922,264,2146,279,39,21,39,47,25,450,21950
27360,2006,A609,Major,A6002,A6514,454000,340000,52.95468682,-1.19765734,3.6,2.2,Counted,Manual count,74,109,18868,334,2299,305,31,10,24,40,24,434,22044
27360,2007,A609,Major,A6002,A6514,454000,340000,52.95468682,-1.19765734,3.6,2.2,Counted,Manual count,85,151,17848,266,2379,239,49,10,26,40,29,393,21037
27360,2008,A609,Major,A6002,A6514,454000,340000,52.95468682,-1.19765734,3.6,2.2,Counted,Manual count,163,166,22881,286,2007,220,43,14,9,29,26,341,25681
27360,2009,A609,Major,A6002,A6514,454000,340000,52.95468682,-1.19765734,3.6,2.2,Estimated,Estimated using AADF from previous year on this link,163,157,22515,280,2174,212,45,14,9,26,26,332,25458
27360,2010,A609,Major,A6002,A6514,454000,340000,52.95468682,-1.19765734,3.6,2.2,Estimated,Estimated using AADF from previous year on this link,163,145,22042,294,2185,210,43,12,9,23,24,321,24987
27360,2011,A609,Major,A6002,A6514,454000,340000,52.95468682,-1.19765734,3.6,2.2,Estimated,Estimated using AADF from previous year on this link,179,154,21932,294,2253,210,46,14,7,23,25,325,24958
27360,2012,A609,Major,A6002,A6514,454000,340000,52.95468682,-1.19765734,3.6,2.2,Counted,Manual count,192,136,17351,253,2250,182,32,18,12,31,26,302,20292
27360,2013,A609,Major,A6002,A6514,454000,340000,52.95468682,-1.19765734,3.6,2.2,Estimated,Estimated using AADF from previous year on this link,189,136,17252,238,2276,182,35,20,9,29,26,301,20204
27360,2014,A609,Major,A6002,A6514,454000,340000,52.95468682,-1.19765734,3.6,2.2,Estimated,Estimated using AADF from previous year on this link,184,145,17074,253,2592,192,40,23,10,29,30,323,20385
27360,2015,A609,Major,A6002,A6514,454000,340000,52.95468682,-1.19765734,3.6,2.2,Estimated,Estimated using AADF from previous year on this link,171,147,16760,250,2726,187,42,22,12,28,30,320,20204
27360,2016,A609,Major,A6002,A6514,454000,340000,52.95468682,-1.19765734,3.6,2.2,Counted,Manual count,198,108,16893,295,2066,149,48,60,4,29,20,311,19674
27360,2017,A609,Major,A6002,A6514,454000,340000,52.95468682,-1.19765734,3.6,2.2,Estimated,Estimated using AADF from previous year on this link,189,109,16769,276,2175,148,49,61,5,29,21,313,19642
27360,2018,A609,Major,A6002,A6514,454000,340000,52.95468682,-1.19765734,3.6,2.2,Estimated,Estimated using AADF from previous year on this link,209,108,16584,250,2216,150,49,59,5,30,22,315,19473
27360,2019,A609,Major,A6002,A6514,454000,340000,52.95468682,-1.19765734,3.6,2.2,Estimated,Estimated using AADF from previous year on this link,230,101,16792,253,2197,148,50,60,5,31,22,315,19658
27360,2020,A609,Major,A6002,A6514,454000,340000,52.95468682,-1.19765734,3.6,2.2,Counted,Manual count,113,110,13341,259,2078,184,39,39,11,10,41,325,16113
27360,2021,A609,Major,A6002,A6514,454000,340000,52.95468682,-1.19765734,3.6,2.2,Counted,Automatic counter,93,103,13048,238,2011,174,37,38,10,9,39,308,15708
27360,2022,A609,Major,A6002,A6514,454000,340000,52.95468682,-1.19765734,3.6,2.2,Counted,Automatic counter,83,108,13359,245,2089,172,37,39,10,9,39,305,16107
27360,2023,A609,Major,A6002,A6514,454000,340000,52.95468682,-1.19765734,3.6,2.2,Counted,Automatic counter,82,112,14314,260,2235,179,38,40,11,9,39,316,17237
27360,2024,A609,Major,A6002,A6514,454000,340000,52.95468682,-1.19765734,3.6,2.2,Counted,Automatic counter,82,117,14654,264,2294,182,38,40,11,9,38,318,17647
27360,2025,A609,Major,A6002,A6514,454000,340000,52.95468682,-1.19765734,3.6,2.2,Counted,Automatic counter,83,121,14888,262,2376,183,39,41,11,9,38,321,17968
27363,2000,A6002,Major,B682,A611,454360,346100,53.0094781,-1.19127634,0.6,0.4,Estimated,Estimated using AADF from previous year on this link,121,182,24173,495,3671,587,35,40,53,54,25,794,29315
27363,2001,A6002,Major,B682,A611,454360,346100,53.0094781,-1.19127634,0.6,0.4,Estimated,Estimated using AADF from previous year on this link,116,189,24657,505,3657,575,40,40,47,46,28,776,29784
27363,2002,A6002,Major,B682,A611,454360,346100,53.0094781,-1.19127634,0.6,0.4,Estimated,Estimated using AADF from previous year on this link,121,191,24608,516,3665,553,42,42,43,40,31,751,29731
27363,2003,A6002,Major,B682,A611,454360,346100,53.0094781,-1.19127634,0.6,0.4,Estimated,Estimated using AADF from previous year on this link,109,215,24264,461,3995,593,48,50,41,36,34,802,29737
27363,2004,A6002,Major,B682,A611,454360,346100,53.0094781,-1.19127634,0.6,0.4,Estimated,Estimated using AADF from previous year on this link,88,189,24312,429,3958,595,51,54,39,31,37,807,29695
27363,2005,A6002,Major,B682,A611,454360,346100,53.0094781,-1.19127634,0.6,0.4,Estimated,Estimated using AADF from previous year on this link,74,191,23704,421,4062,573,47,54,35,27,40,776,29154
27363,2006,A6002,Major,B682,A611,454360,346100,53.0094781,-1.19127634,0.6,0.4,Estimated,Estimated using AADF from previous year on this link,116,198,23776,415,4127,585,47,60,31,24,43,790,29306
27363,2007,A6002,Major,B682,A611,454360,346100,53.0094781,-1.19127634,0.6,0.4,Counted,Manual count,93,168,23151,203,3869,471,78,81,47,80,24,781,28172
27363,2008,A6002,Major,B682,A611,454360,346100,53.0094781,-1.19127634,0.6,0.4,Estimated,Estimated using AADF from previous year on this link,104,157,22711,205,4051,452,84,83,41,70,24,754,27878
27363,2009,A6002,Major,B682,A611,454360,346100,53.0094781,-1.19127634,0.6,0.4,Estimated,Estimated using AADF from previous year on this link,104,148,22347,200,4387,436,88,83,39,62,24,732,27814
27363,2010,A6002,Major,B682,A611,454360,346100,53.0094781,-1.19127634,0.6,0.4,Counted,Manual count,169,273,23781,293,4199,401,120,71,17,42,62,713,29259
27363,2011,A6002,Major,B682,A611,454360,346100,53.0094781,-1.19127634,0.6,0.4,Estimated,Estimated using AADF from previous year on this link,187,290,23662,293,4329,399,128,80,13,42,66,728,29302
27363,2012,A6002,Major,B682,A611,454360,346100,53.0094781,-1.19127634,0.6,0.4,Estimated,Estimated using AADF from previous year on this link,177,262,23562,315,4157,353,122,80,9,39,66,669,28964
27363,2013,A6002,Major,B682,A611,454360,346100,53.0094781,-1.19127634,0.6,0.4,Estimated,Estimated using AADF from previous year on this link,175,262,23428,296,4205,352,131,90,7,36,66,682,28873
27363,2014,A6002,Major,B682,A611,454360,346100,53.0094781,-1.19127634,0.6,0.4,Counted,Manual count,139,264,23237,278,4670,416,82,123,28,102,53,805,29253
27363,2015,A6002,Major,B682,A611,454360,346100,53.0094781,-1.19127634,0.6,0.4,Estimated,Estimated using AADF from previous year on this link,130,268,22811,275,4912,404,87,120,34,101,53,798,29064
27363,2016,A6002,Major,B682,A611,454360,346100,53.0094781,-1.19127634,0.6,0.4,Estimated,Estimated using AADF from previous year on this link,121,262,23167,255,5365,410,86,135,36,89,52,808,29857
27363,2017,A6002,Major,B682,A611,454360,346100,53.0094781,-1.19127634,0.6,0.4,Estimated,Estimated using AADF from previous year on this link,116,265,22996,238,5648,407,87,138,37,89,54,813,29960
27363,2018,A6002,Major,B682,A611,454360,346100,53.0094781,-1.19127634,0.6,0.4,Counted,Manual count,125,164,24575,232,4075,421,55,90,17,45,45,673,29720
27363,2019,A6002,Major,B682,A611,454360,346100,53.0094781,-1.19127634,0.6,0.4,Estimated,Estimated using AADF from previous year on this link,138,154,24883,235,4039,416,56,90,18,47,45,671,29983
27363,2020,A6002,Major,B682,A611,454360,346100,53.0094781,-1.19127634,0.6,0.4,Estimated,Estimated using AADF from previous year on this link,157,114,18901,148,3565,366,48,81,15,41,39,590,23318
27363,2021,A6002,Major,B682,A611,454360,346100,53.0094781,-1.19127634,0.6,0.4,Estimated,Estimated using AADF from previous year on this link,129,121,20823,153,3886,391,52,88,16,44,42,633,25617
27363,2022,A6002,Major,B682,A611,454360,346100,53.0094781,-1.19127634,0.6,0.4,Counted,Manual count,115,190,21831,186,4871,485,45,117,17,60,44,767,27846
27363,2023,A6002,Major,B682,A611,454360,346100,53.0094781,-1.19127634,0.6,0.4,Estimated,Estimated using AADF from previous year on this link,113,188,22241,188,4954,479,44,115,17,58,42,756,28326
27363,2024,A6002,Major,B682,A611,454360,346100,53.0094781,-1.19127634,0.6,0.4,Estimated,Estimated using AADF from previous year on this link,114,193,22578,189,5043,486,44,113,17,56,41,757,28760
27363,2025,A6002,Major,B682,A611,454360,346100,53.0094781,-1.19127634,0.6,0.4,Estimated,Estimated using AADF from previous year on this link,114,197,22606,184,5146,481,44,115,17,55,40,753,28886
27369,2000,A6514,Major,A609,A610,454450,341000,52.9636295,-1.1907922,2,1.2,Estimated,Estimated using AADF from previous year on this link,143,392,34070,184,4880,898,91,87,138,191,177,1582,41108
27369,2001,A6514,Major,A609,A610,454450,341000,52.9636295,-1.1907922,2,1.2,Counted,Manual count,259,438,33423,159,4700,1004,104,74,147,192,141,1662,40382
27369,2002,A6514,Major,A609,A610,454450,341000,52.9636295,-1.1907922,2,1.2,Estimated,Estimated using AADF from previous year on this link,270,442,33356,163,4710,967,108,78,133,167,154,1607,40278
27369,2003,A6514,Major,A609,A610,454450,341000,52.9636295,-1.1907922,2,1.2,Counted,Manual count,379,440,31942,135,4429,839,109,62,90,195,170,1465,38411
27369,2004,A6514,Major,A609,A610,454450,341000,52.9636295,-1.1907922,2,1.2,Estimated,Estimated using AADF from previous year on this link,307,389,32006,126,4390,842,116,68,86,172,186,1470,38381
27369,2005,A6514,Major,A609,A610,454450,341000,52.9636295,-1.1907922,2,1.2,Counted,Manual count,184,339,35136,157,5261,746,113,64,119,236,150,1428,42321
27369,2006,A6514,Major,A609,A610,454450,341000,52.9636295,-1.1907922,2,1.2,Estimated,Estimated using AADF from previous year on this link,288,353,35241,155,5346,763,113,68,108,211,164,1427,42522
27369,2007,A6514,Major,A609,A610,454450,341000,52.9636295,-1.1907922,2,1.2,Counted,Manual count,189,427,38924,270,5023,670,122,62,92,260,171,1377,46021
27369,2008,A6514,Major,A609,A610,454450,341000,52.9636295,-1.1907922,2,1.2,Estimated,Estimated using AADF from previous year on this link,213,398,38183,273,5260,644,133,63,80,229,166,1315,45429
27369,2009,A6514,Major,A609,A610,454450,341000,52.9636295,-1.1907922,2,1.2,Counted,Manual count,354,418,32366,293,5322,619,92,53,120,183,205,1272,39671
27369,2010,A6514,Major,A609,A610,454450,341000,52.9636295,-1.1907922,2,1.2,Counted,Manual count,199,454,32843,277,5170,660,91,66,66,182,133,1198,39942
27369,2011,A6514,Major,A609,A610,454450,341000,52.9636295,-1.1907922,2,1.2,Counted,Manual count,342,357,36977,237,4248,1402,113,86,29,86,274,1990,43809
27369,2012,A6514,Major,A609,A610,454450,341000,52.9636295,-1.1907922,2,1.2,Estimated,Estimated using AADF from previous year on this link,323,322,36820,255,4079,1240,108,86,21,80,272,1806,43283
27369,2013,A6514,Major,A609,A610,454450,341000,52.9636295,-1.1907922,2,1.2,Counted,Manual count,192,304,30695,246,4565,519,112,89,35,81,288,1124,36935
27369,2014,A6514,Major,A609,A610,454450,341000,52.9636295,-1.1907922,2,1.2,Estimated,Estimated using AADF from previous year on this link,186,323,30377,262,5198,549,128,100,37,79,326,1219,37379
27369,2015,A6514,Major,A609,A610,454450,341000,52.9636295,-1.1907922,2,1.2,Estimated,Estimated using AADF from previous year on this link,173,328,29820,259,5468,534,134,97,45,78,322,1210,37086
27369,2016,A6514,Major,A609,A610,454450,341000,52.9636295,-1.1907922,2,1.2,Estimated,Estimated using AADF from previous year on this link,161,321,30285,240,5973,541,133,110,47,69,317,1217,38036
27369,2017,A6514,Major,A609,A610,454450,341000,52.9636295,-1.1907922,2,1.2,Estimated,Estimated using AADF from previous year on this link,154,325,30062,224,6287,537,136,112,49,69,329,1232,38131
27369,2018,A6514,Major,A609,A610,454450,341000,52.9636295,-1.1907922,2.1,1.3,Estimated,Estimated using AADF from previous year on this link,170,321,29731,204,6405,542,135,109,50,71,344,1251,37912
27369,2019,A6514,Major,A609,A610,454450,341000,52.9636295,-1.1907922,2.1,1.3,Counted,Manual count,392,325,37209,231,6069,541,102,95,34,112,265,1149,44983
27369,2020,A6514,Major,A609,A610,454450,341000,52.9636295,-1.1907922,2.1,1.3,Estimated,Estimated using AADF from previous year on this link,449,240,28263,146,5356,476,88,85,29,99,230,1008,35013
27369,2021,A6514,Major,A609,A610,454450,341000,52.9636295,-1.1907922,2.1,1.3,Counted,Manual count,343,314,33339,279,6095,457,129,109,26,148,295,1165,41192
27369,2022,A6514,Major,A609,A610,454450,341000,52.9636295,-1.1907922,2.1,1.3,Estimated,Estimated using AADF from previous year on this link,306,343,35609,300,6607,473,133,116,27,152,301,1203,44063
27369,2023,A6514,Major,A609,A610,454450,341000,52.9636295,-1.1907922,2.1,1.3,Counted,Manual count,401,248,35436,222,6591,471,100,147,30,64,319,1131,43628
27369,2024,A6514,Major,A609,A610,454450,341000,52.9636295,-1.1907922,2.1,1.3,Estimated,Estimated using AADF from previous year on this link,405,256,35973,223,6709,478,100,144,30,62,308,1121,44282
27369,2025,A6514,Major,A609,A610,454450,341000,52.9636295,-1.1907922,2.1,1.3,Estimated,Estimated using AADF from previous year on this link,406,260,36016,218,6846,473,100,147,30,60,302,1114,44455
27898,2000,A60,Major,A6008,Station St,457880,339200,52.9470923,-1.14005373,0.2,0.1,Estimated,Estimated using AADF from previous year on this link,130,222,34675,200,4088,618,94,36,39,60,42,889,40074
27898,2001,A60,Major,A6008,Station St,457880,339200,52.9470923,-1.14005373,0.2,0.1,Estimated,Estimated using AADF from previous year on this link,125,230,35368,204,4072,605,108,36,34,52,47,882,40756
27898,2002,A60,Major,A6008,Station St,457880,339200,52.9470923,-1.14005373,0.2,0.1,Estimated,Estimated using AADF from previous year on this link,130,232,35297,209,4080,583,113,37,31,45,51,860,40678
27898,2003,A60,Major,A6008,Station St,457880,339200,52.9470923,-1.14005373,0.2,0.1,Estimated,Estimated using AADF from previous year on this link,116,261,34803,186,4448,626,128,43,29,40,56,922,40620
27898,2004,A60,Major,A6008,Station St,457880,339200,52.9470923,-1.14005373,0.2,0.1,Estimated,Estimated using AADF from previous year on this link,94,230,34872,174,4407,628,136,47,28,35,62,936,40619
27898,2005,A60,Major,A6008,Station St,457880,339200,52.9470923,-1.14005373,0.2,0.1,Estimated,Estimated using AADF from previous year on this link,80,232,34001,171,4522,604,127,48,25,31,64,899,39825
27898,2006,A60,Major,A6008,Station St,457880,339200,52.9470923,-1.14005373,0.2,0.1,Counted,Manual count,138,254,38810,196,4202,498,107,50,28,41,48,772,44234
27898,2007,A60,Major,A6008,Station St,457880,339200,52.9470923,-1.14005373,0.2,0.1,Estimated,Estimated using AADF from previous year on this link,87,257,36986,188,4584,491,105,55,24,39,49,763,42778
27898,2008,A60,Major,A6008,Station St,457880,339200,52.9470923,-1.14005373,0.2,0.1,Estimated,Estimated using AADF from previous year on this link,97,239,36283,191,4800,472,114,55,21,35,48,745,42258
27898,2009,A60,Major,A6008,Station St,457880,339200,52.9470923,-1.14005373,0.2,0.1,Counted,Manual count,284,205,28772,128,3314,256,48,37,14,51,43,449,32868
27898,2010,A60,Major,A6008,Station St,457880,339200,52.9470923,-1.14005373,0.2,0.1,Counted,Manual count,164,297,35584,128,4226,412,111,49,46,15,36,669,40904
27898,2011,A60,Major,A6008,Station St,457880,339200,52.9470923,-1.14005373,0.2,0.1,Estimated,Estimated using AADF from previous year on this link,181,314,35406,128,4357,410,120,55,35,15,38,673,40878
27898,2012,A60,Major,A6008,Station St,457880,339200,52.9470923,-1.14005373,0.2,0.1,Counted,Manual count,197,271,36398,181,4103,419,94,75,44,47,17,696,41650
27898,2013,A60,Major,A6008,Station St,457880,339200,52.9470923,-1.14005373,0.2,0.1,Estimated,Estimated using AADF from previous year on this link,194,271,36192,171,4150,418,101,84,32,44,17,697,41480
27898,2014,A60,Major,A6008,Station St,457880,339200,52.9470923,-1.14005373,0.2,0.1,Counted,Manual count,214,187,36987,159,4371,378,136,72,14,9,55,663,42367
27898,2015,A60,Major,A6008,Station St,457880,339200,52.9470923,-1.14005373,0.2,0.1,Estimated,Estimated using AADF from previous year on this link,199,190,36309,157,4597,367,143,70,17,9,54,660,41914
27898,2016,A60,Major,A6008,Station St,457880,339200,52.9470923,-1.14005373,0.2,0.1,Estimated,Estimated using AADF from previous year on this link,186,186,36875,146,5022,373,141,79,18,8,54,672,42901
27898,2017,A60,Major,A6008,Station St,457880,339200,52.9470923,-1.14005373,0.2,0.1,Counted,Manual count,163,361,35205,139,4301,334,121,37,19,34,8,552,40557
27898,2018,A60,Major,A6008,Station St,457880,339200,52.9470923,-1.14005373,0.2,0.1,Estimated,Estimated using AADF from previous year on this link,180,357,34817,126,4381,337,120,36,19,35,8,555,40236
27898,2019,A60,Major,A6008,Station St,457880,339200,52.9470923,-1.14005373,0.2,0.1,Estimated,Estimated using AADF from previous year on this link,198,334,35254,127,4343,332,122,36,20,36,8,555,40613
27898,2020,A60,Major,A6008,Station St,457880,339200,52.9470923,-1.14005373,0.2,0.1,Estimated,Estimated using AADF from previous year on this link,227,247,26778,80,3833,292,106,33,17,32,7,487,31425
27898,2021,A60,Major,A6008,Station St,457880,339200,52.9470923,-1.14005373,0.2,0.1,Estimated,Estimated using AADF from previous year on this link,185,262,29502,83,4178,313,114,36,18,34,7,522,34547
27898,2022,A60,Major,A6008,Station St,457880,339200,52.9470923,-1.14005373,0.2,0.1,Estimated,Estimated using AADF from previous year on this link,166,286,31511,89,4529,324,118,38,19,35,8,541,36956
27898,2023,A60,Major,A6008,Station St,457880,339200,52.9470923,-1.14005373,0.2,0.1,Estimated,Estimated using AADF from previous year on this link,163,282,32103,90,4606,319,116,37,19,34,7,533,37615
27898,2024,A60,Major,A6008,Station St,457880,339200,52.9470923,-1.14005373,0.2,0.1,Counted,Manual count,159,204,30773,76,4308,164,37,39,2,20,15,277,35637
27898,2025,A60,Major,A6008,Station St,457880,339200,52.9470923,-1.14005373,0.2,0.1,Estimated,Estimated using AADF from previous year on this link,160,208,30809,74,4397,163,37,40,2,20,15,276,35764
27899,2000,A6464,Major,Derby Road,University Boulevard,452843,338029,52.93708536,-1.21519698,1.3,0.8,Counted,Manual count,182,285,15069,254,1850,294,40,27,29,23,18,431,17889
27899,2001,A6464,Major,Derby Road,University Boulevard,452843,338029,52.93708536,-1.21519698,1.3,0.8,Estimated,Estimated using AADF from previous year on this link,174,299,14602,266,1863,280,44,27,23,18,18,410,17440
27899,2002,A6464,Major,Derby Road,University Boulevard,452843,338029,52.93708536,-1.21519698,1.3,0.8,Estimated,Estimated using AADF from previous year on this link,181,310,14835,268,1997,264,44,27,21,15,20,391,17801
27899,2003,A6464,Major,Derby Road,University Boulevard,452843,338029,52.93708536,-1.21519698,1.3,0.8,Estimated,Estimated using AADF from previous year on this link,161,441,14287,260,2169,256,46,29,20,14,22,387,17544
27899,2004,A6464,Major,Derby Road,University Boulevard,452843,338029,52.93708536,-1.21519698,1.3,0.8,Counted,Manual count,426,217,18154,238,2169,349,44,47,38,41,36,555,21333
27899,2005,A6464,Major,Derby Road,University Boulevard,452843,338029,52.93708536,-1.21519698,1.3,0.8,Estimated,Estimated using AADF from previous year on this link,361,179,17318,225,2313,379,46,54,31,33,35,578,20613
27899,2006,A6464,Major,Derby Road,University Boulevard,452843,338029,52.93708536,-1.21519698,1.3,0.8,Estimated,Estimated using AADF from previous year on this link,565,156,16990,209,2347,365,44,54,24,26,34,547,20249
27899,2007,A6464,Major,Derby Road,University Boulevard,452843,338029,52.93708536,-1.21519698,1.3,0.8,Estimated,Estimated using AADF from previous year on this link,353,188,16554,213,2563,382,46,62,24,28,39,581,20099
27899,2008,A6464,Major,A52,A6005,452843,338029,52.93708536,-1.21519698,1.3,0.8,Counted,Manual count,331,178,15261,254,1908,249,53,24,14,25,38,403,18004
27899,2009,A6464,Major,A52,A6005,452843,338029,52.93708536,-1.21519698,1.3,0.8,Estimated,Estimated using AADF from previous year on this link,331,199,15597,252,1936,226,53,22,13,22,37,373,18357
27899,2010,A6464,Major,A52,A6005,452843,338029,52.93708536,-1.21519698,1.3,0.8,Estimated,Estimated using AADF from previous year on this link,333,189,15503,286,2068,240,53,19,15,21,37,385,18431
27899,2011,A6464,Major,A52,A6005,452843,338029,52.93708536,-1.21519698,1.3,0.8,Estimated,Estimated using AADF from previous year on this link,367,160,15456,271,2308,244,58,21,12,21,40,396,18591
27899,2012,A6464,Major,A52,A6005,452843,338029,52.93708536,-1.21519698,1.3,0.8,Estimated,Estimated using AADF from previous year on this link,347,153,15215,295,2335,247,63,24,8,19,38,399,18397
27899,2013,A6464,Major,A52,A6005,452843,338029,52.93708536,-1.21519698,1.3,0.8,Estimated,Estimated using AADF from previous year on this link,343,170,15081,308,2427,249,69,27,6,18,39,407,18394
27899,2014,A6464,Major,A52,A6005,452843,338029,52.93708536,-1.21519698,1.3,0.8,Estimated,Estimated using AADF from previous year on this link,333,163,15490,297,2596,255,76,30,6,15,37,417,18962
27899,2015,A6464,Major,A52,A6005,452843,338029,52.93708536,-1.21519698,1.3,0.8,Estimated,Estimated using AADF from previous year on this link,309,144,15796,319,2722,242,78,28,7,14,35,404,19385
27899,2016,A6464,Major,A52,A6005,452843,338029,52.93708536,-1.21519698,1.3,0.8,Counted,Manual count,534,133,13935,328,1864,233,15,9,15,37,31,341,16600
27899,2017,A6464,Major,A52,A6005,452843,338029,52.93708536,-1.21519698,1.3,0.8,Estimated,Estimated using AADF from previous year on this link,511,135,13832,306,1962,232,15,9,16,37,32,341,16576
27899,2018,A6464,Major,A52,A6005,452843,338029,52.93708536,-1.21519698,1.4,0.9,Estimated,Estimated using AADF from previous year on this link,565,133,13680,277,1999,234,15,9,16,38,34,346,16435
27899,2019,A6464,Major,A52,A6005,452843,338029,52.93708536,-1.21519698,1.4,0.9,Estimated,Estimated using AADF from previous year on this link,620,125,13852,280,1981,231,16,9,16,40,34,345,16583
27899,2020,A6464,Major,A52,A6005,452843,338029,52.93708536,-1.21519698,1.4,0.9,Estimated,Estimated using AADF from previous year on this link,709,92,10521,177,1749,203,13,8,14,35,29,303,12842
27899,2021,A6464,Major,A52,A6005,452843,338029,52.93708536,-1.21519698,1.4,0.9,Estimated,Estimated using AADF from previous year on this link,579,98,11592,183,1906,217,14,9,15,37,31,324,14103
27899,2022,A6464,Major,A52,A6005,452843,338029,52.93708536,-1.21519698,1.4,0.9,Estimated,Estimated using AADF from previous year on this link,518,107,12381,197,2067,225,15,9,16,38,32,335,15086
27899,2023,A6464,Major,A52,A6005,452843,338029,52.93708536,-1.21519698,1.4,0.9,Estimated,Estimated using AADF from previous year on this link,510,105,12614,198,2102,222,15,9,16,37,31,330,15349
27899,2024,A6464,Major,A52,A6005,452843,338029,52.93708536,-1.21519698,1.4,0.9,Estimated,Estimated using AADF from previous year on this link,516,109,12805,199,2139,225,15,9,15,36,30,330,15582
27899,2025,A6464,Major,A52,A6005,452843,338029,52.93708536,-1.21519698,1.4,0.9,Estimated,Estimated using AADF from previous year on this link,517,111,12820,195,2183,223,15,9,16,35,29,327,15636
28303,2000,A60,Major,Station St,A6008,457860,339400,52.94889211,-1.14031576,0.2,0.1,Estimated,Estimated using AADF from previous year on this link,224,433,40058,237,5519,822,130,52,63,44,66,1177,47424
28303,2001,A60,Major,Station St,A6008,457860,339400,52.94889211,-1.14031576,0.2,0.1,Estimated,Estimated using AADF from previous year on this link,214,448,40859,241,5497,805,150,52,55,38,74,1174,48219
28303,2002,A60,Major,Station St,A6008,457860,339400,52.94889211,-1.14031576,0.2,0.1,Counted,Manual count,244,426,44656,182,4551,631,94,68,61,51,29,934,50749
28303,2003,A60,Major,Station St,A6008,457860,339400,52.94889211,-1.14031576,0.2,0.1,Estimated,Estimated using AADF from previous year on this link,218,478,44031,163,4961,677,106,80,58,45,32,998,50631
28303,2004,A60,Major,Station St,A6008,457860,339400,52.94889211,-1.14031576,0.2,0.1,Estimated,Estimated using AADF from previous year on this link,176,422,44119,151,4916,680,113,87,55,40,35,1010,50618
28303,2005,A60,Major,Station St,A6008,457860,339400,52.94889211,-1.14031576,0.2,0.1,Estimated,Estimated using AADF from previous year on this link,149,426,43015,149,5044,653,106,89,49,34,36,967,49601
28303,2006,A60,Major,Station St,A6008,457860,339400,52.94889211,-1.14031576,0.2,0.1,Estimated,Estimated using AADF from previous year on this link,235,442,43145,147,5125,668,106,95,44,31,40,984,49843
28303,2007,A60,Major,Station St,A6008,457860,339400,52.94889211,-1.14031576,0.2,0.1,Estimated,Estimated using AADF from previous year on this link,146,446,41117,141,5591,660,104,104,37,30,40,975,48270
28303,2008,A60,Major,Station St,A6008,457860,339400,52.94889211,-1.14031576,0.2,0.1,Estimated,Estimated using AADF from previous year on this link,164,416,40336,143,5853,633,113,106,33,26,40,951,47699
28303,2009,A60,Major,Station St,A6008,457860,339400,52.94889211,-1.14031576,0.2,0.1,Counted,Manual count,491,244,36606,176,4467,516,91,29,55,35,17,743,42236
28303,2010,A60,Major,Station St,A6008,457860,339400,52.94889211,-1.14031576,0.2,0.1,Counted,Manual count,402,223,33742,168,3810,420,112,53,29,22,29,665,38608
28303,2011,A60,Major,Station St,A6008,457860,339400,52.94889211,-1.14031576,0.2,0.1,Counted,Manual count,412,343,37371,258,4413,451,95,42,88,13,41,730,43115
28303,2012,A60,Major,Station St,A6008,457860,339400,52.94889211,-1.14031576,0.2,0.1,Estimated,Estimated using AADF from previous year on this link,390,310,37213,277,4238,399,91,42,64,12,41,648,42685
28303,2013,A60,Major,Station St,A6008,457860,339400,52.94889211,-1.14031576,0.2,0.1,Counted,Manual count,527,307,36868,227,4570,358,160,37,21,20,35,630,42602
28303,2014,A60,Major,Station St,A6008,457860,339400,52.94889211,-1.14031576,0.2,0.1,Estimated,Estimated using AADF from previous year on this link,511,327,36486,241,5203,378,183,42,23,19,39,684,42940
28303,2015,A60,Major,Station St,A6008,457860,339400,52.94889211,-1.14031576,0.2,0.1,Counted,Manual count,916,269,39075,119,5055,333,103,51,15,17,30,548,45066
28303,2016,A60,Major,Station St,A6008,457860,339400,52.94889211,-1.14031576,0.2,0.1,Estimated,Estimated using AADF from previous year on this link,854,263,39685,110,5521,338,102,57,15,15,29,557,46136
28303,2017,A60,Major,Station St,A6008,457860,339400,52.94889211,-1.14031576,0.2,0.1,Estimated,Estimated using AADF from previous year on this link,818,265,39393,103,5812,336,104,59,16,15,30,559,46133
28303,2018,A60,Major,Station St,A6008,457860,339400,52.94889211,-1.14031576,0.2,0.1,Estimated,Estimated using AADF from previous year on this link,903,263,38959,93,5921,339,104,57,16,15,32,562,45798
28303,2019,A60,Major,Station St,A6008,457860,339400,52.94889211,-1.14031576,0.2,0.1,Counted,Manual count,314,324,36047,208,4896,313,96,33,6,26,20,493,41968
28303,2020,A60,Major,Station St,A6008,457860,339400,52.94889211,-1.14031576,0.2,0.1,Estimated,Estimated using AADF from previous year on this link,359,240,27381,132,4321,275,83,29,5,23,17,432,32505
28303,2021,A60,Major,Station St,A6008,457860,339400,52.94889211,-1.14031576,0.2,0.1,Estimated,Estimated using AADF from previous year on this link,293,254,30166,136,4710,294,89,32,5,24,19,464,35729
28303,2022,A60,Major,Station St,A6008,457860,339400,52.94889211,-1.14031576,0.2,0.1,Counted,Manual count,212,254,32946,171,4920,623,72,68,3,23,33,823,39114
28303,2023,A60,Major,Station St,A6008,457860,339400,52.94889211,-1.14031576,0.2,0.1,Estimated,Estimated using AADF from previous year on this link,208,250,33566,173,5003,615,71,67,3,23,32,811,39803
28303,2024,A60,Major,Station St,A6008,457860,339400,52.94889211,-1.14031576,0.2,0.1,Estimated,Estimated using AADF from previous year on this link,210,258,34074,174,5093,625,71,66,3,22,31,817,40416
28303,2025,A60,Major,Station St,A6008,457860,339400,52.94889211,-1.14031576,0.2,0.1,Estimated,Estimated using AADF from previous year on this link,211,263,34115,170,5197,618,71,67,3,21,30,812,40557
28415,2000,A6008,Major,A610 South Sherwood Street,A60 Milton Street,457200,340080,52.95507476,-1.15001786,0.2,0.1,Estimated,Estimated using AADF from previous year on this link,104,408,13520,1559,1850,320,22,17,12,8,3,382,17719
28415,2001,A6008,Major,A610 South Sherwood Street,A60 Milton Street,457200,340080,52.95507476,-1.15001786,0.2,0.1,Counted,Manual count,69,175,12065,1761,1578,271,35,5,10,9,6,336,15915
28415,2002,A6008,Major,A610 South Sherwood Street,A60 Milton Street,457200,340080,52.95507476,-1.15001786,0.2,0.1,Estimated,Estimated using AADF from previous year on this link,72,181,12258,1775,1692,256,36,5,9,8,7,321,16227
28415,2003,A6008,Major,A610 South Sherwood Street,A60 Milton Street,457200,340080,52.95507476,-1.15001786,0.2,0.1,Estimated,Estimated using AADF from previous year on this link,64,258,11804,1727,1838,248,37,5,9,7,8,314,15941
28415,2004,A6008,Major,A610 South Sherwood Street,A60 Milton Street,457200,340080,52.95507476,-1.15001786,0.2,0.1,Estimated,Estimated using AADF from previous year on this link,52,169,11958,1414,2023,302,47,7,9,7,9,381,15945
28415,2005,A6008,Major,A610 South Sherwood Street,A60 Milton Street,457200,340080,52.95507476,-1.15001786,0.2,0.1,Estimated,Estimated using AADF from previous year on this link,44,139,11408,1335,2157,327,50,8,7,5,9,406,15445
28415,2006,A6008,Major,A610 South Sherwood Street,A60 Milton Street,457200,340080,52.95507476,-1.15001786,0.2,0.1,Estimated,Estimated using AADF from previous year on this link,69,121,11191,1239,2189,315,47,8,6,4,8,388,15128
28415,2007,A6008,Major,A610 South Sherwood Street,A60 Milton Street,457200,340080,52.95507476,-1.15001786,0.2,0.1,Estimated,Estimated using AADF from previous year on this link,43,116,11012,1128,2305,293,44,8,5,4,8,362,14923
28415,2008,A6008,Major,A610 South Sherwood Street,A60 Milton Street,457200,340080,52.95507476,-1.15001786,0.2,0.1,Estimated,Estimated using AADF from previous year on this link,48,111,10770,980,2353,293,49,9,4,3,8,366,14580
28415,2009,A6008,Major,A610 South Sherwood Street,A60 Milton Street,457200,340080,52.95507476,-1.15001786,0.2,0.1,Counted,Manual count,167,7,850,2444,266,46,14,0,4,0,2,66,3633
28415,2010,A6008,Major,A610 South Sherwood Street,A60 Milton Street,457200,340080,52.95507476,-1.15001786,0.2,0.1,Counted,Manual count,84,10,1181,3039,222,45,6,0,1,0,0,52,4504
28415,2011,A6008,Major,A610 South Sherwood Street,A60 Milton Street,457200,340080,52.95507476,-1.15001786,0.2,0.1,Counted,Manual count,263,6,655,3761,179,36,7,1,2,0,0,46,4647
28415,2012,A6008,Major,A610 South Sherwood Street,A60 Milton Street,457200,340080,52.95507476,-1.15001786,0.2,0.1,Estimated,Estimated using AADF from previous year on this link,249,6,645,4090,181,36,8,1,1,0,0,47,4968
28415,2013,A6008,Major,A610 South Sherwood Street,A60 Milton Street,457200,340080,52.95507476,-1.15001786,0.2,0.1,Estimated,Estimated using AADF from previous year on this link,246,6,639,4275,188,37,8,1,1,0,0,47,5156
28415,2014,A6008,Major,A610 South Sherwood Street,A60 Milton Street,457200,340080,52.95507476,-1.15001786,0.2,0.1,Estimated,Estimated using AADF from previous year on this link,238,6,656,4116,201,38,9,1,1,0,0,49,5029
28415,2015,A6008,Major,A610 South Sherwood Street,A60 Milton Street,457200,340080,52.95507476,-1.15001786,0.2,0.1,Estimated,Estimated using AADF from previous year on this link,222,5,669,4434,211,36,9,1,1,0,0,48,5367
28415,2016,A6008,Major,A610 South Sherwood Street,A60 Milton Street,457200,340080,52.95507476,-1.15001786,0.2,0.1,Estimated,Estimated using AADF from previous year on this link,206,5,680,4108,231,36,9,2,1,0,0,48,5072
28415,2017,A6008,Major,A610 South Sherwood Street,A60 Milton Street,457200,340080,52.95507476,-1.15001786,0.2,0.1,Estimated,Estimated using AADF from previous year on this link,198,5,675,3836,243,36,10,2,1,0,0,48,4807
28415,2018,A6008,Major,A610 South Sherwood Street,A60 Milton Street,457200,340080,52.95507476,-1.15001786,0.2,0.1,Estimated,Estimated using AADF from previous year on this link,218,5,667,3479,247,36,9,2,1,0,0,48,4447
28415,2019,A6008,Major,A610 South Sherwood Street,A60 Milton Street,457200,340080,52.95507476,-1.15001786,0.2,0.1,Counted,Manual count,195,154,742,2303,174,36,7,0,3,0,0,46,3418
28415,2020,A6008,Major,A610 South Sherwood Street,A60 Milton Street,457200,340080,52.95507476,-1.15001786,0.2,0.1,Estimated,Estimated using AADF from previous year on this link,223,114,564,1454,153,32,6,0,3,0,0,41,2325
28415,2021,A6008,Major,A610 South Sherwood Street,A60 Milton Street,457200,340080,52.95507476,-1.15001786,0.2,0.1,Estimated,Estimated using AADF from previous year on this link,182,120,621,1501,167,34,7,0,3,0,0,43,2453
28415,2022,A6008,Major,A610 South Sherwood Street,A60 Milton Street,457200,340080,52.95507476,-1.15001786,0.2,0.1,Estimated,Estimated using AADF from previous year on this link,163,132,663,1614,181,35,7,0,3,0,0,45,2635
28415,2023,A6008,Major,A610 South Sherwood Street,A60 Milton Street,457200,340080,52.95507476,-1.15001786,0.2,0.1,Estimated,Estimated using AADF from previous year on this link,161,130,676,1629,184,35,7,0,3,0,0,44,2663
28415,2024,A6008,Major,A610 South Sherwood Street,A60 Milton Street,457200,340080,52.95507476,-1.15001786,0.2,0.1,Estimated,Estimated using AADF from previous year on this link,162,134,686,1636,187,35,7,0,3,0,0,45,2688
28415,2025,A6008,Major,A610 South Sherwood Street,A60 Milton Street,457200,340080,52.95507476,-1.15001786,0.2,0.1,Estimated,Estimated using AADF from previous year on this link,163,136,687,1599,191,35,7,0,3,0,0,45,2658
37407,2000,A6008,Major,Collin St,A610,457000,339800,52.9525793,-1.15304362,0.7,0.4,Estimated,Estimated using AADF from previous year on this link,177,282,24166,500,2875,407,59,19,26,35,11,557,28380
37407,2001,A6008,Major,Collin St,A610,457000,339800,52.9525793,-1.15304362,0.7,0.4,Estimated,Estimated using AADF from previous year on this link,169,293,24650,510,2863,399,67,19,23,30,13,551,28867
37407,2002,A6008,Major,Collin St,A610,457000,339800,52.9525793,-1.15304362,0.7,0.4,Counted,Manual count,156,444,21983,1326,3006,440,93,27,30,31,6,627,27386
37407,2003,A6008,Major,Collin St,A610,457000,339800,52.9525793,-1.15304362,0.7,0.4,Estimated,Estimated using AADF from previous year on this link,139,498,21676,1184,3277,472,106,32,28,28,6,672,27307
37407,2004,A6008,Major,Collin St,A610,457000,339800,52.9525793,-1.15304362,0.7,0.4,Estimated,Estimated using AADF from previous year on this link,112,439,21719,1102,3247,474,112,35,28,24,7,680,27187
37407,2005,A6008,Major,Collin St,A610,457000,339800,52.9525793,-1.15304362,0.7,0.4,Estimated,Estimated using AADF from previous year on this link,95,444,21176,1084,3331,456,104,35,24,21,8,648,26683
37407,2006,A6008,Major,Collin St,A610,457000,339800,52.9525793,-1.15304362,0.7,0.4,Estimated,Estimated using AADF from previous year on this link,150,461,21239,1066,3385,466,104,39,22,19,8,658,26809
37407,2007,A6008,Major,Collin St,A610,457000,339800,52.9525793,-1.15304362,0.7,0.4,Estimated,Estimated using AADF from previous year on this link,94,466,20241,1026,3693,460,103,41,19,18,9,650,26076
37407,2008,A6008,Major,A6008 Collin St,A610,457000,339800,52.9525793,-1.15304362,0.7,0.4,Estimated,Estimated using AADF from previous year on this link,105,435,19856,1036,3867,442,112,42,17,16,8,637,25831
37407,2009,A6008,Major,A6008 Collin St,A610,457000,339800,52.9525793,-1.15304362,0.7,0.4,Counted,Manual count,287,321,20880,1358,2992,297,130,44,27,25,12,535,26086
37407,2010,A6008,Major,A6008 Collin St,A610,457000,339800,52.9525793,-1.15304362,0.7,0.4,Estimated,Estimated using AADF from previous year on this link,287,295,20441,1427,3007,295,123,36,30,22,11,517,25687
37407,2011,A6008,Major,A6008 Collin St,A610,457000,339800,52.9525793,-1.15304362,0.7,0.4,Estimated,Estimated using AADF from previous year on this link,316,313,20339,1426,3100,293,132,40,23,22,11,521,25699
37407,2012,A6008,Major,A6008 Collin St,A610,457000,339800,52.9525793,-1.15304362,0.7,0.4,Estimated,Estimated using AADF from previous year on this link,299,282,20253,1532,2977,259,126,40,17,20,11,473,25518
37407,2013,A6008,Major,A6008 Collin St,A610,457000,339800,52.9525793,-1.15304362,0.7,0.4,Counted,Manual count,213,147,20431,1632,2502,311,88,76,28,35,22,559,25271
37407,2014,A6008,Major,A6008 Collin St,A610,457000,339800,52.9525793,-1.15304362,0.7,0.4,Estimated,Estimated using AADF from previous year on this link,207,156,20219,1732,2849,329,101,85,29,34,25,603,25559
37407,2015,A6008,Major,A6008 Collin St,A610,457000,339800,52.9525793,-1.15304362,0.7,0.4,Estimated,Estimated using AADF from previous year on this link,192,159,19848,1718,2997,320,106,83,36,33,24,602,25323
37407,2016,A6008,Major,A6008 Collin St,A610,457000,339800,52.9525793,-1.15304362,0.7,0.4,Estimated,Estimated using AADF from previous year on this link,179,156,20158,1591,3273,324,105,94,37,30,24,613,25791
37407,2017,A6008,Major,A6008 Collin St,A610,456991,339774,52.95234656,-1.15318212,0.7,0.4,Counted,Manual count,308,211,18649,1515,2885,363,83,23,5,36,37,547,23806
37407,2018,A6008,Major,A6008 Collin St,A610,456991,339774,52.95234656,-1.15318212,0.7,0.4,Estimated,Estimated using AADF from previous year on this link,340,209,18444,1374,2939,366,83,22,5,37,39,552,23517
37407,2019,A6008,Major,A6008 Collin St,A610,456991,339774,52.95234656,-1.15318212,0.7,0.4,Estimated,Estimated using AADF from previous year on this link,373,196,18675,1389,2913,362,84,23,5,38,39,550,23723
37407,2020,A6008,Major,A6008 Collin St,A610,456991,339774,52.95234656,-1.15318212,0.7,0.4,Estimated,Estimated using AADF from previous year on this link,426,145,14185,877,2571,318,73,20,4,34,34,483,18261
37407,2021,A6008,Major,A6008 Collin St,A610,456991,339774,52.95234656,-1.15318212,0.7,0.4,Counted,Manual count,324,193,11547,1207,2125,169,70,40,3,17,32,329,15403
37407,2022,A6008,Major,A6008 Collin St,A610,456991,339774,52.95234656,-1.15318212,0.7,0.4,Estimated,Estimated using AADF from previous year on this link,289,211,12333,1298,2304,174,72,42,3,17,32,341,16488
37407,2023,A6008,Major,A6008 Collin St,A610,456991,339774,52.95234656,-1.15318212,0.7,0.4,Estimated,Estimated using AADF from previous year on this link,285,209,12565,1310,2343,172,71,41,3,17,31,336,16763
37407,2024,A6008,Major,A6008 Collin St,A610,456991,339774,52.95234656,-1.15318212,0.7,0.4,Estimated,Estimated using AADF from previous year on this link,288,215,12756,1315,2385,175,71,41,3,16,30,336,17007
37407,2025,A6008,Major,A6008 Collin St,A610,456991,339774,52.95234656,-1.15318212,0.7,0.4,Estimated,Estimated using AADF from previous year on this link,289,219,12771,1286,2434,173,72,42,3,16,29,334,17044
37409,2000,A610,Major,B6008 roundabout,A6514,454000,343260,52.98398797,-1.19711516,2,1.2,Estimated,Estimated using AADF from previous year on this link,144,320,35437,470,4962,1128,150,116,179,272,148,1993,43182
37409,2001,A610,Major,B6008 roundabout,A6514,454000,343260,52.98398797,-1.19711516,2,1.2,Counted,Manual count,168,280,33794,507,4261,1243,185,162,164,261,210,2225,41067
37409,2002,A610,Major,B6008 roundabout,A6514,454000,343260,52.98398797,-1.19711516,2,1.2,Estimated,Estimated using AADF from previous year on this link,175,283,33727,518,4269,1197,192,169,150,227,230,2165,40962
37409,2003,A610,Major,B6008 roundabout,A6514,454000,343260,52.98398797,-1.19711516,2,1.2,Counted,Manual count,262,340,32103,379,4082,946,140,82,170,341,167,1846,38750
37409,2004,A610,Major,B6008 roundabout,A6514,454000,343260,52.98398797,-1.19711516,2,1.2,Counted,Manual count,113,153,31400,291,4427,1001,157,199,166,221,237,1981,38252
37409,2005,A610,Major,B6008 roundabout,A6514,454000,343260,52.98398797,-1.19711516,2,1.2,Counted,Manual count,179,303,32816,243,4899,915,154,101,133,279,274,1856,40117
37409,2006,A610,Major,B6008 roundabout,A6514,454000,343260,52.98398797,-1.19711516,2,1.2,Counted,Manual count,104,313,34637,313,5672,933,185,138,122,423,274,2075,43010
37409,2007,A610,Major,B6008 roundabout,A6514,454000,343260,52.98398797,-1.19711516,2,1.2,Counted,Manual count,127,270,32601,351,5447,844,159,115,115,295,235,1763,40432
37409,2008,A610,Major,B6008,A6514,454000,343260,52.98398797,-1.19711516,2,1.2,Counted,Manual count,337,259,30537,334,5109,756,178,99,118,309,195,1655,37894
37409,2009,A610,Major,B6008,A6514,454000,343260,52.98398797,-1.19711516,2,1.2,Counted,Manual count,286,236,37943,335,5469,836,133,82,116,234,155,1556,45539
37409,2010,A610,Major,B6008,A6514,454000,343260,52.98398797,-1.19711516,2,1.2,Estimated,Estimated using AADF from previous year on this link,286,218,37146,352,5496,829,126,67,125,204,143,1494,44706
37409,2011,A610,Major,B6008,A6514,454000,343260,52.98398797,-1.19711516,2,1.2,Counted,Manual count,99,159,34386,283,5356,812,137,100,32,97,561,1739,41923
37409,2012,A610,Major,B6008,A6514,454000,343260,52.98398797,-1.19711516,2,1.2,Estimated,Estimated using AADF from previous year on this link,94,143,34240,304,5143,718,131,100,23,90,557,1618,41450
37409,2013,A610,Major,B6008,A6514,454000,343260,52.98398797,-1.19711516,2,1.2,Counted,Manual count,107,197,31017,377,5199,679,116,94,63,86,406,1445,38236
37409,2014,A610,Major,B6008,A6514,454000,343260,52.98398797,-1.19711516,2,1.2,Estimated,Estimated using AADF from previous year on this link,103,209,30696,401,5920,718,133,106,67,85,459,1567,38793
37409,2015,A610,Major,B6008,A6514,454000,343260,52.98398797,-1.19711516,2,1.2,Counted,Manual count,151,257,32822,268,5773,696,196,171,58,136,424,1682,40802
37409,2016,A610,Major,B6008,A6514,454000,343260,52.98398797,-1.19711516,2,1.2,Estimated,Estimated using AADF from previous year on this link,141,251,33334,248,6306,706,194,193,60,121,418,1692,41832
37409,2017,A610,Major,B6008,A6514,454000,343260,52.98398797,-1.19711516,2,1.2,Estimated,Estimated using AADF from previous year on this link,135,254,33089,232,6638,701,197,198,63,120,434,1714,41926
37409,2018,A610,Major,B6008,A6514,454000,343260,52.98398797,-1.19711516,2.2,1.4,Estimated,Estimated using AADF from previous year on this link,149,251,32724,210,6763,708,197,192,64,124,454,1738,41686
37409,2019,A610,Major,B6008,A6514,454000,343260,52.98398797,-1.19711516,2.2,1.4,Counted,Manual count,147,165,33717,244,6074,534,118,124,45,157,342,1321,41521
37409,2020,A610,Major,B6008,A6514,454000,343260,52.98398797,-1.19711516,2.2,1.4,Estimated,Estimated using AADF from previous year on this link,168,122,25610,154,5360,469,103,111,39,139,298,1159,32406
37409,2021,A610,Major,B6008,A6514,454000,343260,52.98398797,-1.19711516,2.2,1.4,Counted,Manual count,149,184,26747,234,5785,730,173,151,47,170,356,1627,34577
37409,2022,A610,Major,B6008,A6514,454000,343260,52.98398797,-1.19711516,2.2,1.4,Estimated,Estimated using AADF from previous year on this link,133,201,28569,251,6272,756,178,160,49,174,364,1681,36974
37409,2023,A610,Major,B6008,A6514,454000,343260,52.98398797,-1.19711516,2.2,1.4,Counted,Manual count,92,171,30995,254,6556,466,97,159,8,136,332,1198,39174
37409,2024,A610,Major,B6008,A6514,454000,343260,52.98398797,-1.19711516,2.2,1.4,Estimated,Estimated using AADF from previous year on this link,93,176,31465,255,6674,473,98,155,7,132,321,1187,39756
37409,2025,A610,Major,B6008,A6514,454000,343260,52.98398797,-1.19711516,2.2,1.4,Estimated,Estimated using AADF from previous year on this link,93,180,31502,249,6811,469,98,159,8,129,315,1177,39919
37416,2000,A52,Major,A6200,A6005,454717,338620,52.94221065,-1.18721796,0.7,0.4,Counted,Manual count,218,646,49930,442,6707,1681,157,155,349,448,269,3059,60784
37416,2001,A52,Major,A6200,A6005,454717,338620,52.94221065,-1.18721796,0.7,0.4,Estimated,Estimated using AADF from previous year on this link,209,669,50929,450,6680,1648,180,155,306,384,301,2974,61702
37416,2002,A52,Major,A6200,A6005,454717,338620,52.94221065,-1.18721796,0.7,0.4,Estimated,Estimated using AADF from previous year on this link,218,676,50827,460,6694,1587,188,161,279,333,329,2877,61534
37416,2003,A52,Major,A6200,A6005,454717,338620,52.94221065,-1.18721796,0.7,0.4,Estimated,Estimated using AADF from previous year on this link,195,759,50116,411,7296,1703,213,189,267,296,362,3030,61612
37416,2004,A52,Major,A6200,A6005,454717,338620,52.94221065,-1.18721796,0.7,0.4,Counted,Manual count,624,574,55917,581,7709,1427,203,166,249,473,362,2880,67661
37416,2005,A52,Major,A6200,A6005,454717,338620,52.94221065,-1.18721796,0.7,0.4,Estimated,Estimated using AADF from previous year on this link,528,580,54519,572,7909,1371,190,169,220,411,381,2742,66322
37416,2006,A52,Major,A6200,A6005,454717,338620,52.94221065,-1.18721796,0.7,0.4,Estimated,Estimated using AADF from previous year on this link,829,602,54683,563,8036,1403,189,183,199,367,412,2753,66637
37416,2007,A52,Major,A6200,A6005,454717,338620,52.94221065,-1.18721796,0.7,0.4,Estimated,Estimated using AADF from previous year on this link,517,608,52113,542,8767,1384,186,198,170,347,421,2706,64736
37416,2008,A52,Major,A6200,A6005,454717,338620,52.94221065,-1.18721796,0.7,0.4,Estimated,Estimated using AADF from previous year on this link,580,568,51123,547,9179,1329,201,203,148,305,411,2597,64014
37416,2009,A52,Major,A6200,A6005,454717,338620,52.94221065,-1.18721796,0.7,0.4,Estimated,Estimated using AADF from previous year on this link,580,536,50305,535,9941,1279,210,203,140,269,407,2508,63825
37416,2010,A52,Major,A6200,A6005,454717,338620,52.94221065,-1.18721796,0.7,0.4,Counted,Manual count,161,455,51038,673,6810,924,189,123,119,298,343,1996,60972
37416,2011,A52,Major,A6200,A6005,454717,338620,52.94221065,-1.18721796,0.7,0.4,Counted,Manual count,428,601,56635,564,7180,1156,183,116,133,340,350,2278,67258
37416,2012,A52,Major,A6200,A6005,454717,338620,52.94221065,-1.18721796,0.7,0.4,Counted,Manual count,435,462,56950,586,7961,1182,240,152,136,391,346,2446,68404
37416,2013,A52,Major,A6200,A6005,454717,338620,52.94221065,-1.18721796,0.7,0.4,Counted,Manual count,366,543,57148,669,9889,1184,246,157,76,132,494,2289,70539
37416,2014,A52,Major,A6200,A6005,454717,338620,52.94221065,-1.18721796,0.7,0.4,Counted,Manual count,533,566,50922,649,8997,1026,209,265,70,226,519,2314,63449
37416,2015,A52,Major,A6200,A6005,454717,338620,52.94221065,-1.18721796,0.7,0.4,Counted,Manual count,492,620,48914,605,8789,1389,194,157,84,171,465,2459,61387
37416,2016,A52,Major,A6200,A6005,454717,338620,52.94221065,-1.18721796,0.7,0.4,Estimated,Estimated using AADF from previous year on this link,585,644,50377,617,9492,1474,188,178,88,164,486,2577,63708
37416,2017,A52,Major,A6200,A6005,454717,338620,52.94221065,-1.18721796,0.7,0.4,Counted,Manual count,107,466,56921,514,9767,1049,161,217,124,463,218,2232,69899
37416,2018,A52,Major,A6200,A6005,454717,338620,52.94221065,-1.18721796,0.8,0.5,Estimated,Estimated using AADF from previous year on this link,110,489,56728,498,10227,1068,162,224,126,468,220,2267,70208
37416,2019,A52,Major,A6200,A6005,454717,338620,52.94221065,-1.18721796,0.8,0.5,Counted,Manual count,430,500,57494,458,9393,889,200,178,83,300,397,2047,69892
37416,2020,A52,Major,A6200,A6005,454717,338620,52.94221065,-1.18721796,0.8,0.5,Counted,Manual count,325,245,39361,414,8734,1080,79,176,79,83,635,2131,50886
37416,2021,A52,Major,A6200,A6005,454735,338607,52.94209197,-1.18695234,0.8,0.5,Counted,Manual count,336,330,46377,411,9824,788,181,589,29,33,344,1965,58907
37416,2022,A52,Major,A6200,A6005,454735,338607,52.94209197,-1.18695234,0.8,0.5,Counted,Manual count,303,463,54843,393,10470,914,134,405,57,461,268,2240,68409
37416,2023,A52,Major,A6200,A6005,454735,338607,52.94209197,-1.18695234,0.8,0.5,Counted,Manual count,344,394,55157,522,9212,804,172,219,82,259,325,1861,67146
37416,2024,A52,Major,A6200,A6005,454735,338607,52.94209197,-1.18695234,0.8,0.5,Estimated,Estimated using AADF from previous year on this link,327,402,56168,530,9600,813,171,218,83,259,332,1877,68577
37416,2025,A52,Major,A6200,A6005,454735,338607,52.94209197,-1.18695234,0.8,0.5,Estimated,Estimated using AADF from previous year on this link,345,411,56157,524,9721,811,171,216,82,255,330,1866,68679
37959,2000,A6008,Major,Hockley,Lower Parliament St,457747,340000,52.95429723,-1.14189079,0.2,0.1,Counted,Manual count,57,234,15026,836,1646,293,20,8,31,15,10,377,18119
37959,2001,A6008,Major,Hockley,Lower Parliament St,457747,340000,52.95429723,-1.14189079,0.2,0.1,Estimated,Estimated using AADF from previous year on this link,55,245,14560,875,1658,280,22,8,25,12,10,357,17695
37959,2002,A6008,Major,Hockley,Lower Parliament St,457747,340000,52.95429723,-1.14189079,0.2,0.1,Estimated,Estimated using AADF from previous year on this link,57,254,14793,882,1777,265,22,8,23,10,11,339,18045
37959,2003,A6008,Major,Hockley,Lower Parliament St,457747,340000,52.95429723,-1.14189079,0.2,0.1,Estimated,Estimated using AADF from previous year on this link,51,361,14246,858,1930,257,23,8,22,9,12,331,17726
37959,2004,A6008,Major,Hockley,Lower Parliament St,457747,340000,52.95429723,-1.14189079,0.2,0.1,Estimated,Estimated using AADF from previous year on this link,41,237,14431,703,2125,313,29,11,22,8,14,397,17893
37959,2005,A6008,Major,Hockley,Lower Parliament St,457747,340000,52.95429723,-1.14189079,0.2,0.1,Estimated,Estimated using AADF from previous year on this link,35,195,13767,663,2265,339,31,13,18,7,14,422,17312
37959,2006,A6008,Major,Hockley,Lower Parliament St,457747,340000,52.95429723,-1.14189079,0.2,0.1,Estimated,Estimated using AADF from previous year on this link,55,170,13505,616,2299,327,29,13,15,5,13,402,16992
37959,2007,A6008,Major,Hockley,Lower Parliament St,457747,340000,52.95429723,-1.14189079,0.2,0.1,Counted,Manual count,65,85,11405,489,1389,143,27,6,20,19,8,223,13591
37959,2008,A6008,Major,A6008 Hockley,A6008 Lower Parliament Street,457747,340000,52.95429723,-1.14189079,0.2,0.1,Estimated,Estimated using AADF from previous year on this link,73,81,11154,425,1418,143,30,6,18,17,8,222,13300
37959,2009,A6008,Major,A6008 Hockley,A6008 Lower Parliament Street,457747,340000,52.95429723,-1.14189079,0.2,0.1,Estimated,Estimated using AADF from previous year on this link,73,90,11399,420,1439,130,30,6,17,15,8,206,13554
37959,2010,A6008,Major,A6008 Hockley,A6008 Lower Parliament Street,457747,340000,52.95429723,-1.14189079,0.2,0.1,Estimated,Estimated using AADF from previous year on this link,73,86,11331,476,1537,138,30,5,20,14,8,215,13645
37959,2011,A6008,Major,A6008 Hockley,A6008 Lower Parliament Street,457747,340000,52.95429723,-1.14189079,0.2,0.1,Estimated,Estimated using AADF from previous year on this link,81,73,11297,450,1715,140,33,6,16,14,9,218,13753
37959,2012,A6008,Major,A6008 Hockley,A6008 Lower Parliament Street,457747,340000,52.95429723,-1.14189079,0.2,0.1,Estimated,Estimated using AADF from previous year on this link,77,70,11121,489,1735,142,36,7,11,12,9,217,13632
37959,2013,A6008,Major,A6008 Hockley,A6008 Lower Parliament Street,457747,340000,52.95429723,-1.14189079,0.2,0.1,Estimated,Estimated using AADF from previous year on this link,76,78,11023,512,1804,143,39,8,8,12,9,218,13634
37959,2014,A6008,Major,A6008 Hockley,A6008 Lower Parliament Street,457747,340000,52.95429723,-1.14189079,0.2,0.1,Estimated,Estimated using AADF from previous year on this link,73,74,11322,492,1929,146,43,9,7,10,8,223,14040
37959,2015,A6008,Major,A6008 Hockley,A6008 Lower Parliament Street,457747,340000,52.95429723,-1.14189079,0.2,0.1,Estimated,Estimated using AADF from previous year on this link,68,66,11546,531,2023,139,44,8,9,9,8,217,14382
37959,2016,A6008,Major,A6008 Hockley,A6008 Lower Parliament Street,457747,340000,52.95429723,-1.14189079,0.2,0.1,Counted,Manual count,78,100,10901,432,1324,108,26,15,11,4,2,165,12923
37959,2017,A6008,Major,A6008 Hockley,A6008 Lower Parliament Street,457747,340000,52.95429723,-1.14189079,0.2,0.1,Estimated,Estimated using AADF from previous year on this link,75,101,10821,403,1394,108,26,15,11,4,2,166,12885
37959,2018,A6008,Major,A6008 Hockley,A6008 Lower Parliament Street,457747,340000,52.95429723,-1.14189079,0.2,0.1,Estimated,Estimated using AADF from previous year on this link,83,100,10702,366,1420,109,26,15,11,4,2,167,12754
37959,2019,A6008,Major,A6008 Hockley,A6008 Lower Parliament Street,457747,340000,52.95429723,-1.14189079,0.2,0.1,Estimated,Estimated using AADF from previous year on this link,91,94,10836,370,1407,107,26,15,12,4,2,166,12873
37959,2020,A6008,Major,A6008 Hockley,A6008 Lower Parliament Street,457747,340000,52.95429723,-1.14189079,0.2,0.1,Estimated,Estimated using AADF from previous year on this link,104,70,8231,234,1242,94,23,13,10,3,2,146,9922
37959,2021,A6008,Major,A6008 Hockley,A6008 Lower Parliament Street,457747,340000,52.95429723,-1.14189079,0.2,0.1,Estimated,Estimated using AADF from previous year on this link,85,74,9068,241,1354,101,25,15,11,4,2,156,10893
37959,2022,A6008,Major,A6008 Hockley,A6008 Lower Parliament Street,457747,340000,52.95429723,-1.14189079,0.2,0.1,Estimated,Estimated using AADF from previous year on this link,76,81,9686,259,1468,104,25,16,11,4,2,162,11655
37959,2023,A6008,Major,A6008 Hockley,A6008 Lower Parliament Street,457747,340000,52.95429723,-1.14189079,0.2,0.1,Estimated,Estimated using AADF from previous year on this link,75,79,9868,262,1493,103,25,15,11,4,2,160,11861
37959,2024,A6008,Major,A6008 Hockley,A6008 Lower Parliament Street,457747,340000,52.95429723,-1.14189079,0.2,0.1,Counted,Manual count,60,134,8871,349,1115,82,21,10,3,2,9,126,10597
37959,2025,A6008,Major,A6008 Hockley,A6008 Lower Parliament Street,457747,340000,52.95429723,-1.14189079,0.2,0.1,Estimated,Estimated using AADF from previous year on this link,60,137,8882,342,1138,81,21,10,3,2,9,126,10624
37960,2000,A611,Major,A60,A6514,456890,342000,52.97236485,-1.15429497,1.8,1.1,Estimated,Estimated using AADF from previous year on this link,126,188,13512,542,1587,159,15,7,9,8,1,199,16028
37960,2001,A611,Major,A60,A6514,456890,342000,52.97236485,-1.15429497,1.8,1.1,Estimated,Estimated using AADF from previous year on this link,120,197,13093,568,1598,152,17,7,7,6,1,190,15646
37960,2002,A611,Major,A60,A6514,456890,342000,52.97236485,-1.15429497,1.8,1.1,Counted,Manual count,141,139,13812,574,1281,181,6,6,4,11,1,209,16015
37960,2003,A611,Major,A60,A6514,456890,342000,52.97236485,-1.15429497,1.8,1.1,Estimated,Estimated using AADF from previous year on this link,126,198,13301,559,1391,175,6,6,4,10,1,202,15651
37960,2004,A611,Major,A60,A6514,456890,342000,52.97236485,-1.15429497,1.8,1.1,Estimated,Estimated using AADF from previous year on this link,102,130,13474,457,1531,214,8,9,4,9,1,245,15837
37960,2005,A611,Major,A60,A6514,456890,342000,52.97236485,-1.15429497,1.8,1.1,Estimated,Estimated using AADF from previous year on this link,86,107,12854,432,1633,232,9,9,4,8,1,263,15289
37960,2006,A611,Major,A60,A6514,456890,342000,52.97236485,-1.15429497,1.8,1.1,Counted,Manual count,100,145,12226,674,1279,192,35,18,2,5,9,261,14585
37960,2007,A611,Major,A60,A6514,456890,342000,52.97236485,-1.15429497,1.8,1.1,Estimated,Estimated using AADF from previous year on this link,62,139,12030,613,1346,178,33,18,2,4,9,244,14372
37960,2008,A611,Major,A60,A6514,456890,342000,52.97236485,-1.15429497,1.8,1.1,Estimated,Estimated using AADF from previous year on this link,70,133,11765,532,1374,178,37,18,2,4,9,248,14052
37960,2009,A611,Major,A60,A6514,456890,342000,52.97236485,-1.15429497,1.8,1.1,Estimated,Estimated using AADF from previous year on this link,70,149,12024,526,1395,162,37,17,2,4,9,231,14325
37960,2010,A611,Major,A60,A6514,456890,342000,52.97236485,-1.15429497,1.8,1.1,Estimated,Estimated using AADF from previous year on this link,70,141,11952,596,1490,172,37,15,2,4,9,239,14418
37960,2011,A611,Major,A60,A6514,456890,342000,52.97236485,-1.15429497,1.8,1.1,Estimated,Estimated using AADF from previous year on this link,78,119,11916,563,1663,174,41,17,2,4,10,248,14509
37960,2012,A611,Major,A60,A6514,456890,342000,52.97236485,-1.15429497,1.8,1.1,Estimated,Estimated using AADF from previous year on this link,74,114,11730,612,1683,176,45,19,1,4,10,254,14393
37960,2013,A611,Major,A60,A6514,456890,342000,52.97236485,-1.15429497,1.8,1.1,Estimated,Estimated using AADF from previous year on this link,73,127,11627,640,1749,177,49,22,1,3,10,262,14404
37960,2014,A611,Major,A60,A6514,456890,342000,52.97236485,-1.15429497,1.8,1.1,Estimated,Estimated using AADF from previous year on this link,71,121,11942,616,1870,182,54,24,1,3,9,272,14822
37960,2015,A611,Major,A60,A6514,456890,342000,52.97236485,-1.15429497,1.8,1.1,Counted,Manual count,167,158,12331,542,1341,159,22,27,8,12,5,232,14604
37960,2016,A611,Major,A60,A6514,456890,342000,52.97236485,-1.15429497,1.8,1.1,Estimated,Estimated using AADF from previous year on this link,155,154,12524,502,1465,161,21,30,9,10,5,236,14882
37960,2017,A611,Major,A60,A6514,456890,342000,52.97236485,-1.15429497,1.8,1.1,Estimated,Estimated using AADF from previous year on this link,149,156,12431,469,1543,160,22,31,9,10,5,237,14836
37960,2018,A611,Major,A60,A6514,456890,342000,52.97236485,-1.15429497,1.8,1.1,Estimated,Estimated using AADF from previous year on this link,164,154,12295,425,1571,161,22,30,9,11,5,238,14683
37960,2019,A611,Major,A60,A6514,456890,342000,52.97236485,-1.15429497,1.8,1.1,Estimated,Estimated using AADF from previous year on this link,180,144,12449,430,1558,160,22,30,10,11,5,237,14818
37960,2020,A611,Major,A60,A6514,456890,342000,52.97236485,-1.15429497,1.8,1.1,Estimated,Estimated using AADF from previous year on this link,206,107,9456,272,1375,140,19,27,8,10,4,209,11417
37960,2021,A611,Major,A60,A6514,456890,342000,52.97236485,-1.15429497,1.8,1.1,Estimated,Estimated using AADF from previous year on this link,169,113,10418,280,1499,150,21,30,9,10,5,224,12533
37960,2022,A611,Major,A60,A6514,456890,342000,52.97236485,-1.15429497,1.8,1.1,Estimated,Estimated using AADF from previous year on this link,151,124,11127,301,1625,155,21,31,9,11,5,232,13409
37960,2023,A611,Major,A60,A6514,456890,342000,52.97236485,-1.15429497,1.8,1.1,Counted,Manual count,219,217,11112,438,1250,100,34,7,2,1,3,146,13163
37960,2024,A611,Major,A60,A6514,456890,342000,52.97236485,-1.15429497,1.8,1.1,Estimated,Estimated using AADF from previous year on this link,222,224,11281,440,1272,101,34,7,2,1,3,147,13364
37960,2025,A611,Major,A60,A6514,456890,342000,52.97236485,-1.15429497,1.8,1.1,Estimated,Estimated using AADF from previous year on this link,223,228,11294,430,1298,100,34,7,2,1,3,146,13397
37961,2000,A6005,Major,A52,A6130,455600,339000,52.94553563,-1.17401544,1.1,0.7,Counted,Manual count,102,200,20328,169,2122,324,24,24,25,23,8,428,23247
37961,2001,A6005,Major,A52,A6130,455600,339000,52.94553563,-1.17401544,1.1,0.7,Estimated,Estimated using AADF from previous year on this link,98,207,20735,172,2114,318,27,24,22,20,9,420,23648
37961,2002,A6005,Major,A52,A6130,455600,339000,52.94553563,-1.17401544,1.1,0.7,Estimated,Estimated using AADF from previous year on this link,102,209,20694,175,2118,306,28,25,20,17,10,406,23602
37961,2003,A6005,Major,A52,A6130,455600,339000,52.94553563,-1.17401544,1.1,0.7,Counted,Manual count,140,306,18767,116,2047,292,33,17,15,24,18,399,21635
37961,2004,A6005,Major,A52,A6130,455600,339000,52.94553563,-1.17401544,1.1,0.7,Estimated,Estimated using AADF from previous year on this link,114,270,18805,108,2028,293,36,19,13,21,19,401,21612
37961,2005,A6005,Major,A52,A6130,455600,339000,52.94553563,-1.17401544,1.1,0.7,Estimated,Estimated using AADF from previous year on this link,97,272,18335,106,2081,282,33,19,12,18,20,384,21178
37961,2006,A6005,Major,A52,A6130,455600,339000,52.94553563,-1.17401544,1.1,0.7,Estimated,Estimated using AADF from previous year on this link,151,283,18390,104,2114,289,33,21,11,16,21,391,21282
37961,2007,A6005,Major,A52,A6130,455600,339000,52.94553563,-1.17401544,1.1,0.7,Counted,Manual count,163,220,17398,171,1941,275,27,23,12,24,12,373,20103
37961,2008,A6005,Major,A52,A6130,455600,339000,52.94553563,-1.17401544,1.1,0.7,Estimated,Estimated using AADF from previous year on this link,183,205,17067,173,2032,265,29,23,11,22,12,362,19839
37961,2009,A6005,Major,A52,A6130,455600,339000,52.94553563,-1.17401544,1.1,0.7,Estimated,Estimated using AADF from previous year on this link,183,228,17442,171,2063,241,29,21,10,19,12,332,20236
37961,2010,A6005,Major,A52,A6130,455600,339000,52.94553563,-1.17401544,1.1,0.7,Counted,Manual count,199,242,18407,182,2234,248,40,39,10,14,8,359,21424
37961,2011,A6005,Major,A52,A6130,455600,339000,52.94553563,-1.17401544,1.1,0.7,Estimated,Estimated using AADF from previous year on this link,220,257,18315,182,2304,247,43,44,7,14,8,363,21421
37961,2012,A6005,Major,A52,A6130,455600,339000,52.94553563,-1.17401544,1.1,0.7,Estimated,Estimated using AADF from previous year on this link,208,232,18237,196,2213,218,41,44,5,13,8,329,21207
37961,2013,A6005,Major,A52,A6130,455600,339000,52.94553563,-1.17401544,1.1,0.7,Estimated,Estimated using AADF from previous year on this link,205,232,18134,184,2238,218,44,49,4,12,8,335,21123
37961,2014,A6005,Major,A52,A6130,455600,339000,52.94553563,-1.17401544,1.1,0.7,Estimated,Estimated using AADF from previous year on this link,199,247,17946,195,2548,230,50,56,4,12,9,361,21297
37961,2015,A6005,Major,A52,A6130,455600,339000,52.94553563,-1.17401544,1.1,0.7,Counted,Manual count,292,210,16690,190,2078,301,50,36,7,16,19,428,19596
37961,2016,A6005,Major,A52,A6130,455600,339000,52.94553563,-1.17401544,1.1,0.7,Estimated,Estimated using AADF from previous year on this link,272,205,16950,176,2269,305,49,41,7,14,18,435,20036
37961,2017,A6005,Major,A52,A6130,455600,339000,52.94553563,-1.17401544,1.1,0.7,Estimated,Estimated using AADF from previous year on this link,261,208,16825,164,2389,303,50,42,7,14,19,436,20022
37961,2018,A6005,Major,A52,A6130,455600,339000,52.94553563,-1.17401544,1.2,0.7,Estimated,Estimated using AADF from previous year on this link,288,205,16640,149,2434,306,50,41,7,14,20,439,19867
37961,2019,A6005,Major,A52,A6130,455600,339000,52.94553563,-1.17401544,1.2,0.7,Estimated,Estimated using AADF from previous year on this link,316,192,16849,151,2412,302,51,41,8,15,20,436,20041
37961,2020,A6005,Major,A52,A6130,455600,339000,52.94553563,-1.17401544,1.2,0.7,Counted,Manual count,178,125,9290,83,1456,126,36,72,14,17,2,267,11222
37961,2021,A6005,Major,A52,A6130,455600,339000,52.94553563,-1.17401544,1.2,0.7,Estimated,Estimated using AADF from previous year on this link,145,133,10235,86,1587,134,39,78,15,18,2,287,12328
37961,2022,A6005,Major,A52,A6130,455600,339000,52.94553563,-1.17401544,1.2,0.7,Estimated,Estimated using AADF from previous year on this link,130,145,10932,93,1721,139,40,83,15,19,3,299,13190
37961,2023,A6005,Major,A52,A6130,455600,339000,52.94553563,-1.17401544,1.2,0.7,Estimated,Estimated using AADF from previous year on this link,128,143,11138,94,1750,137,40,82,16,18,2,295,13419
37961,2024,A6005,Major,A52,A6130,455600,339000,52.94553563,-1.17401544,1.2,0.7,Estimated,Estimated using AADF from previous year on this link,129,147,11306,94,1781,139,40,80,15,18,2,295,13623
37961,2025,A6005,Major,A52,A6130,455600,339000,52.94553563,-1.17401544,1.2,0.7,Estimated,Estimated using AADF from previous year on this link,129,150,11320,92,1818,138,40,82,15,17,2,295,13675
37963,2000,A6130,Major,A609,A610,455430,340500,52.9590353,-1.17628884,1,0.6,Estimated,Estimated using AADF from previous year on this link,264,118,15601,82,1634,209,9,7,12,10,10,257,17692
37963,2001,A6130,Major,A609,A610,455430,340500,52.9590353,-1.17628884,1,0.6,Estimated,Estimated using AADF from previous year on this link,253,124,15117,86,1646,199,10,7,9,8,10,243,17216
37963,2002,A6130,Major,A609,A610,455430,340500,52.9590353,-1.17628884,1,0.6,Estimated,Estimated using AADF from previous year on this link,263,128,15358,86,1764,188,10,7,8,7,10,230,17566
37963,2003,A6130,Major,A609,A610,455430,340500,52.9590353,-1.17628884,1,0.6,Counted,Manual count,461,48,14528,48,1551,151,18,8,11,11,11,210,16385
37963,2004,A6130,Major,A609,A610,455430,340500,52.9590353,-1.17628884,1,0.6,Estimated,Estimated using AADF from previous year on this link,374,32,14717,40,1708,184,23,11,11,10,13,252,16749
37963,2005,A6130,Major,A609,A610,455430,340500,52.9590353,-1.17628884,1,0.6,Estimated,Estimated using AADF from previous year on this link,316,27,14041,38,1821,199,25,12,10,8,13,267,16194
37963,2006,A6130,Major,A609,A610,455430,340500,52.9590353,-1.17628884,1,0.6,Estimated,Estimated using AADF from previous year on this link,496,23,13774,35,1848,192,23,12,8,7,11,253,15933
37963,2007,A6130,Major,A609,A610,455430,340500,52.9590353,-1.17628884,1,0.6,Estimated,Estimated using AADF from previous year on this link,310,22,13554,32,1946,179,21,13,6,5,11,235,15789
37963,2008,A6130,Major,A609,A610,455430,340500,52.9590353,-1.17628884,1,0.6,Estimated,Estimated using AADF from previous year on this link,348,21,13255,27,1987,179,24,13,5,5,11,237,15527
37963,2009,A6130,Major,A609,A610,455430,340500,52.9590353,-1.17628884,1,0.6,Estimated,Estimated using AADF from previous year on this link,348,23,13546,27,2017,163,24,13,5,4,11,220,15833
37963,2010,A6130,Major,A609,A610,455430,340500,52.9590353,-1.17628884,1,0.6,Estimated,Estimated using AADF from previous year on this link,350,22,13465,31,2154,174,24,11,6,4,11,230,15902
37963,2011,A6130,Major,A609,A610,455430,340500,52.9590353,-1.17628884,1,0.6,Counted,Manual count,263,62,13384,17,1265,83,14,9,2,4,11,123,14851
37963,2012,A6130,Major,A609,A610,455430,340500,52.9590353,-1.17628884,1,0.6,Estimated,Estimated using AADF from previous year on this link,249,59,13175,18,1280,84,15,10,1,4,10,125,14658
37963,2013,A6130,Major,A609,A610,455430,340500,52.9590353,-1.17628884,1,0.6,Estimated,Estimated using AADF from previous year on this link,246,66,13059,19,1330,85,17,12,1,3,11,128,14603
37963,2014,A6130,Major,A609,A610,455430,340500,52.9590353,-1.17628884,1,0.6,Estimated,Estimated using AADF from previous year on this link,238,63,13413,19,1423,87,18,13,1,3,10,132,15049
37963,2015,A6130,Major,A609,A610,455430,340500,52.9590353,-1.17628884,1,0.6,Estimated,Estimated using AADF from previous year on this link,222,56,13679,20,1492,82,19,12,1,3,10,127,15373
37963,2016,A6130,Major,A609,A610,455430,340500,52.9590353,-1.17628884,1,0.6,Estimated,Estimated using AADF from previous year on this link,206,55,13892,19,1630,83,19,14,1,2,10,129,15724
37963,2017,A6130,Major,A609,A610,455430,340500,52.9590353,-1.17628884,1,0.6,Estimated,Estimated using AADF from previous year on this link,198,55,13790,17,1715,83,19,14,1,2,10,129,15707
37963,2018,A6130,Major,A609,A610,455430,340500,52.9590353,-1.17628884,1,0.6,Estimated,Estimated using AADF from previous year on this link,218,55,13638,16,1748,84,19,14,1,2,10,130,15586
37963,2019,A6130,Major,A609,A610,455430,340500,52.9590353,-1.17628884,1,0.6,Counted,Manual count,359,75,10687,0,1286,76,11,6,4,6,13,116,12165
37963,2020,A6130,Major,A609,A610,455430,340500,52.9590353,-1.17628884,1,0.6,Estimated,Estimated using AADF from previous year on this link,411,55,8118,0,1135,67,9,6,4,5,12,102,9411
37963,2021,A6130,Major,A609,A610,455430,340500,52.9590353,-1.17628884,1,0.6,Estimated,Estimated using AADF from previous year on this link,336,59,8944,0,1238,71,10,6,4,6,12,109,10349
37963,2022,A6130,Major,A609,A610,455430,340500,52.9590353,-1.17628884,1,0.6,Estimated,Estimated using AADF from previous year on this link,300,64,9553,0,1342,74,10,6,4,6,13,113,11072
37963,2023,A6130,Major,A609,A610,455430,340500,52.9590353,-1.17628884,1,0.6,Estimated,Estimated using AADF from previous year on this link,295,63,9732,0,1364,73,10,6,4,6,12,111,11271
37963,2024,A6130,Major,A609,A610,455430,340500,52.9590353,-1.17628884,1,0.6,Estimated,Estimated using AADF from previous year on this link,299,65,9880,0,1389,74,10,6,4,6,12,112,11445
37963,2025,A6130,Major,A609,A610,455430,340500,52.9590353,-1.17628884,1,0.6,Estimated,Estimated using AADF from previous year on this link,300,66,9892,0,1417,73,10,6,4,5,12,111,11486
38237,2000,A610,Major,Tollhouse Hill,A6008,457000,340084,52.95513196,-1.15299381,0.4,0.2,Estimated,Estimated using AADF from previous year on this link,56,131,7103,107,933,177,14,10,12,10,4,227,8501
38237,2001,A610,Major,Tollhouse Hill,A6008,457000,340084,52.95513196,-1.15299381,0.4,0.2,Estimated,Estimated using AADF from previous year on this link,54,137,6883,112,940,169,16,10,10,8,4,217,8289
38237,2002,A610,Major,Tollhouse Hill,A6008,457000,340084,52.95513196,-1.15299381,0.4,0.2,Estimated,Estimated using AADF from previous year on this link,56,142,6993,113,1008,160,16,10,9,7,4,206,8462
38358,2000,A6008,Major,A60,Glasshouse St,457450,340100,52.95522787,-1.14629344,0.2,0.1,Estimated,Estimated using AADF from previous year on this link,252,285,18084,1485,2904,429,40,29,14,18,2,532,23290
38358,2001,A6008,Major,A60,Glasshouse St,457450,340100,52.95522787,-1.14629344,0.2,0.1,Estimated,Estimated using AADF from previous year on this link,241,295,18446,1514,2892,421,46,29,12,16,2,526,23673
38358,2002,A6008,Major,A60,Glasshouse St,457450,340100,52.95522787,-1.14629344,0.2,0.1,Estimated,Estimated using AADF from previous year on this link,251,299,18409,1548,2897,405,48,30,10,14,2,509,23662
38358,2003,A6008,Major,A60,Glasshouse St,457450,340100,52.95522787,-1.14629344,0.2,0.1,Counted,Manual count,224,247,13280,1681,1576,331,148,7,21,16,5,528,17312
38358,2004,A6008,Major,A60,Glasshouse St,457450,340100,52.95522787,-1.14629344,0.2,0.1,Estimated,Estimated using AADF from previous year on this link,182,218,13306,1564,1561,333,157,7,20,14,5,536,17185
38358,2005,A6008,Major,A60,Glasshouse St,457450,340100,52.95522787,-1.14629344,0.2,0.1,Estimated,Estimated using AADF from previous year on this link,154,220,12974,1539,1602,319,147,7,17,12,5,507,16842
38358,2006,A6008,Major,A60,Glasshouse St,457450,340100,52.95522787,-1.14629344,0.2,0.1,Estimated,Estimated using AADF from previous year on this link,241,229,13013,1515,1627,327,147,8,16,12,6,516,16900
38358,2007,A6008,Major,A60,Glasshouse St,457450,340100,52.95522787,-1.14629344,0.2,0.1,Estimated,Estimated using AADF from previous year on this link,151,183,12523,1300,1712,287,128,7,11,8,5,446,16164
38358,2008,A6008,Major,A60,Glasshouse St,457450,340100,52.95522787,-1.14629344,0.2,0.1,Estimated,Estimated using AADF from previous year on this link,169,175,12247,1129,1748,286,145,8,10,8,5,462,15761
38358,2009,A6008,Major,A60,Glasshouse St,457450,340100,52.95522787,-1.14629344,0.2,0.1,Estimated,Estimated using AADF from previous year on this link,169,195,12516,1116,1774,260,144,8,9,6,5,432,16033
38358,2010,A6008,Major,A60,Glasshouse St,457450,340100,52.95522787,-1.14629344,0.2,0.1,Estimated,Estimated using AADF from previous year on this link,170,186,12441,1265,1895,277,146,7,10,6,5,451,16238
38358,2011,A6008,Major,A60,Glasshouse St,457450,340100,52.95522787,-1.14629344,0.2,0.1,Estimated,Estimated using AADF from previous year on this link,187,157,12404,1196,2114,281,160,8,8,6,5,468,16339
38358,2012,A6008,Major,A60,Glasshouse St,457450,340100,52.95522787,-1.14629344,0.2,0.1,Estimated,Estimated using AADF from previous year on this link,177,150,12210,1301,2139,284,174,9,6,5,5,483,16284
38358,2013,A6008,Major,A60,Glasshouse St,457450,340100,52.95522787,-1.14629344,0.2,0.1,Estimated,Estimated using AADF from previous year on this link,175,167,12103,1360,2223,286,190,10,4,5,5,500,16353
38358,2014,A6008,Major,A60,Glasshouse St,457450,340100,52.95522787,-1.14629344,0.2,0.1,Counted,Manual count,366,3,856,1797,111,11,6,0,2,1,0,21,2788
38358,2015,A6008,Major,A60,Glasshouse St,457450,340100,52.95522787,-1.14629344,0.2,0.1,Estimated,Estimated using AADF from previous year on this link,341,3,873,1936,116,11,7,0,3,1,0,21,2949
38358,2016,A6008,Major,A60,Glasshouse St,457450,340100,52.95522787,-1.14629344,0.2,0.1,Estimated,Estimated using AADF from previous year on this link,317,3,886,1794,127,11,7,0,3,1,0,21,2831
38358,2017,A6008,Major,A60,Glasshouse St,457450,340100,52.95522787,-1.14629344,0.2,0.1,Estimated,Estimated using AADF from previous year on this link,304,3,880,1675,134,11,7,0,3,1,0,21,2713
38358,2018,A6008,Major,A60,Glasshouse St,457450,340100,52.95522787,-1.14629344,0.3,0.2,Estimated,Estimated using AADF from previous year on this link,336,3,870,1519,136,11,7,0,3,1,0,21,2550
38358,2019,A6008,Major,A60,Glasshouse St,457450,340100,52.95522787,-1.14629344,0.3,0.2,Estimated,Estimated using AADF from previous year on this link,368,3,881,1536,135,11,7,0,3,1,0,21,2576
38358,2020,A6008,Major,A60,Glasshouse St,457450,340100,52.95522787,-1.14629344,0.3,0.2,Estimated,Estimated using AADF from previous year on this link,421,2,669,970,119,9,6,0,3,1,0,19,1779
38358,2021,A6008,Major,A60,Glasshouse St,457450,340100,52.95522787,-1.14629344,0.3,0.2,Estimated,Estimated using AADF from previous year on this link,344,2,737,1002,130,10,6,0,3,1,0,20,1891
38358,2022,A6008,Major,A60,Glasshouse St,457450,340100,52.95522787,-1.14629344,0.3,0.2,Counted,Manual count,416,330,1465,1626,129,23,4,0,0,0,0,27,3576
38358,2023,A6008,Major,A60,Glasshouse St,457450,340100,52.95522787,-1.14629344,0.3,0.2,Estimated,Estimated using AADF from previous year on this link,409,325,1492,1641,131,23,4,0,0,0,0,26,3616
38358,2024,A6008,Major,A60,Glasshouse St,457450,340100,52.95522787,-1.14629344,0.3,0.2,Estimated,Estimated using AADF from previous year on this link,414,335,1515,1648,134,23,4,0,0,0,0,27,3659
38358,2025,A6008,Major,A60,Glasshouse St,457450,340100,52.95522787,-1.14629344,0.3,0.2,Estimated,Estimated using AADF from previous year on this link,415,341,1517,1611,136,23,4,0,0,0,0,27,3632
38423,2000,A6002,Major,LA Boundary,LA Boundary,451013,340600,52.96037067,-1.24202074,0.7,0.4,Counted,Manual count,70,288,18933,97,2671,514,59,54,71,90,29,817,22806
38423,2001,A6002,Major,LA Boundary,LA Boundary,451013,340600,52.96037067,-1.24202074,0.7,0.4,Counted,Manual count,53,148,17865,75,2692,578,75,143,58,87,55,996,21776
38423,2002,A6002,Major,LA Boundary,LA Boundary,451013,340600,52.96037067,-1.24202074,0.7,0.4,Estimated,Estimated using AADF from previous year on this link,55,150,17829,77,2698,556,78,149,52,76,60,971,21725
38423,2003,A6002,Major,LA Boundary,LA Boundary,451013,340600,52.96037067,-1.24202074,0.7,0.4,Counted,Manual count,65,316,18333,93,2803,474,97,75,68,122,64,900,22445
38423,2004,A6002,Major,LA Boundary,LA Boundary,451013,340600,52.96037067,-1.24202074,0.7,0.4,Counted,Manual count,63,197,19389,65,3077,495,91,58,68,95,54,861,23589
38423,2005,A6002,Major,LA Boundary,LA Boundary,451013,340600,52.96037067,-1.24202074,0.7,0.4,Counted,Manual count,42,289,19153,95,3008,425,71,70,72,99,65,802,23347
38423,2006,A6002,Major,LA Boundary,LA Boundary,451013,340600,52.96037067,-1.24202074,0.7,0.4,Estimated,Estimated using AADF from previous year on this link,67,302,19210,93,3055,436,71,76,66,88,70,807,23467
38423,2007,A6002,Major,LA Boundary,LA Boundary,451013,340600,52.96037067,-1.24202074,0.7,0.4,Estimated,Estimated using AADF from previous year on this link,42,304,18307,89,3333,430,69,82,56,84,72,793,22826
38423,2008,A6002,Major,LA Boundary,LA Boundary,451013,340600,52.96037067,-1.24202074,0.7,0.4,Estimated,Estimated using AADF from previous year on this link,47,284,17960,91,3491,412,75,84,48,73,70,762,22588
38423,2009,A6002,Major,LA Boundary,LA Boundary,451013,340600,52.96037067,-1.24202074,0.7,0.4,Counted,Manual count,84,242,18599,86,2948,308,45,42,25,80,51,551,22426
38423,2010,A6002,Major,LA Boundary,LA Boundary,451013,340600,52.96037067,-1.24202074,0.7,0.4,Estimated,Estimated using AADF from previous year on this link,84,223,18208,90,2963,306,43,35,27,70,47,528,22012
38423,2011,A6002,Major,LA Boundary,LA Boundary,451013,340600,52.96037067,-1.24202074,0.7,0.4,Estimated,Estimated using AADF from previous year on this link,92,237,18117,90,3055,304,46,39,21,69,49,528,22027
38423,2012,A6002,Major,LA Boundary,LA Boundary,451013,340600,52.96037067,-1.24202074,0.7,0.4,Estimated,Estimated using AADF from previous year on this link,87,214,18040,97,2934,269,44,39,15,64,49,479,21764
38423,2013,A6002,Major,LA Boundary,LA Boundary,451013,340600,52.96037067,-1.24202074,0.7,0.4,Counted,Manual count,65,154,17888,102,2426,295,65,50,26,57,43,538,21108
38423,2014,A6002,Major,LA Boundary,LA Boundary,451013,340600,52.96037067,-1.24202074,0.7,0.4,Estimated,Estimated using AADF from previous year on this link,63,164,17702,108,2762,312,75,56,28,56,49,576,21313
38423,2015,A6002,Major,LA Boundary,LA Boundary,451013,340600,52.96037067,-1.24202074,0.7,0.4,Estimated,Estimated using AADF from previous year on this link,59,167,17378,108,2905,304,79,55,34,55,48,575,21132
38423,2016,A6002,Major,LA Boundary,LA Boundary,451013,340600,52.96037067,-1.24202074,0.7,0.4,Estimated,Estimated using AADF from previous year on this link,55,163,17649,100,3174,308,78,62,36,49,47,580,21665
38423,2017,A6002,Major,LA Boundary,LA Boundary,451013,340600,52.96037067,-1.24202074,0.7,0.4,Estimated,Estimated using AADF from previous year on this link,52,165,17519,93,3341,306,79,63,37,49,49,584,21701
38423,2018,A6002,Major,LA Boundary,LA Boundary,451013,340600,52.96037067,-1.24202074,0.7,0.4,Counted,Manual count,55,168,17296,44,2579,262,38,64,23,66,47,499,20587
38423,2019,A6002,Major,LA Boundary,LA Boundary,451013,340600,52.96037067,-1.24202074,0.7,0.4,Estimated,Estimated using AADF from previous year on this link,61,158,17513,45,2557,259,39,64,23,68,47,500,20772
38423,2020,A6002,Major,LA Boundary,LA Boundary,451013,340600,52.96037067,-1.24202074,0.7,0.4,Estimated,Estimated using AADF from previous year on this link,69,117,13302,28,2256,227,34,57,20,60,41,439,16143
38423,2021,A6002,Major,LA Boundary,LA Boundary,451013,340600,52.96037067,-1.24202074,0.7,0.4,Estimated,Estimated using AADF from previous year on this link,57,123,14655,29,2460,243,36,63,22,64,44,471,17739
38423,2022,A6002,Major,LA Boundary,LA Boundary,451013,340600,52.96037067,-1.24202074,0.7,0.4,Counted,Manual count,65,159,16207,37,2995,276,12,84,0,136,0,509,19907
38423,2023,A6002,Major,LA Boundary,LA Boundary,451013,340600,52.96037067,-1.24202074,0.7,0.4,Estimated,Estimated using AADF from previous year on this link,64,157,16512,37,3046,273,12,83,0,133,0,501,20252
38423,2024,A6002,Major,LA Boundary,LA Boundary,451013,340600,52.96037067,-1.24202074,0.7,0.4,Estimated,Estimated using AADF from previous year on this link,65,161,16762,38,3100,277,12,81,0,128,0,498,20560
38423,2025,A6002,Major,LA Boundary,LA Boundary,451013,340600,52.96037067,-1.24202074,0.7,0.4,Estimated,Estimated using AADF from previous year on this link,65,165,16782,37,3164,274,12,83,0,125,0,495,20642
46610,2000,A6008,Major,Lower Parliament St,Hockley,457850,340000,52.95428616,-1.14035782,0.2,0.1,Estimated,Estimated using AADF from previous year on this link,173,273,21885,776,2886,473,64,35,26,37,28,663,26483
46610,2001,A6008,Major,Lower Parliament St,Hockley,457850,340000,52.95428616,-1.14035782,0.2,0.1,Estimated,Estimated using AADF from previous year on this link,166,283,22322,790,2874,464,74,35,23,31,32,659,26928
46610,2002,A6008,Major,Lower Parliament St,Hockley,457850,340000,52.95428616,-1.14035782,0.2,0.1,Estimated,Estimated using AADF from previous year on this link,172,286,22278,808,2880,447,77,36,21,27,36,644,26896
46610,2003,A6008,Major,Lower Parliament St,Hockley,457850,340000,52.95428616,-1.14035782,0.2,0.1,Estimated,Estimated using AADF from previous year on this link,153,321,21966,722,3139,479,87,43,20,24,40,693,26841
46610,2004,A6008,Major,Lower Parliament St,Hockley,457850,340000,52.95428616,-1.14035782,0.2,0.1,Counted,Manual count,258,247,21792,629,2751,427,53,67,42,30,25,644,26063
46610,2005,A6008,Major,Lower Parliament St,Hockley,457850,340000,52.95428616,-1.14035782,0.2,0.1,Estimated,Estimated using AADF from previous year on this link,218,248,21248,620,2823,411,50,67,37,26,26,617,25556
46610,2006,A6008,Major,Lower Parliament St,Hockley,457850,340000,52.95428616,-1.14035782,0.2,0.1,Estimated,Estimated using AADF from previous year on this link,342,259,21311,610,2868,420,50,73,33,23,28,627,25675
46610,2007,A6008,Major,Lower Parliament St,Hockley,457850,340000,52.95428616,-1.14035782,0.2,0.1,Counted,Manual count,124,88,19678,468,2626,352,55,24,31,19,35,516,23376
46610,2008,A6008,Major,A6008 Lower Parliament Street,A6008 Hockley,457850,340000,52.95428616,-1.14035782,0.2,0.1,Estimated,Estimated using AADF from previous year on this link,139,83,19304,474,2749,338,60,26,27,17,34,502,23112
46610,2009,A6008,Major,A6008 Lower Parliament Street,A6008 Hockley,457850,340000,52.95428616,-1.14035782,0.2,0.1,Estimated,Estimated using AADF from previous year on this link,139,78,18995,463,2977,325,63,26,26,15,34,489,23002
46610,2010,A6008,Major,A6008 Lower Parliament Street,A6008 Hockley,457850,340000,52.95428616,-1.14035782,0.2,0.1,Estimated,Estimated using AADF from previous year on this link,139,72,18596,486,2992,322,60,22,28,13,31,476,22622
46610,2011,A6008,Major,A6008 Lower Parliament Street,A6008 Hockley,457850,340000,52.95428616,-1.14035782,0.2,0.1,Counted,Manual count,223,107,15778,513,1922,244,68,40,11,16,12,391,18711
46610,2012,A6008,Major,A6008 Lower Parliament Street,A6008 Hockley,457850,340000,52.95428616,-1.14035782,0.2,0.1,Estimated,Estimated using AADF from previous year on this link,211,102,15532,558,1945,247,74,46,8,14,11,400,18537
46610,2013,A6008,Major,A6008 Lower Parliament Street,A6008 Hockley,457850,340000,52.95428616,-1.14035782,0.2,0.1,Estimated,Estimated using AADF from previous year on this link,208,114,15395,583,2021,249,81,52,6,14,12,412,18525
46610,2014,A6008,Major,A6008 Lower Parliament Street,A6008 Hockley,457850,340000,52.95428616,-1.14035782,0.2,0.1,Estimated,Estimated using AADF from previous year on this link,202,109,15812,561,2162,255,89,57,5,11,11,428,19072
46610,2015,A6008,Major,A6008 Lower Parliament Street,A6008 Hockley,457850,340000,52.95428616,-1.14035782,0.2,0.1,Estimated,Estimated using AADF from previous year on this link,188,96,16125,605,2267,242,92,54,6,11,11,414,19507
46610,2016,A6008,Major,A6008 Lower Parliament Street,A6008 Hockley,457850,340000,52.95428616,-1.14035782,0.2,0.1,Counted,Manual count,306,157,18153,502,2606,246,81,35,23,15,17,418,21836
46610,2017,A6008,Major,A6008 Lower Parliament Street,A6008 Hockley,457850,340000,52.95428616,-1.14035782,0.2,0.1,Estimated,Estimated using AADF from previous year on this link,293,158,18020,469,2743,244,83,36,24,15,18,420,21810
46610,2018,A6008,Major,A6008 Lower Parliament Street,A6008 Hockley,457850,340000,52.95428616,-1.14035782,0.2,0.1,Estimated,Estimated using AADF from previous year on this link,323,156,17821,425,2794,247,82,35,24,16,19,423,21620
46610,2019,A6008,Major,A6008 Lower Parliament Street,A6008 Hockley,457850,340000,52.95428616,-1.14035782,0.2,0.1,Estimated,Estimated using AADF from previous year on this link,355,147,18045,430,2770,244,84,35,24,16,19,422,21814
46610,2020,A6008,Major,A6008 Lower Parliament Street,A6008 Hockley,457850,340000,52.95428616,-1.14035782,0.2,0.1,Counted,Manual count,205,200,13313,170,2594,183,87,48,5,7,25,355,16633
46610,2021,A6008,Major,A6008 Lower Parliament Street,A6008 Hockley,457850,340000,52.95428616,-1.14035782,0.2,0.1,Estimated,Estimated using AADF from previous year on this link,168,212,14667,176,2828,195,93,52,5,8,27,381,18264
46610,2022,A6008,Major,A6008 Lower Parliament Street,A6008 Hockley,457850,340000,52.95428616,-1.14035782,0.2,0.1,Estimated,Estimated using AADF from previous year on this link,150,232,15666,189,3066,202,97,56,5,8,28,396,19548
46610,2023,A6008,Major,A6008 Lower Parliament Street,A6008 Hockley,457850,340000,52.95428616,-1.14035782,0.2,0.1,Estimated,Estimated using AADF from previous year on this link,147,229,15960,190,3118,200,95,55,5,8,27,390,19887
46610,2024,A6008,Major,A6008 Lower Parliament Street,A6008 Hockley,457850,340000,52.95428616,-1.14035782,0.2,0.1,Estimated,Estimated using AADF from previous year on this link,149,236,16202,191,3174,203,95,53,5,8,26,390,20193
46610,2025,A6008,Major,A6008 Lower Parliament Street,A6008 Hockley,457850,340000,52.95428616,-1.14035782,0.2,0.1,Estimated,Estimated using AADF from previous year on this link,150,240,16222,187,3239,201,96,55,5,7,25,389,20277
47925,2000,A453,Major,A52,A6008,456900,338911,52.94459931,-1.15468752,2.5,1.6,Counted,Manual count,62,191,22039,438,2631,661,65,83,70,80,24,983,26282
47925,2001,A453,Major,A52,A6008,456900,338911,52.94459931,-1.15468752,2.5,1.6,Estimated,Estimated using AADF from previous year on this link,59,198,22480,447,2621,648,75,83,61,69,27,963,26709
47925,2002,A453,Major,A52,A6008,456900,338911,52.94459931,-1.15468752,2.5,1.6,Counted,Manual count,58,270,24061,273,3156,622,111,81,63,86,57,1020,28780
47925,2003,A453,Major,A52,A6008,456900,338911,52.94459931,-1.15468752,2.5,1.6,Counted,Manual count,91,258,23457,177,2957,634,88,70,60,85,56,993,27842
47925,2004,A453,Major,A52,A6008,456900,338911,52.94459931,-1.15468752,2.5,1.6,Counted,Manual count,72,207,23135,277,3385,558,105,81,76,88,51,959,27963
47925,2005,A453,Major,A52,A6008,456900,338911,52.94459931,-1.15468752,2.5,1.6,Counted,Manual count,67,201,23348,269,3011,599,102,92,65,74,45,977,27806
47925,2006,A453,Major,A52,A6008,456900,338911,52.94459931,-1.15468752,2.5,1.6,Counted,Manual count,62,155,22647,257,3036,508,71,74,36,82,68,839,26934
47925,2007,A453,Major,A52,A6008,456900,338911,52.94459931,-1.15468752,2.5,1.6,Counted,Manual count,51,210,21145,268,2963,522,82,65,34,68,46,817,25403
47925,2008,A453,Major,A52,A6008,456900,338911,52.94459931,-1.15468752,2.5,1.6,Counted,Manual count,78,231,22908,290,3362,367,93,56,43,63,58,680,27471
47925,2009,A453,Major,A52,A6008,456900,338911,52.94459931,-1.15468752,2.5,1.6,Estimated,Estimated using AADF from previous year on this link,78,218,22542,284,3641,353,97,56,41,55,58,660,27345
47925,2010,A453,Major,A52,A6008,456900,338911,52.94459931,-1.15468752,2.5,1.6,Counted,Manual count,43,189,21840,297,2805,443,83,59,42,60,48,735,25866
47925,2011,A453,Major,A52,A6008,456900,338911,52.94459931,-1.15468752,2.5,1.6,Estimated,Estimated using AADF from previous year on this link,47,200,21731,297,2892,441,89,66,32,60,50,738,25858
47925,2012,A453,Major,A52,A6008,456900,338911,52.94459931,-1.15468752,2.5,1.6,Estimated,Estimated using AADF from previous year on this link,44,180,21639,319,2777,390,85,66,23,56,50,669,25585
47925,2013,A453,Major,A52,A6008,456900,338911,52.94459931,-1.15468752,2.5,1.6,Estimated,Estimated using AADF from previous year on this link,44,181,21516,300,2809,389,91,74,17,52,50,673,25479
47925,2014,A453,Major,A52,A6008,456900,338911,52.94459931,-1.15468752,2.5,1.6,Estimated,Estimated using AADF from previous year on this link,43,192,21293,319,3199,411,104,83,18,51,56,724,25726
47925,2015,A453,Major,A52,A6008,456900,338911,52.94459931,-1.15468752,2.5,1.6,Counted,Manual count,61,149,23228,287,3288,554,87,96,28,81,51,897,27848
47925,2016,A453,Major,A52,A6008,456900,338911,52.94459931,-1.15468752,2.5,1.6,Estimated,Estimated using AADF from previous year on this link,57,146,23591,266,3591,562,86,108,29,72,50,907,28501
47925,2017,A453,Major,A52,A6008,456900,338911,52.94459931,-1.15468752,2.5,1.6,Estimated,Estimated using AADF from previous year on this link,55,147,23417,248,3781,558,88,111,30,72,52,910,28503
47927,2000,A6130,Major,A6005,A6200,455600,339200,52.94733326,-1.17398118,0.6,0.4,Counted,Manual count,159,100,13455,114,1619,259,13,12,25,33,17,359,15647
47927,2001,A6130,Major,A6005,A6200,455600,339200,52.94733326,-1.17398118,0.6,0.4,Estimated,Estimated using AADF from previous year on this link,153,104,13038,120,1630,248,14,12,21,26,17,338,15230
47927,2002,A6130,Major,A6005,A6200,455600,339200,52.94733326,-1.17398118,0.6,0.4,Estimated,Estimated using AADF from previous year on this link,159,108,13247,121,1748,234,14,12,19,23,19,321,15545
47927,2003,A6130,Major,A6005,A6200,455600,339200,52.94733326,-1.17398118,0.6,0.4,Estimated,Estimated using AADF from previous year on this link,142,154,12756,117,1898,226,14,13,18,20,21,312,15237
47927,2004,A6130,Major,A6005,A6200,455600,339200,52.94733326,-1.17398118,0.6,0.4,Estimated,Estimated using AADF from previous year on this link,115,101,12922,96,2090,276,18,17,19,19,25,374,15583
47927,2005,A6130,Major,A6005,A6200,455600,339200,52.94733326,-1.17398118,0.6,0.4,Estimated,Estimated using AADF from previous year on this link,98,83,12329,91,2228,299,20,19,15,16,24,393,15124
47927,2006,A6130,Major,A6005,A6200,455600,339200,52.94733326,-1.17398118,0.6,0.4,Estimated,Estimated using AADF from previous year on this link,153,72,12094,85,2262,288,18,20,12,12,23,373,14886
47927,2007,A6130,Major,A6005,A6200,455600,339200,52.94733326,-1.17398118,0.6,0.4,Counted,Manual count,175,130,12789,50,1468,194,34,10,5,10,34,287,14724
47927,2008,A6130,Major,A6005,A6200,455600,339200,52.94733326,-1.17398118,0.6,0.4,Estimated,Estimated using AADF from previous year on this link,196,124,12507,43,1499,194,37,11,4,10,33,289,14462
47927,2009,A6130,Major,A6005,A6200,455600,339200,52.94733326,-1.17398118,0.6,0.4,Estimated,Estimated using AADF from previous year on this link,196,138,12782,43,1521,176,37,11,4,8,32,268,14752
47927,2010,A6130,Major,A6005,A6200,455600,339200,52.94733326,-1.17398118,0.6,0.4,Estimated,Estimated using AADF from previous year on this link,197,131,12705,48,1625,187,37,10,4,8,32,278,14787
47927,2011,A6130,Major,A6005,A6200,455600,339200,52.94733326,-1.17398118,0.6,0.4,Estimated,Estimated using AADF from previous year on this link,217,111,12667,45,1814,190,40,11,4,8,35,288,14925
47927,2012,A6130,Major,A6005,A6200,455600,339200,52.94733326,-1.17398118,0.6,0.4,Estimated,Estimated using AADF from previous year on this link,205,106,12469,49,1835,192,44,13,3,7,33,292,14751
47927,2013,A6130,Major,A6005,A6200,455600,339200,52.94733326,-1.17398118,0.6,0.4,Estimated,Estimated using AADF from previous year on this link,203,118,12359,51,1908,194,47,14,2,7,34,298,14735
47927,2014,A6130,Major,A6005,A6200,455600,339200,52.94733326,-1.17398118,0.6,0.4,Estimated,Estimated using AADF from previous year on this link,197,113,12695,49,2040,198,53,16,2,6,32,306,15203
47927,2015,A6130,Major,A6005,A6200,455600,339200,52.94733326,-1.17398118,0.6,0.4,Estimated,Estimated using AADF from previous year on this link,183,100,12946,53,2139,188,54,15,2,5,31,295,15533
47927,2016,A6130,Major,A6005,A6200,455600,339200,52.94733326,-1.17398118,0.6,0.4,Counted,Manual count,250,85,10788,34,1609,79,13,5,6,3,2,109,12625
47927,2017,A6130,Major,A6005,A6200,455600,339200,52.94733326,-1.17398118,0.6,0.4,Estimated,Estimated using AADF from previous year on this link,240,86,10708,32,1694,79,14,6,6,3,2,109,12629
47927,2018,A6130,Major,A6005,A6200,455600,339200,52.94733326,-1.17398118,0.6,0.4,Estimated,Estimated using AADF from previous year on this link,265,85,10590,29,1725,79,14,5,6,3,2,110,12539
47927,2019,A6130,Major,A6005,A6200,455600,339200,52.94733326,-1.17398118,0.6,0.4,Estimated,Estimated using AADF from previous year on this link,291,79,10723,29,1710,78,14,5,6,3,2,109,12652
47927,2020,A6130,Major,A6005,A6200,455600,339200,52.94733326,-1.17398118,0.6,0.4,Estimated,Estimated using AADF from previous year on this link,332,59,8145,19,1509,69,12,5,6,3,2,96,9828
47927,2021,A6130,Major,A6005,A6200,455600,339200,52.94733326,-1.17398118,0.6,0.4,Estimated,Estimated using AADF from previous year on this link,271,62,8973,19,1646,74,13,5,6,3,2,103,10803
47927,2022,A6130,Major,A6005,A6200,455600,339200,52.94733326,-1.17398118,0.6,0.4,Estimated,Estimated using AADF from previous year on this link,243,68,9584,21,1784,76,13,6,6,3,2,107,11564
47927,2023,A6130,Major,A6005,A6200,455600,339200,52.94733326,-1.17398118,0.6,0.4,Estimated,Estimated using AADF from previous year on this link,239,67,9765,21,1814,75,13,6,6,3,2,105,11772
47927,2024,A6130,Major,A6005,A6200,455600,339200,52.94733326,-1.17398118,0.6,0.4,Counted,Manual count,201,71,11517,4,1433,62,18,4,0,5,1,89,13114
47927,2025,A6130,Major,A6005,A6200,455600,339200,52.94733326,-1.17398118,0.6,0.4,Estimated,Estimated using AADF from previous year on this link,202,72,11531,4,1462,61,18,4,0,5,1,88,13158
48221,2000,A60,Major,A6008,Huntingdon St,457196,340631,52.96002768,-1.14998039,0.8,0.5,Estimated,Estimated using AADF from previous year on this link,206,131,11399,1899,1042,151,29,3,11,5,5,204,14675
48221,2001,A60,Major,A6008,Huntingdon St,457196,340631,52.96002768,-1.14998039,0.8,0.5,Estimated,Estimated using AADF from previous year on this link,197,138,11045,1989,1050,144,32,3,9,4,5,197,14419
48221,2002,A60,Major,A6008,Huntingdon St,457196,340631,52.96002768,-1.14998039,0.8,0.5,Estimated,Estimated using AADF from previous year on this link,204,143,11221,2005,1125,136,32,3,9,4,5,189,14683
48221,2003,A60,Major,A6008,Huntingdon St,457196,340631,52.96002768,-1.14998039,0.8,0.5,Estimated,Estimated using AADF from previous year on this link,183,204,10805,1951,1222,132,32,3,9,4,6,186,14368
48221,2004,A60,Major,A6008,Huntingdon St,457196,340631,52.96002768,-1.14998039,0.8,0.5,Counted,Manual count,241,143,10890,1695,1061,184,20,12,11,16,5,248,14037
48221,2005,A60,Major,A6008,Huntingdon St,457196,340631,52.96002768,-1.14998039,0.8,0.5,Estimated,Estimated using AADF from previous year on this link,204,118,10389,1600,1131,199,21,13,9,13,5,260,13498
48221,2006,A60,Major,A6008,Huntingdon St,457196,340631,52.96002768,-1.14998039,0.8,0.5,Estimated,Estimated using AADF from previous year on this link,320,103,10192,1485,1148,192,20,13,7,11,4,247,13175
48221,2007,A60,Major,A6008,Huntingdon St,457196,340631,52.96002768,-1.14998039,0.7,0.4,Estimated,Estimated using AADF from previous year on this link,199,98,10029,1351,1209,179,19,14,5,9,4,230,12917
48221,2008,A60,Major,A6008,A60 Huntingdon St,457196,340631,52.96002768,-1.14998039,0.7,0.4,Estimated,Estimated using AADF from previous year on this link,224,94,9808,1174,1234,179,21,14,5,7,4,230,12540
48221,2009,A60,Major,A6008,A60 Huntingdon St,457196,340631,52.96002768,-1.14998039,0.7,0.4,Estimated,Estimated using AADF from previous year on this link,224,105,10024,1162,1253,163,21,13,5,6,4,212,12756
48221,2010,A60,Major,A6008,A60 Huntingdon St,457196,340631,52.96002768,-1.14998039,0.7,0.4,Estimated,Estimated using AADF from previous year on this link,226,100,9964,1317,1339,173,21,12,6,6,4,222,12942
48221,2011,A60,Major,A6008,A60 Huntingdon St,457196,340631,52.96002768,-1.14998039,0.7,0.4,Estimated,Estimated using AADF from previous year on this link,249,85,9934,1245,1494,176,23,13,5,6,4,227,12985
48221,2012,A60,Major,A6008,A60 Huntingdon St,457196,340631,52.96002768,-1.14998039,0.7,0.4,Counted,Manual count,222,70,8136,1605,813,76,10,11,6,1,4,109,10732
48221,2013,A60,Major,A6008,A60 Huntingdon St,457196,340631,52.96002768,-1.14998039,0.7,0.4,Estimated,Estimated using AADF from previous year on this link,219,77,8064,1678,845,77,10,13,4,1,5,110,10775
48221,2014,A60,Major,A6008,A60 Huntingdon St,457196,340631,52.96002768,-1.14998039,0.7,0.4,Estimated,Estimated using AADF from previous year on this link,213,74,8283,1615,904,79,12,14,4,1,4,113,10989
48221,2015,A60,Major,A6008,A60 Huntingdon St,457196,340631,52.96002768,-1.14998039,0.7,0.4,Estimated,Estimated using AADF from previous year on this link,198,65,8447,1740,948,75,12,14,5,1,4,109,11310
48221,2016,A60,Major,A6008,A60 Huntingdon St,457196,340631,52.96002768,-1.14998039,0.7,0.4,Estimated,Estimated using AADF from previous year on this link,184,64,8579,1612,1035,76,12,15,5,0,4,112,11402
48221,2017,A60,Major,A6008,A60 Huntingdon St,457196,340631,52.96002768,-1.14998039,0.7,0.4,Estimated,Estimated using AADF from previous year on this link,177,65,8516,1505,1090,75,12,16,5,0,4,113,11288
48221,2018,A60,Major,A6008,A60 Huntingdon St,457196,340631,52.96002768,-1.14998039,0.8,0.5,Estimated,Estimated using AADF from previous year on this link,195,64,8422,1365,1110,76,12,15,5,1,4,113,11074
48221,2019,A60,Major,A6008,A60 Huntingdon St,457196,340631,52.96002768,-1.14998039,0.8,0.5,Estimated,Estimated using AADF from previous year on this link,214,60,8527,1380,1101,75,12,15,5,1,4,113,11181
48221,2020,A60,Major,A6008,A60 Huntingdon St,457196,340631,52.96002768,-1.14998039,0.8,0.5,Counted,Manual count,255,349,4733,760,714,33,10,10,2,0,3,59,6614
48221,2021,A60,Major,A6008,A60 Huntingdon St,457196,340631,52.96002768,-1.14998039,0.8,0.5,Estimated,Estimated using AADF from previous year on this link,208,369,5214,785,778,35,11,11,2,0,4,63,7209
48221,2022,A60,Major,A6008,A60 Huntingdon St,457196,340631,52.96002768,-1.14998039,0.8,0.5,Estimated,Estimated using AADF from previous year on this link,186,404,5569,843,843,37,11,12,2,0,4,66,7725
48221,2023,A60,Major,A6008,A60 Huntingdon St,457196,340631,52.96002768,-1.14998039,0.8,0.5,Estimated,Estimated using AADF from previous year on this link,183,398,5674,851,858,36,11,12,2,0,3,65,7846
48221,2024,A60,Major,A6008,A60 Huntingdon St,457196,340631,52.96002768,-1.14998039,0.8,0.5,Estimated,Estimated using AADF from previous year on this link,186,410,5760,855,873,37,11,11,2,0,3,65,7963
48221,2025,A60,Major,A6008,A60 Huntingdon St,457196,340631,52.96002768,-1.14998039,0.8,0.5,Estimated,Estimated using AADF from previous year on this link,186,418,5767,836,891,36,11,12,2,0,3,65,7976
48407,2000,A6002,Major,LA Boundary,B682,452790,345100,53.00064652,-1.21483693,2.1,1.3,Counted,Manual count,57,200,11701,65,2397,579,31,66,108,188,79,1051,15414
48407,2001,A6002,Major,LA Boundary,B682,452790,345100,53.00064652,-1.21483693,2.1,1.3,Estimated,Estimated using AADF from previous year on this link,55,210,11338,68,2414,553,35,64,87,148,82,969,14999
48407,2002,A6002,Major,LA Boundary,B682,452790,345100,53.00064652,-1.21483693,2.1,1.3,Counted,Manual count,19,137,11393,50,2381,485,56,45,79,164,82,911,14872
48407,2003,A6002,Major,LA Boundary,B682,452790,345100,53.00064652,-1.21483693,2.1,1.3,Estimated,Estimated using AADF from previous year on this link,17,194,10972,48,2586,470,58,47,76,146,91,888,14688
48407,2004,A6002,Major,LA Boundary,B682,452790,345100,53.00064652,-1.21483693,2.1,1.3,Counted,Manual count,31,180,13768,210,2842,593,80,78,87,194,94,1126,18126
48407,2005,A6002,Major,LA Boundary,B682,452790,345100,53.00064652,-1.21483693,2.1,1.3,Estimated,Estimated using AADF from previous year on this link,26,148,13135,198,3029,643,84,90,71,157,92,1137,17647
48407,2006,A6002,Major,LA Boundary,B682,452790,345100,53.00064652,-1.21483693,2.1,1.3,Counted,Manual count,36,134,13398,147,2701,577,111,81,72,150,119,1110,17490
48407,2007,A6002,Major,LA Boundary,B682,452790,345100,53.00064652,-1.21483693,2.1,1.3,Estimated,Estimated using AADF from previous year on this link,22,128,13183,134,2844,536,103,82,57,131,112,1021,17310
48407,2008,A6002,Major,LA Boundary,B682,452790,345100,53.00064652,-1.21483693,2.1,1.3,Counted,Manual count,60,165,12836,175,2607,437,74,50,98,172,80,911,16694
48407,2009,A6002,Major,LA Boundary,B682,452790,345100,53.00064652,-1.21483693,2.1,1.3,Estimated,Estimated using AADF from previous year on this link,60,184,13118,173,2647,398,74,47,90,148,77,834,16956
48407,2010,A6002,Major,LA Boundary,B682,452790,345100,53.00064652,-1.21483693,2.1,1.3,Estimated,Estimated using AADF from previous year on this link,60,175,13040,197,2827,423,75,41,106,140,78,863,17102
48407,2011,A6002,Major,LA Boundary,B682,452790,345100,53.00064652,-1.21483693,2.1,1.3,Estimated,Estimated using AADF from previous year on this link,66,148,13001,186,3155,430,82,47,86,144,86,875,17365
48407,2012,A6002,Major,LA Boundary,B682,452790,345100,53.00064652,-1.21483693,2.1,1.3,Estimated,Estimated using AADF from previous year on this link,62,142,12798,202,3192,435,89,54,60,128,82,848,17182
48407,2013,A6002,Major,LA Boundary,B682,452790,345100,53.00064652,-1.21483693,2.1,1.3,Estimated,Estimated using AADF from previous year on this link,62,158,12685,211,3318,438,97,61,45,122,83,846,17218
48407,2014,A6002,Major,LA Boundary,B682,452790,345100,53.00064652,-1.21483693,2.1,1.3,Estimated,Estimated using AADF from previous year on this link,60,151,13029,204,3548,449,108,67,40,99,79,841,17773
48407,2015,A6002,Major,LA Boundary,B682,452790,345100,53.00064652,-1.21483693,2.1,1.3,Estimated,Estimated using AADF from previous year on this link,56,133,13287,219,3721,426,110,63,47,96,76,818,18178
48407,2016,A6002,Major,LA Boundary,B682,452790,345100,53.00064652,-1.21483693,2.1,1.3,Estimated,Estimated using AADF from previous year on this link,52,130,13495,203,4064,432,109,71,49,85,75,821,18713
48407,2017,A6002,Major,LA Boundary,B682,452790,345100,53.00064652,-1.21483693,2.1,1.3,Estimated,Estimated using AADF from previous year on this link,50,132,13395,190,4279,429,111,73,51,85,78,826,18821
48407,2018,A6002,Major,LA Boundary,B682,452790,345100,53.00064652,-1.21483693,2.3,1.4,Counted,Manual count,61,119,13367,147,3299,386,53,103,24,125,115,806,17738
48407,2019,A6002,Major,LA Boundary,B682,452790,345100,53.00064652,-1.21483693,2.3,1.4,Estimated,Estimated using AADF from previous year on this link,67,112,13535,149,3270,382,54,104,24,128,115,807,17872
48407,2020,A6002,Major,LA Boundary,B682,452790,345100,53.00064652,-1.21483693,2.3,1.4,Estimated,Estimated using AADF from previous year on this link,77,83,10281,94,2886,335,47,93,21,114,100,710,14053
48407,2021,A6002,Major,LA Boundary,B682,452790,345100,53.00064652,-1.21483693,2.3,1.4,Estimated,Estimated using AADF from previous year on this link,63,87,11326,97,3146,359,51,101,23,121,107,762,15419
48407,2022,A6002,Major,LA Boundary,B682,452790,345100,53.00064652,-1.21483693,2.3,1.4,Estimated,Estimated using AADF from previous year on this link,56,96,12097,104,3411,371,52,108,24,124,110,789,16497
48407,2023,A6002,Major,LA Boundary,B682,452790,345100,53.00064652,-1.21483693,2.3,1.4,Counted,Manual count,81,91,13247,136,3841,283,90,105,22,91,176,767,18082
48407,2024,A6002,Major,LA Boundary,B682,452790,345100,53.00064652,-1.21483693,2.3,1.4,Estimated,Estimated using AADF from previous year on this link,82,93,13447,137,3910,288,90,103,22,88,170,760,18347
48407,2025,A6002,Major,LA Boundary,B682,452790,345100,53.00064652,-1.21483693,2.3,1.4,Estimated,Estimated using AADF from previous year on this link,82,95,13464,133,3990,285,91,105,22,86,167,755,18437
48497,2000,A60,Major,A6008,A6008,457320,340160,52.95578103,-1.14821772,0.2,0.1,Estimated,Estimated using AADF from previous year on this link,251,262,13730,1896,2013,298,28,10,21,11,8,376,18277
48497,2001,A60,Major,A6008,A6008,457320,340160,52.95578103,-1.14821772,0.2,0.1,Estimated,Estimated using AADF from previous year on this link,240,275,13304,1985,2027,284,31,10,17,9,8,359,17950
48497,2002,A60,Major,A6008,A6008,457320,340160,52.95578103,-1.14821772,0.2,0.1,Estimated,Estimated using AADF from previous year on this link,250,285,13517,2001,2173,268,32,10,15,8,9,342,18318
48497,2003,A60,Major,A6008,A6008,457320,340160,52.95578103,-1.14821772,0.2,0.1,Estimated,Estimated using AADF from previous year on this link,223,406,13017,1947,2360,260,33,11,14,7,10,335,18065
48497,2004,A60,Major,A6008,A6008,457320,340160,52.95578103,-1.14821772,0.2,0.1,Counted,Manual count,133,244,11909,1392,1484,197,27,4,8,6,5,247,15276
48497,2005,A60,Major,A6008,A6008,457320,340160,52.95578103,-1.14821772,0.2,0.1,Estimated,Estimated using AADF from previous year on this link,113,201,11361,1314,1582,214,29,5,7,5,5,265,14723
48497,2006,A60,Major,A6008,A6008,457320,340160,52.95578103,-1.14821772,0.2,0.1,Estimated,Estimated using AADF from previous year on this link,177,174,11145,1219,1606,206,27,5,5,4,5,252,14396
48497,2007,A60,Major,A6008,A6008,457320,340160,52.95578103,-1.14821772,0.3,0.2,Estimated,Estimated using AADF from previous year on this link,110,167,10967,1110,1691,192,25,5,4,4,5,235,14170
48497,2008,A60,Major,A6008,A6008,457320,340160,52.95578103,-1.14821772,0.3,0.2,Estimated,Estimated using AADF from previous year on this link,124,159,10726,964,1726,191,28,6,4,3,5,237,13812
48497,2009,A60,Major,A6008,A6008,457320,340160,52.95578103,-1.14821772,0.3,0.2,Estimated,Estimated using AADF from previous year on this link,124,177,10962,953,1752,174,28,6,4,3,5,220,14064
48497,2010,A60,Major,A6008,A6008,457320,340160,52.95578103,-1.14821772,0.3,0.2,Estimated,Estimated using AADF from previous year on this link,125,169,10896,1080,1871,185,28,5,5,3,5,231,14247
48497,2011,A60,Major,A6008,A6008,457320,340160,52.95578103,-1.14821772,0.3,0.2,Estimated,Estimated using AADF from previous year on this link,138,143,10863,1021,2088,188,31,6,4,3,6,238,14353
48497,2012,A60,Major,A6008,A6008,457320,340160,52.95578103,-1.14821772,0.3,0.2,Counted,Manual count,351,2,734,1575,72,21,0,0,1,0,0,23,2406
48497,2013,A60,Major,A6008,A6008,457320,340160,52.95578103,-1.14821772,0.3,0.2,Estimated,Estimated using AADF from previous year on this link,346,2,728,1647,75,22,0,0,1,0,0,23,2474
48497,2014,A60,Major,A6008,A6008,457320,340160,52.95578103,-1.14821772,0.3,0.2,Estimated,Estimated using AADF from previous year on this link,336,2,747,1585,80,22,0,0,1,0,0,23,2438
48497,2015,A60,Major,A6008,A6008,457320,340160,52.95578103,-1.14821772,0.3,0.2,Estimated,Estimated using AADF from previous year on this link,312,2,762,1708,84,21,0,0,1,0,0,22,2578
48497,2016,A60,Major,A6008,A6008,457320,340160,52.95578103,-1.14821772,0.3,0.2,Estimated,Estimated using AADF from previous year on this link,291,2,774,1582,92,21,0,0,1,0,0,23,2472
48497,2017,A60,Major,A6008,A6008,457320,340160,52.95578103,-1.14821772,0.3,0.2,Estimated,Estimated using AADF from previous year on this link,279,2,768,1477,97,21,0,0,1,0,0,22,2367
48497,2018,A60,Major,A6008,A6008,457320,340160,52.95578103,-1.14821772,0.3,0.2,Estimated,Estimated using AADF from previous year on this link,308,2,760,1340,98,21,0,0,1,0,0,23,2223
48497,2019,A60,Major,A6008,A6008,457320,340160,52.95578103,-1.14821772,0.3,0.2,Estimated,Estimated using AADF from previous year on this link,338,2,769,1355,98,21,0,0,1,0,0,22,2246
48497,2020,A60,Major,A6008,A6008,457320,340160,52.95578103,-1.14821772,0.3,0.2,Counted,Manual count,219,63,331,536,57,6,1,0,0,0,0,7,995
48497,2021,A60,Major,A6008,A6008,457320,340160,52.95578103,-1.14821772,0.3,0.2,Estimated,Estimated using AADF from previous year on this link,179,67,365,554,63,6,1,0,0,0,0,7,1056
48497,2022,A60,Major,A6008,A6008,457320,340160,52.95578103,-1.14821772,0.3,0.2,Estimated,Estimated using AADF from previous year on this link,160,73,390,595,68,6,1,0,0,0,0,8,1134
48497,2023,A60,Major,A6008,A6008,457320,340160,52.95578103,-1.14821772,0.3,0.2,Estimated,Estimated using AADF from previous year on this link,157,72,397,601,69,6,1,0,0,0,0,8,1147
48497,2024,A60,Major,A6008,A6008,457320,340160,52.95578103,-1.14821772,0.3,0.2,Estimated,Estimated using AADF from previous year on this link,159,74,403,603,70,6,1,0,0,0,0,8,1159
48497,2025,A60,Major,A6008,A6008,457320,340160,52.95578103,-1.14821772,0.3,0.2,Estimated,Estimated using AADF from previous year on this link,159,76,404,590,72,6,1,0,0,0,0,8,1149
56182,2000,A60,Major,A6130,A611,456930,341700,52.9696642,-1.15375214,0.3,0.2,Estimated,Estimated using AADF from previous year on this link,371,378,30902,1239,3437,470,56,14,25,20,21,606,36562
56182,2001,A60,Major,A6130,A611,456930,341700,52.9696642,-1.15375214,0.3,0.2,Estimated,Estimated using AADF from previous year on this link,355,391,31520,1263,3423,460,64,14,22,18,23,601,37198
56182,2002,A60,Major,A6130,A611,456930,341700,52.9696642,-1.15375214,0.3,0.2,Estimated,Estimated using AADF from previous year on this link,369,395,31457,1291,3430,443,66,14,20,16,25,584,37157
56182,2003,A60,Major,A6130,A611,456930,341700,52.9696642,-1.15375214,0.3,0.2,Counted,Manual count,846,424,27548,1122,2698,530,87,30,21,26,27,721,32513
56182,2004,A60,Major,A6130,A611,456930,341700,52.9696642,-1.15375214,0.3,0.2,Estimated,Estimated using AADF from previous year on this link,685,374,27603,1043,2675,532,92,32,19,24,30,729,32424
56182,2005,A60,Major,A6130,A611,456930,341700,52.9696642,-1.15375214,0.3,0.2,Estimated,Estimated using AADF from previous year on this link,581,378,26913,1026,2744,511,87,33,17,20,31,699,31760
56182,2006,A60,Major,A6130,A611,456930,341700,52.9696642,-1.15375214,0.3,0.2,Estimated,Estimated using AADF from previous year on this link,910,393,26994,1010,2787,523,87,36,15,18,33,712,31896
56182,2007,A60,Major,A6130,A611,456930,341700,52.9696642,-1.15375214,0.3,0.2,Estimated,Estimated using AADF from previous year on this link,568,397,25725,971,3042,516,85,38,13,18,34,704,30839
56182,2008,A60,Major,A6130,A611,456930,341700,52.9696642,-1.15375214,0.3,0.2,Estimated,Estimated using AADF from previous year on this link,636,370,25236,981,3184,495,92,40,11,16,33,687,30458
56182,2009,A60,Major,A6130,A611,456930,341700,52.9696642,-1.15375214,0.3,0.2,Counted,Manual count,523,281,26864,1273,2750,305,56,24,19,26,7,437,31605
56182,2010,A60,Major,A6130,A611,456930,341700,52.9696642,-1.15375214,0.3,0.2,Counted,Manual count,396,223,24195,1338,2261,292,43,23,8,12,14,392,28409
56182,2011,A60,Major,A6130,A611,456930,341700,52.9696642,-1.15375214,0.3,0.2,Estimated,Estimated using AADF from previous year on this link,437,237,24074,1336,2331,290,47,26,6,12,14,395,28373
56182,2012,A60,Major,A6130,A611,456930,341700,52.9696642,-1.15375214,0.3,0.2,Estimated,Estimated using AADF from previous year on this link,413,214,23972,1436,2239,256,45,26,4,11,14,357,28217
56182,2013,A60,Major,A6130,A611,456930,341700,52.9696642,-1.15375214,0.3,0.2,Estimated,Estimated using AADF from previous year on this link,408,214,23836,1351,2264,256,48,29,3,10,14,361,28026
56182,2014,A60,Major,A6130,A611,456930,341700,52.9696642,-1.15375214,0.3,0.2,Estimated,Estimated using AADF from previous year on this link,396,227,23589,1434,2578,270,55,33,3,10,16,388,28216
56182,2015,A60,Major,A6130,A611,456930,341700,52.9696642,-1.15375214,0.3,0.2,Counted,Manual count,486,159,23400,1471,2678,271,38,31,27,21,10,399,28106
56182,2016,A60,Major,A6130,A611,456930,341700,52.9696642,-1.15375214,0.3,0.2,Estimated,Estimated using AADF from previous year on this link,453,155,23765,1363,2925,275,38,35,28,19,10,405,28613
56182,2017,A60,Major,A6130,A611,456930,341700,52.9696642,-1.15375214,0.3,0.2,Estimated,Estimated using AADF from previous year on this link,433,157,23590,1272,3079,273,38,36,29,19,10,406,28504
56182,2018,A60,Major,A6130,A611,456930,341700,52.9696642,-1.15375214,0.3,0.2,Estimated,Estimated using AADF from previous year on this link,479,155,23330,1154,3137,276,38,35,30,20,11,409,28185
56182,2019,A60,Major,A6130,A611,456930,341700,52.9696642,-1.15375214,0.3,0.2,Estimated,Estimated using AADF from previous year on this link,525,146,23623,1167,3109,272,39,35,30,20,11,407,28452
56182,2020,A60,Major,A6130,A611,456930,341700,52.9696642,-1.15375214,0.3,0.2,Estimated,Estimated using AADF from previous year on this link,601,108,17944,737,2744,239,34,31,26,18,9,358,21890
56182,2021,A60,Major,A6130,A611,456930,341700,52.9696642,-1.15375214,0.3,0.2,Estimated,Estimated using AADF from previous year on this link,491,114,19769,761,2991,256,36,34,28,19,10,384,24018
56182,2022,A60,Major,A6130,A611,456930,341700,52.9696642,-1.15375214,0.3,0.2,Estimated,Estimated using AADF from previous year on this link,439,125,21115,818,3243,265,37,36,29,20,10,398,25697
56182,2023,A60,Major,A6130,A611,456930,341700,52.9696642,-1.15375214,0.3,0.2,Counted,Manual count,423,280,21077,1247,2663,170,47,80,9,5,17,328,25597
56182,2024,A60,Major,A6130,A611,456930,341700,52.9696642,-1.15375214,0.3,0.2,Estimated,Estimated using AADF from previous year on this link,427,289,21397,1253,2711,172,47,78,9,5,17,328,25978
56182,2025,A60,Major,A6130,A611,456930,341700,52.9696642,-1.15375214,0.3,0.2,Estimated,Estimated using AADF from previous year on this link,429,295,21422,1224,2767,171,47,80,9,5,16,328,26037
56188,2000,A52,Major,A453 Queens Drive,A453 Clifton Lane,456190,336700,52.92480071,-1.16563384,0.8,0.5,Estimated,Estimated using AADF from previous year on this link,334,494,69495,815,8484,1738,233,210,297,407,250,3135,82423
56188,2001,A52,Major,A453 Queens Drive,A453 Clifton Lane,456190,336700,52.92480071,-1.16563384,0.8,0.5,Counted,Manual count,462,729,67611,731,7032,1604,204,136,334,539,287,3104,79207
56188,2002,A52,Major,A453 Queens Drive,A453 Clifton Lane,456190,336700,52.92480071,-1.16563384,0.8,0.5,Estimated,Estimated using AADF from previous year on this link,481,737,67476,747,7046,1544,213,142,303,469,315,2986,78992
56188,2003,A52,Major,A453 Queens Drive,A453 Clifton Lane,456190,336700,52.92480071,-1.16563384,0.8,0.5,Counted,Manual count,708,684,68389,525,8090,1460,194,151,270,517,406,2998,80686
56188,2004,A52,Major,A453 Queens Drive,A453 Clifton Lane,456190,336700,52.92480071,-1.16563384,0.8,0.5,Estimated,Estimated using AADF from previous year on this link,574,603,68526,488,8018,1465,205,166,256,456,443,2991,80626
56188,2005,A52,Major,A453 Queens Drive,A453 Clifton Lane,456190,336700,52.92480071,-1.16563384,0.8,0.5,Counted,Manual count,401,643,69963,442,8311,1332,197,135,245,503,413,2825,82184
56188,2006,A52,Major,A453 Queens Drive,A453 Clifton Lane,456190,336700,52.92480071,-1.16563384,0.8,0.5,Estimated,Estimated using AADF from previous year on this link,629,669,70172,435,8444,1363,196,145,222,450,447,2823,82543
56188,2007,A52,Major,A453 Queens Drive,A453 Clifton Lane,456190,336700,52.92480071,-1.16563384,0.8,0.5,Counted,Manual count,452,466,67538,444,8343,1215,211,232,223,537,446,2864,79655
56188,2008,A52,Major,A453 Queens Drive,A453 Clifton Lane,456190,336700,52.92480071,-1.16563384,0.8,0.5,Estimated,Estimated using AADF from previous year on this link,508,435,66254,449,8735,1167,229,236,195,472,434,2733,78606
56188,2009,A52,Major,A453 Queens Drive,A453 Clifton Lane,456190,336700,52.92480071,-1.16563384,0.8,0.5,Counted,Manual count,531,526,71490,422,8285,1155,151,143,124,424,371,2368,83091
56188,2010,A52,Major,A453 Queens Drive,A453 Clifton Lane,456190,336700,52.92480071,-1.16563384,0.8,0.5,Counted,Manual count,419,491,69694,555,7718,1037,223,164,113,299,524,2360,80818
56188,2011,A52,Major,A453 Queens Drive,A453 Clifton Lane,456190,336700,52.92480071,-1.16563384,0.8,0.5,Counted,Manual count,298,464,58695,478,8135,1127,199,321,54,182,614,2497,70269
56188,2012,A52,Major,A453 Queens Drive,A453 Clifton Lane,456190,336700,52.92480071,-1.16563384,0.8,0.5,Counted,Manual count,392,426,64497,423,9044,916,227,121,152,491,436,2342,76732
56188,2013,A52,Major,A453 Queens Drive,A453 Clifton Lane,456190,336700,52.92480071,-1.16563384,0.8,0.5,Counted,Manual count,723,450,71539,479,8218,913,199,269,124,350,287,2142,82828
56188,2014,A52,Major,A453 Queens Drive,A453 Clifton Lane,456190,336700,52.92480071,-1.16563384,0.8,0.5,Counted,Manual count,552,581,67129,494,9588,1188,133,356,93,290,525,2586,80378
56188,2015,A52,Major,A453 Queens Drive,A453 Clifton Lane,456190,336700,52.92480071,-1.16563384,0.8,0.5,Counted,Manual count,377,553,67661,357,9679,1590,95,279,72,207,687,2930,81181
56188,2016,A52,Major,A453 Queens Drive,A453 Clifton Lane,456190,336700,52.92480071,-1.16563384,0.8,0.5,Estimated,Estimated using AADF from previous year on this link,448,575,69686,364,10453,1688,92,316,76,199,718,3088,84166
56188,2017,A52,Major,A453 Queens Drive,A453 Clifton Lane,456190,336700,52.92480071,-1.16563384,0.8,0.5,Counted,Manual count,0,486,77392,394,11978,1019,273,233,122,429,809,2885,93134
56188,2018,A52,Major,A453 Queens Drive,A453 Clifton Lane,456190,336700,52.92480071,-1.16563384,0.8,0.5,Estimated,Estimated using AADF from previous year on this link,0,510,77129,382,12542,1037,274,239,124,433,817,2924,93487
56188,2019,A52,Major,A453 Queens Drive,A453 Clifton Lane,456190,336700,52.92480071,-1.16563384,0.8,0.5,Counted,Manual count,0,494,81706,375,11865,1018,230,265,104,476,554,2648,97088
56188,2020,A52,Major,A453 Queens Drive,A453 Clifton Lane,456190,336700,52.92480071,-1.16563384,0.8,0.5,Estimated,Estimated using AADF from previous year on this link,0,291,54898,229,9431,840,194,224,89,418,468,2234,67083
56188,2021,A52,Major,A453 Queens Drive,A453 Clifton Lane,456190,336700,52.92480071,-1.16563384,0.8,0.5,Estimated,Estimated using AADF from previous year on this link,0,340,63017,279,11336,977,220,263,102,462,528,2552,77525
56188,2022,A52,Major,A453 Queens Drive,A453 Clifton Lane,456190,336700,52.92480071,-1.16563384,0.8,0.5,Counted,Manual count,0,435,65430,305,12909,915,189,296,79,429,663,2572,81650
56188,2023,A52,Major,A453 Queens Drive,A453 Clifton Lane,456190,336700,52.92480071,-1.16563384,0.8,0.5,Estimated,Estimated using AADF from previous year on this link,0,424,66406,304,13339,925,184,278,80,430,643,2540,83012
56188,2024,A52,Major,A453 Queens Drive,A453 Clifton Lane,456190,336700,52.92480071,-1.16563384,0.8,0.5,Counted,Manual count,4,460,79115,330,13437,863,239,342,115,304,707,2570,95912
56188,2025,A52,Major,A453 Queens Drive,A453 Clifton Lane,456190,336700,52.92480071,-1.16563384,0.8,0.5,Counted,Manual count,0,456,79212,348,12706,734,167,270,57,440,534,2203,94925
56557,2000,A52,Major,A6464,A6514,454000,338860,52.94444014,-1.19784624,2,1.2,Estimated,Estimated using AADF from previous year on this link,102,327,34295,715,4142,618,76,38,148,187,181,1248,40727
56557,2001,A52,Major,A6464,A6514,454000,338860,52.94444014,-1.19784624,2,1.2,Counted,Manual count,141,222,32102,610,3767,855,83,106,106,223,156,1529,38230
56557,2002,A52,Major,A6464,A6514,454000,338860,52.94444014,-1.19784624,2,1.2,Estimated,Estimated using AADF from previous year on this link,146,224,32038,623,3775,823,86,110,96,194,171,1480,38140
56557,2003,A52,Major,A6464,A6514,454000,338860,52.94444014,-1.19784624,2,1.2,Counted,Manual count,103,527,30675,654,3595,776,126,70,112,254,163,1501,36952
56557,2004,A52,Major,A6464,A6514,454000,338860,52.94444014,-1.19784624,2,1.2,Estimated,Estimated using AADF from previous year on this link,83,465,30736,609,3563,779,134,77,106,224,179,1499,36872
56557,2005,A52,Major,A6464,A6514,454000,338860,52.94444014,-1.19784624,2,1.2,Counted,Manual count,149,298,29468,615,3846,676,93,84,119,244,168,1384,35611
56557,2006,A52,Major,A6464,A6514,454000,338860,52.94444014,-1.19784624,2,1.2,Estimated,Estimated using AADF from previous year on this link,235,310,29556,605,3908,691,92,91,107,218,181,1380,35759
56557,2007,A52,Major,A6464,A6514,454000,338860,52.94444014,-1.19784624,2,1.2,Counted,Manual count,96,300,30311,645,3844,587,98,102,73,199,150,1209,36309
56557,2008,A52,Major,A6464,A6514,454000,338860,52.94444014,-1.19784624,2,1.2,Estimated,Estimated using AADF from previous year on this link,108,279,29735,651,4024,563,106,104,63,175,147,1158,35847
56557,2009,A52,Major,A6464,A6514,454000,338860,52.94444014,-1.19784624,2,1.2,Estimated,Estimated using AADF from previous year on this link,108,263,29260,637,4358,542,111,104,59,155,145,1116,35634
56557,2010,A52,Major,A6464,A6514,454000,338860,52.94444014,-1.19784624,2,1.2,Estimated,Estimated using AADF from previous year on this link,108,242,28645,669,4379,538,105,85,63,135,135,1061,34996
56557,2011,A52,Major,A6464,A6514,454000,338860,52.94444014,-1.19784624,2,1.2,Counted,Manual count,178,280,28590,812,3670,486,89,117,64,134,99,989,34341
56557,2012,A52,Major,A6464,A6514,454000,338860,52.94444014,-1.19784624,2,1.2,Estimated,Estimated using AADF from previous year on this link,168,253,28469,873,3524,430,85,117,46,124,98,900,34019
56557,2013,A52,Major,A6464,A6514,454000,338860,52.94444014,-1.19784624,2,1.2,Estimated,Estimated using AADF from previous year on this link,166,253,28307,821,3565,429,91,131,34,116,98,900,33846
56557,2014,A52,Major,A6464,A6514,454000,338860,52.94444014,-1.19784624,2,1.2,Estimated,Estimated using AADF from previous year on this link,161,269,28014,872,4059,453,104,148,36,114,111,966,34180
56557,2015,A52,Major,A6464,A6514,454000,338860,52.94444014,-1.19784624,2,1.2,Estimated,Estimated using AADF from previous year on this link,150,273,27500,864,4269,440,110,144,44,112,110,960,33867
56557,2016,A52,Major,A6464,A6514,454000,338860,52.94444014,-1.19784624,2,1.2,Counted,Manual count,148,251,26188,872,3935,354,72,64,37,117,100,745,31991
56557,2017,A52,Major,A6464,A6514,454000,338860,52.94444014,-1.19784624,2,1.2,Counted,Automatic counter,151,280,28909,987,4630,409,81,76,42,132,113,853,35659
56557,2018,A52,Major,A6464,A6514,454000,338860,52.94444014,-1.19784624,2.1,1.3,Counted,Automatic counter,154,290,28457,944,4790,412,80,78,42,132,113,856,35337
56557,2019,A52,Major,A6464,A6514,454000,338860,52.94444014,-1.19784624,2.1,1.3,Estimated,Estimated using AADF from previous year on this link,172,287,29426,947,4781,394,80,79,43,137,121,855,36295
56557,2020,A52,Major,A6464,A6514,454000,338860,52.94444014,-1.19784624,2.1,1.3,Counted,Automatic counter,185,202,20580,584,4021,336,65,70,36,118,102,727,26115
56557,2021,A52,Major,A6464,A6514,454000,338860,52.94444014,-1.19784624,2.1,1.3,Counted,Manual count,127,203,22819,590,4698,317,45,103,28,77,179,750,29060
56557,2022,A52,Major,A6464,A6514,454000,338860,52.94444014,-1.19784624,2.1,1.3,Counted,Automatic counter,139,250,26094,694,5208,328,47,109,30,80,184,778,33024
56557,2023,A52,Major,A6464,A6514,454000,338860,52.94444014,-1.19784624,2.1,1.3,Estimated,Estimated using AADF from previous year on this link,130,239,26387,698,5322,324,45,104,29,78,170,750,33397
56557,2024,A52,Major,A6464,A6514,454000,338860,52.94444014,-1.19784624,2.1,1.3,Counted,Automatic counter,116,228,25159,663,5193,307,42,97,28,73,163,709,31952
56557,2025,A52,Major,A6464,A6514,454000,338860,52.94444014,-1.19784624,2.1,1.3,Estimated,Estimated using AADF from previous year on this link,122,234,25154,656,5258,306,42,96,27,72,162,705,32006
56838,2000,A609,Major,A6130,A610/A6200 roundabout,456000,340180,52.95610005,-1.16786024,0.9,0.6,Estimated,Estimated using AADF from previous year on this link,104,96,9495,512,1205,247,14,8,18,11,8,306,11614
56838,2001,A609,Major,A6130,A610/A6200 roundabout,456000,340180,52.95610005,-1.16786024,0.9,0.6,Counted,Manual count,141,154,8516,485,1021,154,23,9,20,8,6,220,10396
56838,2002,A609,Major,A6130,A610/A6200 roundabout,456000,340180,52.95610005,-1.16786024,0.9,0.6,Estimated,Estimated using AADF from previous year on this link,147,159,8653,489,1094,146,23,9,18,7,6,209,10604
56838,2003,A609,Major,A6130,A610/A6200 roundabout,456000,340180,52.95610005,-1.16786024,0.9,0.6,Estimated,Estimated using AADF from previous year on this link,131,226,8333,476,1188,141,23,9,18,7,7,205,10428
56838,2004,A609,Major,A6130,A610/A6200 roundabout,456000,340180,52.95610005,-1.16786024,0.9,0.6,Estimated,Estimated using AADF from previous year on this link,106,149,8442,390,1308,172,30,13,18,6,7,246,10535
56838,2005,A609,Major,A6130,A610/A6200 roundabout,456000,340180,52.95610005,-1.16786024,0.9,0.6,Estimated,Estimated using AADF from previous year on this link,90,122,8053,368,1395,187,32,14,15,5,7,260,10198
56838,2006,A609,Major,A6130,A610/A6200 roundabout,456000,340180,52.95610005,-1.16786024,0.9,0.6,Estimated,Estimated using AADF from previous year on this link,141,106,7900,341,1415,180,30,15,12,4,7,248,10010
56838,2007,A609,Major,A6130,A610/A6200 roundabout,456000,340180,52.95610005,-1.16786024,0.9,0.6,Estimated,Estimated using AADF from previous year on this link,88,102,7774,310,1490,167,27,15,9,3,7,228,9904
56838,2008,A609,Major,A6130,A610/A6200 ,456000,340180,52.95610005,-1.16786024,0.9,0.6,Estimated,Estimated using AADF from previous year on this link,98,97,7602,270,1522,167,32,16,8,3,7,233,9724
56838,2009,A609,Major,A6130,A610/A6200 ,456000,340180,52.95610005,-1.16786024,0.9,0.6,Counted,Manual count,155,50,8749,548,927,94,21,10,2,3,4,134,10408
56838,2010,A609,Major,A6130,A610/A6200 ,456000,340180,52.95610005,-1.16786024,0.9,0.6,Estimated,Estimated using AADF from previous year on this link,155,48,8696,621,990,100,21,9,2,3,4,139,10494
56838,2011,A609,Major,A6130,A610/A6200 ,456000,340180,52.95610005,-1.16786024,0.9,0.6,Estimated,Estimated using AADF from previous year on this link,171,41,8670,587,1105,102,23,10,2,3,4,144,10547
56838,2012,A609,Major,A6130,A610/A6200,456000,340180,52.95610005,-1.16786024,0.9,0.6,Estimated,Estimated using AADF from previous year on this link,162,39,8535,638,1118,103,25,11,1,3,4,147,10478
56838,2013,A609,Major,A6130,A610/A6200,456000,340180,52.95610005,-1.16786024,0.9,0.6,Estimated,Estimated using AADF from previous year on this link,160,44,8459,667,1162,104,27,13,1,3,4,152,10484
56838,2014,A609,Major,A6130,A610/A6200,456000,340180,52.95610005,-1.16786024,0.9,0.6,Estimated,Estimated using AADF from previous year on this link,155,42,8689,642,1243,106,30,14,1,2,4,158,10773
56838,2015,A609,Major,A6130,A610/A6200,456000,340180,52.95610005,-1.16786024,0.9,0.6,Estimated,Estimated using AADF from previous year on this link,144,37,8861,692,1303,101,31,13,1,2,4,152,11045
56838,2016,A609,Major,A6130,A610/A6200,456000,340180,52.95610005,-1.16786024,0.9,0.6,Estimated,Estimated using AADF from previous year on this link,134,36,8999,641,1423,102,31,15,1,2,3,155,11255
56838,2017,A609,Major,A6130,A610/A6200,456000,340180,52.95610005,-1.16786024,0.9,0.6,Estimated,Estimated using AADF from previous year on this link,129,36,8933,599,1499,102,31,16,1,2,4,155,11222
56838,2018,A609,Major,A6130,A610/A6200,456000,340180,52.95610005,-1.16786024,0.9,0.6,Counted,Manual count,93,72,5985,440,802,84,16,51,1,5,7,164,7462
56838,2019,A609,Major,A6130,A610/A6200,456000,340180,52.95610005,-1.16786024,0.9,0.6,Estimated,Estimated using AADF from previous year on this link,102,67,6060,445,795,83,16,51,1,5,7,163,7531
56838,2020,A609,Major,A6130,A610/A6200,456000,340180,52.95610005,-1.16786024,0.9,0.6,Estimated,Estimated using AADF from previous year on this link,116,50,4603,281,702,73,14,46,1,4,6,144,5780
56838,2021,A609,Major,A6130,A610/A6200,456000,340180,52.95610005,-1.16786024,0.9,0.6,Estimated,Estimated using AADF from previous year on this link,95,53,5071,290,765,78,15,50,1,5,6,155,6334
56838,2022,A609,Major,A6130,A610/A6200,456000,340180,52.95610005,-1.16786024,0.9,0.6,Estimated,Estimated using AADF from previous year on this link,85,58,5416,312,829,81,16,53,1,5,6,162,6777
56838,2023,A609,Major,A6130,A610/A6200,456000,340180,52.95610005,-1.16786024,0.9,0.6,Estimated,Estimated using AADF from previous year on this link,83,57,5518,315,843,80,16,53,1,5,6,160,6893
56838,2024,A609,Major,A6130,A610/A6200,456000,340180,52.95610005,-1.16786024,0.9,0.6,Estimated,Estimated using AADF from previous year on this link,84,59,5602,316,858,81,16,51,1,4,6,159,6994
56838,2025,A609,Major,A6130,A610/A6200,456000,340180,52.95610005,-1.16786024,0.9,0.6,Estimated,Estimated using AADF from previous year on this link,85,60,5609,309,876,80,16,53,1,4,6,160,7013
56857,2000,A610,Major,A6130,A610,456000,340520,52.95915594,-1.16780167,1.4,0.9,Counted,Manual count,281,195,17249,1020,2278,394,32,18,39,26,23,532,21274
56857,2001,A610,Major,A6130,A610,456000,340520,52.95915594,-1.16780167,1.4,0.9,Estimated,Estimated using AADF from previous year on this link,269,202,17594,1039,2269,386,37,18,35,23,25,524,21628
56857,2002,A610,Major,A6130,A610,456000,340520,52.95915594,-1.16780167,1.4,0.9,Counted,Manual count,241,245,16929,866,2226,318,60,34,25,27,14,478,20744
56857,2003,A610,Major,A6130,A610,456000,340520,52.95915594,-1.16780167,1.4,0.9,Estimated,Estimated using AADF from previous year on this link,216,275,16692,773,2426,341,68,40,24,24,15,512,20678
56857,2004,A610,Major,A6130,A610,456000,340520,52.95915594,-1.16780167,1.4,0.9,Estimated,Estimated using AADF from previous year on this link,174,242,16726,719,2404,343,72,43,23,21,17,519,20610
56857,2005,A610,Major,A6130,A610,456000,340520,52.95915594,-1.16780167,1.4,0.9,Estimated,Estimated using AADF from previous year on this link,148,245,16307,708,2467,329,68,45,20,19,18,499,20226
56857,2006,A610,Major,A6130,A610,456000,340520,52.95915594,-1.16780167,1.4,0.9,Estimated,Estimated using AADF from previous year on this link,232,254,16356,696,2506,337,68,48,18,17,19,507,20319
56857,2007,A610,Major,A6130,A610,456000,340520,52.95915594,-1.16780167,1.4,0.9,Estimated,Estimated using AADF from previous year on this link,144,256,15587,670,2735,333,66,52,16,15,20,502,19750
56857,2008,A610,Major,A6130,A609,456000,340520,52.95915594,-1.16780167,1.4,0.9,Counted,Manual count,313,210,13737,743,2060,194,39,16,7,17,15,288,17038
56857,2009,A610,Major,A6130,A609,456000,340520,52.95915594,-1.16780167,1.4,0.9,Estimated,Estimated using AADF from previous year on this link,313,234,14039,735,2091,176,39,16,7,15,15,268,17367
56857,2010,A610,Major,A6130,A609,456000,340520,52.95915594,-1.16780167,1.4,0.9,Estimated,Estimated using AADF from previous year on this link,315,222,13954,833,2234,188,39,14,8,15,15,279,17522
56857,2011,A610,Major,A6130,A609,456000,340520,52.95915594,-1.16780167,1.4,0.9,Estimated,Estimated using AADF from previous year on this link,348,188,13912,787,2494,191,43,16,7,15,17,289,17670
56857,2012,A610,Major,A6130,A609,456000,340520,52.95915594,-1.16780167,1.4,0.9,Estimated,Estimated using AADF from previous year on this link,329,180,13695,856,2524,193,47,18,5,13,16,293,17547
56857,2013,A610,Major,A6130,A609,456000,340520,52.95915594,-1.16780167,1.4,0.9,Estimated,Estimated using AADF from previous year on this link,325,200,13574,895,2623,195,51,21,4,13,16,299,17591
56857,2014,A610,Major,A6130,A609,456000,340520,52.95915594,-1.16780167,1.4,0.9,Estimated,Estimated using AADF from previous year on this link,315,192,13942,861,2805,199,57,23,3,10,16,308,18108
56857,2015,A610,Major,A6130,A609,456000,340520,52.95915594,-1.16780167,1.4,0.9,Estimated,Estimated using AADF from previous year on this link,293,169,14218,928,2941,189,58,22,4,10,15,297,18554
56857,2016,A610,Major,A6130,A609,456000,340520,52.95915594,-1.16780167,1.4,0.9,Counted,Manual count,218,127,13387,631,1779,174,22,23,8,26,12,263,16187
56857,2017,A610,Major,A6130,A609,456000,340520,52.95915594,-1.16780167,1.4,0.9,Estimated,Estimated using AADF from previous year on this link,208,128,13288,589,1873,173,22,23,8,26,12,264,16142
56857,2018,A610,Major,A6130,A609,456000,340520,52.95915594,-1.16780167,1.4,0.9,Estimated,Estimated using AADF from previous year on this link,230,127,13142,534,1908,174,22,22,8,26,13,266,15977
56857,2019,A610,Major,A6130,A609,456000,340520,52.95915594,-1.16780167,1.4,0.9,Estimated,Estimated using AADF from previous year on this link,253,119,13307,540,1891,172,22,23,9,27,13,265,16122
56857,2020,A610,Major,A6130,A609,456000,340520,52.95915594,-1.16780167,1.4,0.9,Estimated,Estimated using AADF from previous year on this link,289,88,10107,341,1669,151,19,20,7,24,11,233,12439
56857,2021,A610,Major,A6130,A609,456000,340520,52.95915594,-1.16780167,1.4,0.9,Estimated,Estimated using AADF from previous year on this link,236,93,11135,352,1819,162,21,22,8,26,12,250,13650
56857,2022,A610,Major,A6130,A609,456000,340520,52.95915594,-1.16780167,1.4,0.9,Estimated,Estimated using AADF from previous year on this link,211,102,11894,379,1972,167,22,23,8,26,12,259,14606
56857,2023,A610,Major,A6130,A609,456000,340520,52.95915594,-1.16780167,1.4,0.9,Estimated,Estimated using AADF from previous year on this link,208,101,12117,382,2006,165,21,23,8,26,11,255,14861
56857,2024,A610,Major,A6130,A609,456000,340520,52.95915594,-1.16780167,1.4,0.9,Counted,Manual count,323,177,11680,401,1599,73,33,66,3,3,14,192,14049
56857,2025,A610,Major,A6130,A609,456000,340520,52.95915594,-1.16780167,1.4,0.9,Estimated,Estimated using AADF from previous year on this link,324,181,11694,392,1632,72,33,67,3,3,14,192,14091
56903,2000,A453,Major,C1 Crusader Roundabout,Silverdale flyover,455000,335035,52.90995766,-1.18361344,2.5,1.6,Estimated,Estimated using AADF from previous year on this link,147,151,22922,300,3284,842,90,93,334,518,413,2290,28947
56903,2001,A453,Major,C1 Crusader Roundabout,Silverdale flyover,455000,335035,52.90995766,-1.18361344,2.5,1.6,Counted,Manual count,130,361,23515,319,3155,947,112,110,309,627,383,2488,29838
56903,2002,A453,Major,C1 Crusader Roundabout,Silverdale flyover,455000,335035,52.90995766,-1.18361344,2.5,1.6,Estimated,Estimated using AADF from previous year on this link,136,365,23468,326,3161,912,116,115,281,545,419,2388,29708
56903,2003,A453,Major,C1 Crusader Roundabout,Silverdale flyover,455000,335035,52.90995766,-1.18361344,2.5,1.6,Counted,Manual count,252,180,24859,194,3067,930,171,118,222,527,509,2477,30777
56903,2004,A453,Major,C1 Crusader Roundabout,Silverdale flyover,455000,335035,52.90995766,-1.18361344,2.5,1.6,Estimated,Estimated using AADF from previous year on this link,204,158,24908,180,3039,933,181,130,211,466,557,2478,30763
56903,2005,A453,Major,C1 Crusader Roundabout,Silverdale flyover,455000,335035,52.90995766,-1.18361344,2.5,1.6,Counted,Manual count,148,253,25143,329,3283,821,129,102,304,518,603,2477,31485
56903,2006,A453,Major,C1 Crusader Roundabout,Silverdale flyover,455000,335035,52.90995766,-1.18361344,2.5,1.6,Estimated,Estimated using AADF from previous year on this link,231,262,25219,324,3336,840,129,111,276,463,653,2472,31613
56903,2007,A453,Major,C1 Crusader Roundabout,Silverdale flyover,455000,335035,52.90995766,-1.18361344,2.5,1.6,Counted,Manual count,238,152,22996,282,3253,786,167,91,172,367,686,2269,28952
56903,2008,A453,Major,C1 Crusader Roundabout,A453 split,455000,335035,52.90995766,-1.18361344,2.5,1.6,Estimated,Estimated using AADF from previous year on this link,267,142,22559,284,3405,755,181,93,151,323,669,2172,28562
56903,2009,A453,Major,C1 Crusader Roundabout,A453 split,455000,335035,52.90995766,-1.18361344,2.5,1.6,Estimated,Estimated using AADF from previous year on this link,267,134,22198,278,3687,727,190,93,143,285,663,2101,28398
56903,2010,A453,Major,C1 Crusader Roundabout,A453 split,455000,335035,52.90995766,-1.18361344,2.5,1.6,Estimated,Estimated using AADF from previous year on this link,267,124,21732,292,3705,721,179,76,154,249,615,1994,27847
56903,2011,A453,Major,C1 Crusader Roundabout,A453 split,455000,335035,52.90995766,-1.18361344,2.5,1.6,Counted,Manual count,171,155,22086,301,3139,569,154,123,29,117,1152,2144,27825
56903,2012,A453,Major,C1 Crusader Roundabout,A453 split,455000,335035,52.90995766,-1.18361344,2.5,1.6,Estimated,Estimated using AADF from previous year on this link,162,140,21992,323,3014,503,147,123,21,108,1144,2046,27516
56903,2013,A453,Major,C1 Crusader Roundabout,A453 split,455000,335035,52.90995766,-1.18361344,2.5,1.6,Estimated,Estimated using AADF from previous year on this link,160,140,21868,304,3049,502,158,138,15,102,1146,2060,27421
56903,2014,A453,Major,C1 Crusader Roundabout,A453 split,455000,335035,52.90995766,-1.18361344,2.5,1.6,Estimated,Estimated using AADF from previous year on this link,155,149,21641,323,3472,530,181,156,16,99,1294,2276,27861
56903,2015,A453,Major,C1 Crusader Roundabout,A453 split,455000,335035,52.90995766,-1.18361344,2.5,1.6,Estimated,Estimated using AADF from previous year on this link,144,151,21244,320,3652,516,190,151,20,98,1278,2253,27620
56903,2016,A453,Major,C1 Crusader Roundabout,A453 split,455000,335035,52.90995766,-1.18361344,2.5,1.6,Counted,Manual count,228,187,29320,239,4732,565,139,233,128,735,622,2422,36901
56903,2017,A453,Major,C1 Crusader Roundabout,A453 split,455000,335035,52.90995766,-1.18361344,2.5,1.6,Estimated,Estimated using AADF from previous year on this link,210,188,29308,245,5042,590,140,251,130,751,641,2503,37287
56903,2018,A453,Major,C1 Crusader Roundabout,A453 split,455000,335035,52.90995766,-1.18361344,2.5,1.6,Estimated,Estimated using AADF from previous year on this link,216,198,29209,238,5279,601,141,258,132,759,647,2537,37460
56903,2019,A453,Major,C1 Crusader Roundabout,A453 split,455000,335035,52.90995766,-1.18361344,2.5,1.6,Counted,Manual count,145,234,39639,261,6316,709,114,157,80,746,843,2650,49100
56903,2020,A453,Major,C1 Crusader Roundabout,A453 split,455000,335035,52.90995766,-1.18361344,2.5,1.6,Estimated,Estimated using AADF from previous year on this link,147,138,26633,160,5021,585,96,133,69,656,712,2250,34202
56903,2021,A453,Major,C1 Crusader Roundabout,A453 split,455000,335035,52.90995766,-1.18361344,2.5,1.6,Counted,Manual count,102,141,27807,244,6120,830,180,188,107,619,1061,2986,37297
56903,2022,A453,Major,C1 Crusader Roundabout,A453 split,455000,335035,52.90995766,-1.18361344,2.5,1.6,Counted,Manual count,157,222,34442,220,7292,504,161,274,133,489,1156,2718,44893
56903,2023,A453,Major,C1 Crusader Roundabout,A453 split,455000,335035,52.90995766,-1.18361344,2.5,1.6,Counted,Manual count,181,184,34292,227,6322,681,160,262,94,389,1492,3078,44103
56903,2024,A453,Major,C1 Crusader Roundabout,A453 split,455000,335035,52.90995766,-1.18361344,2.5,1.6,Counted,Manual count,75,173,37226,248,7783,535,135,239,89,453,1446,2897,48327
56903,2025,A453,Major,C1 Crusader Roundabout,A453 split,455000,335035,52.90995766,-1.18361344,2.5,1.6,Estimated,Estimated using AADF from previous year on this link,76,178,37596,252,7899,543,139,252,90,456,1452,2932,48858
57380,2000,A6514,Major,A611,A60,457400,344000,52.99028669,-1.14634683,1.5,0.9,Estimated,Estimated using AADF from previous year on this link,76,229,22199,146,2482,387,77,132,40,63,47,746,25802
57380,2001,A6514,Major,A611,A60,457400,344000,52.99028669,-1.14634683,1.5,0.9,Estimated,Estimated using AADF from previous year on this link,73,237,22643,148,2472,380,88,132,36,54,52,742,26242
57380,2002,A6514,Major,A611,A60,457400,344000,52.99028669,-1.14634683,1.5,0.9,Counted,Manual count,63,288,21799,135,2569,419,57,86,59,70,74,765,25556
57380,2003,A6514,Major,A611,A60,457400,344000,52.99028669,-1.14634683,1.5,0.9,Estimated,Estimated using AADF from previous year on this link,56,323,21493,121,2800,449,64,101,57,63,81,815,25552
57380,2004,A6514,Major,A611,A60,457400,344000,52.99028669,-1.14634683,1.5,0.9,Estimated,Estimated using AADF from previous year on this link,45,284,21537,112,2775,451,68,111,53,55,89,827,25535
57380,2005,A6514,Major,A611,A60,457400,344000,52.99028669,-1.14634683,1.5,0.9,Estimated,Estimated using AADF from previous year on this link,38,288,20998,110,2847,434,64,113,47,47,94,799,25042
57380,2006,A6514,Major,A611,A60,457400,344000,52.99028669,-1.14634683,1.5,0.9,Counted,Manual count,99,309,23479,94,3101,429,77,126,43,93,68,836,27819
57380,2007,A6514,Major,A611,A60,457400,344000,52.99028669,-1.14634683,1.5,0.9,Estimated,Estimated using AADF from previous year on this link,62,312,22375,90,3384,424,77,137,36,88,70,832,26993
57380,2008,A6514,Major,A611,A60,457400,344000,52.99028669,-1.14634683,1.5,0.9,Estimated,Estimated using AADF from previous year on this link,70,291,21950,91,3543,407,82,140,31,77,68,805,26680
57380,2009,A6514,Major,A611,A60,457400,344000,52.99028669,-1.14634683,1.5,0.9,Counted,Manual count,323,383,27350,122,3861,367,84,60,30,44,47,632,32348
57380,2010,A6514,Major,A611,A60,457400,344000,52.99028669,-1.14634683,1.5,0.9,Estimated,Estimated using AADF from previous year on this link,323,353,26776,128,3880,365,79,49,32,38,43,606,31743
57380,2011,A6514,Major,A611,A60,457400,344000,52.99028669,-1.14634683,1.5,0.9,Estimated,Estimated using AADF from previous year on this link,356,374,26642,128,4000,363,85,55,25,38,45,611,31755
57380,2012,A6514,Major,A611,A60,457400,344000,52.99028669,-1.14634683,1.5,0.9,Counted,Manual count,144,237,21857,86,3516,308,54,41,32,59,47,541,26237
57380,2013,A6514,Major,A611,A60,457400,344000,52.99028669,-1.14634683,1.5,0.9,Estimated,Estimated using AADF from previous year on this link,143,237,21733,81,3557,307,58,46,24,55,48,537,26144
57380,2014,A6514,Major,A611,A60,457400,344000,52.99028669,-1.14634683,1.5,0.9,Estimated,Estimated using AADF from previous year on this link,138,252,21507,86,4050,324,66,52,25,54,54,575,26470
57380,2015,A6514,Major,A611,A60,457400,344000,52.99028669,-1.14634683,1.5,0.9,Estimated,Estimated using AADF from previous year on this link,129,256,21113,86,4260,315,69,51,31,53,53,572,26286
57380,2016,A6514,Major,A611,A60,457400,344000,52.99028669,-1.14634683,1.5,0.9,Estimated,Estimated using AADF from previous year on this link,120,251,21442,79,4653,320,69,57,32,47,52,576,27001
57380,2017,A6514,Major,A611,A60,457400,344000,52.99028669,-1.14634683,1.5,0.9,Counted,Manual count,109,190,20505,65,3151,367,45,89,23,65,46,634,24545
57380,2018,A6514,Major,A611,A60,457400,344000,52.99028669,-1.14634683,1.7,1.1,Estimated,Estimated using AADF from previous year on this link,120,188,20279,59,3210,371,45,86,23,67,48,639,24375
57380,2019,A6514,Major,A611,A60,457400,344000,52.99028669,-1.14634683,1.7,1.1,Estimated,Estimated using AADF from previous year on this link,132,176,20534,60,3182,366,45,87,23,69,48,639,24590
57380,2020,A6514,Major,A611,A60,457400,344000,52.99028669,-1.14634683,1.7,1.1,Estimated,Estimated using AADF from previous year on this link,151,130,15597,38,2808,322,39,78,20,61,42,562,19135
57380,2021,A6514,Major,A611,A60,457400,344000,52.99028669,-1.14634683,1.7,1.1,Counted,Manual count,148,160,19391,50,3931,106,67,116,12,14,120,436,23968
57380,2022,A6514,Major,A611,A60,457400,344000,52.99028669,-1.14634683,1.7,1.1,Estimated,Estimated using AADF from previous year on this link,133,175,20711,54,4262,110,70,123,13,14,122,452,25654
57380,2023,A6514,Major,A611,A60,457400,344000,52.99028669,-1.14634683,1.7,1.1,Estimated,Estimated using AADF from previous year on this link,131,173,21101,54,4334,109,69,121,13,14,118,443,26105
57380,2024,A6514,Major,A611,A60,457400,344000,52.99028669,-1.14634683,1.7,1.1,Estimated,Estimated using AADF from previous year on this link,132,178,21420,54,4412,110,69,118,12,14,114,437,26502
57380,2025,A6514,Major,A611,A60,457300,343919,52.98956933,-1.14785066,1.7,1.1,Counted,Manual count,137,142,19364,62,3124,206,60,101,16,25,81,490,23182
57482,2000,A6008,Major,A453,A453/A6005,457060,339140,52.94664064,-1.15226652,0.5,0.3,Estimated,Estimated using AADF from previous year on this link,108,160,15085,264,1868,386,32,28,21,26,20,513,17890
57482,2001,A6008,Major,A453,A453/A6005,457060,339140,52.94664064,-1.15226652,0.5,0.3,Estimated,Estimated using AADF from previous year on this link,104,167,14618,277,1882,368,36,28,17,20,20,489,17433
57482,2002,A6008,Major,A453,A453/A6005,457060,339140,52.94664064,-1.15226652,0.5,0.3,Counted,Manual count,179,102,13495,187,1757,274,25,42,16,28,19,404,15945
57482,2003,A6008,Major,A453,A453/A6005,457060,339140,52.94664064,-1.15226652,0.5,0.3,Estimated,Estimated using AADF from previous year on this link,160,145,12996,182,1908,266,25,45,16,25,21,398,15629
57482,2004,A6008,Major,A453,A453/A6005,457060,339140,52.94664064,-1.15226652,0.5,0.3,Estimated,Estimated using AADF from previous year on this link,130,95,13164,149,2100,323,32,59,16,24,25,479,15987
57482,2005,A6008,Major,A453,A453/A6005,457060,339140,52.94664064,-1.15226652,0.5,0.3,Estimated,Estimated using AADF from previous year on this link,109,78,12559,141,2239,350,34,68,13,19,24,508,15525
57482,2006,A6008,Major,A453,A453/A6005,457060,339140,52.94664064,-1.15226652,0.5,0.3,Estimated,Estimated using AADF from previous year on this link,172,68,12321,130,2273,338,32,69,11,15,23,488,15280
57482,2007,A6008,Major,A453,A453/A6005,457060,339140,52.94664064,-1.15226652,0.5,0.3,Estimated,Estimated using AADF from previous year on this link,107,66,12124,118,2394,314,30,71,8,13,22,458,15160
57482,2008,A6008,Major,A453,A6005,457060,339140,52.94664064,-1.15226652,0.5,0.3,Estimated,Estimated using AADF from previous year on this link,120,62,11857,103,2444,314,34,75,7,11,21,462,14928
57482,2009,A6008,Major,A453,A6005,457060,339140,52.94664064,-1.15226652,0.5,0.3,Estimated,Estimated using AADF from previous year on this link,120,69,12118,102,2480,286,34,71,7,10,21,429,15198
57482,2010,A6008,Major,A453,A6005,457060,339140,52.94664064,-1.15226652,0.5,0.3,Estimated,Estimated using AADF from previous year on this link,120,66,12045,116,2648,304,34,62,8,10,21,439,15314
57482,2011,A6008,Major,A453,A6005,457060,339140,52.94664064,-1.15226652,0.5,0.3,Counted,Manual count,198,70,11193,47,1840,143,47,20,9,9,14,242,13392
57482,2012,A6008,Major,A453,A6005,457060,339140,52.94664064,-1.15226652,0.5,0.3,Estimated,Estimated using AADF from previous year on this link,187,67,11018,51,1862,145,51,23,6,8,13,246,13244
57482,2013,A6008,Major,A453,A6005,457060,339140,52.94664064,-1.15226652,0.5,0.3,Estimated,Estimated using AADF from previous year on this link,185,75,10921,53,1935,146,56,26,5,8,14,253,13237
57482,2014,A6008,Major,A453,A6005,457060,339140,52.94664064,-1.15226652,0.5,0.3,Estimated,Estimated using AADF from previous year on this link,179,71,11217,51,2069,149,62,28,4,6,13,263,13672
57482,2015,A6008,Major,A453,A6005,457060,339140,52.94664064,-1.15226652,0.5,0.3,Estimated,Estimated using AADF from previous year on this link,167,63,11439,55,2170,142,63,27,5,6,12,255,13983
57482,2016,A6008,Major,A453,A6005,457060,339140,52.94664064,-1.15226652,0.5,0.3,Estimated,Estimated using AADF from previous year on this link,155,62,11618,51,2370,144,63,30,5,5,12,259,14361
57482,2017,A6008,Major,A453,A6005,457060,339140,52.94664064,-1.15226652,0.5,0.3,Estimated,Estimated using AADF from previous year on this link,149,62,11532,48,2495,143,64,31,5,5,13,261,14399
57482,2018,A6008,Major,A453,A6005,457060,339140,52.94664064,-1.15226652,0.5,0.3,Estimated,Estimated using AADF from previous year on this link,164,62,11405,43,2542,144,63,30,5,5,13,262,14314
57482,2019,A6008,Major,A453,A6005,457060,339140,52.94664064,-1.15226652,0.5,0.3,Counted,Manual count,200,107,9602,88,1656,94,49,37,11,13,11,216,11669
57482,2020,A6008,Major,A453,A6005,457060,339140,52.94664064,-1.15226652,0.5,0.3,Estimated,Estimated using AADF from previous year on this link,229,79,7293,56,1462,82,43,33,10,12,10,190,9079
57482,2021,A6008,Major,A453,A6005,457060,339140,52.94664064,-1.15226652,0.5,0.3,Estimated,Estimated using AADF from previous year on this link,187,84,8035,58,1593,88,46,36,10,13,10,204,9974
57482,2022,A6008,Major,A453,A6005,457060,339140,52.94664064,-1.15226652,0.5,0.3,Estimated,Estimated using AADF from previous year on this link,167,91,8582,62,1727,91,48,39,11,13,11,212,10675
57482,2023,A6008,Major,A453,A6005,457060,339140,52.94664064,-1.15226652,0.5,0.3,Estimated,Estimated using AADF from previous year on this link,164,90,8744,62,1757,90,47,38,11,13,10,209,10861
57482,2024,A6008,Major,A453,A6005,457060,339140,52.94664064,-1.15226652,0.5,0.3,Estimated,Estimated using AADF from previous year on this link,166,93,8876,63,1788,91,47,37,11,12,10,208,11028
57482,2025,A6008,Major,A453,A6005,457060,339140,52.94664064,-1.15226652,0.5,0.3,Estimated,Estimated using AADF from previous year on this link,167,95,8887,61,1825,90,47,38,11,12,10,208,11076
57731,2000,A6008,Major,Fisher Gate roundabout,Southwell Rd,457959,339800,52.95247677,-1.13877121,0.3,0.2,Counted,Manual count,168,298,23013,509,2775,474,96,55,26,28,9,688,27283
57731,2001,A6008,Major,Fisher Gate roundabout,Southwell Rd,457959,339800,52.95247677,-1.13877121,0.3,0.2,Estimated,Estimated using AADF from previous year on this link,161,309,23473,519,2764,465,110,55,23,24,10,687,27752
57731,2002,A6008,Major,Fisher Gate roundabout,Southwell Rd,457959,339800,52.95247677,-1.13877121,0.3,0.2,Estimated,Estimated using AADF from previous year on this link,167,312,23426,530,2770,448,115,57,21,21,11,673,27711
57731,2003,A6008,Major,Fisher Gate roundabout,Southwell Rd,457959,339800,52.95247677,-1.13877121,0.3,0.2,Estimated,Estimated using AADF from previous year on this link,149,350,23098,473,3019,481,130,67,20,19,12,729,27669
57731,2004,A6008,Major,Fisher Gate roundabout,Southwell Rd,457959,339800,52.95247677,-1.13877121,0.3,0.2,Estimated,Estimated using AADF from previous year on this link,121,308,23144,440,2992,483,138,73,19,16,13,742,27626
57731,2005,A6008,Major,Fisher Gate roundabout,Southwell Rd,457959,339800,52.95247677,-1.13877121,0.3,0.2,Estimated,Estimated using AADF from previous year on this link,102,311,22566,433,3070,464,130,74,17,14,14,713,27093
57731,2006,A6008,Major,Fisher Gate roundabout,Southwell Rd,457959,339800,52.95247677,-1.13877121,0.3,0.2,Counted,Manual count,180,231,23074,246,2939,392,52,47,22,16,12,541,27031
57731,2007,A6008,Major,Fisher Gate roundabout,Southwell Rd,457959,339800,52.95247677,-1.13877121,0.3,0.2,Estimated,Estimated using AADF from previous year on this link,113,233,21990,237,3206,387,51,51,19,15,12,535,26201
57731,2008,A6008,Major,A6008 Fisher Gate,A612,457959,339800,52.95247677,-1.13877121,0.3,0.2,Estimated,Estimated using AADF from previous year on this link,126,218,21572,239,3357,371,55,52,17,13,12,520,25906
57731,2009,A6008,Major,A6008 Fisher Gate,A612,457959,339800,52.95247677,-1.13877121,0.3,0.2,Counted,Manual count,215,216,21211,288,3110,288,66,23,17,14,10,418,25243
57731,2010,A6008,Major,A6008 Fisher Gate,A612,457959,339800,52.95247677,-1.13877121,0.3,0.2,Estimated,Estimated using AADF from previous year on this link,215,199,20766,303,3126,286,62,19,18,12,9,406,24800
57731,2011,A6008,Major,A6008 Fisher Gate,A612,457959,339800,52.95247677,-1.13877121,0.3,0.2,Estimated,Estimated using AADF from previous year on this link,237,211,20662,303,3223,285,67,21,14,12,10,409,24808
57731,2012,A6008,Major,A6008 Fisher Gate,A612,457959,339800,52.95247677,-1.13877121,0.3,0.2,Estimated,Estimated using AADF from previous year on this link,224,190,20574,326,3095,252,64,21,10,11,10,368,24554
57731,2013,A6008,Major,A6008 Fisher Gate,A612,457959,339800,52.95247677,-1.13877121,0.3,0.2,Counted,Manual count,224,144,20192,288,2648,229,65,24,27,14,12,371,23644
57731,2014,A6008,Major,A6008 Fisher Gate,A612,457959,339800,52.95247677,-1.13877121,0.3,0.2,Estimated,Estimated using AADF from previous year on this link,217,153,19983,306,3015,242,74,27,28,14,14,400,23857
57731,2015,A6008,Major,A6008 Fisher Gate,A612,457959,339800,52.95247677,-1.13877121,0.3,0.2,Estimated,Estimated using AADF from previous year on this link,202,156,19616,304,3172,236,78,27,35,13,13,402,23649
57731,2016,A6008,Major,A6008 Fisher Gate,A612,457959,339800,52.95247677,-1.13877121,0.3,0.2,Estimated,Estimated using AADF from previous year on this link,188,153,19922,281,3464,239,77,30,36,12,13,407,24228
57731,2017,A6008,Major,A6008 Fisher Gate,A612,457959,339800,52.95247677,-1.13877121,0.3,0.2,Estimated,Estimated using AADF from previous year on this link,180,154,19775,263,3647,237,79,31,37,12,14,410,24249
57731,2018,A6008,Major,A6008 Fisher Gate,A612,457959,339800,52.95247677,-1.13877121,0.3,0.2,Estimated,Estimated using AADF from previous year on this link,199,153,19557,238,3715,239,78,30,38,12,14,412,24076
57731,2019,A6008,Major,A6008 Fisher Gate,A612,457959,339800,52.95247677,-1.13877121,0.3,0.2,Estimated,Estimated using AADF from previous year on this link,218,143,19803,241,3683,236,80,30,39,13,14,412,24281
57731,2020,A6008,Major,A6008 Fisher Gate,A612,457959,339800,52.95247677,-1.13877121,0.3,0.2,Estimated,Estimated using AADF from previous year on this link,250,106,15042,152,3250,208,69,27,34,11,13,361,18911
57731,2021,A6008,Major,A6008 Fisher Gate,A612,457959,339800,52.95247677,-1.13877121,0.3,0.2,Counted,Manual count,141,129,14060,238,2673,188,42,35,7,15,31,318,17417
57731,2022,A6008,Major,A6008 Fisher Gate,A612,457959,339800,52.95247677,-1.13877121,0.3,0.2,Estimated,Estimated using AADF from previous year on this link,126,140,15018,256,2897,194,44,37,7,15,32,330,18641
57731,2023,A6008,Major,A6008 Fisher Gate,A612,457959,339800,52.95247677,-1.13877121,0.3,0.2,Estimated,Estimated using AADF from previous year on this link,124,139,15300,258,2946,192,43,37,7,15,31,324,18967
57731,2024,A6008,Major,A6008 Fisher Gate,A612,457959,339800,52.95247677,-1.13877121,0.3,0.2,Estimated,Estimated using AADF from previous year on this link,125,143,15532,259,2999,195,43,36,7,14,30,325,19258
57731,2025,A6008,Major,A6008 Fisher Gate,A612,457959,339800,52.95247677,-1.13877121,0.3,0.2,Estimated,Estimated using AADF from previous year on this link,126,146,15550,253,3061,193,43,37,7,14,29,323,19333
57733,2000,A6008,Major,A453,Carrington St,457299,338970,52.94508721,-1.14873999,0.5,0.3,Estimated,Estimated using AADF from previous year on this link,67,93,10786,235,1932,415,73,46,34,35,28,631,13677
57733,2001,A6008,Major,A453,Carrington St,457299,338970,52.94508721,-1.14873999,0.5,0.3,Estimated,Estimated using AADF from previous year on this link,64,97,10452,246,1946,396,82,44,28,28,29,607,13348
57733,2002,A6008,Major,A453,Carrington St,457299,338970,52.94508721,-1.14873999,0.5,0.3,Estimated,Estimated using AADF from previous year on this link,66,101,10619,248,2086,374,84,45,26,25,32,586,13640
57733,2003,A6008,Major,A453,Carrington St,457299,338970,52.94508721,-1.14873999,0.5,0.3,Estimated,Estimated using AADF from previous year on this link,59,144,10226,242,2265,363,86,47,25,22,35,578,13455
57733,2004,A6008,Major,A453,Carrington St,457299,338970,52.94508721,-1.14873999,0.5,0.3,Counted,Manual count,62,168,14959,275,2360,416,72,63,45,57,54,707,18469
57733,2005,A6008,Major,A453,Carrington St,457299,338970,52.94508721,-1.14873999,0.5,0.3,Estimated,Estimated using AADF from previous year on this link,52,138,14271,259,2516,451,76,72,36,46,52,733,17917
57733,2006,A6008,Major,A453,Carrington St,457299,338970,52.94508721,-1.14873999,0.5,0.3,Estimated,Estimated using AADF from previous year on this link,82,120,14000,241,2554,434,72,74,29,36,50,695,17610
57733,2007,A6008,Major,A453,Carrington St,457299,338970,52.94508721,-1.14873999,0.5,0.3,Estimated,Estimated using AADF from previous year on this link,51,115,13776,219,2689,404,66,76,23,32,47,648,17447
57733,2008,A6008,Major,A453,Carrington St,457299,338970,52.94508721,-1.14873999,0.5,0.3,Estimated,Estimated using AADF from previous year on this link,58,110,13473,191,2746,403,75,80,20,28,46,652,17172
57733,2009,A6008,Major,A453,Carrington St,457299,338970,52.94508721,-1.14873999,0.5,0.3,Estimated,Estimated using AADF from previous year on this link,58,122,13770,189,2787,366,75,76,18,24,44,603,17471
57733,2010,A6008,Major,A453,Carrington St,457299,338970,52.94508721,-1.14873999,0.5,0.3,Estimated,Estimated using AADF from previous year on this link,58,116,13687,214,2977,390,77,66,21,22,44,620,17614
57733,2011,A6008,Major,A453,Carrington St,457299,338970,52.94508721,-1.14873999,0.5,0.3,Estimated,Estimated using AADF from previous year on this link,64,98,13646,202,3323,396,85,76,17,22,48,644,17913
57733,2012,A6008,Major,A453,Carrington St,457299,338970,52.94508721,-1.14873999,0.5,0.3,Counted,Manual count,47,91,12571,183,2092,282,75,75,14,29,29,506,15443
57733,2013,A6008,Major,A453,Carrington St,457299,338970,52.94508721,-1.14873999,0.5,0.3,Estimated,Estimated using AADF from previous year on this link,47,102,12460,191,2174,284,82,86,11,28,30,520,15447
57733,2014,A6008,Major,A453,Carrington St,457299,338970,52.94508721,-1.14873999,0.5,0.3,Estimated,Estimated using AADF from previous year on this link,45,97,12798,184,2325,291,91,94,9,23,28,536,15941
57733,2015,A6008,Major,A453,Carrington St,457299,338970,52.94508721,-1.14873999,0.5,0.3,Estimated,Estimated using AADF from previous year on this link,42,86,13052,198,2438,276,93,89,11,22,27,519,16292
57733,2016,A6008,Major,A453,Carrington St,457299,338970,52.94508721,-1.14873999,0.5,0.3,Estimated,Estimated using AADF from previous year on this link,39,84,13255,183,2664,280,92,100,12,19,27,531,16717
57733,2017,A6008,Major,A453,Carrington St,457299,338970,52.94508721,-1.14873999,0.5,0.3,Estimated,Estimated using AADF from previous year on this link,38,85,13158,171,2804,278,94,103,12,19,28,534,16752
57733,2018,A6008,Major,A453,Carrington St,457299,338970,52.94508721,-1.14873999,0.6,0.4,Estimated,Estimated using AADF from previous year on this link,41,84,13013,155,2856,281,93,100,12,20,29,535,16644
57733,2019,A6008,Major,A453,Carrington St,457299,338970,52.94508721,-1.14873999,0.6,0.4,Estimated,Estimated using AADF from previous year on this link,46,79,13176,157,2832,277,95,100,13,21,29,535,16778
57733,2020,A6008,Major,A453,Carrington St,457299,338970,52.94508721,-1.14873999,0.6,0.4,Counted,Manual count,104,88,11722,152,2635,265,92,62,20,56,74,569,15167
57733,2021,A6008,Major,A453,Carrington St,457299,338970,52.94508721,-1.14873999,0.6,0.4,Estimated,Estimated using AADF from previous year on this link,85,94,12914,157,2873,284,98,67,22,60,80,611,16649
57733,2022,A6008,Major,A453,Carrington St,457299,338970,52.94508721,-1.14873999,0.6,0.4,Estimated,Estimated using AADF from previous year on this link,76,102,13794,169,3115,294,102,72,23,61,81,632,17812
57733,2023,A6008,Major,A453,Carrington St,457299,338970,52.94508721,-1.14873999,0.6,0.4,Estimated,Estimated using AADF from previous year on this link,75,101,14053,170,3167,290,100,71,23,60,78,622,18113
57733,2024,A6008,Major,A453,Carrington St,457299,338970,52.94508721,-1.14873999,0.6,0.4,Estimated,Estimated using AADF from previous year on this link,76,104,14266,171,3224,294,100,69,22,58,76,620,18385
57733,2025,A6008,Major,A453,Carrington St,457299,338970,52.94508721,-1.14873999,0.6,0.4,Estimated,Estimated using AADF from previous year on this link,76,106,14283,167,3290,291,101,71,23,56,74,616,18463
57890,2000,A6008,Major,A610,A610,456900,340000,52.95438757,-1.15449682,0.3,0.2,Estimated,Estimated using AADF from previous year on this link,100,212,16324,1934,2015,336,26,11,34,6,5,418,20903
57890,2001,A6008,Major,A610,A610,456900,340000,52.95438757,-1.15449682,0.3,0.2,Estimated,Estimated using AADF from previous year on this link,96,219,16650,1970,2007,329,30,11,30,5,6,411,21257
57890,2002,A6008,Major,A610,A610,456900,340000,52.95438757,-1.15449682,0.3,0.2,Estimated,Estimated using AADF from previous year on this link,100,222,16617,2014,2011,317,32,11,27,4,7,398,21262
57890,2003,A6008,Major,A610,A610,456900,340000,52.95438757,-1.15449682,0.3,0.2,Estimated,Estimated using AADF from previous year on this link,89,249,16384,1799,2192,340,36,13,26,4,8,427,21051
57890,2004,A6008,Major,A610,A610,456900,340000,52.95438757,-1.15449682,0.3,0.2,Counted,Manual count,84,218,14487,678,1837,262,34,14,21,11,3,345,17565
57890,2005,A6008,Major,A610,A610,456900,340000,52.95438757,-1.15449682,0.3,0.2,Estimated,Estimated using AADF from previous year on this link,71,221,14125,668,1885,252,32,14,18,9,3,328,17227
57890,2006,A6008,Major,A610,A610,456900,340000,52.95438757,-1.15449682,0.3,0.2,Estimated,Estimated using AADF from previous year on this link,111,229,14167,657,1914,258,32,15,17,8,3,333,17300
57890,2007,A6008,Major,A610,A610,456900,340000,52.95438757,-1.15449682,0.3,0.2,Estimated,Estimated using AADF from previous year on this link,69,184,13635,564,2014,226,28,15,11,7,3,290,16687
57890,2008,A6008,Major,A610,A6008 South Sherwood Street,456900,340000,52.95438757,-1.15449682,0.3,0.2,Estimated,Estimated using AADF from previous year on this link,77,175,13335,490,2056,226,31,16,10,5,3,291,16347
57890,2009,A6008,Major,A610,A6008 South Sherwood Street,456900,340000,52.95438757,-1.15449682,0.3,0.2,Estimated,Estimated using AADF from previous year on this link,77,195,13628,485,2087,205,31,15,9,4,3,267,16662
57890,2010,A6008,Major,A610,A6008 South Sherwood Street,456900,340000,52.95438757,-1.15449682,0.3,0.2,Counted,Manual count,197,78,8120,910,1083,128,22,3,9,8,3,173,10364
57890,2011,A6008,Major,A610,A6008 South Sherwood Street,456900,340000,52.95438757,-1.15449682,0.3,0.2,Estimated,Estimated using AADF from previous year on this link,217,65,8095,860,1208,130,24,3,7,8,3,175,10403
57890,2012,A6008,Major,A610,A6008 South Sherwood Street,456900,340000,52.95438757,-1.15449682,0.3,0.2,Estimated,Estimated using AADF from previous year on this link,205,62,7969,935,1222,131,26,3,5,7,3,176,10364
57890,2013,A6008,Major,A610,A6008 South Sherwood Street,456900,340000,52.95438757,-1.15449682,0.3,0.2,Estimated,Estimated using AADF from previous year on this link,203,69,7898,978,1270,133,28,4,4,7,3,178,10394
57890,2014,A6008,Major,A610,A6008 South Sherwood Street,456900,340000,52.95438757,-1.15449682,0.3,0.2,Estimated,Estimated using AADF from previous year on this link,197,66,8113,941,1359,136,32,4,3,6,3,183,10662
57890,2015,A6008,Major,A610,A6008 South Sherwood Street,456900,340000,52.95438757,-1.15449682,0.3,0.2,Estimated,Estimated using AADF from previous year on this link,183,58,8273,1014,1425,129,32,4,4,5,3,177,10947
57890,2016,A6008,Major,A610,A6008 South Sherwood Street,456900,340000,52.95438757,-1.15449682,0.3,0.2,Estimated,Estimated using AADF from previous year on this link,170,57,8402,939,1556,131,32,5,4,5,3,178,11133
57890,2017,A6008,Major,A610,A6008 South Sherwood Street,456900,340000,52.95438757,-1.15449682,0.3,0.2,Estimated,Estimated using AADF from previous year on this link,163,58,8340,877,1638,130,33,5,4,5,3,178,11092
57890,2018,A6008,Major,A610,A6008 South Sherwood Street,456900,340000,52.95438757,-1.15449682,0.4,0.2,Counted,Manual count,152,161,7823,1176,1081,111,14,4,7,5,1,142,10383
57890,2019,A6008,Major,A610,A6008 South Sherwood Street,456900,340000,52.95438757,-1.15449682,0.4,0.2,Estimated,Estimated using AADF from previous year on this link,167,151,7921,1189,1072,110,15,4,7,5,1,141,10474
57890,2020,A6008,Major,A610,A6008 South Sherwood Street,456900,340000,52.95438757,-1.15449682,0.4,0.2,Estimated,Estimated using AADF from previous year on this link,191,112,6017,751,946,96,13,3,6,5,1,124,7949
57890,2021,A6008,Major,A610,A6008 South Sherwood Street,456900,340000,52.95438757,-1.15449682,0.4,0.2,Estimated,Estimated using AADF from previous year on this link,156,118,6629,775,1031,103,14,4,7,5,1,133,8686
57890,2022,A6008,Major,A610,A6008 South Sherwood Street,456900,340000,52.95438757,-1.15449682,0.4,0.2,Estimated,Estimated using AADF from previous year on this link,140,129,7080,833,1118,107,14,4,7,5,1,137,9298
57890,2023,A6008,Major,A610,A6008 South Sherwood Street,456900,340000,52.95438757,-1.15449682,0.4,0.2,Estimated,Estimated using AADF from previous year on this link,137,128,7213,841,1137,105,14,4,7,5,1,136,9454
57890,2024,A6008,Major,A610,A6008 South Sherwood Street,456900,340000,52.95438757,-1.15449682,0.4,0.2,Estimated,Estimated using AADF from previous year on this link,139,131,7323,845,1157,107,14,4,7,5,1,137,9593
57890,2025,A6008,Major,A610,A6008 South Sherwood Street,456900,340000,52.95438757,-1.15449682,0.4,0.2,Estimated,Estimated using AADF from previous year on this link,139,134,7331,826,1181,106,14,4,7,5,1,136,9608
57924,2000,A6200,Major,A52,A6130,455000,339220,52.94757484,-1.18290547,1.3,0.8,Estimated,Estimated using AADF from previous year on this link,749,188,22431,1277,2402,368,36,13,40,46,43,546,26844
57924,2001,A6200,Major,A52,A6130,455000,339220,52.94757484,-1.18290547,1.3,0.8,Counted,Manual count,186,466,21100,1155,2241,357,32,16,32,61,36,534,25496
57924,2002,A6200,Major,A52,A6130,455000,339220,52.94757484,-1.18290547,1.3,0.8,Estimated,Estimated using AADF from previous year on this link,194,471,21057,1181,2245,344,34,16,29,53,40,516,25470
57924,2003,A6200,Major,A52,A6130,455000,339220,52.94757484,-1.18290547,1.3,0.8,Estimated,Estimated using AADF from previous year on this link,173,528,20762,1055,2447,369,39,18,28,47,44,545,25337
57924,2004,A6200,Major,A52,A6130,455000,339220,52.94757484,-1.18290547,1.3,0.8,Counted,Manual count,230,195,19560,1033,2185,324,40,55,24,55,59,557,23530
57924,2005,A6200,Major,A52,A6130,455000,339220,52.94757484,-1.18290547,1.3,0.8,Estimated,Estimated using AADF from previous year on this link,195,196,19071,1015,2242,311,38,55,21,49,63,537,23061
57924,2006,A6200,Major,A52,A6130,455000,339220,52.94757484,-1.18290547,1.3,0.8,Estimated,Estimated using AADF from previous year on this link,305,204,19128,1000,2278,319,37,59,19,43,68,545,23155
57924,2007,A6200,Major,A52,A6130,455000,339220,52.94757484,-1.18290547,1.3,0.8,Estimated,Estimated using AADF from previous year on this link,190,206,18229,962,2485,315,37,65,16,41,70,544,22426
57924,2008,A6200,Major,A52,A6130,455000,339220,52.94757484,-1.18290547,1.3,0.8,Counted,Manual count,999,147,19043,1054,2106,193,25,15,11,18,31,293,22643
57924,2009,A6200,Major,A52,A6130,455000,339220,52.94757484,-1.18290547,1.3,0.8,Estimated,Estimated using AADF from previous year on this link,1000,139,18739,1030,2281,185,26,15,11,15,31,283,22472
57924,2010,A6200,Major,A52,A6130,455000,339220,52.94757484,-1.18290547,1.3,0.8,Estimated,Estimated using AADF from previous year on this link,1000,128,18346,1082,2292,183,25,12,12,13,29,274,22122
57924,2011,A6200,Major,A52,A6130,455000,339220,52.94757484,-1.18290547,1.3,0.8,Estimated,Estimated using AADF from previous year on this link,1103,136,18254,1080,2363,183,27,13,9,13,31,276,22109
57924,2012,A6200,Major,A52,A6130,455000,339220,52.94757484,-1.18290547,1.3,0.8,Counted,Manual count,353,98,17641,1530,1452,145,40,20,7,18,12,242,20962
57924,2013,A6200,Major,A52,A6130,455000,339220,52.94757484,-1.18290547,1.3,0.8,Estimated,Estimated using AADF from previous year on this link,348,98,17541,1439,1469,145,43,22,5,17,12,244,20791
57924,2014,A6200,Major,A52,A6130,455000,339220,52.94757484,-1.18290547,1.3,0.8,Estimated,Estimated using AADF from previous year on this link,338,104,17359,1528,1673,153,49,25,5,17,13,263,20926
57924,2015,A6200,Major,A52,A6130,455000,339220,52.94757484,-1.18290547,1.3,0.8,Estimated,Estimated using AADF from previous year on this link,314,106,17040,1515,1759,149,52,24,6,17,13,261,20681
57924,2016,A6200,Major,A52,A6130,455000,339220,52.94757484,-1.18290547,1.3,0.8,Estimated,Estimated using AADF from previous year on this link,293,103,17306,1403,1922,151,51,27,7,15,13,264,20999
57924,2017,A6200,Major,A52,A6130,455000,339220,52.94757484,-1.18290547,1.3,0.8,Estimated,Estimated using AADF from previous year on this link,280,104,17179,1310,2023,150,52,28,7,15,13,265,20882
57924,2018,A6200,Major,A52,A6130,455000,339220,52.94757484,-1.18290547,1.3,0.8,Counted,Manual count,284,122,15236,1153,1828,105,34,5,20,8,7,180,18518
57924,2019,A6200,Major,A52,A6130,455000,339220,52.94757484,-1.18290547,1.3,0.8,Estimated,Estimated using AADF from previous year on this link,311,114,15427,1166,1812,104,35,5,20,8,7,179,18698
57924,2020,A6200,Major,A52,A6130,455000,339220,52.94757484,-1.18290547,1.3,0.8,Estimated,Estimated using AADF from previous year on this link,356,84,11718,736,1599,91,30,5,18,7,6,157,14295
57924,2021,A6200,Major,A52,A6130,455000,339220,52.94757484,-1.18290547,1.3,0.8,Estimated,Estimated using AADF from previous year on this link,291,89,12910,760,1744,98,32,5,19,8,7,168,15671
57924,2022,A6200,Major,A52,A6130,455000,339220,52.94757484,-1.18290547,1.3,0.8,Estimated,Estimated using AADF from previous year on this link,260,98,13789,817,1890,101,33,6,20,8,7,174,16768
57924,2023,A6200,Major,A52,A6130,455000,339220,52.94757484,-1.18290547,1.3,0.8,Estimated,Estimated using AADF from previous year on this link,256,96,14048,825,1922,100,33,6,20,8,6,172,17063
57924,2024,A6200,Major,A52,A6130,455000,339220,52.94757484,-1.18290547,1.3,0.8,Estimated,Estimated using AADF from previous year on this link,259,99,14261,828,1957,101,33,5,19,7,6,173,17318
57924,2025,A6200,Major,A52,A6130,455000,339220,52.94757484,-1.18290547,1.3,0.8,Estimated,Estimated using AADF from previous year on this link,260,101,14278,810,1997,100,33,6,20,7,6,172,17357
57958,2000,A60,Major,Huntingdon St,A6130,457040,341100,52.9642597,-1.15222004,0.6,0.4,Estimated,Estimated using AADF from previous year on this link,406,312,32019,1373,3670,510,55,26,38,35,17,681,38055
57958,2001,A60,Major,Huntingdon St,A6130,457040,341100,52.9642597,-1.15222004,0.6,0.4,Estimated,Estimated using AADF from previous year on this link,388,323,32659,1399,3656,500,64,26,33,30,19,672,38709
57958,2002,A60,Major,Huntingdon St,A6130,457040,341100,52.9642597,-1.15222004,0.6,0.4,Counted,Manual count,349,390,35565,1830,3553,512,87,43,41,35,22,740,42078
57958,2003,A60,Major,Huntingdon St,A6130,457040,341100,52.9642597,-1.15222004,0.6,0.4,Estimated,Estimated using AADF from previous year on this link,312,438,35067,1634,3873,549,99,51,39,31,24,793,41805
57958,2004,A60,Major,Huntingdon St,A6130,457040,341100,52.9642597,-1.15222004,0.6,0.4,Estimated,Estimated using AADF from previous year on this link,252,385,35138,1520,3838,551,104,55,37,27,26,800,41681
57958,2005,A60,Major,Huntingdon St,A6130,457040,341100,52.9642597,-1.15222004,0.6,0.4,Estimated,Estimated using AADF from previous year on this link,214,390,34259,1495,3937,530,98,57,33,24,28,770,40851
57958,2006,A60,Major,Huntingdon St,A6130,457040,341100,52.9642597,-1.15222004,0.6,0.4,Estimated,Estimated using AADF from previous year on this link,335,405,34361,1471,4001,542,98,60,29,21,30,780,41018
57958,2007,A60,Major,Huntingdon St,A6130,457040,341100,52.9642597,-1.15222004,0.6,0.4,Estimated,Estimated using AADF from previous year on this link,209,409,32747,1416,4365,535,96,66,25,20,31,773,39710
57958,2008,A60,Major,A60 Huntingdon Street,A6130,457040,341100,52.9642597,-1.15222004,0.6,0.4,Estimated,Estimated using AADF from previous year on this link,235,382,32125,1430,4570,514,104,67,22,18,30,755,39262
57958,2009,A60,Major,A60 Huntingdon Street,A6130,457040,341100,52.9642597,-1.15222004,0.6,0.4,Counted,Manual count,685,376,31333,1368,3824,350,87,27,29,32,19,544,37445
57958,2010,A60,Major,A60 Huntingdon Street,A6130,457040,341100,52.9642597,-1.15222004,0.6,0.4,Counted,Manual count,292,260,35536,1632,2237,267,57,30,8,11,18,391,40056
57958,2011,A60,Major,A60 Huntingdon Street,A6130,457040,341100,52.9642597,-1.15222004,0.6,0.4,Estimated,Estimated using AADF from previous year on this link,322,276,35358,1630,2306,265,61,33,6,11,19,395,39965
57958,2012,A60,Major,A60 Huntingdon Street,A6130,457040,341100,52.9642597,-1.15222004,0.6,0.4,Counted,Manual count,455,253,28221,1686,3391,293,70,54,25,23,33,498,34049
57958,2013,A60,Major,A60 Huntingdon Street,A6130,457040,341100,52.9642597,-1.15222004,0.6,0.4,Estimated,Estimated using AADF from previous year on this link,449,253,28061,1586,3430,292,75,61,18,22,33,501,33832
57958,2014,A60,Major,A60 Huntingdon Street,A6130,457040,341100,52.9642597,-1.15222004,0.6,0.4,Estimated,Estimated using AADF from previous year on this link,436,269,27770,1684,3906,308,86,69,20,21,38,542,34170
57958,2015,A60,Major,A60 Huntingdon Street,A6130,457040,341100,52.9642597,-1.15222004,0.6,0.4,Estimated,Estimated using AADF from previous year on this link,405,274,27260,1669,4108,300,90,67,24,21,37,539,33851
57958,2016,A60,Major,A60 Huntingdon Street,A6130,457040,341100,52.9642597,-1.15222004,0.6,0.4,Estimated,Estimated using AADF from previous year on this link,377,268,27686,1546,4487,304,89,76,25,19,37,549,34537
57958,2017,A60,Major,A60 Huntingdon Street,A6130,457040,341100,52.9642597,-1.15222004,0.6,0.4,Counted,Manual count,397,164,27411,1815,3359,264,60,52,24,41,14,455,33204
57958,2018,A60,Major,A60 Huntingdon Street,A6130,457040,341100,52.9642597,-1.15222004,0.6,0.4,Estimated,Estimated using AADF from previous year on this link,438,163,27109,1646,3421,266,60,50,25,42,15,458,32797
57958,2019,A60,Major,A60 Huntingdon Street,A6130,457040,341100,52.9642597,-1.15222004,0.6,0.4,Estimated,Estimated using AADF from previous year on this link,481,152,27449,1665,3392,263,61,50,25,43,15,458,33115
57958,2020,A60,Major,A60 Huntingdon Street,A6130,457040,341100,52.9642597,-1.15222004,0.6,0.4,Estimated,Estimated using AADF from previous year on this link,550,113,20850,1051,2993,231,53,45,22,38,13,402,25409
57958,2021,A60,Major,A60 Huntingdon Street,A6130,457040,341100,52.9642597,-1.15222004,0.6,0.4,Counted,Manual count,336,333,23946,1496,3914,280,35,75,7,4,75,476,30165
57958,2022,A60,Major,A60 Huntingdon Street,A6130,457040,341100,52.9642597,-1.15222004,0.6,0.4,Estimated,Estimated using AADF from previous year on this link,300,364,25577,1607,4243,290,36,80,8,4,76,494,32285
57958,2023,A60,Major,A60 Huntingdon Street,A6130,457040,341100,52.9642597,-1.15222004,0.6,0.4,Estimated,Estimated using AADF from previous year on this link,295,359,26058,1623,4315,286,35,78,8,4,73,485,32839
57958,2024,A60,Major,A60 Huntingdon Street,A6130,457040,341100,52.9642597,-1.15222004,0.6,0.4,Estimated,Estimated using AADF from previous year on this link,299,370,26452,1629,4392,291,35,77,7,4,71,485,33329
57958,2025,A60,Major,A60 Huntingdon Street,A6130,457040,341100,52.9642597,-1.15222004,0.6,0.4,Counted,Manual count,429,315,25910,1414,3277,282,48,5,30,55,9,429,31346
58064,2000,A610,Major,A609/A6200 roundabout,A6008,456600,340110,52.95540798,-1.15894248,0.5,0.3,Estimated,Estimated using AADF from previous year on this link,78,407,16805,1563,2491,441,46,18,18,12,7,542,21808
58064,2001,A610,Major,A609/A6200 roundabout,A6008,456600,340110,52.95540798,-1.15894248,0.5,0.3,Estimated,Estimated using AADF from previous year on this link,75,427,16284,1636,2508,421,51,18,15,10,7,522,21377
58064,2002,A610,Major,A609/A6200 roundabout,A6008,456600,340110,52.95540798,-1.15894248,0.5,0.3,Counted,Manual count,70,293,13640,1233,1586,241,53,14,15,15,12,350,17102
58064,2003,A610,Major,A609/A6200 roundabout,A6008,456600,340110,52.95540798,-1.15894248,0.5,0.3,Estimated,Estimated using AADF from previous year on this link,63,417,13135,1200,1722,234,54,15,14,13,13,343,16817
58064,2004,A610,Major,A609/A6200 roundabout,A6008,456600,340110,52.95540798,-1.15894248,0.5,0.3,Estimated,Estimated using AADF from previous year on this link,51,274,13306,983,1896,284,70,20,15,13,16,418,16877
58064,2005,A610,Major,A609/A6200 roundabout,A6008,456600,340110,52.95540798,-1.15894248,0.5,0.3,Estimated,Estimated using AADF from previous year on this link,43,225,12694,928,2022,308,74,23,12,10,15,442,16311
58064,2006,A610,Major,A609/A6200 roundabout,A6008,456600,340110,52.95540798,-1.15894248,0.5,0.3,Estimated,Estimated using AADF from previous year on this link,67,196,12453,861,2052,297,69,23,10,8,14,421,15983
58064,2007,A610,Major,A609/A6200 roundabout,A6008,456600,340110,52.95540798,-1.15894248,0.5,0.3,Estimated,Estimated using AADF from previous year on this link,42,187,12254,783,2161,276,64,23,8,7,14,392,15777
58064,2008,A610,Major,A609/A6200 ,A6008,456600,340110,52.95540798,-1.15894248,0.5,0.3,Estimated,Estimated using AADF from previous year on this link,47,179,11984,681,2206,276,72,25,7,6,13,399,15449
58064,2009,A610,Major,A609/A6200 ,A6008,456600,340110,52.95540798,-1.15894248,0.5,0.3,Counted,Manual count,158,98,11762,1044,1463,174,47,21,8,13,10,273,14640
58064,2010,A610,Major,A609/A6200 ,A6008,456600,340110,52.95540798,-1.15894248,0.5,0.3,Estimated,Estimated using AADF from previous year on this link,159,93,11691,1183,1562,185,48,18,9,12,10,282,14811
58064,2011,A610,Major,A609/A6200 ,A6008,456600,340110,52.95540798,-1.15894248,0.5,0.3,Estimated,Estimated using AADF from previous year on this link,175,78,11656,1118,1743,188,53,21,7,12,11,292,14887
58064,2012,A610,Major,A609/A6200,A6008,456600,340110,52.95540798,-1.15894248,0.5,0.3,Estimated,Estimated using AADF from previous year on this link,166,75,11474,1216,1764,190,58,24,5,11,10,298,14826
58064,2013,A610,Major,A609/A6200,A6008,456600,340110,52.95540798,-1.15894248,0.5,0.3,Estimated,Estimated using AADF from previous year on this link,163,83,11373,1271,1833,192,63,27,4,10,11,306,14866
58064,2014,A610,Major,A609/A6200,A6008,456600,340110,52.95540798,-1.15894248,0.5,0.3,Estimated,Estimated using AADF from previous year on this link,159,80,11681,1223,1960,196,70,30,3,8,10,317,15262
58064,2015,A610,Major,A609/A6200,A6008,456600,340110,52.95540798,-1.15894248,0.5,0.3,Estimated,Estimated using AADF from previous year on this link,147,70,11913,1318,2056,186,71,28,4,8,10,307,15664
58064,2016,A610,Major,A609/A6200,A6008,456600,340110,52.95540798,-1.15894248,0.5,0.3,Estimated,Estimated using AADF from previous year on this link,137,69,12099,1221,2245,189,71,32,4,7,10,312,15946
58064,2017,A610,Major,A609/A6200,A6008,456600,340110,52.95540798,-1.15894248,0.5,0.3,Counted,Manual count,130,107,10282,1136,1499,166,71,20,9,15,8,289,13313
58064,2018,A610,Major,A609/A6200,A6008,456600,340110,52.95540798,-1.15894248,0.5,0.3,Estimated,Estimated using AADF from previous year on this link,143,106,10169,1030,1528,168,71,19,9,15,8,291,13123
58064,2019,A610,Major,A609/A6200,A6008,456600,340110,52.95540798,-1.15894248,0.5,0.3,Estimated,Estimated using AADF from previous year on this link,157,99,10296,1041,1514,166,72,19,9,16,8,291,13241
58064,2020,A610,Major,A609/A6200,A6008,456600,340110,52.95540798,-1.15894248,0.5,0.3,Estimated,Estimated using AADF from previous year on this link,180,73,7821,658,1336,146,62,17,8,14,7,255,10143
58064,2021,A610,Major,A609/A6200,A6008,456600,340110,52.95540798,-1.15894248,0.5,0.3,Estimated,Estimated using AADF from previous year on this link,147,78,8616,679,1457,156,67,19,9,15,8,273,11103
58064,2022,A610,Major,A609/A6200,A6008,456600,340110,52.95540798,-1.15894248,0.5,0.3,Estimated,Estimated using AADF from previous year on this link,131,85,9203,730,1579,161,69,20,9,15,8,283,11880
58064,2023,A610,Major,A609/A6200,A6008,456600,340110,52.95540798,-1.15894248,0.5,0.3,Estimated,Estimated using AADF from previous year on this link,129,84,9376,737,1606,159,68,20,9,15,8,279,12081
58064,2024,A610,Major,A609/A6200,A6008,456600,340110,52.95540798,-1.15894248,0.5,0.3,Estimated,Estimated using AADF from previous year on this link,131,86,9518,740,1635,162,68,19,9,14,7,280,12259
58064,2025,A610,Major,A609/A6200,A6008,456600,340110,52.95540798,-1.15894248,0.5,0.3,Counted,Manual count,329,150,7631,833,1092,70,23,6,1,7,9,116,9823
70291,2000,A60,Major,B685,A6011,457920,338550,52.9412456,-1.13957424,0.4,0.2,Counted,Manual count,148,282,32055,182,3347,392,31,27,51,49,21,571,36437
70291,2001,A60,Major,B685,A6011,457920,338550,52.9412456,-1.13957424,0.4,0.2,Estimated,Estimated using AADF from previous year on this link,141,293,32696,186,3334,384,35,27,45,42,23,556,37065
70291,2002,A60,Major,B685,A6011,457920,338550,52.9412456,-1.13957424,0.4,0.2,Counted,Manual count,157,305,31429,143,2884,397,64,27,38,45,30,601,35362
70291,2003,A60,Major,B685,A6011,457920,338550,52.9412456,-1.13957424,0.4,0.2,Estimated,Estimated using AADF from previous year on this link,140,342,30989,128,3143,426,72,32,36,40,34,640,35242
70291,2004,A60,Major,B685,A6011,457920,338550,52.9412456,-1.13957424,0.4,0.2,Estimated,Estimated using AADF from previous year on this link,114,301,31051,119,3115,428,77,35,34,36,36,646,35232
70291,2005,A60,Major,B685,A6011,457920,338550,52.9412456,-1.13957424,0.4,0.2,Estimated,Estimated using AADF from previous year on this link,96,305,30275,117,3196,411,72,35,30,31,38,617,34510
70291,2006,A60,Major,B685,A6011,457920,338550,52.9412456,-1.13957424,0.4,0.2,Estimated,Estimated using AADF from previous year on this link,151,317,30365,115,3248,421,72,39,27,27,42,628,34673
70291,2007,A60,Major,B685,A6011,457920,338550,52.9412456,-1.13957424,0.4,0.2,Estimated,Estimated using AADF from previous year on this link,94,320,28938,111,3543,415,71,41,23,26,42,618,33530
70291,2008,A60,Major,B685,A6011,457920,338550,52.9412456,-1.13957424,0.4,0.2,Estimated,Estimated using AADF from previous year on this link,105,298,28389,111,3710,399,77,42,21,23,42,604,33112
70291,2009,A60,Major,B685,A6011,457920,338550,52.9412456,-1.13957424,0.4,0.2,Counted,Manual count,132,257,27115,165,2893,271,41,21,28,46,24,431,30861
70291,2010,A60,Major,B685,A6011,457920,338550,52.9412456,-1.13957424,0.4,0.2,Counted,Manual count,142,163,25859,182,2772,213,48,28,20,32,36,377,29353
70291,2011,A60,Major,B685,A6011,457920,338550,52.9412456,-1.13957424,0.4,0.2,Estimated,Estimated using AADF from previous year on this link,157,173,25730,182,2858,212,52,31,16,32,39,382,29325
70291,2012,A60,Major,B685,A6011,457920,338550,52.9412456,-1.13957424,0.4,0.2,Estimated,Estimated using AADF from previous year on this link,148,156,25621,196,2745,187,50,31,12,30,39,348,29065
70291,2013,A60,Major,B685,A6011,457920,338550,52.9412456,-1.13957424,0.4,0.2,Estimated,Estimated using AADF from previous year on this link,147,156,25476,184,2776,187,53,35,9,28,39,350,28942
70291,2014,A60,Major,B685,A6011,457920,338550,52.9412456,-1.13957424,0.4,0.2,Estimated,Estimated using AADF from previous year on this link,142,166,25212,195,3161,198,61,39,9,27,44,378,29112
70291,2015,A60,Major,B685,A6011,457920,338550,52.9412456,-1.13957424,0.4,0.2,Counted,Manual count,284,197,27658,99,2818,177,49,49,15,21,17,328,31100
70291,2016,A60,Major,B685,A6011,457920,338550,52.9412456,-1.13957424,0.4,0.2,Estimated,Estimated using AADF from previous year on this link,265,193,28090,91,3078,180,49,55,16,18,17,334,31786
70291,2017,A60,Major,B685,A6011,457920,338550,52.9412456,-1.13957424,0.4,0.2,Estimated,Estimated using AADF from previous year on this link,253,195,27883,85,3240,178,49,57,16,18,17,336,31740
70291,2018,A60,Major,B685,A6011,457920,338550,52.9412456,-1.13957424,0.4,0.2,Estimated,Estimated using AADF from previous year on this link,280,193,27576,77,3301,180,49,55,17,19,18,337,31484
70291,2019,A60,Major,B685,A6011,457920,338550,52.9412456,-1.13957424,0.4,0.2,Estimated,Estimated using AADF from previous year on this link,307,181,27922,78,3272,178,50,55,17,19,18,337,31790
70291,2020,A60,Major,B685,A6011,457920,338550,52.9412456,-1.13957424,0.4,0.2,Estimated,Estimated using AADF from previous year on this link,351,134,21209,49,2888,156,43,49,15,17,16,296,24576
70291,2021,A60,Major,B685,A6011,457920,338550,52.9412456,-1.13957424,0.4,0.2,Estimated,Estimated using AADF from previous year on this link,287,141,23366,51,3148,167,47,54,16,18,17,319,27025
70291,2022,A60,Major,B685,A6011,457920,338550,52.9412456,-1.13957424,0.4,0.2,Estimated,Estimated using AADF from previous year on this link,257,155,24957,55,3413,173,48,57,16,19,17,331,28910
70291,2023,A60,Major,B685,A6011,457920,338550,52.9412456,-1.13957424,0.4,0.2,Estimated,Estimated using AADF from previous year on this link,252,152,25426,55,3471,171,47,57,16,18,17,326,29431
70291,2024,A60,Major,B685,A6011,457920,338550,52.9412456,-1.13957424,0.4,0.2,Estimated,Estimated using AADF from previous year on this link,255,157,25812,56,3533,173,47,55,16,18,16,326,29883
70291,2025,A60,Major,B685,A6011,457920,338550,52.9412456,-1.13957424,0.4,0.2,Estimated,Estimated using AADF from previous year on this link,256,160,25843,54,3605,172,48,57,16,17,16,325,29988
70293,2000,A6011,Major,B685,Lady Bay Bridge,458300,338810,52.9435415,-1.13387372,0.3,0.2,Counted,Manual count,238,198,17226,36,3418,754,109,70,105,139,62,1239,22117
70293,2001,A6011,Major,B685,Lady Bay Bridge,458300,338810,52.9435415,-1.13387372,0.3,0.2,Estimated,Estimated using AADF from previous year on this link,228,205,17570,36,3405,739,125,70,92,119,70,1215,22431
70293,2002,A6011,Major,B685,Lady Bay Bridge,458300,338810,52.9435415,-1.13387372,0.3,0.2,Estimated,Estimated using AADF from previous year on this link,238,207,17535,36,3412,712,130,73,84,103,76,1178,22368
70293,2003,A6011,Major,B685,Lady Bay Bridge,458300,338810,52.9435415,-1.13387372,0.3,0.2,Estimated,Estimated using AADF from previous year on this link,212,232,17289,32,3719,764,147,86,80,91,84,1252,22524
70293,2004,A6011,Major,B685,Lady Bay Bridge,458300,338810,52.9435415,-1.13387372,0.3,0.2,Estimated,Estimated using AADF from previous year on this link,172,205,17324,30,3685,767,156,94,76,81,92,1266,22510
70293,2005,A6011,Major,B685,Lady Bay Bridge,458300,338810,52.9435415,-1.13387372,0.3,0.2,Counted,Manual count,196,223,17423,73,3618,697,132,123,93,162,133,1340,22677
70293,2006,A6011,Major,B685,Lady Bay Bridge,458300,338810,52.9435415,-1.13387372,0.3,0.2,Estimated,Estimated using AADF from previous year on this link,306,231,17474,71,3676,714,132,133,84,144,143,1350,22802
70293,2007,A6011,Major,B685,Lady Bay Bridge,458300,338810,52.9435415,-1.13387372,0.3,0.2,Estimated,Estimated using AADF from previous year on this link,191,235,16653,69,4011,704,130,144,72,136,147,1333,22301
70293,2008,A6011,Major,B685,A6011 Lady Bay Bridge,458300,338810,52.9435415,-1.13387372,0.3,0.2,Estimated,Estimated using AADF from previous year on this link,215,219,16337,69,4199,676,141,147,63,120,143,1290,22114
70293,2009,A6011,Major,B685,A6011 Lady Bay Bridge,458300,338810,52.9435415,-1.13387372,0.3,0.2,Estimated,Estimated using AADF from previous year on this link,215,207,16075,67,4547,651,148,147,60,106,141,1253,22149
70293,2010,A6011,Major,B685,A6011 Lady Bay Bridge,458300,338810,52.9435415,-1.13387372,0.3,0.2,Counted,Manual count,245,181,16469,139,3069,382,160,115,19,79,92,847,20705
70293,2011,A6011,Major,B685,A6011 Lady Bay Bridge,458300,338810,52.9435415,-1.13387372,0.3,0.2,Estimated,Estimated using AADF from previous year on this link,270,192,16387,139,3164,380,171,129,14,78,97,869,20751
70293,2012,A6011,Major,B685,A6011 Lady Bay Bridge,458300,338810,52.9435415,-1.13387372,0.3,0.2,Estimated,Estimated using AADF from previous year on this link,255,173,16318,149,3038,336,163,129,10,72,96,806,20485
70293,2013,A6011,Major,B685,A6011 Lady Bay Bridge,458300,338810,52.9435415,-1.13387372,0.3,0.2,Estimated,Estimated using AADF from previous year on this link,252,173,16225,141,3073,335,175,145,7,68,96,827,20439
70293,2014,A6011,Major,B685,A6011 Lady Bay Bridge,458300,338810,52.9435415,-1.13387372,0.3,0.2,Estimated,Estimated using AADF from previous year on this link,245,184,16057,149,3499,354,201,163,8,66,109,901,20791
70293,2015,A6011,Major,B685,A6011 Lady Bay Bridge,458300,338810,52.9435415,-1.13387372,0.3,0.2,Counted,Manual count,241,193,16206,158,2818,373,108,104,30,94,85,794,20170
70293,2016,A6011,Major,B685,A6011 Lady Bay Bridge,458300,338810,52.9435415,-1.13387372,0.3,0.2,Estimated,Estimated using AADF from previous year on this link,225,189,16459,146,3078,378,107,117,31,84,84,801,20674
70293,2017,A6011,Major,B685,A6011 Lady Bay Bridge,458300,338810,52.9435415,-1.13387372,0.3,0.2,Estimated,Estimated using AADF from previous year on this link,215,191,16338,137,3240,375,109,120,32,83,87,807,20713
70293,2018,A6011,Major,B685,A6011 Lady Bay Bridge,458300,338810,52.9435415,-1.13387372,0.3,0.2,Estimated,Estimated using AADF from previous year on this link,238,189,16158,124,3301,379,109,117,33,86,91,814,20586
70293,2019,A6011,Major,B685,A6011 Lady Bay Bridge,458300,338810,52.9435415,-1.13387372,0.3,0.2,Estimated,Estimated using AADF from previous year on this link,261,177,16361,125,3272,374,110,117,33,89,91,815,20750
70293,2020,A6011,Major,B685,A6011 Lady Bay Bridge,458300,338810,52.9435415,-1.13387372,0.3,0.2,Estimated,Estimated using AADF from previous year on this link,299,131,12427,79,2888,329,96,105,29,78,79,716,16241
70293,2021,A6011,Major,B685,A6011 Lady Bay Bridge,458300,338810,52.9435415,-1.13387372,0.3,0.2,Estimated,Estimated using AADF from previous year on this link,244,139,13691,82,3148,352,103,115,31,84,85,769,17829
70293,2022,A6011,Major,B685,A6011 Lady Bay Bridge,458300,338810,52.9435415,-1.13387372,0.3,0.2,Estimated,Estimated using AADF from previous year on this link,218,152,14623,88,3413,364,106,122,32,86,87,797,19073
70293,2023,A6011,Major,B685,A6011 Lady Bay Bridge,458300,338810,52.9435415,-1.13387372,0.3,0.2,Counted,Manual count,139,103,15657,22,3642,381,134,128,1,49,177,870,20295
70293,2024,A6011,Major,B685,A6011 Lady Bay Bridge,458300,338810,52.9435415,-1.13387372,0.3,0.2,Estimated,Estimated using AADF from previous year on this link,140,106,15894,22,3707,387,135,125,1,48,171,866,20596
70293,2025,A6011,Major,B685,A6011 Lady Bay Bridge,458300,338810,52.9435415,-1.13387372,0.3,0.2,Estimated,Estimated using AADF from previous year on this link,141,108,15914,22,3783,383,135,128,1,47,168,861,20688
70294,2000,A6008,Major,Wilford Street,Collin Street,457400,339390,52.94885153,-1.14716298,0.4,0.2,Counted,Manual count,136,162,23125,1536,2478,505,40,30,32,47,23,677,27978
70294,2001,A6008,Major,Wilford Street,Collin Street,457400,339390,52.94885153,-1.14716298,0.4,0.2,Counted,Manual count,191,247,22399,1835,2214,485,81,46,32,37,21,702,27397
70294,2002,A6008,Major,Wilford Street,Collin Street,457400,339390,52.94885153,-1.14716298,0.4,0.2,Estimated,Estimated using AADF from previous year on this link,199,250,22354,1875,2218,467,84,48,29,32,23,683,27380
70294,2003,A6008,Major,Wilford Street,Collin Street,457400,339390,52.94885153,-1.14716298,0.4,0.2,Estimated,Estimated using AADF from previous year on this link,178,280,22041,1674,2418,501,95,56,28,28,25,733,27146
70294,2004,A6008,Major,Wilford Street,Collin Street,457400,339390,52.94885153,-1.14716298,0.4,0.2,Estimated,Estimated using AADF from previous year on this link,144,247,22085,1557,2396,503,101,62,26,25,28,745,27030
70294,2005,A6008,Major,Wilford Street,Collin Street,457400,339390,52.94885153,-1.14716298,0.4,0.2,Estimated,Estimated using AADF from previous year on this link,122,250,21533,1532,2458,483,95,63,23,22,29,715,26488
70294,2006,A6008,Major,Wilford Street,Collin Street,457400,339390,52.94885153,-1.14716298,0.4,0.2,Estimated,Estimated using AADF from previous year on this link,191,260,21598,1508,2497,495,94,68,21,19,32,729,26592
70294,2007,A6008,Major,Wilford Street,Collin Street,457400,339390,52.94885153,-1.14716298,0.4,0.2,Estimated,Estimated using AADF from previous year on this link,119,262,20583,1450,2725,488,93,73,18,18,32,722,25742
70294,2008,A6008,Major,A6008 Wilford Street,A6008 Collin Street,457400,339390,52.94885153,-1.14716298,0.4,0.2,Estimated,Estimated using AADF from previous year on this link,134,245,20191,1465,2853,469,101,75,16,16,32,709,25463
70294,2009,A6008,Major,A6008 Wilford Street,A6008 Collin Street,457400,339390,52.94885153,-1.14716298,0.4,0.2,Counted,Manual count,105,212,20811,1603,2041,236,56,26,14,15,13,360,25027
70294,2010,A6008,Major,A6008 Wilford Street,A6008 Collin Street,457400,339390,52.94885153,-1.14716298,0.4,0.2,Estimated,Estimated using AADF from previous year on this link,105,195,20374,1685,2051,234,53,21,15,13,12,348,24653
70294,2011,A6008,Major,A6008 Wilford Street,A6008 Collin Street,457400,339390,52.94885153,-1.14716298,0.4,0.2,Estimated,Estimated using AADF from previous year on this link,116,207,20272,1683,2115,233,57,24,12,13,13,352,24629
70294,2012,A6008,Major,A6008 Wilford Street,A6008 Collin Street,457400,339390,52.94885153,-1.14716298,0.4,0.2,Estimated,Estimated using AADF from previous year on this link,110,187,20186,1809,2031,206,54,24,9,12,13,318,24531
70294,2013,A6008,Major,A6008 Wilford Street,A6008 Collin Street,457400,339390,52.94885153,-1.14716298,0.4,0.2,Counted,Manual count,191,184,18127,1841,2580,311,68,35,22,22,17,476,23207
70294,2014,A6008,Major,A6008 Wilford Street,A6008 Collin Street,457400,339390,52.94885153,-1.14716298,0.4,0.2,Estimated,Estimated using AADF from previous year on this link,186,196,17939,1954,2938,328,78,39,24,22,19,511,23537
70294,2015,A6008,Major,A6008 Wilford Street,A6008 Collin Street,457400,339390,52.94885153,-1.14716298,0.4,0.2,Estimated,Estimated using AADF from previous year on this link,173,199,17610,1937,3090,319,82,38,29,22,19,509,23345
70294,2016,A6008,Major,A6008 Wilford Street,A6008 Collin Street,457400,339390,52.94885153,-1.14716298,0.4,0.2,Estimated,Estimated using AADF from previous year on this link,161,195,17884,1795,3376,324,81,43,30,19,19,516,23766
70294,2017,A6008,Major,A6008 Wilford Street,A6008 Collin Street,457400,339390,52.94885153,-1.14716298,0.4,0.2,Estimated,Estimated using AADF from previous year on this link,154,197,17753,1676,3554,322,83,44,31,19,20,518,23697
70294,2018,A6008,Major,A6008 Wilford Street,A6008 Collin Street,457400,339390,52.94885153,-1.14716298,0.4,0.2,Estimated,Estimated using AADF from previous year on this link,170,195,17557,1520,3620,324,82,43,32,20,21,521,23413
70294,2019,A6008,Major,A6008 Wilford Street,A6008 Collin Street,457400,339390,52.94885153,-1.14716298,0.4,0.2,Estimated,Estimated using AADF from previous year on this link,187,182,17777,1537,3589,321,84,43,33,20,21,520,23605
70294,2020,A6008,Major,A6008 Wilford Street,A6008 Collin Street,457400,339390,52.94885153,-1.14716298,0.4,0.2,Estimated,Estimated using AADF from previous year on this link,214,135,13503,970,3167,282,72,38,28,18,18,456,18232
70294,2021,A6008,Major,A6008 Wilford Street,A6008 Collin Street,457400,339390,52.94885153,-1.14716298,0.4,0.2,Estimated,Estimated using AADF from previous year on this link,174,143,14877,1002,3452,301,78,42,30,19,19,490,19964
70295,2000,A6008,Major,Collin Street,A60 London Road,457640,339440,52.94927527,-1.14358258,0.4,0.2,Counted,Manual count,200,408,33500,591,4032,695,110,40,85,75,34,1039,39570
70296,2000,A6008,Major,Hockley,Fisher Gate roundabout,457840,339720,52.95177052,-1.14055647,0.4,0.2,Counted,Manual count,54,215,12831,541,1502,263,23,70,32,15,9,412,15501
70296,2001,A6008,Major,Hockley,Fisher Gate roundabout,457840,339720,52.95177052,-1.14055647,0.4,0.2,Estimated,Estimated using AADF from previous year on this link,52,225,12433,566,1513,251,26,68,26,12,9,392,15129
70296,2002,A6008,Major,Hockley,Fisher Gate roundabout,457840,339720,52.95177052,-1.14055647,0.4,0.2,Estimated,Estimated using AADF from previous year on this link,54,233,12632,571,1622,237,27,69,24,10,10,377,15435
70296,2003,A6008,Major,Hockley,Fisher Gate roundabout,457840,339720,52.95177052,-1.14055647,0.4,0.2,Estimated,Estimated using AADF from previous year on this link,48,332,12165,556,1761,230,28,73,23,9,11,374,15188
70296,2004,A6008,Major,Hockley,Fisher Gate roundabout,457840,339720,52.95177052,-1.14055647,0.4,0.2,Estimated,Estimated using AADF from previous year on this link,39,218,12323,455,1939,280,36,97,23,8,13,457,15392
70296,2005,A6008,Major,Hockley,Fisher Gate roundabout,457840,339720,52.95177052,-1.14055647,0.4,0.2,Estimated,Estimated using AADF from previous year on this link,33,179,11756,430,2067,303,38,111,19,7,13,491,14923
70296,2006,A6008,Major,Hockley,Fisher Gate roundabout,457840,339720,52.95177052,-1.14055647,0.4,0.2,Estimated,Estimated using AADF from previous year on this link,52,156,11533,399,2098,292,35,113,15,5,12,472,14658
70296,2007,A6008,Major,Hockley,Fisher Gate roundabout,457840,339720,52.95177052,-1.14055647,0.4,0.2,Counted,Manual count,64,97,10884,113,1420,147,23,11,19,14,11,225,12739
70296,2008,A6008,Major,A6008 Hockley,A6008 Fisher Gate ,457840,339720,52.95177052,-1.14055647,0.4,0.2,Estimated,Estimated using AADF from previous year on this link,72,93,10645,98,1450,147,26,11,17,13,10,224,12510
70296,2009,A6008,Major,A6008 Hockley,A6008 Fisher Gate ,457840,339720,52.95177052,-1.14055647,0.4,0.2,Estimated,Estimated using AADF from previous year on this link,72,104,10879,97,1472,134,26,10,16,11,10,207,12759
70296,2010,A6008,Major,A6008 Hockley,A6008 Fisher Gate ,457840,339720,52.95177052,-1.14055647,0.4,0.2,Estimated,Estimated using AADF from previous year on this link,72,99,10814,110,1572,143,26,9,19,10,10,217,12812
70296,2011,A6008,Major,A6008 Hockley,A6008 Fisher Gate ,457840,339720,52.95177052,-1.14055647,0.4,0.2,Estimated,Estimated using AADF from previous year on this link,79,84,10782,104,1754,145,28,10,15,10,11,219,12943
70296,2012,A6008,Major,A6008 Hockley,A6008 Fisher Gate,457840,339720,52.95177052,-1.14055647,0.4,0.2,Estimated,Estimated using AADF from previous year on this link,75,80,10614,113,1775,147,31,11,10,9,10,218,12800
70296,2013,A6008,Major,A6008 Hockley,A6008 Fisher Gate,457840,339720,52.95177052,-1.14055647,0.4,0.2,Estimated,Estimated using AADF from previous year on this link,74,90,10520,118,1845,148,33,13,8,8,11,221,12793
70296,2014,A6008,Major,A6008 Hockley,A6008 Fisher Gate,457840,339720,52.95177052,-1.14055647,0.4,0.2,Estimated,Estimated using AADF from previous year on this link,72,86,10805,114,1973,151,37,14,7,7,10,226,13204
70296,2015,A6008,Major,A6008 Hockley,A6008 Fisher Gate,457840,339720,52.95177052,-1.14055647,0.4,0.2,Estimated,Estimated using AADF from previous year on this link,67,76,11019,123,2069,144,38,13,8,7,10,219,13505
70296,2016,A6008,Major,A6008 Hockley,A6008 Fisher Gate,457840,339720,52.95177052,-1.14055647,0.4,0.2,Counted,Manual count,84,88,10433,68,1257,108,20,13,11,4,7,163,12009
70296,2017,A6008,Major,A6008 Hockley,A6008 Fisher Gate,457840,339720,52.95177052,-1.14055647,0.4,0.2,Estimated,Estimated using AADF from previous year on this link,80,89,10356,63,1323,107,21,13,12,4,7,164,11995
70296,2018,A6008,Major,A6008 Hockley,A6008 Fisher Gate,457840,339720,52.95177052,-1.14055647,0.4,0.2,Estimated,Estimated using AADF from previous year on this link,89,88,10242,57,1348,108,20,13,12,4,8,165,11900
70296,2019,A6008,Major,A6008 Hockley,A6008 Fisher Gate,457840,339720,52.95177052,-1.14055647,0.4,0.2,Estimated,Estimated using AADF from previous year on this link,97,82,10371,58,1336,107,21,13,12,4,8,164,12011
70296,2020,A6008,Major,A6008 Hockley,A6008 Fisher Gate,457840,339720,52.95177052,-1.14055647,0.4,0.2,Estimated,Estimated using AADF from previous year on this link,111,61,7877,37,1179,94,18,12,11,3,7,144,9298
70296,2021,A6008,Major,A6008 Hockley,A6008 Fisher Gate,457840,339720,52.95177052,-1.14055647,0.4,0.2,Estimated,Estimated using AADF from previous year on this link,91,64,8679,38,1285,100,19,13,11,4,7,155,10221
70296,2022,A6008,Major,A6008 Hockley,A6008 Fisher Gate,457840,339720,52.95177052,-1.14055647,0.4,0.2,Estimated,Estimated using AADF from previous year on this link,81,70,9270,41,1394,104,20,14,12,4,7,160,10934
70296,2023,A6008,Major,A6008 Hockley,A6008 Fisher Gate,457840,339720,52.95177052,-1.14055647,0.4,0.2,Estimated,Estimated using AADF from previous year on this link,80,69,9444,41,1417,103,20,13,12,4,7,158,11130
70296,2024,A6008,Major,A6008 Hockley,A6008 Fisher Gate,457840,339720,52.95177052,-1.14055647,0.4,0.2,Counted,Manual count,64,89,8120,103,988,60,23,6,4,7,4,104,9405
70296,2025,A6008,Major,A6008 Hockley,A6008 Fisher Gate,457840,339720,52.95177052,-1.14055647,0.4,0.2,Estimated,Estimated using AADF from previous year on this link,64,91,8130,101,1008,59,23,7,4,7,4,103,9434
73856,2000,A52,Major,A453,LA Boundary,456459,335966,52.91817494,-1.16176002,0.8,0.5,Counted,Dependent on a neighbouring counted link,3,449,40770,166,5116,1252,119,161,296,550,343,2721,49222
73856,2001,A52,Major,A453,LA Boundary,456459,335966,52.91817494,-1.16176002,0.8,0.5,Counted,Dependent on a neighbouring counted link,17,440,46060,146,4976,1242,120,92,303,554,373,2684,54306
73856,2002,A52,Major,A453,LA Boundary,456459,335966,52.91817494,-1.16176002,0.8,0.5,Counted,Dependent on a neighbouring counted link,8,356,43434,127,5147,1191,133,226,222,615,384,2771,51835
73856,2003,A52,Major,A453,LA Boundary,456459,335966,52.91817494,-1.16176002,0.8,0.5,Estimated,Estimated using AADF from previous year on this link,7,399,42826,113,5610,1278,150,265,212,546,423,2874,51822
73856,2004,A52,Major,A453,LA Boundary,456459,335966,52.91817494,-1.16176002,0.8,0.5,Counted,Dependent on a neighbouring counted link,5,348,45094,113,5396,1236,135,111,215,572,460,2729,53680
73856,2005,A52,Major,A453,LA Boundary,456459,335966,52.91817494,-1.16176002,0.8,0.5,Estimated,Estimated using AADF from previous year on this link,4,352,43967,111,5536,1188,126,113,190,497,484,2598,52564
73856,2006,A52,Major,A453,LA Boundary,456459,335966,52.91817494,-1.16176002,0.8,0.5,Counted,Dependent on a neighbouring counted link,8,599,42741,160,5350,995,135,117,152,545,424,2368,51218
73856,2007,A52,Major,A453,LA Boundary,456459,335966,52.91817494,-1.16176002,0.8,0.5,Estimated,Estimated using AADF from previous year on this link,5,605,40732,153,5837,982,133,127,131,515,434,2322,49649
73856,2008,A52,Major,A453 Clifton Lane,LA Boundary,456459,335966,52.91817494,-1.16176002,0.8,0.5,Counted,Dependent on a neighbouring counted link,4,361,42667,123,5727,946,145,130,124,466,405,2216,51094
73856,2009,A52,Major,A453 Clifton Lane,LA Boundary,456459,335966,52.91817494,-1.16176002,0.8,0.5,Estimated,Estimated using AADF from previous year on this link,4,341,41984,121,6202,911,152,130,117,410,401,2121,50769
73856,2010,A52,Major,A453 Clifton Lane,LA Boundary,456459,335966,52.91817494,-1.16176002,0.8,0.5,Counted,Dependent on a neighbouring counted link,6,301,40731,70,5643,733,92,131,115,413,403,1887,48632
73856,2011,A52,Major,A453 Clifton Lane,LA Boundary,456459,335966,52.91817494,-1.16176002,0.8,0.5,Estimated,Estimated using AADF from previous year on this link,6,319,40528,70,5818,730,98,147,89,408,425,1897,48632
73856,2012,A52,Major,A453 Clifton Lane,LA Boundary,456459,335966,52.91817494,-1.16176002,0.8,0.5,Counted,Dependent on a neighbouring counted link,0,259,40426,63,5034,772,140,143,109,439,532,2135,47917
73856,2013,A52,Major,A453 Clifton Lane,LA Boundary,456459,335966,52.91817494,-1.16176002,0.8,0.5,Estimated,Estimated using AADF from previous year on this link,0,259,40197,59,5091,770,151,161,80,411,533,2106,47712
73856,2014,A52,Major,A453 Clifton Lane,LA Boundary,456459,335966,52.91817494,-1.16176002,0.8,0.5,Counted,Dependent on a neighbouring counted link,0,175,42137,66,5923,790,142,169,117,484,412,2114,50415
73856,2015,A52,Major,A453 Clifton Lane,LA Boundary,456459,335966,52.91817494,-1.16176002,0.8,0.5,Estimated,Estimated using AADF from previous year on this link,0,178,41364,66,6230,768,149,165,142,477,407,2108,49945
73856,2016,A52,Major,A453 Clifton Lane,LA Boundary,456459,335966,52.91817494,-1.16176002,0.8,0.5,Estimated,Estimated using AADF from previous year on this link,0,185,42602,67,6728,815,144,187,149,459,426,2179,51760
73856,2017,A52,Major,A453 Clifton Lane,LA Boundary,456459,335966,52.91817494,-1.16176002,0.8,0.5,Counted,Dependent on a neighbouring counted link,0,263,50651,81,8118,779,203,282,141,713,565,2683,61797
73856,2018,A52,Major,A453 Clifton Lane,LA Boundary,456459,335966,52.91817494,-1.16176002,0.8,0.5,Estimated,Estimated using AADF from previous year on this link,0,276,50480,79,8501,793,204,290,143,720,570,2721,62056
73856,2019,A52,Major,A453 Clifton Lane,LA Boundary,456459,335966,52.91817494,-1.16176002,0.8,0.5,Counted,Dependent on a neighbouring counted link,0,161,46843,78,7564,744,228,235,146,694,683,2729,57375
73856,2020,A52,Major,A453 Clifton Lane,LA Boundary,456459,335966,52.91817494,-1.16176002,0.8,0.5,Estimated,Estimated using AADF from previous year on this link,1,95,31473,47,6012,614,192,198,126,610,577,2316,39944
73856,2021,A52,Major,A453 Clifton Lane,LA Boundary,456459,335966,52.91817494,-1.16176002,0.8,0.5,Counted,Dependent on a neighbouring counted link,0,204,34776,65,6908,752,207,423,154,608,611,2757,44710
73856,2022,A52,Major,A453 Clifton Lane,LA Boundary,456459,335966,52.91817494,-1.16176002,0.8,0.5,Counted,Dependent on a neighbouring counted link,2,294,41260,68,9509,775,87,263,101,417,976,2619,53750
73856,2023,A52,Major,A453 Clifton Lane,LA Boundary,456459,335966,52.91817494,-1.16176002,0.8,0.5,Counted,Dependent on a neighbouring counted link,0,242,44911,72,9025,764,150,279,109,437,1079,2818,57067
73856,2024,A52,Major,A453 Clifton Lane,LA Boundary,456459,335966,52.91817494,-1.16176002,0.8,0.5,Counted,Dependent on a neighbouring counted link,2,195,44763,57,8730,675,162,319,87,257,1272,2773,56518
73856,2025,A52,Major,A453 Clifton Lane,LA Boundary,456459,335966,52.91817494,-1.16176002,0.8,0.5,Counted,Dependent on a neighbouring counted link,0,234,45490,113,9371,560,170,248,48,541,1091,2659,57867
73859,2000,A6011,Major,A6011,LA Boundary,458410,338820,52.94361945,-1.13223518,0.2,0.1,Estimated,Estimated using AADF from previous year on this link,168,163,15906,56,2528,472,75,35,54,69,40,745,19398
73859,2001,A6011,Major,A6011,LA Boundary,458410,338820,52.94361945,-1.13223518,0.2,0.1,Estimated,Estimated using AADF from previous year on this link,161,171,15413,59,2546,450,84,34,44,55,42,709,18898
73859,2002,A6011,Major,A6011,LA Boundary,458410,338820,52.94361945,-1.13223518,0.2,0.1,Estimated,Estimated using AADF from previous year on this link,167,178,15660,59,2729,425,86,35,40,48,46,680,19306
73859,2003,A6011,Major,A6011,LA Boundary,458410,338820,52.94361945,-1.13223518,0.2,0.1,Estimated,Estimated using AADF from previous year on this link,149,253,15081,57,2963,411,88,37,39,42,50,667,19021
73859,2004,A6011,Major,A6011,LA Boundary,458410,338820,52.94361945,-1.13223518,0.2,0.1,Counted,Dependent on a neighbouring counted link,195,154,16656,61,2536,399,94,47,31,65,47,683,20090
73859,2005,A6011,Major,A6011,LA Boundary,458410,338820,52.94361945,-1.13223518,0.2,0.1,Estimated,Estimated using AADF from previous year on this link,165,127,15890,59,2703,432,98,54,25,53,46,708,19487
73859,2006,A6011,Major,A6011,LA Boundary,458410,338820,52.94361945,-1.13223518,0.2,0.1,Estimated,Estimated using AADF from previous year on this link,259,110,15589,54,2744,417,92,55,21,41,44,670,19167
73859,2007,A6011,Major,A6011,LA Boundary,458410,338820,52.94361945,-1.13223518,0.2,0.1,Estimated,Estimated using AADF from previous year on this link,162,106,15339,49,2889,387,86,56,16,36,41,622,19005
73859,2008,A6011,Major,A6011,LA Boundary,458410,338820,52.94361945,-1.13223518,0.2,0.1,Estimated,Estimated using AADF from previous year on this link,181,101,15001,43,2950,386,96,60,13,32,40,627,18722
73859,2009,A6011,Major,A6011,LA Boundary,458410,338820,52.94361945,-1.13223518,0.2,0.1,Estimated,Estimated using AADF from previous year on this link,181,113,15331,43,2995,351,94,57,12,27,39,580,19062
73859,2010,A6011,Major,A6011,LA Boundary,458410,338820,52.94361945,-1.13223518,0.2,0.1,Estimated,Estimated using AADF from previous year on this link,183,107,15239,49,3198,374,96,50,14,25,39,598,19191
73859,2011,A6011,Major,A6011,LA Boundary,458410,338820,52.94361945,-1.13223518,0.2,0.1,Counted,Dependent on a neighbouring counted link,261,176,21426,68,2802,291,67,53,15,37,53,516,24988
73859,2012,A6011,Major,A6011,LA Boundary,458410,338820,52.94361945,-1.13223518,0.2,0.1,Estimated,Estimated using AADF from previous year on this link,247,159,21335,73,2691,257,64,53,11,34,53,472,24730
73859,2013,A6011,Major,A6011,LA Boundary,458410,338820,52.94361945,-1.13223518,0.2,0.1,Estimated,Estimated using AADF from previous year on this link,244,159,21214,69,2722,257,69,59,8,32,53,478,24641
73859,2014,A6011,Major,A6011,LA Boundary,458410,338820,52.94361945,-1.13223518,0.2,0.1,Estimated,Estimated using AADF from previous year on this link,236,169,20994,73,3099,271,79,67,8,31,60,516,24851
73859,2015,A6011,Major,A6011,LA Boundary,458410,338820,52.94361945,-1.13223518,0.2,0.1,Estimated,Estimated using AADF from previous year on this link,220,172,20609,72,3260,264,83,65,10,31,59,512,24625
73859,2016,A6011,Major,A6011,LA Boundary,458410,338820,52.94361945,-1.13223518,0.2,0.1,Counted,Dependent on a neighbouring counted link,223,95,14713,55,2355,314,72,43,16,70,79,595,17813
73859,2017,A6011,Major,A6011,LA Boundary,458410,338820,52.94361945,-1.13223518,0.2,0.1,Estimated,Estimated using AADF from previous year on this link,223,93,14695,54,2492,323,74,45,16,70,81,611,17944
73859,2018,A6011,Major,A6011,LA Boundary,458410,338820,52.94361945,-1.13223518,0.2,0.1,Estimated,Estimated using AADF from previous year on this link,268,91,14626,51,2612,328,76,47,16,71,83,621,18001
73859,2019,A6011,Major,A6011,LA Boundary,458410,338820,52.94361945,-1.13223518,0.2,0.1,Estimated,Estimated using AADF from previous year on this link,264,97,14657,50,2601,325,80,49,16,71,82,623,18029
73859,2020,A6011,Major,A6011,LA Boundary,458410,338820,52.94361945,-1.13223518,0.2,0.1,Counted,Dependent on a neighbouring counted link,225,124,15902,5,3324,321,57,206,40,7,0,631,19985
73859,2021,A6011,Major,A6011,LA Boundary,458410,338820,52.94361945,-1.13223518,0.2,0.1,Estimated,Estimated using AADF from previous year on this link,168,128,17389,6,3807,350,61,225,43,7,0,685,22015
73859,2022,A6011,Major,A6011,LA Boundary,458410,338820,52.94361945,-1.13223518,0.2,0.1,Estimated,Estimated using AADF from previous year on this link,164,142,18664,6,4240,359,63,230,45,8,0,705,23757
73859,2023,A6011,Major,A6011,LA Boundary,458410,338820,52.94361945,-1.13223518,0.2,0.1,Estimated,Estimated using AADF from previous year on this link,155,132,19126,6,4324,360,60,214,44,8,0,686,24274
73859,2024,A6011,Major,A6011,LA Boundary,458410,338820,52.94361945,-1.13223518,0.2,0.1,Counted,Dependent on a neighbouring counted link,216,170,18848,37,3540,289,56,73,11,15,128,573,23167
73859,2025,A6011,Major,A6011,LA Boundary,458410,338820,52.94361945,-1.13223518,0.2,0.1,Estimated,Estimated using AADF from previous year on this link,225,175,19049,37,3615,288,57,75,11,15,127,573,23449
73860,2000,A60,Major,A611,LA Boundary Woodthorpe Drive,457111,342229,52.97439969,-1.15096414,1.9,1.2,Counted,Manual count,178,218,17289,1070,1653,255,32,16,25,18,6,352,20582
73860,2001,A60,Major,A611,LA Boundary Woodthorpe Drive,457111,342229,52.97439969,-1.15096414,1.9,1.2,Counted,Manual count,186,309,17310,1087,1809,234,23,8,25,22,10,322,20837
73860,2002,A60,Major,A611,LA Boundary Woodthorpe Drive,457111,342229,52.97439969,-1.15096414,1.9,1.2,Estimated,Estimated using AADF from previous year on this link,193,313,17275,1111,1813,225,24,8,23,19,11,310,20822
73860,2003,A60,Major,A611,LA Boundary Woodthorpe Drive,457111,342229,52.97439969,-1.15096414,1.9,1.2,Counted,Manual count,370,183,15216,725,1518,224,32,15,17,26,15,329,17971
73860,2004,A60,Major,A611,LA Boundary Woodthorpe Drive,457111,342229,52.97439969,-1.15096414,1.9,1.2,Estimated,Estimated using AADF from previous year on this link,300,162,15246,674,1505,225,34,17,15,23,15,329,17916
73860,2005,A60,Major,A611,LA Boundary Woodthorpe Drive,457111,342229,52.97439969,-1.15096414,1.9,1.2,Counted,Manual count,202,156,13760,884,1496,267,41,26,11,16,28,389,16685
73860,2006,A60,Major,A611,LA Boundary Woodthorpe Drive,457111,342229,52.97439969,-1.15096414,1.9,1.2,Estimated,Estimated using AADF from previous year on this link,317,162,13801,870,1520,273,41,28,10,14,30,396,16749
73860,2007,A60,Major,A611,LA Boundary Woodthorpe Drive,457111,342229,52.97439969,-1.15096414,1.9,1.2,Counted,Manual count,244,155,16206,774,1627,184,33,13,8,21,14,273,19035
73860,2008,A60,Major,A611,LA Boundary ,457111,342229,52.97439969,-1.15096414,1.9,1.2,Estimated,Estimated using AADF from previous year on this link,273,147,15850,672,1661,184,36,15,7,18,13,273,18603
73860,2009,A60,Major,A611,LA Boundary ,457111,342229,52.97439969,-1.15096414,1.9,1.2,Estimated,Estimated using AADF from previous year on this link,273,164,16199,664,1686,168,36,15,7,16,13,255,18968
73860,2010,A60,Major,A611,LA Boundary ,457111,342229,52.97439969,-1.15096414,1.9,1.2,Estimated,Estimated using AADF from previous year on this link,275,156,16102,752,1801,178,36,13,9,16,13,265,19076
73860,2011,A60,Major,A611,LA Boundary ,457111,342229,52.97439969,-1.15096414,1.9,1.2,Counted,Manual count,263,119,15214,876,1431,74,20,9,10,9,3,125,17765
73860,2012,A60,Major,A611,LA Boundary,457111,342229,52.97439969,-1.15096414,1.9,1.2,Estimated,Estimated using AADF from previous year on this link,249,114,14977,953,1448,75,22,10,7,8,3,125,17616
73860,2013,A60,Major,A611,LA Boundary,457111,342229,52.97439969,-1.15096414,1.9,1.2,Estimated,Estimated using AADF from previous year on this link,246,127,14845,996,1505,75,24,12,5,8,3,126,17598
73860,2014,A60,Major,A611,LA Boundary,457111,342229,52.97439969,-1.15096414,1.9,1.2,Estimated,Estimated using AADF from previous year on this link,238,121,15247,959,1609,77,26,13,5,6,3,130,18066
73860,2015,A60,Major,A611,LA Boundary,457111,342229,52.97439969,-1.15096414,1.9,1.2,Estimated,Estimated using AADF from previous year on this link,222,107,15549,1033,1688,73,27,12,5,6,3,126,18503
73860,2016,A60,Major,A611,LA Boundary,457111,342229,52.97439969,-1.15096414,1.9,1.2,Estimated,Estimated using AADF from previous year on this link,206,105,15792,957,1843,74,27,14,6,5,3,128,18825
73860,2017,A60,Major,A611,LA Boundary,457111,342229,52.97439969,-1.15096414,1.9,1.2,Estimated,Estimated using AADF from previous year on this link,198,106,15675,893,1941,74,27,14,6,5,3,129,18744
73860,2018,A60,Major,A611,LA Boundary,457111,342229,52.97439969,-1.15096414,1.9,1.2,Counted,Manual count,254,85,12429,842,1513,90,28,23,16,16,6,179,15047
73860,2019,A60,Major,A611,LA Boundary,457111,342229,52.97439969,-1.15096414,1.9,1.2,Estimated,Estimated using AADF from previous year on this link,279,79,12585,851,1500,89,28,23,17,17,6,180,15195
73860,2020,A60,Major,A611,LA Boundary,457111,342229,52.97439969,-1.15096414,1.9,1.2,Estimated,Estimated using AADF from previous year on this link,319,59,9559,537,1324,78,25,20,14,15,5,158,11637
73860,2021,A60,Major,A611,LA Boundary,457111,342229,52.97439969,-1.15096414,1.9,1.2,Estimated,Estimated using AADF from previous year on this link,261,62,10531,555,1443,84,26,22,16,16,5,169,12761
73860,2022,A60,Major,A611,LA Boundary,457111,342229,52.97439969,-1.15096414,1.9,1.2,Estimated,Estimated using AADF from previous year on this link,233,68,11249,596,1564,87,27,24,16,16,6,176,13653
73860,2023,A60,Major,A611,LA Boundary,457111,342229,52.97439969,-1.15096414,1.9,1.2,Estimated,Estimated using AADF from previous year on this link,229,67,11460,602,1591,86,27,23,16,16,5,173,13893
73860,2024,A60,Major,A611,LA Boundary,457111,342229,52.97439969,-1.15096414,1.9,1.2,Estimated,Estimated using AADF from previous year on this link,232,69,11634,605,1619,87,27,23,16,15,5,173,14100
73860,2025,A60,Major,A611,LA Boundary,457111,342229,52.97439969,-1.15096414,1.9,1.2,Estimated,Estimated using AADF from previous year on this link,233,70,11648,591,1652,86,27,23,16,15,5,173,14134
73864,2000,A610,Major,LA Boundary,B6008,453480,343580,52.98691624,-1.20480723,0.2,0.1,Counted,Dependent on a neighbouring counted link,14,288,32640,113,4673,994,141,128,225,346,180,2014,39728
73864,2001,A610,Major,LA Boundary,B6008,453480,343580,52.98691624,-1.20480723,0.2,0.1,Estimated,Estimated using AADF from previous year on this link,13,298,33292,115,4655,975,162,128,197,296,202,1960,40320
73864,2002,A610,Major,LA Boundary,B6008,453480,343580,52.98691624,-1.20480723,0.2,0.1,Estimated,Estimated using AADF from previous year on this link,13,302,33226,117,4665,939,169,133,179,257,222,1899,40209
73864,2003,A610,Major,LA Boundary,B6008,453480,343580,52.98691624,-1.20480723,0.2,0.1,Counted,Dependent on a neighbouring counted link,65,374,33536,138,4580,835,142,137,141,312,203,1770,40398
73864,2004,A610,Major,LA Boundary,B6008,453480,343580,52.98691624,-1.20480723,0.2,0.1,Estimated,Estimated using AADF from previous year on this link,53,329,33603,128,4538,838,150,151,133,275,222,1769,40367
73864,2005,A610,Major,LA Boundary,B6008,453480,343580,52.98691624,-1.20480723,0.2,0.1,Counted,Dependent on a neighbouring counted link,27,354,31938,119,5024,834,145,121,141,277,216,1734,39169
73864,2006,A610,Major,LA Boundary,B6008,453480,343580,52.98691624,-1.20480723,0.2,0.1,Estimated,Estimated using AADF from previous year on this link,42,369,32034,117,5105,854,144,131,127,247,234,1737,39362
73864,2007,A610,Major,LA Boundary,B6008,453480,343580,52.98691624,-1.20480723,0.2,0.1,Counted,Dependent on a neighbouring counted link,22,290,33812,83,5167,891,149,139,97,346,215,1837,41189
73864,2008,A610,Major,LA Boundary,B6008,453480,343580,52.98691624,-1.20480723,0.2,0.1,Estimated,Estimated using AADF from previous year on this link,24,270,33171,83,5410,855,161,141,84,304,211,1756,40690
73864,2009,A610,Major,LA Boundary,B6008,453480,343580,52.98691624,-1.20480723,0.2,0.1,Counted,Dependent on a neighbouring counted link,59,341,31393,123,5230,638,105,102,81,242,151,1319,38406
73864,2010,A610,Major,LA Boundary,B6008,453480,343580,52.98691624,-1.20480723,0.2,0.1,Counted,Dependent on a neighbouring counted link,22,252,29617,99,5549,757,160,116,96,251,272,1652,37169
73864,2011,A610,Major,LA Boundary,B6008,453480,343580,52.98691624,-1.20480723,0.2,0.1,Estimated,Estimated using AADF from previous year on this link,25,268,29469,99,5721,754,172,131,74,248,287,1666,37223
73864,2012,A610,Major,LA Boundary,B6008,453480,343580,52.98691624,-1.20480723,0.2,0.1,Counted,Dependent on a neighbouring counted link,21,220,30236,106,5568,678,160,145,79,284,230,1575,37705
73864,2013,A610,Major,LA Boundary,B6008,453480,343580,52.98691624,-1.20480723,0.2,0.1,Estimated,Estimated using AADF from previous year on this link,21,220,30064,100,5632,676,172,163,58,266,230,1565,37581
73864,2014,A610,Major,LA Boundary,B6008,453480,343580,52.98691624,-1.20480723,0.2,0.1,Counted,Dependent on a neighbouring counted link,20,231,34388,127,5781,660,145,90,103,274,185,1456,41982
73864,2015,A610,Major,LA Boundary,B6008,453480,343580,52.98691624,-1.20480723,0.2,0.1,Estimated,Estimated using AADF from previous year on this link,19,234,33757,126,6080,642,152,88,125,270,182,1459,41657
73864,2016,A610,Major,LA Boundary,B6008,453480,343580,52.98691624,-1.20480723,0.2,0.1,Counted,Dependent on a neighbouring counted link,22,249,32138,58,5976,615,144,120,82,255,198,1413,39834
73864,2017,A610,Major,LA Boundary,B6008,453480,343580,52.98691624,-1.20480723,0.2,0.1,Counted,Dependent on a neighbouring counted link,26,192,31228,41,5973,626,134,111,104,308,213,1497,38929
73864,2018,A610,Major,LA Boundary,B6008,453480,343580,52.98691624,-1.20480723,0.3,0.2,Estimated,Estimated using AADF from previous year on this link,30,190,30884,37,6084,632,133,108,106,318,223,1520,38715
73864,2019,A610,Major,LA Boundary,B6008,453480,343580,52.98691624,-1.20480723,0.3,0.2,Estimated,Estimated using AADF from previous year on this link,32,178,31271,37,6031,624,135,108,108,327,224,1527,39044
73864,2020,A610,Major,LA Boundary,B6008,453480,343580,52.98691624,-1.20480723,0.3,0.2,Counted,Dependent on a neighbouring counted link,6,125,24641,10,5567,505,133,246,62,173,337,1457,31799
73864,2021,A610,Major,LA Boundary,B6008,453480,343580,52.98691624,-1.20480723,0.3,0.2,Estimated,Estimated using AADF from previous year on this link,5,132,27147,11,6068,540,143,269,66,184,361,1565,34922
73864,2022,A610,Major,LA Boundary,B6008,453480,343580,52.98691624,-1.20480723,0.3,0.2,Counted,Dependent on a neighbouring counted link,6,180,29359,23,6528,546,107,207,80,220,359,1518,37609
73864,2023,A610,Major,LA Boundary,B6008,453480,343580,52.98691624,-1.20480723,0.3,0.2,Estimated,Estimated using AADF from previous year on this link,6,177,29911,24,6639,539,105,204,81,214,345,1488,38239
73864,2024,A610,Major,LA Boundary,B6008,453480,343580,52.98691624,-1.20480723,0.3,0.2,Estimated,Estimated using AADF from previous year on this link,6,183,30364,24,6758,548,105,199,79,207,334,1472,38800
73864,2025,A610,Major,LA Boundary,B6008,453480,343580,52.98691624,-1.20480723,0.3,0.2,Estimated,Estimated using AADF from previous year on this link,6,186,30401,23,6896,542,105,204,80,202,328,1462,38968
73866,2000,M1,Major,LA Boundary,LA Boundary,450830,343135,52.98317359,-1.24434846,0.3,0.2,Counted,Dependent on a neighbouring counted link,0,354,74679,294,10913,5996,531,317,2511,5727,3466,18548,104788
73866,2001,M1,Major,LA Boundary,LA Boundary,450830,343135,52.98317359,-1.24434846,0.3,0.2,Counted,Dependent on a neighbouring counted link,0,802,72746,594,11662,6066,555,288,2156,5308,3946,18319,104123
73866,2002,M1,Major,LA Boundary,LA Boundary,450830,343135,52.98317359,-1.24434846,0.3,0.2,Counted,Dependent on a neighbouring counted link,0,257,80101,398,13096,4913,572,286,2180,5753,4145,17849,111701
73866,2003,M1,Major,LA Boundary,LA Boundary,450830,343135,52.98317359,-1.24434846,0.3,0.2,Counted,Dependent on a neighbouring counted link,0,377,78340,340,12893,4054,663,257,1982,6300,4167,17423,109373
73866,2004,M1,Major,LA Boundary,LA Boundary,450830,343135,52.98317359,-1.24434846,0.3,0.2,Counted,Dependent on a neighbouring counted link,0,335,93715,415,16932,4777,694,395,1693,6638,5224,19421,130818
73866,2005,M1,Major,LA Boundary,LA Boundary,450830,343135,52.98317359,-1.24434846,0.3,0.2,Estimated,Estimated using AADF from previous year on this link,0,316,95120,397,18473,4810,681,421,1568,6067,5779,19326,133632
73866,2006,M1,Major,LA Boundary,LA Boundary,450830,343135,52.98317359,-1.24434846,0.3,0.2,Counted,Dependent on a neighbouring counted link,0,373,94078,418,16971,4417,677,357,1486,6379,4689,18005,129845
73866,2007,M1,Major,LA Boundary,LA Boundary,450830,343135,52.98317359,-1.24434846,0.3,0.2,Counted,Dependent on a neighbouring counted link,0,559,94196,401,18462,4117,765,424,1518,6377,5179,18380,131998
73866,2008,M1,Major,LA Boundary,LA Boundary,450830,343135,52.98317359,-1.24434846,0.3,0.2,Counted,Dependent on a neighbouring counted link,0,451,85985,497,16772,3836,607,445,1611,5812,4461,16772,120477
73866,2009,M1,Major,LA Boundary,LA Boundary,450830,343135,52.98317359,-1.24434846,0.3,0.2,Counted,Dependent on a neighbouring counted link,0,295,88579,247,14872,2642,603,655,1438,5036,3976,14350,118343
73866,2010,M1,Major,LA Boundary,LA Boundary,450830,343135,52.98317359,-1.24434846,0.3,0.2,Counted,Dependent on a neighbouring counted link,0,400,88731,328,16769,3059,564,415,1334,5117,4407,14896,121124
73866,2011,M1,Major,LA Boundary,LA Boundary,450830,343135,52.98317359,-1.24434846,0.3,0.2,Counted,Dependent on a neighbouring counted link,0,350,86760,357,14021,3561,630,791,136,1576,8371,15065,116553
73866,2012,M1,Major,LA Boundary,LA Boundary,450830,343135,52.98317359,-1.24434846,0.3,0.2,Counted,Dependent on a neighbouring counted link,0,229,98819,304,15975,3335,566,317,1156,5297,4690,15361,130689
73866,2013,M1,Major,LA Boundary,LA Boundary,450830,343135,52.98317359,-1.24434846,0.3,0.2,Counted,Dependent on a neighbouring counted link,0,306,90058,383,18052,3122,843,417,671,2170,8947,16170,124969
73866,2014,M1,Major,LA Boundary,LA Boundary,450830,343135,52.98317359,-1.24434846,0.3,0.2,Counted,Dependent on a neighbouring counted link,0,186,92272,191,17375,2579,1059,506,594,2439,9276,16452,126476
73866,2015,M1,Major,LA Boundary,LA Boundary,450830,343135,52.98317359,-1.24434846,0.3,0.2,Counted,Dependent on a neighbouring counted link,0,272,84565,355,17398,4376,416,361,659,3300,7519,16630,119220
73866,2016,M1,Major,LA Boundary,LA Boundary,450830,343135,52.98317359,-1.24434846,0.3,0.2,Counted,Dependent on an automatic counter on a neighbouring link,0,282,86810,355,18828,4685,415,428,690,3183,7975,17376,123651
73866,2017,M1,Major,LA Boundary,LA Boundary,450830,343135,52.98317359,-1.24434846,0.3,0.2,Counted,Automatic counter,0,219,72335,292,17076,4110,371,399,585,2737,6920,15122,105044
73866,2018,M1,Major,LA Boundary,LA Boundary,450830,343135,52.98317359,-1.24434846,0.3,0.2,Counted,Automatic counter,0,210,69252,282,17000,4042,369,398,566,2678,6735,14787,101532
73866,2019,M1,Major,LA Boundary,LA Boundary,450830,343135,52.98317359,-1.24434846,0.3,0.2,Counted,Automatic counter,0,218,75278,303,18193,4304,418,445,602,2857,7247,15874,109866
73866,2020,M1,Major,LA Boundary,LA Boundary,450830,343135,52.98317359,-1.24434846,0.3,0.2,Counted,Automatic counter,0,126,50334,170,15659,3907,384,422,571,2791,6860,14935,81223
73866,2021,M1,Major,LA Boundary,LA Boundary,450830,343135,52.98317359,-1.24434846,0.3,0.2,Counted,Automatic counter,0,132,59052,173,18765,4566,438,486,644,3087,7585,16807,94929
73866,2022,M1,Major,LA Boundary,LA Boundary,450830,343135,52.98317359,-1.24434846,0.3,0.2,Counted,Automatic counter,0,149,67109,200,21405,4671,457,489,670,3131,7682,17100,105962
73866,2023,M1,Major,LA Boundary,LA Boundary,450830,343135,52.98317359,-1.24434846,0.3,0.2,Counted,Automatic counter,0,147,70329,213,22532,4745,466,506,687,3143,7569,17116,110338
73866,2024,M1,Major,LA Boundary,LA Boundary,450830,343135,52.98317359,-1.24434846,0.3,0.2,Counted,Automatic counter,0,137,65997,200,21805,4504,437,497,640,2987,7183,16248,104386
73866,2025,M1,Major,LA Boundary,LA Boundary,450830,343135,52.98317359,-1.24434846,0.3,0.2,Counted,Automatic counter,0,150,71792,216,23412,4891,478,564,692,3257,7822,17703,113273
73869,2000,A453,Major,LA Boundary,Hartness Rd roundabout,454150,334000,52.90074073,-1.19642313,1,0.6,Counted,Dependent on a neighbouring counted link,3,175,17255,57,3168,987,129,186,441,1051,513,3307,23962
73869,2001,A453,Major,LA Boundary,Hartness Rd roundabout,454150,334000,52.90074073,-1.19642313,1,0.6,Counted,Dependent on a neighbouring counted link,3,51,17790,55,2801,969,177,259,426,940,541,3312,24009
73869,2002,A453,Major,LA Boundary,Hartness Rd roundabout,454150,334000,52.90074073,-1.19642313,1,0.6,Counted,Dependent on a neighbouring counted link,1,141,17286,50,2677,904,135,150,311,874,645,3019,23173
73869,2003,A453,Major,LA Boundary,Hartness Rd roundabout,454150,334000,52.90074073,-1.19642313,1,0.6,Counted,Dependent on a neighbouring counted link,6,156,17127,37,2926,994,126,270,295,784,647,3116,23362
73869,2004,A453,Major,LA Boundary,Hartness Rd roundabout,454150,334000,52.90074073,-1.19642313,1,0.6,Counted,Dependent on a neighbouring counted link,5,157,17742,59,2995,881,130,186,336,765,627,2925,23878
73869,2005,A453,Major,LA Boundary,Hartness Rd roundabout,454150,334000,52.90074073,-1.19642313,1,0.6,Counted,Dependent on a neighbouring counted link,3,123,17773,108,2989,814,114,119,306,808,698,2859,23852
73869,2006,A453,Major,LA Boundary,Hartness Rd roundabout,454150,334000,52.90074073,-1.19642313,1,0.6,Counted,Dependent on a neighbouring counted link,3,98,18302,129,3418,801,110,248,293,820,612,2884,24831
73869,2007,A453,Major,LA Boundary,Hartness Rd roundabout,454150,334000,52.90074073,-1.19642313,1,0.6,Counted,Dependent on a neighbouring counted link,5,61,16987,92,3146,797,164,274,216,802,738,2991,23277
73869,2008,A453,Major,LA Boundary,C1 Crusader Roundabout,454150,334000,52.90074073,-1.19642313,1,0.6,Counted,Dependent on a neighbouring counted link,3,111,17128,126,3205,745,110,246,316,850,810,3077,23647
73869,2009,A453,Major,LA Boundary,C1 Crusader Roundabout,454150,334000,52.90074073,-1.19642313,1,0.6,Estimated,Estimated using AADF from previous year on this link,3,117,16906,132,3310,690,110,237,293,733,786,2849,23314
73869,2010,A453,Major,LA Boundary,C1 Crusader Roundabout,454150,334000,52.90074073,-1.19642313,1,0.6,Estimated,Estimated using AADF from previous year on this link,3,103,16500,140,3396,723,110,204,345,699,798,2879,23018
73869,2011,A453,Major,LA Boundary,C1 Crusader Roundabout,454150,334000,52.90074073,-1.19642313,1,0.6,Estimated,Estimated using AADF from previous year on this link,3,101,16401,142,3474,710,117,225,262,679,830,2823,22941
73869,2012,A453,Major,LA Boundary,C1 Crusader Roundabout,454150,334000,52.90074073,-1.19642313,1,0.6,Counted,Dependent on a neighbouring counted link,8,109,20093,77,2769,630,127,276,135,876,814,2858,25906
73869,2013,A453,Major,LA Boundary,C1 Crusader Roundabout,454150,334000,52.90074073,-1.19642313,1,0.6,Estimated,Estimated using AADF from previous year on this link,8,116,19853,79,2939,642,139,317,104,861,857,2920,25908
73869,2014,A453,Major,LA Boundary,C1 Crusader Roundabout,454150,334000,52.90074073,-1.19642313,1,0.6,Estimated,Estimated using AADF from previous year on this link,6,119,20311,89,3155,614,144,323,105,797,916,2899,26573
73869,2015,A453,Major,LA Boundary,C1 Crusader Roundabout,454150,334000,52.90074073,-1.19642313,1,0.6,Estimated,Estimated using AADF from previous year on this link,6,123,20923,88,3507,642,163,339,134,825,950,3052,27693
73869,2016,A453,Major,LA Boundary,C1 Crusader Roundabout,454150,334000,52.90074073,-1.19642313,1,0.6,Estimated,Estimated using AADF from previous year on this link,8,128,21549,90,3787,681,157,384,140,793,993,3148,28703
73869,2017,A453,Major,LA Boundary,C1 Crusader Roundabout,454150,334000,52.90074073,-1.19642313,1,0.6,Counted,Dependent on a neighbouring counted link,56,127,28627,113,5168,645,164,237,116,550,1190,2902,36937
73869,2018,A453,Major,LA Boundary,C1 Crusader Roundabout,454150,334000,52.90074073,-1.19642313,1.1,0.7,Counted,Dependent on an automatic counter on a neighbouring link,49,115,24707,95,4690,569,143,212,103,483,1041,2550,32158
73869,2019,A453,Major,LA Boundary,C1 Crusader Roundabout,454150,334000,52.90074073,-1.19642313,1.1,0.7,Counted,Dependent on a neighbouring counted link,41,123,30243,157,5942,606,175,270,153,778,977,2959,39424
73869,2020,A453,Major,LA Boundary,C1 Crusader Roundabout,454150,334000,52.90074073,-1.19642313,1.1,0.7,Estimated,Estimated using AADF from previous year on this link,47,72,20320,96,4723,500,147,228,131,684,825,2516,27727
73869,2021,A453,Major,LA Boundary,C1 Crusader Roundabout,454150,334000,52.90074073,-1.19642313,1.1,0.7,Counted,Dependent on a neighbouring counted link,39,119,23025,85,5720,554,120,253,54,1566,479,3027,31976
73869,2022,A453,Major,LA Boundary,C1 Crusader Roundabout,454150,334000,52.90074073,-1.19642313,1.1,0.7,Counted,Dependent on a neighbouring counted link,0,115,27648,80,6428,572,130,258,103,591,1538,3192,37463
73869,2023,A453,Major,LA Boundary,C1 Crusader Roundabout,454150,334000,52.90074073,-1.19642313,1.1,0.7,Counted,Dependent on an automatic counter on a neighbouring link,0,107,26791,76,6340,552,121,231,99,567,1423,2993,36308
73869,2024,A453,Major,LA Boundary,C1 Crusader Roundabout,454150,334000,52.90074073,-1.19642313,1.1,0.7,Counted,Dependent on a neighbouring counted link,48,156,30689,111,8198,533,243,244,70,76,2489,3655,42810
73869,2025,A453,Major,LA Boundary,C1 Crusader Roundabout,454150,334000,52.90074073,-1.19642313,1.1,0.7,Counted,Dependent on an automatic counter on a neighbouring link,44,145,27935,102,7499,487,225,231,65,69,2253,3330,39010
73872,2000,A6002,Major,LA Boundary,LA Boundary,451220,341185,52.96560928,-1.23884746,0.1,0.1,Counted,Dependent on a neighbouring counted link,70,288,18933,97,2671,514,59,54,71,90,29,817,22806
73872,2001,A6002,Major,LA Boundary,LA Boundary,451220,341185,52.96560928,-1.23884746,0.1,0.1,Counted,Dependent on a neighbouring counted link,53,148,17865,75,2692,578,75,143,58,87,55,996,21776
73872,2002,A6002,Major,LA Boundary,LA Boundary,451220,341185,52.96560928,-1.23884746,0.1,0.1,Estimated,Estimated using AADF from previous year on this link,55,150,17829,77,2698,556,78,149,52,76,60,971,21725
73872,2003,A6002,Major,LA Boundary,LA Boundary,451220,341185,52.96560928,-1.23884746,0.1,0.1,Counted,Dependent on a neighbouring counted link,65,316,18333,93,2803,474,97,75,68,122,64,900,22445
73872,2004,A6002,Major,LA Boundary,LA Boundary,451220,341185,52.96560928,-1.23884746,0.1,0.1,Counted,Dependent on a neighbouring counted link,63,197,19389,65,3077,495,91,58,68,95,54,861,23589
73872,2005,A6002,Major,LA Boundary,LA Boundary,451220,341185,52.96560928,-1.23884746,0.1,0.1,Counted,Dependent on a neighbouring counted link,42,289,19153,95,3008,425,71,70,72,99,65,802,23347
73872,2006,A6002,Major,LA Boundary,LA Boundary,451220,341185,52.96560928,-1.23884746,0.1,0.1,Estimated,Estimated using AADF from previous year on this link,67,302,19210,93,3055,436,71,76,66,88,70,807,23467
73872,2007,A6002,Major,LA Boundary,LA Boundary,451220,341185,52.96560928,-1.23884746,0.1,0.1,Estimated,Estimated using AADF from previous year on this link,42,304,18307,89,3333,430,69,82,56,84,72,793,22826
73872,2008,A6002,Major,LA Boundary,LA Boundary,451220,341185,52.96560928,-1.23884746,0.1,0.1,Estimated,Estimated using AADF from previous year on this link,47,284,17960,91,3491,412,75,84,48,73,70,762,22588
73872,2009,A6002,Major,LA Boundary,LA Boundary,451220,341185,52.96560928,-1.23884746,0.1,0.1,Counted,Dependent on a neighbouring counted link,84,242,18599,86,2948,308,45,42,25,80,51,551,22426
73872,2010,A6002,Major,LA Boundary,LA Boundary,451220,341185,52.96560928,-1.23884746,0.1,0.1,Estimated,Estimated using AADF from previous year on this link,84,223,18208,90,2963,306,43,35,27,70,47,528,22012
73872,2011,A6002,Major,LA Boundary,LA Boundary,451220,341185,52.96560928,-1.23884746,0.1,0.1,Estimated,Estimated using AADF from previous year on this link,92,237,18117,90,3055,304,46,39,21,69,49,528,22027
73872,2012,A6002,Major,LA Boundary,LA Boundary,451220,341185,52.96560928,-1.23884746,0.1,0.1,Estimated,Estimated using AADF from previous year on this link,87,214,18040,97,2934,269,44,39,15,64,49,479,21764
73872,2013,A6002,Major,LA Boundary,LA Boundary,451220,341185,52.96560928,-1.23884746,0.1,0.1,Counted,Dependent on a neighbouring counted link,65,154,17888,102,2426,295,65,50,26,57,43,538,21108
73872,2014,A6002,Major,LA Boundary,LA Boundary,451220,341185,52.96560928,-1.23884746,0.1,0.1,Estimated,Estimated using AADF from previous year on this link,63,164,17702,108,2762,312,75,56,28,56,49,576,21313
73872,2015,A6002,Major,LA Boundary,LA Boundary,451220,341185,52.96560928,-1.23884746,0.1,0.1,Estimated,Estimated using AADF from previous year on this link,59,167,17378,108,2905,304,79,55,34,55,48,575,21132
73872,2016,A6002,Major,LA Boundary,LA Boundary,451220,341185,52.96560928,-1.23884746,0.1,0.1,Estimated,Estimated using AADF from previous year on this link,55,163,17649,100,3174,308,78,62,36,49,47,580,21665
73872,2017,A6002,Major,LA Boundary,LA Boundary,451220,341185,52.96560928,-1.23884746,0.1,0.1,Estimated,Estimated using AADF from previous year on this link,52,165,17519,93,3341,306,79,63,37,49,49,584,21701
73872,2018,A6002,Major,LA Boundary,LA Boundary,451220,341185,52.96560928,-1.23884746,0.1,0.1,Counted,Dependent on a neighbouring counted link,55,168,17296,44,2579,262,38,64,23,66,47,499,20587
73872,2019,A6002,Major,LA Boundary,LA Boundary,451220,341185,52.96560928,-1.23884746,0.1,0.1,Estimated,Estimated using AADF from previous year on this link,61,158,17513,45,2557,259,39,64,23,68,47,500,20772
73872,2020,A6002,Major,LA Boundary,LA Boundary,451220,341185,52.96560928,-1.23884746,0.1,0.1,Estimated,Estimated using AADF from previous year on this link,69,117,13302,28,2256,227,34,57,20,60,41,439,16143
73872,2021,A6002,Major,LA Boundary,LA Boundary,451220,341185,52.96560928,-1.23884746,0.1,0.1,Estimated,Estimated using AADF from previous year on this link,57,123,14655,29,2460,243,36,63,22,64,44,471,17739
73872,2022,A6002,Major,LA Boundary,LA Boundary,451220,341185,52.96560928,-1.23884746,0.1,0.1,Counted,Dependent on a neighbouring counted link,65,159,16207,37,2995,276,12,84,0,136,0,509,19907
73872,2023,A6002,Major,LA Boundary,LA Boundary,451220,341185,52.96560928,-1.23884746,0.1,0.1,Estimated,Estimated using AADF from previous year on this link,64,157,16512,37,3046,273,12,83,0,133,0,501,20252
73872,2024,A6002,Major,LA Boundary,LA Boundary,451220,341185,52.96560928,-1.23884746,0.1,0.1,Estimated,Estimated using AADF from previous year on this link,65,161,16762,38,3100,277,12,81,0,128,0,498,20560
73872,2025,A6002,Major,LA Boundary,LA Boundary,451220,341185,52.96560928,-1.23884746,0.1,0.1,Estimated,Estimated using AADF from previous year on this link,65,165,16782,37,3164,274,12,83,0,125,0,495,20642
73874,2000,A6002,Major,LA Boundary,LA Boundary,451550,342400,52.97649871,-1.23374212,1.3,0.8,Counted,Dependent on a neighbouring counted link,70,288,18933,97,2671,514,59,54,71,90,29,817,22806
73874,2001,A6002,Major,LA Boundary,LA Boundary,451550,342400,52.97649871,-1.23374212,1.3,0.8,Counted,Dependent on a neighbouring counted link,53,148,17865,75,2692,578,75,143,58,87,55,996,21776
73874,2002,A6002,Major,LA Boundary,LA Boundary,451550,342400,52.97649871,-1.23374212,1.3,0.8,Estimated,Estimated using AADF from previous year on this link,55,150,17829,77,2698,556,78,149,52,76,60,971,21725
73874,2003,A6002,Major,LA Boundary,LA Boundary,451550,342400,52.97649871,-1.23374212,1.3,0.8,Counted,Dependent on a neighbouring counted link,65,316,18333,93,2803,474,97,75,68,122,64,900,22445
73874,2004,A6002,Major,LA Boundary,LA Boundary,451550,342400,52.97649871,-1.23374212,1.3,0.8,Counted,Dependent on a neighbouring counted link,63,197,19389,65,3077,495,91,58,68,95,54,861,23589
73874,2005,A6002,Major,LA Boundary,LA Boundary,451550,342400,52.97649871,-1.23374212,1.3,0.8,Counted,Dependent on a neighbouring counted link,42,289,19153,95,3008,425,71,70,72,99,65,802,23347
73874,2006,A6002,Major,LA Boundary,LA Boundary,451550,342400,52.97649871,-1.23374212,1.3,0.8,Estimated,Estimated using AADF from previous year on this link,67,302,19210,93,3055,436,71,76,66,88,70,807,23467
73874,2007,A6002,Major,LA Boundary,LA Boundary,451550,342400,52.97649871,-1.23374212,1.3,0.8,Estimated,Estimated using AADF from previous year on this link,42,304,18307,89,3333,430,69,82,56,84,72,793,22826
73874,2008,A6002,Major,LA Boundary,LA Boundary,451550,342400,52.97649871,-1.23374212,1.3,0.8,Estimated,Estimated using AADF from previous year on this link,47,284,17960,91,3491,412,75,84,48,73,70,762,22588
73874,2009,A6002,Major,LA Boundary,LA Boundary,451550,342400,52.97649871,-1.23374212,1.3,0.8,Counted,Dependent on a neighbouring counted link,84,242,18599,86,2948,308,45,42,25,80,51,551,22426
73874,2010,A6002,Major,LA Boundary,LA Boundary,451550,342400,52.97649871,-1.23374212,1.3,0.8,Estimated,Estimated using AADF from previous year on this link,84,223,18208,90,2963,306,43,35,27,70,47,528,22012
73874,2011,A6002,Major,LA Boundary,LA Boundary,451550,342400,52.97649871,-1.23374212,1.3,0.8,Estimated,Estimated using AADF from previous year on this link,92,237,18117,90,3055,304,46,39,21,69,49,528,22027
73874,2012,A6002,Major,LA Boundary,LA Boundary,451550,342400,52.97649871,-1.23374212,1.3,0.8,Estimated,Estimated using AADF from previous year on this link,87,214,18040,97,2934,269,44,39,15,64,49,479,21764
73874,2013,A6002,Major,LA Boundary,LA Boundary,451550,342400,52.97649871,-1.23374212,1.3,0.8,Counted,Dependent on a neighbouring counted link,65,154,17888,102,2426,295,65,50,26,57,43,538,21108
73874,2014,A6002,Major,LA Boundary,LA Boundary,451550,342400,52.97649871,-1.23374212,1.3,0.8,Estimated,Estimated using AADF from previous year on this link,63,164,17702,108,2762,312,75,56,28,56,49,576,21313
73874,2015,A6002,Major,LA Boundary,LA Boundary,451550,342400,52.97649871,-1.23374212,1.3,0.8,Estimated,Estimated using AADF from previous year on this link,59,167,17378,108,2905,304,79,55,34,55,48,575,21132
73874,2016,A6002,Major,LA Boundary,LA Boundary,451550,342400,52.97649871,-1.23374212,1.3,0.8,Estimated,Estimated using AADF from previous year on this link,55,163,17649,100,3174,308,78,62,36,49,47,580,21665
73874,2017,A6002,Major,LA Boundary,LA Boundary,451550,342400,52.97649871,-1.23374212,1.3,0.8,Estimated,Estimated using AADF from previous year on this link,52,165,17519,93,3341,306,79,63,37,49,49,584,21701
73874,2018,A6002,Major,LA Boundary,LA Boundary,451550,342400,52.97649871,-1.23374212,1.4,0.9,Counted,Dependent on a neighbouring counted link,55,168,17296,44,2579,262,38,64,23,66,47,499,20587
73874,2019,A6002,Major,LA Boundary,LA Boundary,451550,342400,52.97649871,-1.23374212,1.4,0.9,Estimated,Estimated using AADF from previous year on this link,61,158,17513,45,2557,259,39,64,23,68,47,500,20772
73874,2020,A6002,Major,LA Boundary,LA Boundary,451550,342400,52.97649871,-1.23374212,1.4,0.9,Estimated,Estimated using AADF from previous year on this link,69,117,13302,28,2256,227,34,57,20,60,41,439,16143
73874,2021,A6002,Major,LA Boundary,LA Boundary,451550,342400,52.97649871,-1.23374212,1.4,0.9,Estimated,Estimated using AADF from previous year on this link,57,123,14655,29,2460,243,36,63,22,64,44,471,17739
73874,2022,A6002,Major,LA Boundary,LA Boundary,451550,342400,52.97649871,-1.23374212,1.4,0.9,Counted,Dependent on a neighbouring counted link,65,159,16207,37,2995,276,12,84,0,136,0,509,19907
73874,2023,A6002,Major,LA Boundary,LA Boundary,451550,342400,52.97649871,-1.23374212,1.4,0.9,Estimated,Estimated using AADF from previous year on this link,64,157,16512,37,3046,273,12,83,0,133,0,501,20252
73874,2024,A6002,Major,LA Boundary,LA Boundary,451550,342400,52.97649871,-1.23374212,1.4,0.9,Estimated,Estimated using AADF from previous year on this link,65,161,16762,38,3100,277,12,81,0,128,0,498,20560
73874,2025,A6002,Major,LA Boundary,LA Boundary,451550,342400,52.97649871,-1.23374212,1.4,0.9,Estimated,Estimated using AADF from previous year on this link,65,165,16782,37,3164,274,12,83,0,125,0,495,20642
74204,2000,A6008,Major,A6005,A6008,457210,339420,52.94914142,-1.14998516,0.1,0.1,Estimated,Estimated from nearby links,120,289,29374,2504,2990,510,65,59,67,36,45,782,35939
74204,2001,A6008,Major,A6005,A6008,457210,339420,52.94914142,-1.14998516,0.1,0.1,Estimated,Estimated from nearby links,115,299,29961,2552,2978,500,75,59,59,31,50,774,36564
74204,2002,A6008,Major,A6005,A6008,457210,339420,52.94914142,-1.14998516,0.1,0.1,Estimated,Estimated from nearby links,120,302,29901,2608,2984,481,78,61,54,27,55,756,36551
74204,2003,A6008,Major,A6005,A6008,457210,339420,52.94914142,-1.14998516,0.1,0.1,Estimated,Estimated from nearby links,313,360,26326,1879,2854,568,66,31,52,27,15,759,32178
74204,2004,A6008,Major,A6005,A6008,457210,339420,52.94914142,-1.14998516,0.1,0.1,Estimated,Estimated from nearby links,254,318,26379,1748,2828,570,70,34,49,23,17,763,32036
74204,2005,A6008,Major,A6005,A6008,457210,339420,52.94914142,-1.14998516,0.1,0.1,Estimated,Estimated from nearby links,215,321,25719,1720,2902,548,66,35,43,20,18,730,31392
74204,2006,A6008,Major,A6005,A6008,457210,339420,52.94914142,-1.14998516,0.1,0.1,Estimated,Estimated from nearby links,337,334,25797,1692,2948,561,66,38,39,18,19,741,31512
74204,2007,A6008,Major,A6005,A6008,457210,339420,52.94914142,-1.14998516,0.1,0.1,Estimated,Estimated from nearby links,210,337,24584,1628,3217,553,65,41,34,17,20,730,30496
74204,2008,A6008,Major,A6005,A6008 Collin Street,457210,339420,52.94914142,-1.14998516,0.1,0.1,Estimated,Estimated from nearby links,236,314,24117,1644,3368,531,70,42,29,15,19,706,30149
74204,2009,A6008,Major,A6005,A6008 Collin Street,457210,339420,52.94914142,-1.14998516,0.1,0.1,Estimated,Estimated from nearby links,258,251,23726,2023,2980,345,47,21,24,30,24,491,29471
74204,2010,A6008,Major,A6005,A6008 Collin Street,457210,339420,52.94914142,-1.14998516,0.1,0.1,Estimated,Estimated from nearby links,258,231,23228,2126,2995,342,44,17,26,26,22,477,29057
74204,2011,A6008,Major,A6005,A6008 Collin Street,457210,339420,52.94914142,-1.14998516,0.1,0.1,Estimated,Estimated from nearby links,285,245,23112,2124,3088,341,47,19,20,26,23,476,29045
74204,2012,A6008,Major,A6005,A6008 Collin Street,457210,339420,52.94914142,-1.14998516,0.1,0.1,Estimated,Estimated using AADF from previous year on this link,270,221,23014,2283,2965,302,45,19,15,24,23,427,28910
74204,2013,A6008,Major,A6005,A6008 Collin Street,457210,339420,52.94914142,-1.14998516,0.1,0.1,Counted,Dependent on a neighbouring counted link,141,151,19596,1359,2513,311,68,34,31,37,22,502,24120
74204,2014,A6008,Major,A6005,A6008 Collin Street,457210,339420,52.94914142,-1.14998516,0.1,0.1,Estimated,Estimated using AADF from previous year on this link,137,161,19393,1442,2862,328,77,38,33,36,25,538,24395
74204,2015,A6008,Major,A6005,A6008 Collin Street,457210,339420,52.94914142,-1.14998516,0.1,0.1,Estimated,Estimated using AADF from previous year on this link,127,163,19037,1430,3010,319,81,37,40,36,24,538,24178
74204,2016,A6008,Major,A6005,A6008 Collin Street,457210,339420,52.94914142,-1.14998516,0.1,0.1,Estimated,Estimated using AADF from previous year on this link,119,160,19334,1325,3288,324,81,42,41,32,24,543,24649
74204,2017,A6008,Major,A6005,A6008 Collin Street,457210,339420,52.94914142,-1.14998516,0.1,0.1,Counted,Dependent on a neighbouring counted link,201,191,20028,1223,2871,284,63,35,25,29,26,463,24776
74204,2018,A6008,Major,A6005,A6008 Collin Street,457210,339420,52.94914142,-1.14998516,0.2,0.1,Estimated,Estimated using AADF from previous year on this link,228,189,19807,1110,2924,287,63,34,26,30,28,467,24497
74204,2019,A6008,Major,A6005,A6008 Collin Street,457210,339420,52.94914142,-1.14998516,0.2,0.1,Estimated,Estimated using AADF from previous year on this link,244,177,20056,1122,2899,283,64,34,26,31,28,466,24720
74204,2020,A6008,Major,A6005,A6008 Collin Street,457210,339420,52.94914142,-1.14998516,0.2,0.1,Estimated,Estimated from nearby links,279,131,15234,708,2558,249,55,31,23,28,24,409,19041
74204,2021,A6008,Major,A6005,A6008 Collin Street,457210,339420,52.94914142,-1.14998516,0.2,0.1,Estimated,Estimated from nearby links,228,139,16783,732,2789,266,59,33,24,29,26,439,20881
74204,2022,A6008,Major,A6005,A6008 Collin Street,457210,339420,52.94914142,-1.14998516,0.2,0.1,Estimated,Estimated from nearby links,289,211,12333,1298,2304,174,72,42,3,17,32,341,16488
74204,2023,A6008,Major,A6005,A6008 Collin Street,457210,339420,52.94914142,-1.14998516,0.2,0.1,Estimated,Estimated from nearby links,285,209,12565,1310,2343,172,71,41,3,17,31,336,16763
74204,2024,A6008,Major,A6005,A6008 Collin Street,457210,339420,52.94914142,-1.14998516,0.2,0.1,Estimated,Estimated from nearby links,288,215,12756,1315,2385,175,71,41,3,16,30,336,17007
74204,2025,A6008,Major,A6005,A6008 Collin Street,457210,339420,52.94914142,-1.14998516,0.2,0.1,Estimated,Estimated from nearby links,289,219,12771,1286,2434,173,72,42,3,16,29,334,17044
75213,2000,A52,Major,A453,A453,456360,336330,52.92145715,-1.16316934,0.4,0.2,Estimated,Estimated from nearby links,134,197,27798,326,3393,695,94,84,119,163,100,1255,32969
75213,2001,A52,Major,A453,A453,456360,336330,52.92145715,-1.16316934,0.4,0.2,Estimated,Estimated from nearby links,185,291,27045,292,2813,641,81,55,133,216,115,1241,31682
75213,2002,A52,Major,A453,A453,456360,336330,52.92145715,-1.16316934,0.4,0.2,Estimated,Estimated from nearby links,192,295,26990,299,2818,618,85,57,121,188,126,1195,31597
75213,2003,A52,Major,A453,A453,456360,336330,52.92145715,-1.16316934,0.4,0.2,Estimated,Estimated from nearby links,283,274,27356,210,3236,584,77,60,108,207,162,1198,32274
75213,2004,A52,Major,A453,A453,456360,336330,52.92145715,-1.16316934,0.4,0.2,Estimated,Estimated from nearby links,229,241,27411,196,3207,586,82,66,102,182,177,1195,32250
75213,2005,A52,Major,A453,A453,456360,336330,52.92145715,-1.16316934,0.4,0.2,Estimated,Estimated from nearby links,161,257,27985,177,3324,533,79,54,98,201,165,1130,32873
75213,2006,A52,Major,A453,A453,456360,336330,52.92145715,-1.16316934,0.4,0.2,Estimated,Estimated from nearby links,252,268,28069,174,3378,545,78,58,89,180,179,1129,33018
75213,2007,A52,Major,A453,A453,456360,336330,52.92145715,-1.16316934,0.4,0.2,Estimated,Estimated from nearby links,181,187,27015,178,3337,486,84,93,89,215,178,1145,31862
75213,2008,A52,Major,A453,A453,456360,336330,52.92145715,-1.16316934,0.4,0.2,Estimated,Estimated from nearby links,203,174,26502,180,3494,467,91,94,78,189,174,1093,31443
75213,2009,A52,Major,A453,A453,456360,336330,52.92145715,-1.16316934,0.4,0.2,Estimated,Estimated from nearby links,212,210,28596,169,3314,462,61,57,50,170,148,948,33237
75213,2010,A52,Major,A453,A453,456360,336330,52.92145715,-1.16316934,0.4,0.2,Estimated,Estimated from nearby links,168,196,27877,222,3087,415,89,66,45,119,209,943,32325
75213,2011,A52,Major,A453,A453,456360,336330,52.92145715,-1.16316934,0.4,0.2,Estimated,Estimated from nearby links,119,186,23478,191,3254,450,80,128,21,73,246,998,28107
75213,2012,A52,Major,A453,A453,456360,336330,52.92145715,-1.16316934,0.4,0.2,Estimated,Estimated from nearby links,157,171,25799,169,3618,367,91,48,61,196,174,937,30693
75213,2013,A52,Major,A453,A453,456360,336330,52.92145715,-1.16316934,0.4,0.2,Estimated,Estimated from nearby links,289,180,28616,192,3287,365,80,108,50,140,115,857,33131
75213,2014,A52,Major,A453,A453,456360,336330,52.92145715,-1.16316934,0.4,0.2,Estimated,Estimated from nearby links,221,232,26852,198,3835,475,53,142,37,116,210,1034,32151
75213,2015,A52,Major,A453,A453,456360,336330,52.92145715,-1.16316934,0.4,0.2,Estimated,Estimated from nearby links,151,221,27064,143,3872,636,38,111,29,83,275,1172,32472
75213,2016,A52,Major,A453,A453,456360,336330,52.92145715,-1.16316934,0.4,0.2,Estimated,Estimated from nearby links,199,230,27874,146,4181,675,37,126,30,80,287,1235,33667
75213,2017,A52,Major,A453,A453,456360,336330,52.92145715,-1.16316934,0.4,0.2,Estimated,Estimated from nearby links,0,194,30957,158,4791,408,109,93,49,171,324,1154,37253
75213,2018,A52,Major,A453,A453,456360,336330,52.92145715,-1.16316934,0.4,0.2,Estimated,Estimated from nearby links,0,204,30852,153,5017,415,110,96,50,173,327,1170,37395
75213,2019,A52,Major,A453,A453,456360,336330,52.92145715,-1.16316934,0.4,0.2,Estimated,Estimated from nearby links,0,198,32683,150,4746,407,92,106,42,190,222,1059,38835
75213,2020,A52,Major,A453,A453,456360,336330,52.92145715,-1.16316934,0.4,0.2,Estimated,Estimated from nearby links,0,117,21959,92,3773,336,77,90,36,167,187,893,26833
75213,2021,A52,Major,A453,A453,456360,336330,52.92145715,-1.16316934,0.4,0.2,Estimated,Estimated from nearby links,0,136,25207,112,4534,391,88,105,41,185,211,1021,31010
75213,2022,A52,Major,A453,A453,456360,336330,52.92145715,-1.16316934,0.4,0.2,Estimated,Estimated from nearby links,0,174,26172,122,5164,366,76,119,31,172,265,1029,32660
75213,2023,A52,Major,A453,A453,456360,336330,52.92145715,-1.16316934,0.4,0.2,Estimated,Estimated from nearby links,0,169,26562,122,5335,370,74,111,32,172,257,1016,33205
75213,2024,A52,Major,A453,A453,456360,336330,52.92145715,-1.16316934,0.4,0.2,Estimated,Estimated from nearby links,2,184,31646,132,5375,345,96,137,46,122,283,1028,38365
75213,2025,A52,Major,A453,A453,456360,336330,52.92145715,-1.16316934,0.4,0.2,Estimated,Estimated from nearby links,0,182,31685,139,5082,294,67,108,23,176,214,881,37970
75214,2000,A453,Major,A453 split,A52,456300,336380,52.92191286,-1.16405302,0.3,0.2,Estimated,Estimated from nearby links,200,297,41697,489,5091,1043,139,126,178,244,150,1880,49454
75214,2001,A453,Major,A453 split,A52,456300,336380,52.92191286,-1.16405302,0.3,0.2,Estimated,Estimated from nearby links,277,438,40566,439,4219,963,123,81,201,323,172,1863,47525
75214,2002,A453,Major,A453 split,A52,456300,336380,52.92191286,-1.16405302,0.3,0.2,Estimated,Estimated from nearby links,289,442,40486,448,4228,926,128,85,182,281,189,1791,47395
75214,2003,A453,Major,A453 split,A52,456300,336380,52.92191286,-1.16405302,0.3,0.2,Estimated,Estimated from nearby links,425,411,41034,315,4854,876,116,90,162,310,243,1797,48411
75214,2004,A453,Major,A453 split,A52,456300,336380,52.92191286,-1.16405302,0.3,0.2,Estimated,Estimated from nearby links,344,362,41116,293,4811,879,123,99,154,274,266,1795,48377
75214,2005,A453,Major,A453 split,A52,456300,336380,52.92191286,-1.16405302,0.3,0.2,Estimated,Estimated from nearby links,241,386,41978,265,4987,799,118,81,147,302,248,1695,49311
75214,2006,A453,Major,A453 split,A52,456300,336380,52.92191286,-1.16405302,0.3,0.2,Estimated,Estimated from nearby links,377,401,42103,261,5066,817,118,87,134,270,268,1694,49525
75214,2007,A453,Major,A453 split,A52,456300,336380,52.92191286,-1.16405302,0.3,0.2,Estimated,Estimated from nearby links,272,280,40523,267,5006,729,127,139,134,322,267,1718,47794
75214,2008,A453,Major,A453 split,A52,456300,336380,52.92191286,-1.16405302,0.3,0.2,Estimated,Estimated from nearby links,305,261,39753,270,5241,700,137,142,117,283,261,1640,47165
75214,2009,A453,Major,A453 split,A52,456300,336380,52.92191286,-1.16405302,0.3,0.2,Estimated,Estimated from nearby links,319,316,42894,253,4971,693,91,86,75,254,222,1421,49855
75214,2010,A453,Major,A453 split,A52,456300,336380,52.92191286,-1.16405302,0.3,0.2,Estimated,Estimated from nearby links,251,294,41816,333,4631,622,134,98,68,179,314,1415,48489
75214,2011,A453,Major,A453 split,A52,456300,336380,52.92191286,-1.16405302,0.3,0.2,Estimated,Estimated from nearby links,179,278,35217,286,4881,676,120,193,32,109,369,1499,42161
75214,2012,A453,Major,A453 split,A52,456300,336380,52.92191286,-1.16405302,0.3,0.2,Estimated,Estimated from nearby links,235,256,38698,254,5426,550,136,72,91,294,261,1405,46039
75214,2013,A453,Major,A453 split,A52,456300,336380,52.92191286,-1.16405302,0.3,0.2,Estimated,Estimated from nearby links,434,270,42924,288,4931,548,119,161,75,210,172,1285,49697
75214,2014,A453,Major,A453 split,A52,456300,336380,52.92191286,-1.16405302,0.3,0.2,Estimated,Estimated from nearby links,331,348,40278,297,5753,713,80,214,56,174,315,1551,48227
75214,2015,A453,Major,A453 split,A52,456300,336380,52.92191286,-1.16405302,0.3,0.2,Estimated,Estimated from nearby links,226,332,40597,214,5808,954,57,167,43,124,412,1758,48708
75214,2016,A453,Major,A453 split,A52,456300,336380,52.92191286,-1.16405302,0.3,0.2,Estimated,Estimated from nearby links,298,345,41811,218,6272,1013,55,190,45,119,431,1853,50500
75214,2017,A453,Major,A453 split,A52,456300,336380,52.92191286,-1.16405302,0.3,0.2,Estimated,Estimated from nearby links,0,291,46435,236,7187,611,164,140,73,257,486,1731,55880
75214,2018,A453,Major,A453 split,A52,456300,336380,52.92191286,-1.16405302,0.3,0.2,Estimated,Estimated from nearby links,0,306,46277,229,7525,622,164,144,74,260,490,1755,56092
75214,2019,A453,Major,A453 split,A52,456300,336380,52.92191286,-1.16405302,0.3,0.2,Estimated,Estimated from nearby links,0,296,49024,225,7119,611,138,159,62,286,332,1589,58253
75214,2020,A453,Major,A453 split,A52,456300,336380,52.92191286,-1.16405302,0.3,0.2,Estimated,Estimated from nearby links,0,175,32939,137,5659,504,116,135,54,251,281,1340,40250
75214,2021,A453,Major,A453 split,A52,456300,336380,52.92191286,-1.16405302,0.3,0.2,Estimated,Estimated from nearby links,0,204,37810,168,6802,586,132,158,61,277,317,1531,46515
75214,2022,A453,Major,A453 split,A52,456300,336380,52.92191286,-1.16405302,0.3,0.2,Estimated,Estimated from nearby links,0,261,39258,183,7745,549,113,178,47,258,398,1543,48990
75214,2023,A453,Major,A453 split,A52,456300,336380,52.92191286,-1.16405302,0.3,0.2,Estimated,Estimated from nearby links,0,254,39843,182,8003,555,110,167,48,258,386,1524,49807
75214,2024,A453,Major,A453 split,A52,456300,336380,52.92191286,-1.16405302,0.3,0.2,Estimated,Estimated from nearby links,3,276,47469,198,8062,518,143,205,69,183,424,1542,57547
75214,2025,A453,Major,A453 split,A52,456300,336380,52.92191286,-1.16405302,0.3,0.2,Estimated,Estimated from nearby links,0,274,47527,209,7624,440,100,162,34,264,320,1322,56955
75215,2000,A453,Major,A453 split,A52,456320,336280,52.92101191,-1.16377284,0.3,0.2,Estimated,Estimated from nearby links,51,74,10424,123,1273,261,35,31,44,61,37,469,12363
75215,2001,A453,Major,A453 split,A52,456320,336280,52.92101191,-1.16377284,0.3,0.2,Estimated,Estimated from nearby links,69,109,10142,110,1055,240,31,20,50,81,43,465,11881
75215,2002,A453,Major,A453 split,A52,456320,336280,52.92101191,-1.16377284,0.3,0.2,Estimated,Estimated from nearby links,72,111,10121,112,1057,232,32,22,46,70,47,449,11850
75215,2003,A453,Major,A453 split,A52,456320,336280,52.92101191,-1.16377284,0.3,0.2,Estimated,Estimated from nearby links,106,103,10258,79,1214,219,29,23,40,77,61,449,12103
75215,2004,A453,Major,A453 split,A52,456320,336280,52.92101191,-1.16377284,0.3,0.2,Estimated,Estimated from nearby links,86,90,10279,73,1203,220,31,25,38,68,67,449,12094
75215,2005,A453,Major,A453 split,A52,456320,336280,52.92101191,-1.16377284,0.3,0.2,Estimated,Estimated from nearby links,60,96,10494,66,1247,200,30,20,37,75,62,424,12327
75215,2006,A453,Major,A453 split,A52,456320,336280,52.92101191,-1.16377284,0.3,0.2,Estimated,Estimated from nearby links,94,100,10526,65,1267,204,29,22,33,67,67,422,12380
75215,2007,A453,Major,A453 split,A52,456320,336280,52.92101191,-1.16377284,0.3,0.2,Estimated,Estimated from nearby links,68,70,10131,67,1251,182,32,35,33,81,67,430,11949
75215,2008,A453,Major,A453 split,A52,456320,336280,52.92101191,-1.16377284,0.3,0.2,Estimated,Estimated from nearby links,76,65,9938,67,1310,175,34,35,29,71,65,409,11789
75215,2009,A453,Major,A453 split,A52,456320,336280,52.92101191,-1.16377284,0.3,0.2,Estimated,Estimated from nearby links,80,79,10723,63,1243,173,23,22,19,64,56,357,12465
75215,2010,A453,Major,A453 split,A52,456320,336280,52.92101191,-1.16377284,0.3,0.2,Estimated,Estimated from nearby links,63,74,10454,83,1158,156,33,25,17,45,79,355,12124
75215,2011,A453,Major,A453 split,A52,456320,336280,52.92101191,-1.16377284,0.3,0.2,Estimated,Estimated from nearby links,45,70,8804,72,1220,169,30,48,8,27,92,374,10540
75215,2012,A453,Major,A453 split,A52,456320,336280,52.92101191,-1.16377284,0.3,0.2,Estimated,Estimated from nearby links,59,64,9675,63,1357,137,34,18,23,74,65,351,11510
75215,2013,A453,Major,A453 split,A52,456320,336280,52.92101191,-1.16377284,0.3,0.2,Estimated,Estimated from nearby links,108,67,10731,72,1233,137,30,40,19,53,43,321,12424
75215,2014,A453,Major,A453 split,A52,456320,336280,52.92101191,-1.16377284,0.3,0.2,Estimated,Estimated from nearby links,83,87,10069,74,1438,178,20,53,14,44,79,388,12057
75215,2015,A453,Major,A453 split,A52,456320,336280,52.92101191,-1.16377284,0.3,0.2,Estimated,Estimated from nearby links,57,83,10149,53,1452,239,14,42,11,31,103,440,12177
75215,2016,A453,Major,A453 split,A52,456320,336280,52.92101191,-1.16377284,0.3,0.2,Estimated,Estimated from nearby links,75,86,10453,55,1568,253,14,47,11,30,108,463,12625
75215,2017,A453,Major,A453 split,A52,456320,336280,52.92101191,-1.16377284,0.3,0.2,Estimated,Estimated from nearby links,0,73,11609,59,1797,153,41,35,18,64,121,433,13970
75215,2018,A453,Major,A453 split,A52,456320,336280,52.92101191,-1.16377284,0.3,0.2,Estimated,Estimated from nearby links,0,76,11569,57,1881,156,41,36,19,65,122,439,14023
75215,2019,A453,Major,A453 split,A52,456320,336280,52.92101191,-1.16377284,0.3,0.2,Estimated,Estimated from nearby links,0,74,12256,56,1780,153,35,40,16,71,83,397,14563
75215,2020,A453,Major,A453 split,A52,456320,336280,52.92101191,-1.16377284,0.3,0.2,Estimated,Estimated from nearby links,0,44,8235,34,1415,126,29,34,13,63,70,335,10062
75215,2021,A453,Major,A453 split,A52,456320,336280,52.92101191,-1.16377284,0.3,0.2,Estimated,Estimated from nearby links,0,51,9453,42,1700,147,33,39,15,69,79,383,11629
75215,2022,A453,Major,A453 split,A52,456320,336280,52.92101191,-1.16377284,0.3,0.2,Estimated,Estimated from nearby links,0,65,9814,46,1936,137,28,44,12,64,99,386,12247
75215,2023,A453,Major,A453 split,A52,456320,336280,52.92101191,-1.16377284,0.3,0.2,Estimated,Estimated from nearby links,0,64,9961,46,2001,139,28,42,12,65,96,381,12452
75215,2024,A453,Major,A453 split,A52,456320,336280,52.92101191,-1.16377284,0.3,0.2,Estimated,Estimated from nearby links,1,69,11867,49,2016,129,36,51,17,46,106,385,14387
75215,2025,A453,Major,A453 split,A52,456320,336280,52.92101191,-1.16377284,0.3,0.2,Estimated,Estimated from nearby links,0,68,11882,52,1906,110,25,41,9,66,80,330,14239
75216,2000,A6514,Major,A609,A609,454350,340050,52.955101,-1.19243969,0.1,0.1,Estimated,Estimated using AADF from previous year on this link,192,326,55875,681,6946,1358,137,128,199,345,193,2360,66188
75216,2001,A6514,Major,A609,A609,454350,340050,52.955101,-1.19243969,0.1,0.1,Counted,Manual count,184,338,56993,694,6918,1330,158,128,175,296,216,2303,67246
75216,2002,A6514,Major,A609,A609,454350,340050,52.955101,-1.19243969,0.1,0.1,Estimated,Estimated using AADF from previous year on this link,192,342,56879,709,6932,1281,164,133,159,257,237,2231,67093
75216,2003,A6514,Major,A609,A609,454350,340050,52.955101,-1.19243969,0.1,0.1,Estimated,Estimated using AADF from previous year on this link,172,384,56083,633,7555,1375,185,156,152,228,261,2357,67012
75216,2004,A6514,Major,A609,A609,454350,340050,52.955101,-1.19243969,0.1,0.1,Estimated,Estimated using AADF from previous year on this link,139,338,56195,589,7488,1380,197,171,144,202,286,2380,66990
75216,2005,A6514,Major,A609,A609,454350,340050,52.955101,-1.19243969,0.1,0.1,Estimated,Estimated using AADF from previous year on this link,117,342,54790,580,7683,1327,185,174,126,175,301,2288,65683
75216,2006,A6514,Major,A609,A609,454350,340050,52.955101,-1.19243969,0.1,0.1,Estimated,Estimated using AADF from previous year on this link,184,356,54954,570,7806,1357,185,188,116,157,325,2328,66014
75216,2007,A6514,Major,A609,A609,454350,340050,52.955101,-1.19243969,0.1,0.1,Estimated,Estimated using AADF from previous year on this link,115,358,52372,548,8516,1339,181,204,99,148,332,2303,64097
75216,2008,A6514,Major,A609,A609,454350,340050,52.955101,-1.19243969,0.1,0.1,Counted,Manual count,275,451,57463,752,7067,983,181,106,122,233,201,1826,67559
75216,2009,A6514,Major,A609,A609,454350,340050,52.955101,-1.19243969,0.1,0.1,Counted,Manual count,158,415,50684,810,7013,1028,177,77,60,230,217,1789,60711
75216,2010,A6514,Major,A609,A609,454350,340050,52.955101,-1.19243969,0.1,0.1,Counted,Manual count,196,474,55863,870,7677,916,168,81,104,213,162,1644,66528
75216,2011,A6514,Major,A609,A609,454350,340050,52.955101,-1.19243969,0.1,0.1,Counted,Manual count,45,561,55129,994,6910,757,82,111,0,110,565,1625,65219
75216,2012,A6514,Major,A609,A609,454350,340050,52.955101,-1.19243969,0.1,0.1,Counted,Manual count,221,519,59579,908,8075,968,157,95,97,224,161,1702,70783
75216,2013,A6514,Major,A609,A609,454350,340050,52.955101,-1.19243969,0.1,0.1,Counted,Manual count,132,565,55567,1224,7254,1285,171,133,67,106,499,2261,66872
75216,2014,A6514,Major,A609,A609,454350,340050,52.955101,-1.19243969,0.1,0.1,Counted,Manual count,126,807,56392,934,8140,891,234,194,52,73,437,1881,68153
75216,2015,A6514,Major,A609,A609,454350,340050,52.955101,-1.19243969,0.1,0.1,Estimated,Estimated using AADF from previous year on this link,117,821,55357,926,8562,866,246,189,64,72,431,1868,67533
75216,2016,A6514,Major,A609,A609,454350,340050,52.955101,-1.19243969,0.1,0.1,Counted,Manual count,367,440,57543,815,8768,828,158,153,41,106,361,1648,69214
75216,2017,A6514,Major,A609,A609,454350,340050,52.955101,-1.19243969,0.1,0.1,Estimated,Estimated using AADF from previous year on this link,351,445,57119,761,9230,822,161,157,43,106,376,1664,69219
75216,2018,A6514,Major,A609,A609,454350,340050,52.955101,-1.19243969,0.3,0.2,Counted,Manual count,126,468,61220,926,9461,784,167,167,76,136,359,1687,73762
75216,2019,A6514,Major,A609,A609,454350,340050,52.955101,-1.19243969,0.3,0.2,Estimated,Estimated using AADF from previous year on this link,139,439,61987,936,9379,774,169,167,77,140,359,1687,74428
75216,2020,A6514,Major,A609,A609,454350,340050,52.955101,-1.19243969,0.3,0.2,Counted,Manual count,415,423,44673,555,7873,751,108,152,44,245,204,1504,55028
75216,2021,A6514,Major,A609,A609,454350,340050,52.955101,-1.19243969,0.3,0.2,Estimated,Estimated using AADF from previous year on this link,339,448,49217,573,8582,804,116,166,47,261,218,1612,60433
75216,2022,A6514,Major,A609,A609,454350,340050,52.955101,-1.19243969,0.3,0.2,Counted,Manual count,232,658,56693,639,9288,949,84,192,79,218,318,1841,69118
75216,2023,A6514,Major,A609,A609,454350,340050,52.955101,-1.19243969,0.3,0.2,Estimated,Estimated using AADF from previous year on this link,228,649,57759,645,9446,937,83,189,79,213,306,1808,70305
75216,2024,A6514,Major,A609,A609,454350,340050,52.955101,-1.19243969,0.3,0.2,Counted,Manual count,170,436,57240,549,9187,661,114,180,55,191,287,1487,68899
75216,2025,A6514,Major,A609,A609,454350,340050,52.955101,-1.19243969,0.3,0.2,Estimated,Estimated using AADF from previous year on this link,170,445,57309,536,9376,654,115,185,55,186,281,1476,69141
75217,2000,A610,Major,A609/A6200 roundabout,Tollhouse Hill,456650,340140,52.95567235,-1.1581931,0.4,0.2,Estimated,Estimated using AADF from previous year on this link,99,156,11652,1215,1120,269,44,22,16,28,16,395,14538
75217,2001,A610,Major,A609/A6200 roundabout,Tollhouse Hill,456650,340140,52.95567235,-1.1581931,0.4,0.2,Counted,Manual count,95,163,11291,1272,1128,257,49,21,13,22,17,379,14233
75217,2002,A610,Major,A609/A6200 roundabout,Tollhouse Hill,456650,340140,52.95567235,-1.1581931,0.4,0.2,Estimated,Estimated using AADF from previous year on this link,99,169,11472,1282,1209,243,50,21,12,19,19,364,14496
75217,2003,A610,Major,A609/A6200 roundabout,Tollhouse Hill,456650,340140,52.95567235,-1.1581931,0.4,0.2,Estimated,Estimated using AADF from previous year on this link,88,240,11048,1247,1313,235,51,22,12,17,21,358,14206
75217,2004,A610,Major,A609/A6200 roundabout,Tollhouse Hill,456650,340140,52.95567235,-1.1581931,0.4,0.2,Estimated,Estimated using AADF from previous year on this link,72,158,11191,1022,1446,287,66,30,12,16,25,436,14253
75217,2005,A610,Major,A609/A6200 roundabout,Tollhouse Hill,456650,340140,52.95567235,-1.1581931,0.4,0.2,Estimated,Estimated using AADF from previous year on this link,61,130,10676,964,1541,311,69,34,10,13,24,461,13772
75217,2006,A610,Major,A609/A6200 roundabout,Tollhouse Hill,456650,340140,52.95567235,-1.1581931,0.4,0.2,Counted,Manual count,105,564,10896,0,1586,56,0,199,61,3,5,324,13370
75217,2007,A610,Major,A609/A6200 roundabout,Tollhouse Hill,456650,340140,52.95567235,-1.1581931,0.4,0.2,Estimated,Estimated using AADF from previous year on this link,65,540,10721,0,1670,52,0,204,48,3,5,312,13243
75217,2008,A610,Major,A609/A6200 ,Clarendon Street,456650,340140,52.95567235,-1.1581931,0.4,0.2,Estimated,Estimated using AADF from previous year on this link,73,516,10485,0,1705,52,0,216,42,3,5,318,13024
75217,2009,A610,Major,A609/A6200 ,Clarendon Street,456650,340140,52.95567235,-1.1581931,0.4,0.2,Estimated,Estimated using AADF from previous year on this link,73,575,10716,0,1731,47,0,204,39,3,5,298,13320
75217,2010,A610,Major,A609/A6200 ,Clarendon Street,456650,340140,52.95567235,-1.1581931,0.4,0.2,Counted,Manual count,87,62,8829,731,1230,148,50,12,6,10,10,236,11088
75217,2011,A610,Major,A609/A6200 ,Clarendon Street,456650,340140,52.95567235,-1.1581931,0.4,0.2,Counted,Manual count,134,133,8958,691,1380,135,32,10,16,13,15,221,11383
75217,2012,A610,Major,A609/A6200,Clarendon Street,456650,340140,52.95567235,-1.1581931,0.4,0.2,Estimated,Estimated using AADF from previous year on this link,127,127,8818,751,1396,136,35,11,11,12,14,220,11313
75217,2013,A610,Major,A609/A6200,Clarendon Street,456650,340140,52.95567235,-1.1581931,0.4,0.2,Estimated,Estimated using AADF from previous year on this link,125,142,8740,785,1451,138,38,13,8,11,15,222,11341
75217,2014,A610,Major,A609/A6200,Clarendon Street,456650,340140,52.95567235,-1.1581931,0.4,0.2,Estimated,Estimated using AADF from previous year on this link,121,136,8977,756,1552,141,42,14,7,9,14,227,11648
75217,2015,A610,Major,A609/A6200,Clarendon Street,456650,340140,52.95567235,-1.1581931,0.4,0.2,Estimated,Estimated using AADF from previous year on this link,113,120,9155,815,1628,134,43,13,9,9,13,221,11938
75217,2016,A610,Major,A609/A6200,Clarendon Street,456650,340140,52.95567235,-1.1581931,0.4,0.2,Estimated,Estimated using AADF from previous year on this link,105,117,9298,755,1778,136,43,15,9,8,13,223,12171
75217,2017,A610,Major,A609/A6200,Clarendon Street,456650,340140,52.95567235,-1.1581931,0.4,0.2,Estimated,Estimated using AADF from previous year on this link,101,118,9230,705,1871,135,43,16,9,8,14,224,12148
75217,2018,A610,Major,A609/A6200,Clarendon Street,456650,340140,52.95567235,-1.1581931,0.4,0.2,Estimated,Estimated using AADF from previous year on this link,111,117,9128,639,1906,136,43,15,10,8,14,226,12016
75217,2019,A610,Major,A609/A6200,Clarendon Street,456650,340140,52.95567235,-1.1581931,0.4,0.2,Estimated,Estimated using AADF from previous year on this link,122,110,9242,646,1890,134,44,15,10,8,14,225,12114
75217,2020,A610,Major,A609/A6200,Clarendon Street,456650,340140,52.95567235,-1.1581931,0.4,0.2,Counted,Manual count,118,145,6271,637,1263,141,25,40,7,23,5,240,8556
75217,2021,A610,Major,A609/A6200,Clarendon Street,456650,340140,52.95567235,-1.1581931,0.4,0.2,Counted,Manual count,201,121,5440,605,953,62,30,19,6,7,19,142,7261
75217,2022,A610,Major,A609/A6200,Clarendon Street,456650,340140,52.95567235,-1.1581931,0.4,0.2,Estimated,Estimated using AADF from previous year on this link,180,132,5810,650,1033,64,31,21,6,7,19,147,7774
75217,2023,A610,Major,A609/A6200,Clarendon Street,456650,340140,52.95567235,-1.1581931,0.4,0.2,Estimated,Estimated using AADF from previous year on this link,177,130,5919,657,1051,63,31,20,6,6,18,145,7902
75217,2024,A610,Major,A609/A6200,Clarendon Street,456650,340140,52.95567235,-1.1581931,0.4,0.2,Estimated,Estimated using AADF from previous year on this link,179,134,6009,659,1070,64,31,20,6,6,18,145,8017
75217,2025,A610,Major,A609/A6200,Clarendon Street,456650,340140,52.95567235,-1.1581931,0.4,0.2,Estimated,Estimated using AADF from previous year on this link,179,137,6016,645,1092,63,31,20,6,6,17,144,8033
75218,2000,A610,Major,A6008,Wollaton Rd,456800,340070,52.95502733,-1.15597286,0.1,0.1,Estimated,Estimated using AADF from previous year on this link,100,151,11122,1282,1017,177,32,21,10,19,4,263,13835
75218,2001,A610,Major,A6008,Wollaton Rd,456800,340070,52.95502733,-1.15597286,0.1,0.1,Counted,Manual count,96,158,10777,1342,1024,169,36,20,8,15,4,252,13553
75218,2002,A610,Major,A6008,Wollaton Rd,456800,340070,52.95502733,-1.15597286,0.1,0.1,Counted,Manual count,69,128,11619,853,1108,175,32,8,9,4,9,237,13945
75218,2003,A610,Major,A6008,Wollaton Rd,456800,340070,52.95502733,-1.15597286,0.1,0.1,Estimated,Estimated using AADF from previous year on this link,62,182,11189,830,1203,170,33,8,9,4,10,234,13638
75218,2004,A610,Major,A6008,Wollaton Rd,456800,340070,52.95502733,-1.15597286,0.1,0.1,Estimated,Estimated using AADF from previous year on this link,50,120,11335,680,1325,207,42,11,9,3,12,284,13744
75218,2005,A610,Major,A6008,Wollaton Rd,456800,340070,52.95502733,-1.15597286,0.1,0.1,Estimated,Estimated using AADF from previous year on this link,42,98,10813,642,1412,224,44,13,7,3,11,302,13267
75218,2006,A610,Major,A6008,Wollaton Rd,456800,340070,52.95502733,-1.15597286,0.1,0.1,Counted,Manual count,101,575,10813,0,1553,39,0,196,61,3,5,304,13245
75218,2007,A610,Major,A6008,Wollaton Rd,456800,340070,52.95502733,-1.15597286,0.1,0.1,Estimated,Estimated using AADF from previous year on this link,63,550,10640,0,1635,36,0,201,48,2,5,292,13117
75218,2008,A610,Major,A6008,Clarendon Street,456800,340070,52.95502733,-1.15597286,0.1,0.1,Estimated,Estimated using AADF from previous year on this link,71,525,10406,0,1670,36,0,213,42,2,5,298,12899
75218,2009,A610,Major,A6008,Clarendon Street,456800,340070,52.95502733,-1.15597286,0.1,0.1,Estimated,Estimated using AADF from previous year on this link,71,585,10635,0,1695,33,0,201,39,2,5,280,13195
75218,2010,A610,Major,A6008,Clarendon Street,456800,340070,52.95502733,-1.15597286,0.1,0.1,Counted,Manual count,115,110,9758,871,1304,156,39,18,16,19,4,252,12295
75218,2011,A610,Major,A6008,Clarendon Street,456800,340070,52.95502733,-1.15597286,0.1,0.1,Counted,Manual count,59,72,9565,811,940,143,35,15,19,21,13,246,11634
75218,2012,A610,Major,A6008,Clarendon Street,456800,340070,52.95502733,-1.15597286,0.1,0.1,Estimated,Estimated using AADF from previous year on this link,56,69,9416,882,951,145,38,17,13,19,12,244,11562
75218,2013,A610,Major,A6008,Clarendon Street,456800,340070,52.95502733,-1.15597286,0.1,0.1,Estimated,Estimated using AADF from previous year on this link,55,77,9333,922,989,146,41,19,10,18,13,247,11567
75218,2014,A610,Major,A6008,Clarendon Street,456800,340070,52.95502733,-1.15597286,0.1,0.1,Estimated,Estimated using AADF from previous year on this link,53,73,9586,887,1057,149,46,21,9,15,12,252,11856
75218,2015,A610,Major,A6008,Clarendon Street,456800,340070,52.95502733,-1.15597286,0.1,0.1,Estimated,Estimated using AADF from previous year on this link,50,65,9776,956,1109,142,47,20,10,14,11,245,12150
75218,2016,A610,Major,A6008,Clarendon Street,456800,340070,52.95502733,-1.15597286,0.1,0.1,Estimated,Estimated using AADF from previous year on this link,46,63,9928,886,1211,144,47,23,11,12,11,248,12336
75218,2017,A610,Major,A6008,Clarendon Street,456800,340070,52.95502733,-1.15597286,0.1,0.1,Estimated,Estimated using AADF from previous year on this link,44,64,9855,827,1275,143,48,23,11,12,12,249,12270
75218,2018,A610,Major,A6008,Clarendon Street,456800,340070,52.95502733,-1.15597286,0.1,0.1,Estimated,Estimated using AADF from previous year on this link,49,63,9746,750,1299,144,47,23,11,13,12,250,12109
75218,2019,A610,Major,A6008,Clarendon Street,456800,340070,52.95502733,-1.15597286,0.1,0.1,Counted,Manual count,110,79,8287,634,1255,86,38,24,5,12,14,179,10433
75218,2020,A610,Major,A6008,Clarendon Street,456800,340070,52.95502733,-1.15597286,0.1,0.1,Estimated,Estimated using AADF from previous year on this link,126,58,6295,400,1107,76,33,21,5,11,12,157,8018
75218,2021,A610,Major,A6008,Clarendon Street,456800,340070,52.95502733,-1.15597286,0.1,0.1,Estimated,Estimated using AADF from previous year on this link,103,62,6935,413,1207,81,35,23,5,12,13,169,8786
75218,2022,A610,Major,A6008,Clarendon Street,456800,340070,52.95502733,-1.15597286,0.1,0.1,Estimated,Estimated using AADF from previous year on this link,92,67,7407,444,1309,84,36,25,5,12,13,175,9402
75218,2023,A610,Major,A6008,Clarendon Street,456800,340070,52.95502733,-1.15597286,0.1,0.1,Estimated,Estimated using AADF from previous year on this link,90,66,7546,448,1331,83,36,24,5,12,13,173,9564
75218,2024,A610,Major,A6008,Clarendon Street,456800,340070,52.95502733,-1.15597286,0.1,0.1,Estimated,Estimated using AADF from previous year on this link,91,68,7661,450,1355,84,36,24,5,11,12,172,9706
75218,2025,A610,Major,A6008,Clarendon Street,456800,340070,52.95502733,-1.15597286,0.1,0.1,Estimated,Estimated using AADF from previous year on this link,92,70,7670,440,1382,83,36,24,5,11,12,172,9734
75219,2000,A60,Major,Glasshouse St,King Edward St,457550,340300,52.95701481,-1.14476966,0.3,0.2,Estimated,Estimated using AADF from previous year on this link,101,207,15056,120,1916,355,65,28,14,27,2,491,17790
75219,2001,A60,Major,Glasshouse St,King Edward St,457550,340300,52.95701481,-1.14476966,0.3,0.2,Counted,Manual count,97,217,14589,126,1929,339,73,27,11,21,2,473,17334
75219,2002,A60,Major,Glasshouse St,King Edward St,457550,340300,52.95701481,-1.14476966,0.3,0.2,Estimated,Estimated using AADF from previous year on this link,101,226,14822,127,2068,321,75,28,10,18,2,454,17697
75219,2003,A60,Major,Glasshouse St,King Edward St,457550,340300,52.95701481,-1.14476966,0.3,0.2,Estimated,Estimated using AADF from previous year on this link,90,322,14273,123,2246,311,77,30,10,16,2,446,17410
75219,2004,A60,Major,Glasshouse St,King Edward St,457550,340300,52.95701481,-1.14476966,0.3,0.2,Estimated,Estimated using AADF from previous year on this link,74,211,14459,101,2472,379,99,39,10,15,3,545,17788
75219,2005,A60,Major,Glasshouse St,King Edward St,457550,340300,52.95701481,-1.14476966,0.3,0.2,Estimated,Estimated using AADF from previous year on this link,62,174,13794,95,2635,410,104,45,8,12,3,582,17280
75219,2006,A60,Major,Glasshouse St,King Edward St,457550,340300,52.95701481,-1.14476966,0.3,0.2,Estimated,Estimated using AADF from previous year on this link,97,151,13532,89,2675,396,98,46,6,10,2,558,17005
75219,2007,A60,Major,Glasshouse St,King Edward St,457550,340300,52.95701481,-1.14476966,0.3,0.2,Estimated,Estimated using AADF from previous year on this link,60,144,13315,80,2817,367,91,47,5,8,2,520,16876
75219,2008,A60,Major,A60 Glasshouse Street,A60 King Edward Street,457550,340300,52.95701481,-1.14476966,0.3,0.2,Estimated,Estimated using AADF from previous year on this link,68,138,13023,70,2877,367,102,50,4,7,2,532,16640
75219,2009,A60,Major,A60 Glasshouse Street,A60 King Edward Street,457550,340300,52.95701481,-1.14476966,0.3,0.2,Counted,Manual count,211,138,14894,171,2207,248,60,22,7,8,2,347,17757
75219,2010,A60,Major,A60 Glasshouse Street,A60 King Edward Street,457550,340300,52.95701481,-1.14476966,0.3,0.2,Estimated,Estimated using AADF from previous year on this link,212,132,14805,194,2357,263,61,19,8,8,2,361,17849
75219,2011,A60,Major,A60 Glasshouse Street,A60 King Edward Street,457550,340300,52.95701481,-1.14476966,0.3,0.2,Estimated,Estimated using AADF from previous year on this link,234,111,14760,183,2630,267,67,22,6,8,2,372,18056
75219,2012,A60,Major,A60 Glasshouse Street,A60 King Edward Street,457550,340300,52.95701481,-1.14476966,0.3,0.2,Estimated,Estimated using AADF from previous year on this link,221,106,14530,199,2661,270,73,25,4,7,2,381,17877
75219,2013,A60,Major,A60 Glasshouse Street,A60 King Edward Street,457550,340300,52.95701481,-1.14476966,0.3,0.2,Estimated,Estimated using AADF from previous year on this link,218,118,14402,208,2766,272,79,29,3,7,2,392,17886
75219,2014,A60,Major,A60 Glasshouse Street,A60 King Edward Street,457550,340300,52.95701481,-1.14476966,0.3,0.2,Estimated,Estimated using AADF from previous year on this link,212,113,14792,200,2958,279,88,31,3,6,2,408,18471
75219,2015,A60,Major,A60 Glasshouse Street,A60 King Edward Street,457550,340300,52.95701481,-1.14476966,0.3,0.2,Estimated,Estimated using AADF from previous year on this link,197,100,15085,216,3102,264,90,30,3,5,2,395,18897
75219,2016,A60,Major,A60 Glasshouse Street,A60 King Edward Street,457550,340300,52.95701481,-1.14476966,0.3,0.2,Estimated,Estimated using AADF from previous year on this link,184,98,15320,200,3388,268,89,33,3,5,2,401,19407
75219,2017,A60,Major,A60 Glasshouse Street,A60 King Edward Street,457550,340300,52.95701481,-1.14476966,0.3,0.2,Counted,Manual count,236,181,19666,51,2822,224,51,64,13,13,17,381,23101
75219,2018,A60,Major,A60 Glasshouse Street,A60 King Edward Street,457550,340300,52.95701481,-1.14476966,0.3,0.2,Estimated,Estimated using AADF from previous year on this link,260,179,19449,46,2875,226,50,62,13,13,18,382,22932
75219,2019,A60,Major,A60 Glasshouse Street,A60 King Edward Street,457550,340300,52.95701481,-1.14476966,0.3,0.2,Estimated,Estimated using AADF from previous year on this link,286,168,19693,47,2850,223,51,62,13,13,18,381,23139
75219,2020,A60,Major,A60 Glasshouse Street,A60 King Edward Street,457550,340300,52.95701481,-1.14476966,0.3,0.2,Estimated,Estimated using AADF from previous year on this link,327,124,14958,29,2515,196,44,56,11,12,16,335,17962
75219,2021,A60,Major,A60 Glasshouse Street,A60 King Edward Street,457550,340300,52.95701481,-1.14476966,0.3,0.2,Estimated,Estimated using AADF from previous year on this link,267,131,16480,30,2742,210,48,61,12,13,17,360,19744
75219,2022,A60,Major,A60 Glasshouse Street,A60 King Edward Street,457550,340300,52.95701481,-1.14476966,0.3,0.2,Estimated,Estimated using AADF from previous year on this link,239,143,17602,33,2972,217,49,65,13,13,17,374,21125
75219,2023,A60,Major,A60 Glasshouse Street,A60 King Edward Street,457550,340300,52.95701481,-1.14476966,0.3,0.2,Estimated,Estimated using AADF from previous year on this link,235,141,17933,33,3023,214,49,64,13,13,17,369,21499
75219,2024,A60,Major,A60 Glasshouse Street,A60 King Edward Street,457550,340300,52.95701481,-1.14476966,0.3,0.2,Estimated,Estimated using AADF from previous year on this link,238,146,18205,33,3077,218,49,62,12,12,16,370,21830
75219,2025,A60,Major,A60 Glasshouse Street,A60 King Edward Street,457550,340300,52.95701481,-1.14476966,0.3,0.2,Counted,Manual count,176,158,20721,54,2960,159,66,33,3,34,30,325,24217
75220,2000,A60,Major,Lower Parliament St,Huntingdon St,457600,340170,52.95584099,-1.1440485,0.1,0.1,Estimated,Estimated using AADF from previous year on this link,112,128,7794,794,972,145,18,5,11,6,5,190,9878
75220,2001,A60,Major,Lower Parliament St,Huntingdon St,457600,340170,52.95584099,-1.1440485,0.1,0.1,Counted,Manual count,107,134,7552,831,979,138,20,5,9,5,5,182,9678
75220,2002,A60,Major,Lower Parliament St,Huntingdon St,457600,340170,52.95584099,-1.1440485,0.1,0.1,Estimated,Estimated using AADF from previous year on this link,111,139,7673,838,1049,130,20,5,8,4,5,172,9871
75220,2003,A60,Major,Lower Parliament St,Huntingdon St,457600,340170,52.95584099,-1.1440485,0.1,0.1,Estimated,Estimated using AADF from previous year on this link,99,198,7389,815,1139,126,20,5,8,4,6,169,9710
75220,2004,A60,Major,Lower Parliament St,Huntingdon St,457600,340170,52.95584099,-1.1440485,0.1,0.1,Estimated,Estimated using AADF from previous year on this link,80,130,7485,668,1254,153,26,7,8,3,6,203,9740
75220,2005,A60,Major,Lower Parliament St,Huntingdon St,457600,340170,52.95584099,-1.1440485,0.1,0.1,Estimated,Estimated using AADF from previous year on this link,68,107,7141,630,1337,166,28,8,6,3,6,217,9432
75220,2006,A60,Major,Lower Parliament St,Huntingdon St,457600,340170,52.95584099,-1.1440485,0.1,0.1,Estimated,Estimated using AADF from previous year on this link,107,93,7005,585,1357,160,26,8,5,2,6,207,9247
75220,2007,A60,Major,Lower Parliament St,Huntingdon St,457600,340170,52.95584099,-1.1440485,0.1,0.1,Estimated,Estimated using AADF from previous year on this link,66,89,6893,532,1429,149,24,8,4,2,6,193,9136
75220,2008,A60,Major,A6008 Lower Parliament St,A60 Huntingdon Street,457600,340170,52.95584099,-1.1440485,0.1,0.1,Estimated,Estimated using AADF from previous year on this link,75,85,6741,463,1459,149,27,9,3,2,6,196,8944
75220,2009,A60,Major,A6008 Lower Parliament St,A60 Huntingdon Street,457600,340170,52.95584099,-1.1440485,0.1,0.1,Estimated,Estimated using AADF from previous year on this link,75,95,6889,458,1481,136,27,9,3,2,6,183,9106
75220,2010,A60,Major,A6008 Lower Parliament St,A60 Huntingdon Street,457600,340170,52.95584099,-1.1440485,0.1,0.1,Estimated,Estimated using AADF from previous year on this link,75,90,6848,519,1582,145,27,8,4,2,6,192,9231
75220,2011,A60,Major,A6008 Lower Parliament St,A60 Huntingdon Street,457600,340170,52.95584099,-1.1440485,0.1,0.1,Counted,Manual count,53,34,3330,619,453,106,9,2,4,2,0,123,4559
75220,2012,A60,Major,A6008 Lower Parliament St,A60 Huntingdon Street,457600,340170,52.95584099,-1.1440485,0.1,0.1,Estimated,Estimated using AADF from previous year on this link,50,33,3278,673,458,107,10,2,3,2,0,124,4566
75220,2013,A60,Major,A6008 Lower Parliament St,A60 Huntingdon Street,457600,340170,52.95584099,-1.1440485,0.1,0.1,Estimated,Estimated using AADF from previous year on this link,49,36,3249,704,476,108,11,3,2,2,0,125,4590
75220,2014,A60,Major,A6008 Lower Parliament St,A60 Huntingdon Street,457600,340170,52.95584099,-1.1440485,0.1,0.1,Estimated,Estimated using AADF from previous year on this link,48,35,3337,677,509,111,12,3,2,1,0,129,4687
75220,2015,A60,Major,A6008 Lower Parliament St,A60 Huntingdon Street,457600,340170,52.95584099,-1.1440485,0.1,0.1,Estimated,Estimated using AADF from previous year on this link,45,31,3403,730,534,105,12,3,2,1,0,123,4821
75220,2016,A60,Major,A6008 Lower Parliament St,A60 Huntingdon Street,457600,340170,52.95584099,-1.1440485,0.1,0.1,Estimated,Estimated using AADF from previous year on this link,42,30,3456,676,584,106,12,3,2,1,0,125,4871
75220,2017,A60,Major,A6008 Lower Parliament St,A60 Huntingdon Street,457600,340170,52.95584099,-1.1440485,0.1,0.1,Estimated,Estimated using AADF from previous year on this link,40,30,3431,631,614,106,12,3,2,1,0,125,4831
75220,2018,A60,Major,A6008 Lower Parliament St,A60 Huntingdon Street,457600,340170,52.95584099,-1.1440485,0.1,0.1,Estimated,Estimated using AADF from previous year on this link,44,30,3393,573,626,107,12,3,2,1,0,125,4747
75220,2019,A60,Major,A6008 Lower Parliament St,A60 Huntingdon Street,457600,340170,52.95584099,-1.1440485,0.1,0.1,Counted,Manual count,217,41,3368,584,543,31,9,2,4,1,1,47,4583
75220,2020,A60,Major,A6008 Lower Parliament St,A60 Huntingdon Street,457600,340170,52.95584099,-1.1440485,0.1,0.1,Estimated,Estimated using AADF from previous year on this link,248,30,2558,369,479,27,8,2,3,1,1,41,3478
75220,2021,A60,Major,A6008 Lower Parliament St,A60 Huntingdon Street,457600,340170,52.95584099,-1.1440485,0.1,0.1,Estimated,Estimated using AADF from previous year on this link,203,32,2819,381,522,29,8,2,3,1,1,44,3798
75220,2022,A60,Major,A6008 Lower Parliament St,A60 Huntingdon Street,457600,340170,52.95584099,-1.1440485,0.1,0.1,Estimated,Estimated using AADF from previous year on this link,181,35,3011,409,566,30,8,2,4,1,1,46,4067
75220,2023,A60,Major,A6008 Lower Parliament St,A60 Huntingdon Street,457600,340170,52.95584099,-1.1440485,0.1,0.1,Estimated,Estimated using AADF from previous year on this link,178,35,3067,413,575,30,8,2,4,1,1,45,4136
75220,2024,A60,Major,A6008 Lower Parliament St,A60 Huntingdon Street,457600,340170,52.95584099,-1.1440485,0.1,0.1,Estimated,Estimated using AADF from previous year on this link,181,36,3114,415,586,31,8,2,3,1,1,46,4196
75220,2025,A60,Major,A6008 Lower Parliament St,A60 Huntingdon Street,457600,340170,52.95584099,-1.1440485,0.1,0.1,Estimated,Estimated using AADF from previous year on this link,181,36,3117,406,598,30,8,2,4,1,1,45,4203
75221,2000,A6008,Major,King Edward St,Cranbrook St,457600,340110,52.9553017,-1.14405913,0.1,0.1,Estimated,Estimated from nearby links,235,309,29921,942,4069,678,93,27,31,27,55,911,36152
75221,2001,A6008,Major,King Edward St,Cranbrook St,457600,340110,52.9553017,-1.14405913,0.1,0.1,Estimated,Estimated from nearby links,277,319,26571,821,3289,535,70,31,30,36,15,717,31717
75221,2002,A6008,Major,King Edward St,Cranbrook St,457600,340110,52.9553017,-1.14405913,0.1,0.1,Estimated,Estimated from nearby links,288,323,26518,838,3295,514,73,32,27,31,16,693,31667
75221,2003,A6008,Major,King Edward St,Cranbrook St,457600,340110,52.9553017,-1.14405913,0.1,0.1,Estimated,Estimated from nearby links,257,362,26147,749,3592,552,83,38,26,28,18,745,31595
75221,2004,A6008,Major,King Edward St,Cranbrook St,457600,340110,52.9553017,-1.14405913,0.1,0.1,Estimated,Estimated from nearby links,208,319,26199,696,3560,554,88,42,24,24,20,752,31526
75221,2005,A6008,Major,King Edward St,Cranbrook St,457600,340110,52.9553017,-1.14405913,0.1,0.1,Estimated,Estimated from nearby links,177,275,26071,729,3413,448,63,32,39,31,25,638,31126
75221,2006,A6008,Major,King Edward St,Cranbrook St,457600,340110,52.9553017,-1.14405913,0.1,0.1,Estimated,Estimated from nearby links,277,286,26149,718,3468,459,63,35,36,27,27,647,31268
75221,2007,A6008,Major,King Edward St,Cranbrook St,457600,340110,52.9553017,-1.14405913,0.1,0.1,Estimated,Estimated from nearby links,173,289,24920,690,3784,453,62,38,31,26,27,637,30320
75221,2008,A6008,Major,A60 King Edward Street,A6008 Cranbrook St,457600,340110,52.9553017,-1.14405913,0.1,0.1,Estimated,Estimated from nearby links,194,269,24446,697,3961,435,67,38,27,23,27,617,29990
75221,2009,A6008,Major,A60 King Edward Street,A6008 Cranbrook St,457600,340110,52.9553017,-1.14405913,0.1,0.1,Estimated,Estimated from nearby links,195,255,24055,683,4290,419,71,38,26,20,27,601,29884
75221,2010,A6008,Major,A60 King Edward Street,A6008 Cranbrook St,457600,340110,52.9553017,-1.14405913,0.1,0.1,Estimated,Estimated from nearby links,192,210,19100,726,2914,348,53,25,23,19,10,478,23428
75221,2011,A6008,Major,A60 King Edward Street,A6008 Cranbrook St,457600,340110,52.9553017,-1.14405913,0.1,0.1,Estimated,Estimated from nearby links,211,178,19043,686,3251,354,59,28,19,20,10,490,23648
75221,2012,A6008,Major,A60 King Edward Street,A6008 Cranbrook St,457600,340110,52.9553017,-1.14405913,0.1,0.1,Estimated,Estimated from nearby links,200,170,18746,746,3289,358,65,32,13,17,10,495,23446
75221,2013,A6008,Major,A60 King Edward Street,A6008 Cranbrook St,457600,340110,52.9553017,-1.14405913,0.1,0.1,Estimated,Estimated from nearby links,198,190,18581,780,3419,361,70,37,10,16,10,504,23473
75221,2014,A6008,Major,A60 King Edward Street,A6008 Cranbrook St,457600,340110,52.9553017,-1.14405913,0.1,0.1,Estimated,Estimated from nearby links,192,182,19085,750,3656,369,78,40,9,13,10,519,24192
75221,2015,A6008,Major,A60 King Edward Street,A6008 Cranbrook St,457600,340110,52.9553017,-1.14405913,0.1,0.1,Estimated,Estimated from nearby links,179,160,19462,808,3834,350,80,38,10,13,10,501,24766
75221,2016,A6008,Major,A60 King Edward Street,A6008 Cranbrook St,457600,340110,52.9553017,-1.14405913,0.1,0.1,Estimated,Estimated from nearby links,166,157,19766,749,4188,355,79,43,11,11,9,509,25369
75221,2017,A6008,Major,A60 King Edward Street,A6008 Cranbrook St,457600,340110,52.9553017,-1.14405913,0.1,0.1,Estimated,Estimated from nearby links,159,158,19621,699,4408,353,81,44,11,11,10,509,25396
75221,2018,A6008,Major,A60 King Edward Street,A6008 Cranbrook St,457600,340110,52.9553017,-1.14405913,0.2,0.1,Estimated,Estimated from nearby links,180,157,19404,634,4491,356,80,43,11,11,10,512,25198
75221,2019,A6008,Major,A60 King Edward Street,A6008 Cranbrook St,457600,340110,52.9553017,-1.14405913,0.2,0.1,Estimated,Estimated from nearby links,378,201,21198,591,3146,324,61,80,26,37,10,537,25673
75221,2020,A6008,Major,A60 King Edward Street,A6008 Cranbrook St,457600,340110,52.9553017,-1.14405913,0.2,0.1,Estimated,Estimated from nearby links,432,148,16102,373,2776,285,53,72,22,33,9,473,19872
75221,2021,A6008,Major,A60 King Edward Street,A6008 Cranbrook St,457600,340110,52.9553017,-1.14405913,0.2,0.1,Estimated,Estimated from nearby links,353,157,17740,385,3027,304,57,78,24,35,10,507,21816
75221,2022,A6008,Major,A60 King Edward Street,A6008 Cranbrook St,457600,340110,52.9553017,-1.14405913,0.2,0.1,Estimated,Estimated from nearby links,316,172,18948,414,3281,315,58,83,25,36,10,527,23341
75221,2023,A6008,Major,A60 King Edward Street,A6008 Cranbrook St,457600,340110,52.9553017,-1.14405913,0.2,0.1,Estimated,Estimated from nearby links,310,169,19304,418,3337,311,57,82,25,35,9,520,23747
75221,2024,A6008,Major,A60 King Edward Street,A6008 Cranbrook St,457600,340110,52.9553017,-1.14405913,0.2,0.1,Estimated,Estimated from nearby links,314,174,19596,420,3397,316,58,80,24,34,9,521,24108
75221,2025,A6008,Major,A60 King Edward Street,A6008 Cranbrook St,457600,340110,52.9553017,-1.14405913,0.2,0.1,Estimated,Estimated from nearby links,315,178,19620,410,3466,313,58,82,25,33,9,519,24193
75222,2000,A6008,Major,Cranbrook St,Huntingdon St,457700,340100,52.95520109,-1.14257255,0.1,0.1,Estimated,Estimated from nearby links,96,126,12190,384,1658,276,38,11,13,11,23,372,14730
75222,2001,A6008,Major,Cranbrook St,Huntingdon St,457700,340100,52.95520109,-1.14257255,0.1,0.1,Estimated,Estimated from nearby links,113,130,10825,334,1340,218,29,13,12,15,6,293,12922
75222,2002,A6008,Major,Cranbrook St,Huntingdon St,457700,340100,52.95520109,-1.14257255,0.1,0.1,Estimated,Estimated from nearby links,117,131,10804,342,1343,210,30,13,11,13,7,284,12904
75222,2003,A6008,Major,Cranbrook St,Huntingdon St,457700,340100,52.95520109,-1.14257255,0.1,0.1,Estimated,Estimated from nearby links,105,147,10652,305,1463,225,34,15,11,11,7,303,12870
75222,2004,A6008,Major,Cranbrook St,Huntingdon St,457700,340100,52.95520109,-1.14257255,0.1,0.1,Estimated,Estimated from nearby links,85,130,10674,284,1450,226,36,17,10,10,8,307,12845
75222,2005,A6008,Major,Cranbrook St,Huntingdon St,457700,340100,52.95520109,-1.14257255,0.1,0.1,Estimated,Estimated from nearby links,72,112,10621,297,1391,183,26,13,16,13,10,261,12682
75222,2006,A6008,Major,Cranbrook St,Huntingdon St,457700,340100,52.95520109,-1.14257255,0.1,0.1,Estimated,Estimated from nearby links,113,116,10653,292,1413,187,26,14,15,11,11,264,12738
75222,2007,A6008,Major,Cranbrook St,Huntingdon St,457700,340100,52.95520109,-1.14257255,0.1,0.1,Estimated,Estimated from nearby links,70,118,10152,281,1541,184,25,15,12,11,11,258,12350
75222,2008,A6008,Major,A6008 Cranbrook Street,A60 Huntingdon Street,457700,340100,52.95520109,-1.14257255,0.1,0.1,Estimated,Estimated from nearby links,79,110,9960,284,1614,177,27,16,11,9,11,251,12219
75222,2009,A6008,Major,A6008 Cranbrook Street,A60 Huntingdon Street,457700,340100,52.95520109,-1.14257255,0.1,0.1,Estimated,Estimated from nearby links,79,104,9800,278,1748,171,29,15,10,8,11,244,12174
75222,2010,A6008,Major,A6008 Cranbrook Street,A60 Huntingdon Street,457700,340100,52.95520109,-1.14257255,0.1,0.1,Estimated,Estimated from nearby links,78,86,7781,296,1187,142,22,10,9,8,4,195,9545
75222,2011,A6008,Major,A6008 Cranbrook Street,A60 Huntingdon Street,457700,340100,52.95520109,-1.14257255,0.1,0.1,Estimated,Estimated from nearby links,86,72,7758,280,1325,144,24,11,8,8,4,199,9634
75222,2012,A6008,Major,A6008 Cranbrook Street,A60 Huntingdon Street,457700,340100,52.95520109,-1.14257255,0.1,0.1,Estimated,Estimated from nearby links,82,69,7637,304,1340,146,26,13,5,7,4,202,9552
75222,2013,A6008,Major,A6008 Cranbrook Street,A60 Huntingdon Street,457700,340100,52.95520109,-1.14257255,0.1,0.1,Estimated,Estimated from nearby links,81,77,7570,318,1393,147,29,15,4,7,4,205,9563
75222,2014,A6008,Major,A6008 Cranbrook Street,A60 Huntingdon Street,457700,340100,52.95520109,-1.14257255,0.1,0.1,Estimated,Estimated from nearby links,78,74,7775,306,1489,150,32,16,4,5,4,211,9856
75222,2015,A6008,Major,A6008 Cranbrook Street,A60 Huntingdon Street,457700,340100,52.95520109,-1.14257255,0.1,0.1,Estimated,Estimated from nearby links,73,65,7929,329,1562,143,33,16,4,5,4,204,10090
75222,2016,A6008,Major,A6008 Cranbrook Street,A60 Huntingdon Street,457700,340100,52.95520109,-1.14257255,0.1,0.1,Estimated,Estimated from nearby links,68,64,8053,305,1706,145,32,18,4,5,4,207,10335
75222,2017,A6008,Major,A6008 Cranbrook Street,A60 Huntingdon Street,457700,340100,52.95520109,-1.14257255,0.1,0.1,Estimated,Estimated from nearby links,65,65,7994,285,1796,144,33,18,5,5,4,208,10347
75222,2018,A6008,Major,A6008 Cranbrook Street,A60 Huntingdon Street,457700,340100,52.95520109,-1.14257255,0.1,0.1,Estimated,Estimated from nearby links,73,64,7906,258,1830,145,33,17,5,5,4,209,10266
75222,2019,A6008,Major,A6008 Cranbrook Street,A60 Huntingdon Street,457700,340100,52.95520109,-1.14257255,0.1,0.1,Estimated,Estimated from nearby links,154,82,8636,241,1282,132,25,33,10,15,4,219,10459
75222,2020,A6008,Major,A6008 Cranbrook Street,A60 Huntingdon Street,457700,340100,52.95520109,-1.14257255,0.1,0.1,Estimated,Estimated from nearby links,176,60,6560,152,1131,116,21,29,9,13,4,193,8096
75222,2021,A6008,Major,A6008 Cranbrook Street,A60 Huntingdon Street,457700,340100,52.95520109,-1.14257255,0.1,0.1,Estimated,Estimated from nearby links,144,64,7227,157,1233,124,23,32,10,14,4,207,8888
75222,2022,A6008,Major,A6008 Cranbrook Street,A60 Huntingdon Street,457700,340100,52.95520109,-1.14257255,0.1,0.1,Estimated,Estimated from nearby links,129,70,7719,169,1337,128,24,34,10,15,4,215,9509
75222,2023,A6008,Major,A6008 Cranbrook Street,A60 Huntingdon Street,457700,340100,52.95520109,-1.14257255,0.1,0.1,Estimated,Estimated from nearby links,126,69,7865,170,1359,127,23,33,10,14,4,212,9675
75222,2024,A6008,Major,A6008 Cranbrook Street,A60 Huntingdon Street,457700,340100,52.95520109,-1.14257255,0.1,0.1,Estimated,Estimated from nearby links,128,71,7984,171,1384,129,23,33,10,14,4,212,9822
75222,2025,A6008,Major,A6008 Cranbrook Street,A60 Huntingdon Street,457700,340100,52.95520109,-1.14257255,0.1,0.1,Estimated,Estimated from nearby links,128,72,7993,167,1412,127,24,33,10,13,4,211,9856
75223,2000,A6008,Major,Belward St,Lower Parliament St,457850,339940,52.95374687,-1.1403685,0.1,0.1,Estimated,Estimated using AADF from previous year on this link,240,255,2445,463,411,51,8,0,1,1,0,61,3635
75223,2001,A6008,Major,Belward St,Lower Parliament St,457850,339940,52.95374687,-1.1403685,0.1,0.1,Counted,Manual count,230,267,2369,485,414,49,9,0,1,1,0,60,3595
75223,2002,A6008,Major,Belward St,Lower Parliament St,457850,339940,52.95374687,-1.1403685,0.1,0.1,Estimated,Estimated using AADF from previous year on this link,239,277,2407,489,443,46,9,0,1,1,0,57,3673
75223,2003,A6008,Major,Belward St,Lower Parliament St,457850,339940,52.95374687,-1.1403685,0.1,0.1,Estimated,Estimated using AADF from previous year on this link,214,394,2318,476,481,45,9,0,1,1,0,56,3725
75223,2004,A6008,Major,Belward St,Lower Parliament St,457850,339940,52.95374687,-1.1403685,0.1,0.1,Estimated,Estimated using AADF from previous year on this link,173,259,2348,390,530,54,12,0,1,1,0,68,3595
75223,2005,A6008,Major,Belward St,Lower Parliament St,457850,339940,52.95374687,-1.1403685,0.1,0.1,Estimated,Estimated using AADF from previous year on this link,146,213,2240,368,564,59,12,0,1,1,0,73,3458
75223,2006,A6008,Major,Belward St,Lower Parliament St,457850,339940,52.95374687,-1.1403685,0.1,0.1,Estimated,Estimated using AADF from previous year on this link,229,185,2198,342,573,56,11,0,1,1,0,69,3367
75223,2007,A6008,Major,Belward St,Lower Parliament St,457850,339940,52.95374687,-1.1403685,0.1,0.1,Counted,Manual count,214,47,1740,459,234,27,6,0,2,1,1,37,2517
75223,2008,A6008,Major,A6008 Belward Street,A6008 Lower Parliament Street,457850,339940,52.95374687,-1.1403685,0.1,0.1,Estimated,Estimated using AADF from previous year on this link,240,45,1702,399,239,27,6,0,2,1,1,37,2422
75223,2009,A6008,Major,A6008 Belward Street,A6008 Lower Parliament Street,457850,339940,52.95374687,-1.1403685,0.1,0.1,Estimated,Estimated using AADF from previous year on this link,240,50,1740,395,243,25,6,0,2,1,1,35,2463
75223,2010,A6008,Major,A6008 Belward Street,A6008 Lower Parliament Street,457850,339940,52.95374687,-1.1403685,0.1,0.1,Estimated,Estimated using AADF from previous year on this link,242,48,1730,448,260,27,6,0,2,1,1,37,2523
75223,2011,A6008,Major,A6008 Belward Street,A6008 Lower Parliament Street,457850,339940,52.95374687,-1.1403685,0.1,0.1,Estimated,Estimated using AADF from previous year on this link,267,41,1725,424,290,27,7,0,2,1,1,38,2518
75223,2012,A6008,Major,A6008 Belward Street,A6008 Lower Parliament Street,457850,339940,52.95374687,-1.1403685,0.1,0.1,Estimated,Estimated using AADF from previous year on this link,253,39,1698,461,293,27,8,0,1,1,1,38,2530
75223,2013,A6008,Major,A6008 Belward Street,A6008 Lower Parliament Street,457850,339940,52.95374687,-1.1403685,0.1,0.1,Estimated,Estimated using AADF from previous year on this link,249,44,1683,482,305,28,8,0,1,1,1,39,2552
75223,2014,A6008,Major,A6008 Belward Street,A6008 Lower Parliament Street,457850,339940,52.95374687,-1.1403685,0.1,0.1,Estimated,Estimated using AADF from previous year on this link,242,42,1729,464,326,28,9,0,1,1,1,40,2601
75223,2015,A6008,Major,A6008 Belward Street,A6008 Lower Parliament Street,457850,339940,52.95374687,-1.1403685,0.1,0.1,Estimated,Estimated using AADF from previous year on this link,225,37,1763,500,342,27,9,0,1,1,1,39,2681
75223,2016,A6008,Major,A6008 Belward Street,A6008 Lower Parliament Street,457850,339940,52.95374687,-1.1403685,0.1,0.1,Counted,Manual count,215,9,2033,359,354,13,6,1,0,3,0,23,2779
75223,2017,A6008,Major,A6008 Belward Street,A6008 Lower Parliament Street,457850,339940,52.95374687,-1.1403685,0.1,0.1,Estimated,Estimated using AADF from previous year on this link,206,10,2018,335,373,13,6,1,0,3,0,23,2759
75223,2018,A6008,Major,A6008 Belward Street,A6008 Lower Parliament Street,457850,339940,52.95374687,-1.1403685,0.1,0.1,Estimated,Estimated using AADF from previous year on this link,228,9,1996,304,380,13,6,1,0,3,0,24,2712
75223,2019,A6008,Major,A6008 Belward Street,A6008 Lower Parliament Street,457850,339940,52.95374687,-1.1403685,0.1,0.1,Estimated,Estimated using AADF from previous year on this link,250,9,2021,307,376,13,6,1,0,3,0,24,2737
75223,2020,A6008,Major,A6008 Belward Street,A6008 Lower Parliament Street,457850,339940,52.95374687,-1.1403685,0.1,0.1,Estimated,Estimated using AADF from previous year on this link,286,7,1535,194,332,12,6,1,0,3,0,21,2088
75223,2021,A6008,Major,A6008 Belward Street,A6008 Lower Parliament Street,457850,339940,52.95374687,-1.1403685,0.1,0.1,Estimated,Estimated using AADF from previous year on this link,234,7,1691,200,362,12,6,1,0,3,0,22,2283
75223,2022,A6008,Major,A6008 Belward Street,A6008 Lower Parliament Street,457850,339940,52.95374687,-1.1403685,0.1,0.1,Estimated,Estimated using AADF from previous year on this link,209,8,1806,215,392,13,6,1,0,3,0,23,2445
75223,2023,A6008,Major,A6008 Belward Street,A6008 Lower Parliament Street,457850,339940,52.95374687,-1.1403685,0.1,0.1,Estimated,Estimated using AADF from previous year on this link,206,7,1840,217,399,13,6,1,0,3,0,23,2487
75223,2024,A6008,Major,A6008 Belward Street,A6008 Lower Parliament Street,457850,339940,52.95374687,-1.1403685,0.1,0.1,Counted,Manual count,368,32,1521,315,283,22,5,1,1,0,1,30,2181
75223,2025,A6008,Major,A6008 Belward Street,A6008 Lower Parliament Street,457850,339940,52.95374687,-1.1403685,0.1,0.1,Estimated,Estimated using AADF from previous year on this link,369,32,1523,308,288,22,5,1,1,0,1,30,2182
75224,2000,A6008,Major,Hockley,Southwell Rd,457930,339900,52.95337872,-1.13918499,0.1,0.1,Estimated,Estimated from nearby links,378,447,18820,1111,2536,402,54,31,18,26,14,545,23459
75224,2001,A6008,Major,Hockley,Southwell Rd,457930,339900,52.95337872,-1.13918499,0.1,0.1,Estimated,Estimated from nearby links,362,466,19071,1145,2530,393,62,31,16,22,16,540,23752
75224,2002,A6008,Major,Hockley,Southwell Rd,457930,339900,52.95337872,-1.13918499,0.1,0.1,Estimated,Estimated from nearby links,376,478,19076,1164,2563,377,64,32,15,19,18,525,23806
75224,2003,A6008,Major,Hockley,Southwell Rd,457930,339900,52.95337872,-1.13918499,0.1,0.1,Estimated,Estimated from nearby links,335,620,18754,1079,2792,400,71,38,14,17,20,560,23805
75224,2004,A6008,Major,Hockley,Southwell Rd,457930,339900,52.95337872,-1.13918499,0.1,0.1,Estimated,Estimated from nearby links,368,444,18613,905,2614,368,56,42,34,25,18,543,23119
75224,2005,A6008,Major,Hockley,Southwell Rd,457930,339900,52.95337872,-1.13918499,0.1,0.1,Estimated,Estimated from nearby links,311,399,18099,875,2703,361,54,42,30,22,18,527,22603
75224,2006,A6008,Major,Hockley,Southwell Rd,457930,339900,52.95337872,-1.13918499,0.1,0.1,Estimated,Estimated from nearby links,488,379,18104,840,2745,366,53,46,27,19,20,531,22599
75224,2007,A6008,Major,Hockley,Southwell Rd,457930,339900,52.95337872,-1.13918499,0.1,0.1,Estimated,Estimated from nearby links,251,68,5409,486,707,127,21,6,10,11,9,184,6854
75224,2008,A6008,Major,A6008 Hockley,A612,457930,339900,52.95337872,-1.13918499,0.1,0.1,Estimated,Estimated from nearby links,282,65,5300,427,734,123,23,7,9,10,9,181,6707
75224,2009,A6008,Major,A6008 Hockley,A612,457930,339900,52.95337872,-1.13918499,0.1,0.1,Estimated,Estimated from nearby links,282,69,5280,422,779,117,24,7,8,9,9,174,6724
75224,2010,A6008,Major,A6008 Hockley,A612,457930,339900,52.95337872,-1.13918499,0.1,0.1,Estimated,Estimated from nearby links,283,65,5195,476,798,118,23,6,10,8,8,173,6707
75224,2011,A6008,Major,A6008 Hockley,A612,457930,339900,52.95337872,-1.13918499,0.1,0.1,Estimated,Estimated from nearby links,439,123,13624,908,1691,195,54,28,9,11,9,306,16652
75224,2012,A6008,Major,A6008 Hockley,A612,457930,339900,52.95337872,-1.13918499,0.1,0.1,Estimated,Estimated from nearby links,158,107,13547,304,2150,248,52,45,13,34,40,433,16541
75224,2013,A6008,Major,A6008 Hockley,A612,457930,339900,52.95337872,-1.13918499,0.1,0.1,Estimated,Estimated from nearby links,158,121,13513,319,2171,243,54,49,11,36,41,434,16557
75224,2014,A6008,Major,A6008 Hockley,A612,457930,339900,52.95337872,-1.13918499,0.1,0.1,Estimated,Estimated from nearby links,159,116,13880,305,2275,243,58,52,11,33,39,435,17010
75224,2015,A6008,Major,A6008 Hockley,A612,457930,339900,52.95337872,-1.13918499,0.1,0.1,Estimated,Estimated from nearby links,155,104,14210,331,2363,228,58,48,13,31,37,416,17424
75224,2016,A6008,Major,A6008 Hockley,A612,457930,339900,52.95337872,-1.13918499,0.1,0.1,Estimated,Estimated from nearby links,123,130,15817,246,2640,257,57,61,24,60,84,542,19376
75224,2017,A6008,Major,A6008 Hockley,A612,457930,339900,52.95337872,-1.13918499,0.1,0.1,Estimated,Estimated from nearby links,129,132,15821,233,2618,244,54,59,24,67,78,526,19331
75224,2018,A6008,Major,A6008 Hockley,A612,457930,339900,52.95337872,-1.13918499,0.1,0.1,Estimated,Estimated from nearby links,148,132,15740,210,2531,234,51,57,24,73,82,521,19134
75224,2019,A6008,Major,A6008 Hockley,A612,457930,339900,52.95337872,-1.13918499,0.1,0.1,Estimated,Estimated from nearby links,220,126,16022,267,2456,211,48,51,22,51,51,435,19306
75224,2020,A6008,Major,A6008 Hockley,A612,457930,339900,52.95337872,-1.13918499,0.1,0.1,Estimated,Estimated from nearby links,229,87,11113,160,1953,166,38,41,17,40,44,346,13658
75224,2021,A6008,Major,A6008 Hockley,A612,457930,339900,52.95337872,-1.13918499,0.1,0.1,Estimated,Estimated from nearby links,170,94,12267,157,2090,175,40,46,18,45,53,377,14985
75224,2022,A6008,Major,A6008 Hockley,A612,457930,339900,52.95337872,-1.13918499,0.1,0.1,Estimated,Estimated from nearby links,163,106,13129,173,2249,178,40,48,18,45,53,382,16039
75224,2023,A6008,Major,A6008 Hockley,A612,457930,339900,52.95337872,-1.13918499,0.1,0.1,Estimated,Estimated from nearby links,170,107,13394,182,2267,172,39,46,17,41,52,368,16318
75224,2024,A6008,Major,A6008 Hockley,A612,457930,339900,52.95337872,-1.13918499,0.1,0.1,Estimated,Estimated from nearby links,170,111,13361,184,2223,163,37,43,15,37,49,345,16224
75224,2025,A6008,Major,A6008 Hockley,A612,457930,339900,52.95337872,-1.13918499,0.1,0.1,Estimated,Estimated from nearby links,170,118,13438,184,2213,153,36,43,14,34,48,327,16282
75225,2000,A6008,Major,A60,Fisher Gate roundabout,457860,339560,52.95033024,-1.1402873,0.2,0.1,Estimated,Estimated from nearby links,224,433,40058,237,5519,822,130,52,63,44,66,1177,47424
75225,2001,A6008,Major,A60,Fisher Gate roundabout,457860,339560,52.95033024,-1.1402873,0.2,0.1,Estimated,Estimated from nearby links,214,448,40859,241,5497,805,150,52,55,38,74,1174,48219
75225,2002,A6008,Major,A60,Fisher Gate roundabout,457860,339560,52.95033024,-1.1402873,0.2,0.1,Estimated,Estimated from nearby links,244,426,44656,182,4551,631,94,68,61,51,29,934,50749
75225,2003,A6008,Major,A60,Fisher Gate roundabout,457860,339560,52.95033024,-1.1402873,0.2,0.1,Estimated,Estimated from nearby links,218,478,44031,163,4961,677,107,80,58,45,32,999,50632
75225,2004,A6008,Major,A60,Fisher Gate roundabout,457860,339560,52.95033024,-1.1402873,0.2,0.1,Estimated,Estimated from nearby links,176,421,44119,151,4916,680,113,87,55,40,35,1010,50617
75225,2005,A6008,Major,A60,Fisher Gate roundabout,457860,339560,52.95033024,-1.1402873,0.2,0.1,Estimated,Estimated from nearby links,149,425,43016,149,5044,653,106,89,49,35,37,969,49603
75225,2006,A6008,Major,A60,Fisher Gate roundabout,457860,339560,52.95033024,-1.1402873,0.2,0.1,Estimated,Estimated from nearby links,234,442,43145,146,5124,668,106,96,44,31,40,985,49842
75225,2007,A6008,Major,A60,Fisher Gate roundabout,457860,339560,52.95033024,-1.1402873,0.2,0.1,Estimated,Estimated from nearby links,146,447,41117,141,5591,660,104,104,38,29,41,976,48272
75225,2008,A6008,Major,A60,A6008 Fisher Gate ,457860,339560,52.95033024,-1.1402873,0.2,0.1,Estimated,Estimated from nearby links,164,417,40336,142,5854,633,113,106,33,26,40,951,47700
75225,2009,A6008,Major,A60,A6008 Fisher Gate ,457860,339560,52.95033024,-1.1402873,0.2,0.1,Estimated,Estimated from nearby links,492,243,36606,176,4467,516,91,30,54,35,17,743,42235
75225,2010,A6008,Major,A60,A6008 Fisher Gate ,457860,339560,52.95033024,-1.1402873,0.2,0.1,Estimated,Estimated from nearby links,402,223,33742,168,3810,419,112,53,29,22,30,665,38608
75225,2011,A6008,Major,A60,A6008 Fisher Gate ,457860,339560,52.95033024,-1.1402873,0.2,0.1,Estimated,Estimated from nearby links,412,343,37371,258,4414,451,95,42,88,14,41,731,43117
75225,2012,A6008,Major,A60,A6008 Fisher Gate,457860,339560,52.95033024,-1.1402873,0.2,0.1,Estimated,Estimated using AADF from previous year on this link,390,310,37213,277,4238,399,91,42,64,12,41,648,42685
75225,2013,A6008,Major,A60,A6008 Fisher Gate,457860,339560,52.95033024,-1.1402873,0.2,0.1,Counted,Dependent on a neighbouring counted link,527,307,36868,227,4570,358,160,37,21,20,35,630,42602
75225,2014,A6008,Major,A60,A6008 Fisher Gate,457860,339560,52.95033024,-1.1402873,0.2,0.1,Estimated,Estimated using AADF from previous year on this link,511,327,36486,241,5203,378,183,42,23,19,39,684,42940
75225,2015,A6008,Major,A60,A6008 Fisher Gate,457860,339560,52.95033024,-1.1402873,0.2,0.1,Counted,Dependent on a neighbouring counted link,916,269,39075,119,5055,333,103,51,15,17,30,548,45066
75225,2016,A6008,Major,A60,A6008 Fisher Gate,457860,339560,52.95033024,-1.1402873,0.2,0.1,Estimated,Estimated using AADF from previous year on this link,854,263,39685,110,5521,338,102,57,15,15,29,557,46136
75225,2017,A6008,Major,A60,A6008 Fisher Gate,457860,339560,52.95033024,-1.1402873,0.2,0.1,Estimated,Estimated using AADF from previous year on this link,818,265,39393,103,5812,336,104,59,16,15,30,559,46133
75225,2018,A6008,Major,A60,A6008 Fisher Gate,457860,339560,52.95033024,-1.1402873,0.2,0.1,Estimated,Estimated using AADF from previous year on this link,926,263,38959,93,5921,339,104,57,16,15,32,562,45798
75225,2019,A6008,Major,A60,A6008 Fisher Gate,457860,339560,52.95033024,-1.1402873,0.2,0.1,Counted,Dependent on a neighbouring counted link,314,324,36047,208,4896,313,96,33,6,26,20,493,41968
75225,2020,A6008,Major,A60,A6008 Fisher Gate,457860,339560,52.95033024,-1.1402873,0.2,0.1,Estimated,Estimated using AADF from previous year on this link,359,240,27381,132,4321,275,83,29,5,23,17,432,32505
75225,2021,A6008,Major,A60,A6008 Fisher Gate,457860,339560,52.95033024,-1.1402873,0.2,0.1,Estimated,Estimated using AADF from previous year on this link,293,254,30166,136,4710,294,89,32,5,24,19,464,35729
75225,2022,A6008,Major,A60,A6008 Fisher Gate,457860,339560,52.95033024,-1.1402873,0.2,0.1,Counted,Dependent on a neighbouring counted link,212,254,32946,171,4920,623,72,68,3,23,33,823,39114
75225,2023,A6008,Major,A60,A6008 Fisher Gate,457860,339560,52.95033024,-1.1402873,0.2,0.1,Estimated,Estimated using AADF from previous year on this link,208,250,33566,173,5003,615,71,67,3,23,32,811,39803
75225,2024,A6008,Major,A60,A6008 Fisher Gate,457860,339560,52.95033024,-1.1402873,0.2,0.1,Estimated,Estimated using AADF from previous year on this link,210,258,34074,174,5093,625,71,66,3,22,31,817,40416
75225,2025,A6008,Major,A60,A6008 Fisher Gate,457860,339560,52.95033024,-1.1402873,0.2,0.1,Estimated,Estimated using AADF from previous year on this link,211,263,34115,170,5197,618,71,67,3,21,30,812,40557
89152,2017,A453,Major,A453 split,A52,456186,336485,52.92286858,-1.16573035,0.6,0.4,Estimated,Estimated from nearby links,0,58,9287,47,1437,122,33,28,15,51,97,346,11176
89152,2018,A453,Major,A453 split,A52,456186,336485,52.92286858,-1.16573035,0.7,0.4,Counted,Manual count,369,103,18903,165,2619,286,60,68,57,239,218,928,22717
89152,2019,A453,Major,A453 split,A52,456186,336485,52.92286858,-1.16573035,0.7,0.4,Estimated,Estimated using AADF from previous year on this link,412,104,19062,157,2610,282,61,69,57,239,218,925,22858
89152,2020,A453,Major,A453 split,A52,456186,336485,52.92286858,-1.16573035,0.7,0.4,Estimated,Estimated using AADF from previous year on this link,419,61,12808,96,2075,233,51,58,49,210,184,785,15824
89152,2021,A453,Major,A453 split,A52,456186,336485,52.92286858,-1.16573035,0.7,0.4,Estimated,Estimated using AADF from previous year on this link,424,71,14702,117,2493,271,58,68,56,232,207,892,18276
89152,2022,A453,Major,A453 split,A52,456186,336485,52.92286858,-1.16573035,0.7,0.4,Counted,Manual count,536,117,19239,159,3296,242,103,77,4,737,11,1173,23984
89152,2023,A453,Major,A453 split,A52,456186,336485,52.92286858,-1.16573035,0.7,0.4,Estimated,Estimated using AADF from previous year on this link,462,114,19526,159,3405,245,100,72,4,739,10,1170,24374
89152,2024,A453,Major,A453 split,A52,456186,336485,52.92286858,-1.16573035,0.7,0.4,Estimated,Estimated using AADF from previous year on this link,478,115,19670,159,3502,247,101,73,4,744,10,1179,24625
89152,2025,A453,Major,A453 split,A52,456186,336485,52.92286858,-1.16573035,0.7,0.4,Estimated,Estimated using AADF from previous year on this link,485,119,19865,161,3555,251,104,76,4,749,10,1195,24895
89153,2017,A52,Major,A453 split,A52,456324,336578,52.92369009,-1.16366191,0.1,0.1,Estimated,Estimated from nearby links,0,58,9287,47,1437,122,33,28,15,51,97,346,11176
89153,2018,A52,Major,A453 split,A52,456324,336578,52.92369009,-1.16366191,0.1,0.1,Counted,Manual count,0,23,3412,5,610,111,22,58,32,217,182,621,4670
89153,2019,A52,Major,A453 split,A52,456324,336578,52.92369009,-1.16366191,0.1,0.1,Estimated,Estimated using AADF from previous year on this link,0,23,3441,4,607,110,22,58,32,216,182,620,4695
89153,2020,A52,Major,A453 split,A52,456324,336578,52.92369009,-1.16366191,0.1,0.1,Estimated,Estimated using AADF from previous year on this link,0,14,2312,3,483,91,18,49,28,190,153,529,3340
89153,2021,A52,Major,A453 split,A52,456324,336578,52.92369009,-1.16366191,0.1,0.1,Estimated,Estimated using AADF from previous year on this link,0,16,2654,3,580,106,21,58,32,210,173,598,3851
89153,2022,A52,Major,A453 split,A52,456324,336578,52.92369009,-1.16366191,0.1,0.1,Estimated,Estimated using AADF from previous year on this link,0,18,3061,3,636,107,20,64,33,214,177,615,4333
89153,2023,A52,Major,A453 split,A52,456324,336578,52.92369009,-1.16366191,0.1,0.1,Estimated,Estimated using AADF from previous year on this link,0,18,3107,3,657,108,19,60,33,214,172,607,4392
89153,2024,A52,Major,A453 split,A52,456324,336578,52.92369009,-1.16366191,0.1,0.1,Estimated,Estimated using AADF from previous year on this link,0,18,3129,3,676,110,19,61,34,216,171,610,4436
89153,2025,A52,Major,A453 split,A52,456324,336578,52.92369009,-1.16366191,0.1,0.1,Estimated,Estimated using AADF from previous year on this link,0,19,3161,4,686,111,20,64,34,217,172,618,4486
89326,2017,A6008,Major,A6008 Greyfriar Gate,A6008 Canal Street,457300,339470,52.94958126,-1.14863702,0.4,0.2,Estimated,Estimated from nearby links,154,197,17753,1676,3554,322,83,44,31,19,20,518,23697
89326,2018,A6008,Major,A6008 Greyfriar Gate,A6008 Canal Street,457300,339470,52.94958126,-1.14863702,0.4,0.2,Estimated,Estimated using AADF from previous year on this link,170,195,17557,1520,3620,324,82,43,32,20,21,521,23413
89326,2019,A6008,Major,A6008 Greyfriar Gate,A6008 Canal Street,457300,339470,52.94958126,-1.14863702,0.4,0.2,Estimated,Estimated using AADF from previous year on this link,187,182,17777,1537,3589,321,84,43,33,20,21,520,23605
89326,2020,A6008,Major,A6008 Greyfriar Gate,A6008 Canal Street,457640,339440,52.94927527,-1.14358258,0.4,0.2,Estimated,Estimated using AADF from previous year on this link,214,135,13503,970,3167,282,72,38,28,18,18,456,18232
89326,2021,A6008,Major,A6008 Greyfriar Gate,A6008 Canal Street,457640,339440,52.94927527,-1.14358258,0.4,0.2,Estimated,Estimated using AADF from previous year on this link,174,143,14877,1002,3452,301,78,42,30,19,19,490,19964
90176,2018,A60,Major,A60 King Edward Street,A6008 Lower Parliament Street,457700,340150,52.9556505,-1.14256367,0.2,0.1,Estimated,Estimated using AADF from previous year on this link,130,116,14374,470,3327,264,59,32,8,8,8,379,18666
90176,2019,A60,Major,A60 King Edward Street,A6008 Lower Parliament Street,457700,340150,52.9556505,-1.14256367,0.2,0.1,Counted,Manual count,280,149,15703,438,2330,240,45,59,19,27,8,398,19017
90176,2020,A60,Major,A60 King Edward Street,A6008 Lower Parliament Street,457700,340150,52.9556505,-1.14256367,0.2,0.1,Estimated,Estimated using AADF from previous year on this link,320,110,11927,276,2057,211,39,53,16,24,7,350,14720
90176,2021,A60,Major,A60 King Edward Street,A6008 Lower Parliament Street,457700,340150,52.9556505,-1.14256367,0.2,0.1,Estimated,Estimated using AADF from previous year on this link,261,116,13140,285,2242,225,42,58,18,26,7,376,16160
90176,2022,A60,Major,A60 King Edward Street,A6008 Lower Parliament Street,457700,340150,52.9556505,-1.14256367,0.2,0.1,Estimated,Estimated using AADF from previous year on this link,234,127,14035,307,2430,233,43,62,18,27,7,390,17290
90176,2023,A60,Major,A60 King Edward Street,A6008 Lower Parliament Street,457700,340150,52.9556505,-1.14256367,0.2,0.1,Estimated,Estimated using AADF from previous year on this link,230,125,14299,309,2472,230,43,61,18,26,7,385,17591
90176,2024,A60,Major,A60 King Edward Street,A6008 Lower Parliament Street,457700,340150,52.9556505,-1.14256367,0.2,0.1,Estimated,Estimated using AADF from previous year on this link,233,129,14516,311,2516,234,43,59,18,25,7,386,17858
90176,2025,A60,Major,A60 King Edward Street,A6008 Lower Parliament Street,457700,340150,52.9556505,-1.14256367,0.2,0.1,Estimated,Estimated using AADF from previous year on this link,233,132,14533,304,2568,232,43,61,18,25,7,385,17921
90202,2018,A6011,Major,A60,A6011 junction,458082,338568,52.94138992,-1.13716067,0.4,0.2,Estimated,Estimated from nearby links,83,106,11356,80,3401,325,181,140,10,30,28,715,15659
90202,2019,A6011,Major,A60,A6011 junction,458082,338568,52.94138992,-1.13716067,0.4,0.2,Estimated,Estimated using AADF from previous year on this link,92,100,11499,81,3372,321,184,141,10,31,28,715,15767
90202,2020,A6011,Major,A60,A6011 junction,458082,338568,52.94138992,-1.13716067,0.4,0.2,Counted,Manual count,220,44,4158,3,1043,111,16,17,8,28,34,214,5463
90202,2021,A6011,Major,A60,A6011 junction,458082,338568,52.94138992,-1.13716067,0.4,0.2,Estimated,Estimated using AADF from previous year on this link,180,47,4581,3,1137,118,18,19,8,30,37,230,5998
90202,2022,A6011,Major,A60,A6011 junction,458082,338568,52.94138992,-1.13716067,0.4,0.2,Estimated,Estimated using AADF from previous year on this link,161,51,4893,3,1233,123,18,20,8,31,37,238,6418
90202,2023,A6011,Major,A60,A6011 junction,458082,338568,52.94138992,-1.13716067,0.4,0.2,Estimated,Estimated using AADF from previous year on this link,158,51,4985,3,1254,121,18,20,8,30,36,233,6526
90202,2024,A6011,Major,A60,A6011 junction,458082,338568,52.94138992,-1.13716067,0.4,0.2,Estimated,Estimated using AADF from previous year on this link,160,52,5060,3,1276,123,18,19,8,29,35,232,6624
90202,2025,A6011,Major,A60,A6011 junction,458082,338568,52.94138992,-1.13716067,0.4,0.2,Estimated,Estimated using AADF from previous year on this link,160,53,5066,3,1302,122,18,20,8,29,34,230,6655
90309,2018,A453,Major,A52,A6008,456900,338911,52.94459931,-1.15468752,2.9,1.8,Estimated,Estimated using AADF from previous year on this link,60,145,23159,225,3851,563,87,107,31,74,55,917,28298
90309,2019,A453,Major,A52,A6008,456900,338911,52.94459931,-1.15468752,2.9,1.8,Estimated,Estimated using AADF from previous year on this link,66,136,23449,228,3818,556,89,108,31,76,55,915,28546
90309,2020,A453,Major,A52,A6008,456900,338911,52.94459931,-1.15468752,2.9,1.8,Counted,Manual count,60,89,13954,282,3134,254,74,69,14,30,98,538,17997
90309,2021,A453,Major,A52,A6008,456900,338911,52.94459931,-1.15468752,2.9,1.8,Estimated,Estimated using AADF from previous year on this link,49,95,15373,292,3416,272,79,75,15,32,104,577,19752
90309,2022,A453,Major,A52,A6008,456900,338911,52.94459931,-1.15468752,2.9,1.8,Estimated,Estimated using AADF from previous year on this link,44,103,16420,313,3704,281,82,80,16,32,107,598,21138
90309,2023,A453,Major,A52,A6008,456900,338911,52.94459931,-1.15468752,2.9,1.8,Estimated,Estimated using AADF from previous year on this link,43,102,16728,316,3766,278,80,78,16,32,103,587,21500
90309,2024,A453,Major,A52,A6008,456900,338911,52.94459931,-1.15468752,2.9,1.8,Estimated,Estimated using AADF from previous year on this link,43,105,16982,318,3834,282,81,77,16,31,99,585,21823
90309,2025,A453,Major,A52,A6008,456900,338911,52.94459931,-1.15468752,2.9,1.8,Estimated,Estimated using AADF from previous year on this link,44,107,17002,311,3912,279,81,79,16,30,97,582,21914
99028,2000,A611,Major,A6002,LA Boundary,454600,347000,53.01754307,-1.18754783,0.5,0.3,Estimated,Estimated using AADF from previous year on this link,195,222,21578,319,3329,490,45,18,36,42,20,651,26099
99028,2001,A611,Major,A6002,LA Boundary,454600,347000,53.01754307,-1.18754783,0.5,0.3,Counted,Manual count,180,453,23521,460,3085,541,60,68,18,61,23,771,28290
99028,2002,A611,Major,A6002,LA Boundary,454600,347000,53.01754307,-1.18754783,0.5,0.3,Estimated,Estimated using AADF from previous year on this link,188,458,23474,470,3091,521,62,70,16,53,25,747,28240
99028,2003,A611,Major,A6002,LA Boundary,454600,347000,53.01754307,-1.18754783,0.5,0.3,Estimated,Estimated using AADF from previous year on this link,168,514,23145,419,3370,559,71,82,16,47,28,803,28251
99028,2004,A611,Major,A6002,LA Boundary,454600,347000,53.01754307,-1.18754783,0.5,0.3,Estimated,Estimated using AADF from previous year on this link,136,453,23192,390,3338,562,74,90,15,42,30,813,28186
99028,2005,A611,Major,A6002,LA Boundary,454600,347000,53.01754307,-1.18754783,0.5,0.3,Estimated,Estimated using AADF from previous year on this link,115,458,22612,384,3426,540,69,91,13,36,32,781,27661
99028,2006,A611,Major,A6002,LA Boundary,454600,347000,53.01754307,-1.18754783,0.5,0.3,Estimated,Estimated using AADF from previous year on this link,180,476,22680,378,3480,551,69,99,12,32,35,798,27812
99028,2007,A611,Major,A6002,LA Boundary,454600,347000,53.01754307,-1.18754783,0.5,0.3,Estimated,Estimated using AADF from previous year on this link,113,481,21613,364,3797,545,69,107,10,31,35,797,27052
99028,2008,A611,Major,A6002,LA Boundary,454600,347000,53.01754307,-1.18754783,0.5,0.3,Estimated,Estimated using AADF from previous year on this link,127,448,21203,367,3976,523,74,109,9,27,35,777,26771
99028,2009,A611,Major,A6002,LA Boundary,454600,347000,53.01754307,-1.18754783,0.5,0.3,Counted,Manual count,271,331,24230,360,3581,586,73,83,33,65,50,890,29392
99028,2010,A611,Major,A6002,LA Boundary,454600,347000,53.01754307,-1.18754783,0.5,0.3,Estimated,Estimated using AADF from previous year on this link,271,305,23721,379,3599,582,69,68,35,57,47,858,28862
99028,2011,A611,Major,A6002,LA Boundary,454600,347000,53.01754307,-1.18754783,0.5,0.3,Estimated,Estimated using AADF from previous year on this link,299,323,23602,379,3710,580,74,76,27,57,50,864,28878
99028,2012,A611,Major,A6002,LA Boundary,454600,347000,53.01754307,-1.18754783,0.5,0.3,Counted,Manual count,244,237,22885,258,3276,399,77,144,19,38,24,700,27356
99028,2013,A611,Major,A6002,LA Boundary,454600,347000,53.01754307,-1.18754783,0.5,0.3,Estimated,Estimated using AADF from previous year on this link,241,237,22755,242,3313,397,83,162,14,35,24,715,27264
99028,2014,A611,Major,A6002,LA Boundary,454600,347000,53.01754307,-1.18754783,0.5,0.3,Estimated,Estimated using AADF from previous year on this link,234,252,22520,257,3773,420,95,182,15,34,27,773,27575
99028,2015,A611,Major,A6002,LA Boundary,454600,347000,53.01754307,-1.18754783,0.5,0.3,Estimated,Estimated using AADF from previous year on this link,217,257,22106,255,3968,408,99,177,18,34,27,764,27351
99028,2016,A611,Major,A6002,LA Boundary,454600,347000,53.01754307,-1.18754783,0.5,0.3,Estimated,Estimated using AADF from previous year on this link,203,251,22451,236,4335,414,99,200,19,30,26,788,28062
99028,2017,A611,Major,A6002,LA Boundary,454600,347000,53.01754307,-1.18754783,0.5,0.3,Counted,Manual count,221,192,22897,227,3731,348,51,125,31,39,40,635,27682
99028,2018,A611,Major,A6002,LA Boundary,454600,347000,53.01754307,-1.18754783,0.5,0.3,Estimated,Estimated using AADF from previous year on this link,244,190,22645,206,3801,351,51,122,32,40,42,638,27479
99028,2019,A611,Major,A6002,LA Boundary,454600,347000,53.01754307,-1.18754783,0.5,0.3,Estimated,Estimated using AADF from previous year on this link,268,178,22929,208,3768,347,51,122,33,42,42,637,27719
99028,2020,A611,Major,A6002,LA Boundary,454600,347000,53.01754307,-1.18754783,0.5,0.3,Estimated,Estimated using AADF from previous year on this link,306,132,17416,131,3325,305,45,109,28,37,37,560,21565
99028,2021,A611,Major,A6002,LA Boundary,454600,347000,53.01754307,-1.18754783,0.5,0.3,Counted,Manual count,215,163,21209,163,4477,590,50,119,16,46,39,859,26872
99028,2022,A611,Major,A6002,LA Boundary,454600,347000,53.01754307,-1.18754783,0.5,0.3,Estimated,Estimated using AADF from previous year on this link,193,179,22654,175,4854,610,51,126,17,47,40,892,28753
99028,2023,A611,Major,A6002,LA Boundary,454600,347000,53.01754307,-1.18754783,0.5,0.3,Estimated,Estimated using AADF from previous year on this link,190,176,23080,176,4936,603,51,125,17,46,39,879,29247
99028,2024,A611,Major,A6002,LA Boundary,454600,347000,53.01754307,-1.18754783,0.5,0.3,Estimated,Estimated using AADF from previous year on this link,192,181,23429,177,5025,612,51,122,16,44,37,882,29695
99028,2025,A611,Major,A6002,LA Boundary,454600,347000,53.01754307,-1.18754783,0.5,0.3,Counted,Manual count,195,183,22197,166,3790,349,52,89,17,54,45,607,26943
99033,2000,A612,Major,A6011 roundabout,LA Boundary,459995,339622,52.95065353,-1.10850326,2.7,1.7,Counted,Manual count,275,269,21102,221,2981,878,149,145,118,196,93,1579,26152
99033,2001,A612,Major,A6011 roundabout,LA Boundary,459995,339622,52.95065353,-1.10850326,2.7,1.7,Estimated,Estimated using AADF from previous year on this link,264,279,21524,225,2969,860,171,145,103,168,104,1551,26548
99033,2002,A612,Major,A6011 roundabout,LA Boundary,459995,339622,52.95065353,-1.10850326,2.7,1.7,Counted,Manual count,192,296,20615,232,2920,891,261,140,84,155,155,1686,25749
99033,2003,A612,Major,A6011 roundabout,LA Boundary,459995,339622,52.95065353,-1.10850326,2.7,1.7,Counted,Manual count,460,286,21825,204,3279,900,221,174,63,179,179,1716,27310
99033,2004,A612,Major,A6011 roundabout,LA Boundary,459995,339622,52.95065353,-1.10850326,2.7,1.7,Counted,Manual count,380,252,19585,287,3446,825,199,299,117,193,100,1733,25303
99033,2005,A612,Major,A6011 roundabout,LA Boundary,459995,339622,52.95065353,-1.10850326,2.7,1.7,Counted,Manual count,412,230,21147,366,3522,834,212,214,88,184,127,1659,26924
99033,2006,A612,Major,A6011 roundabout,LA Boundary,459995,339622,52.95065353,-1.10850326,2.7,1.7,Counted,Manual count,302,234,20128,405,3619,1070,232,271,66,102,191,1932,26318
99033,2007,A612,Major,A6011 roundabout,LA Boundary,459995,339622,52.95065353,-1.10850326,2.7,1.7,Counted,Manual count,252,213,21348,311,3332,819,227,241,108,152,171,1718,26922
99033,2008,A612,Major,A6011,LA Boundary,459995,339622,52.95065353,-1.10850326,2.7,1.7,Counted,Manual count,255,191,19606,355,2722,539,196,164,33,64,241,1237,24111
99033,2009,A612,Major,A6011,LA Boundary,459995,339622,52.95065353,-1.10850326,2.7,1.7,Estimated,Estimated using AADF from previous year on this link,255,180,19292,347,2948,519,205,164,31,56,239,1214,23981
99033,2010,A612,Major,A6011,LA Boundary,459995,339622,52.95065353,-1.10850326,2.7,1.7,Estimated,Estimated using AADF from previous year on this link,255,166,18887,365,2962,515,194,134,34,49,222,1148,23528
99033,2011,A612,Major,A6011,LA Boundary,459995,339622,52.95065353,-1.10850326,2.7,1.7,Estimated,Estimated using AADF from previous year on this link,281,176,18792,365,3053,513,208,150,26,49,234,1180,23566
99033,2012,A612,Major,A6011,LA Boundary,459995,339622,52.95065353,-1.10850326,2.7,1.7,Counted,Manual count,456,234,20533,281,3629,639,155,227,99,141,142,1403,26080
99033,2013,A612,Major,A6011,LA Boundary,459995,339622,52.95065353,-1.10850326,2.7,1.7,Estimated,Estimated using AADF from previous year on this link,450,234,20417,264,3671,637,166,255,73,132,142,1406,25991
99033,2014,A612,Major,A6011,LA Boundary,459995,339622,52.95065353,-1.10850326,2.7,1.7,Estimated,Estimated using AADF from previous year on this link,437,248,20205,281,4180,673,190,288,77,129,161,1519,26432
99033,2015,A612,Major,A6011,LA Boundary,459995,339622,52.95065353,-1.10850326,2.7,1.7,Estimated,Estimated using AADF from previous year on this link,406,253,19834,278,4397,655,200,280,94,127,159,1515,26277
99033,2016,A612,Major,A6011,LA Boundary,459995,339622,52.95065353,-1.10850326,2.7,1.7,Estimated,Estimated using AADF from previous year on this link,378,247,20144,258,4802,664,198,316,98,113,156,1545,26996
99033,2017,A612,Major,A6011,LA Boundary,459995,339622,52.95065353,-1.10850326,2.7,1.7,Estimated,Estimated using AADF from previous year on this link,362,250,19995,241,5056,659,202,324,102,112,163,1561,27102
99033,2018,A612,Major,A6011,LA Boundary,459995,339622,52.95065353,-1.10850326,2.8,1.7,Counted,Manual count,331,252,19072,273,3297,643,144,182,32,147,101,1249,24144
99033,2019,A612,Major,A6011,LA Boundary,459995,339622,52.95065353,-1.10850326,2.8,1.7,Estimated,Estimated using AADF from previous year on this link,363,237,19311,276,3268,635,147,183,33,151,101,1250,24342
99033,2020,A612,Major,A6011,LA Boundary,459995,339622,52.95065353,-1.10850326,2.8,1.7,Estimated,Estimated using AADF from previous year on this link,415,175,14669,174,2884,558,127,164,28,134,88,1099,19002
99033,2021,A612,Major,A6011,LA Boundary,459995,339622,52.95065353,-1.10850326,2.8,1.7,Estimated,Estimated using AADF from previous year on this link,339,185,16161,180,3144,597,137,179,31,143,94,1180,20851
99033,2022,A612,Major,A6011,LA Boundary,459995,339622,52.95065353,-1.10850326,2.8,1.7,Counted,Manual count,432,186,19106,214,3978,422,88,433,9,45,227,1224,24709
99033,2023,A612,Major,A6011,LA Boundary,459995,339622,52.95065353,-1.10850326,2.8,1.7,Estimated,Estimated using AADF from previous year on this link,425,183,19465,216,4046,417,86,427,9,44,219,1202,25113
99033,2024,A612,Major,A6011,LA Boundary,459995,339622,52.95065353,-1.10850326,2.8,1.7,Estimated,Estimated using AADF from previous year on this link,430,189,19760,217,4118,424,87,417,9,42,211,1190,25474
99033,2025,A612,Major,A6011,LA Boundary,459995,339622,52.95065353,-1.10850326,2.8,1.7,Estimated,Estimated using AADF from previous year on this link,431,193,19784,212,4203,419,87,427,9,41,207,1191,25583
99034,2000,A612,Major,Southwell Road,A6011,458250,339560,52.95028814,-1.13448337,1,0.6,Counted,Manual count,219,160,17362,354,2948,633,105,60,17,34,28,877,21701
99034,2001,A612,Major,Southwell Road,A6011,458250,339560,52.95028814,-1.13448337,1,0.6,Estimated,Estimated using AADF from previous year on this link,210,165,17710,360,2937,621,121,60,15,29,32,878,22050
99034,2002,A612,Major,Southwell Road,A6011,458250,339560,52.95028814,-1.13448337,1,0.6,Estimated,Estimated using AADF from previous year on this link,218,167,17675,368,2943,598,126,62,13,25,35,859,22012
99034,2003,A612,Major,Southwell Road,A6011,458250,339560,52.95028814,-1.13448337,1,0.6,Estimated,Estimated using AADF from previous year on this link,195,188,17428,328,3208,642,142,73,13,23,39,932,22084
99034,2004,A612,Major,Southwell Road,A6011,458250,339560,52.95028814,-1.13448337,1,0.6,Estimated,Estimated using AADF from previous year on this link,158,165,17462,306,3179,644,152,80,12,19,42,949,22061
99034,2005,A612,Major,Southwell Road,A6011,458250,339560,52.95028814,-1.13448337,1,0.6,Estimated,Estimated using AADF from previous year on this link,133,167,17026,300,3261,619,142,81,10,17,44,913,21667
99034,2006,A612,Major,Southwell Road,A6011,458250,339560,52.95028814,-1.13448337,1,0.6,Estimated,Estimated using AADF from previous year on this link,209,174,17077,296,3314,634,142,87,10,15,48,936,21797
99034,2007,A612,Major,Southwell Road,A6011,458250,339560,52.95028814,-1.13448337,1,0.6,Estimated,Estimated using AADF from previous year on this link,131,175,16275,284,3616,625,139,95,8,14,49,930,21280
99034,2008,A612,Major,B686,A6011,458250,339560,52.95028814,-1.13448337,1,0.6,Counted,Manual count,262,156,19669,369,3066,451,83,64,21,36,61,716,23976
99034,2009,A612,Major,B686,A6011,458250,339560,52.95028814,-1.13448337,1,0.6,Estimated,Estimated using AADF from previous year on this link,262,148,19354,361,3320,434,87,64,20,32,61,698,23881
99034,2010,A612,Major,B686,A6011,458250,339560,52.95028814,-1.13448337,1,0.6,Estimated,Estimated using AADF from previous year on this link,262,136,18948,379,3337,430,83,52,22,28,57,672,23472
99034,2011,A612,Major,B686,A6011,458250,339560,52.95028814,-1.13448337,1,0.6,Estimated,Estimated using AADF from previous year on this link,289,144,18853,379,3440,428,89,59,17,28,60,681,23497
99034,2012,A612,Major,B686,A6011,458250,339560,52.95028814,-1.13448337,1,0.6,Counted,Manual count,258,156,17220,365,3061,409,97,79,12,31,25,654,21455
99034,2013,A612,Major,B686,A6011,458250,339560,52.95028814,-1.13448337,1,0.6,Estimated,Estimated using AADF from previous year on this link,255,156,17122,343,3097,408,104,89,9,29,25,665,21382
99034,2014,A612,Major,B686,A6011,458250,339560,52.95028814,-1.13448337,1,0.6,Estimated,Estimated using AADF from previous year on this link,248,166,16945,364,3526,431,119,101,10,28,29,718,21718
99034,2015,A612,Major,B686,A6011,458250,339560,52.95028814,-1.13448337,1,0.6,Estimated,Estimated using AADF from previous year on this link,230,168,16634,361,3709,419,125,98,12,28,28,710,21582
99034,2016,A612,Major,B686,A6011,458250,339560,52.95028814,-1.13448337,1,0.6,Estimated,Estimated using AADF from previous year on this link,214,165,16893,334,4051,425,124,110,12,25,28,725,22168
99034,2017,A612,Major,B686,A6011,458250,339560,52.95028814,-1.13448337,1,0.6,Estimated,Estimated using AADF from previous year on this link,205,166,16769,312,4265,422,126,113,13,25,29,728,22240
99034,2018,A612,Major,B686,A6011,458250,339560,52.95028814,-1.13448337,1.1,0.7,Counted,Manual count,224,214,16413,205,3109,429,93,72,23,47,54,719,20660
99034,2019,A612,Major,B686,A6011,458250,339560,52.95028814,-1.13448337,1.1,0.7,Estimated,Estimated using AADF from previous year on this link,246,201,16619,207,3081,424,95,73,23,48,54,718,20826
99034,2020,A612,Major,B686,A6011,458250,339560,52.95028814,-1.13448337,1.1,0.7,Estimated,Estimated using AADF from previous year on this link,282,149,12623,131,2719,373,82,65,20,43,47,631,16253
99034,2021,A612,Major,B686,A6011,458250,339560,52.95028814,-1.13448337,1.1,0.7,Estimated,Estimated using AADF from previous year on this link,230,157,13907,135,2965,399,88,71,22,46,51,677,17841
99034,2022,A612,Major,B686,A6011,458250,339560,52.95028814,-1.13448337,1.1,0.7,Estimated,Estimated using AADF from previous year on this link,206,172,14854,145,3214,413,91,76,23,47,52,701,19086
99034,2023,A612,Major,B686,A6011,458250,339560,52.95028814,-1.13448337,1.1,0.7,Estimated,Estimated using AADF from previous year on this link,202,169,15134,146,3268,408,90,74,23,46,50,690,19408
99034,2024,A612,Major,B686,A6011,458250,339560,52.95028814,-1.13448337,1.1,0.7,Counted,Manual count,211,180,16157,219,2723,204,84,48,9,20,40,405,19685
99034,2025,A612,Major,B686,A6011,458250,339560,52.95028814,-1.13448337,1.1,0.7,Estimated,Estimated using AADF from previous year on this link,211,184,16176,214,2779,202,85,50,10,19,39,404,19757
99035,2000,A612,Major,Lower Parliament St,B686,458000,339900,52.95337118,-1.13814318,0.2,0.1,Estimated,Estimated using AADF from previous year on this link,153,143,13565,1181,1833,288,34,27,16,22,8,395,17117
99035,2001,A612,Major,Lower Parliament St,B686,458000,339900,52.95337118,-1.13814318,0.2,0.1,Estimated,Estimated using AADF from previous year on this link,146,149,13145,1237,1846,275,38,26,13,18,8,378,16755
99035,2002,A612,Major,Lower Parliament St,B686,458000,339900,52.95337118,-1.13814318,0.2,0.1,Estimated,Estimated using AADF from previous year on this link,152,154,13355,1247,1979,259,39,27,12,15,9,361,17096
99035,2003,A612,Major,Lower Parliament St,B686,458000,339900,52.95337118,-1.13814318,0.2,0.1,Estimated,Estimated using AADF from previous year on this link,136,219,12861,1214,2149,251,40,28,12,14,10,355,16798
99035,2004,A612,Major,Lower Parliament St,B686,458000,339900,52.95337118,-1.13814318,0.2,0.1,Estimated,Estimated using AADF from previous year on this link,110,144,13028,994,2366,306,51,38,12,12,11,430,16962
99035,2005,A612,Major,Lower Parliament St,B686,458000,339900,52.95337118,-1.13814318,0.2,0.1,Estimated,Estimated using AADF from previous year on this link,94,118,12429,939,2522,331,54,44,10,10,11,460,16468
99035,2006,A612,Major,Lower Parliament St,B686,458000,339900,52.95337118,-1.13814318,0.2,0.1,Estimated,Estimated using AADF from previous year on this link,146,103,12193,871,2560,319,51,44,7,8,11,440,16167
99035,2007,A612,Major,Lower Parliament St,B686,458000,339900,52.95337118,-1.13814318,0.2,0.1,Estimated,Estimated using AADF from previous year on this link,91,98,11997,792,2696,297,47,45,6,7,10,412,15995
99035,2008,A612,Major,A6008,B686,458000,339900,52.95337118,-1.13814318,0.2,0.1,Estimated,Estimated using AADF from previous year on this link,102,94,11734,688,2752,297,53,48,5,6,10,419,15687
99035,2009,A612,Major,A6008,B686,458000,339900,52.95337118,-1.13814318,0.2,0.1,Counted,Manual count,197,97,11599,859,1678,235,45,17,13,13,15,338,14571
99035,2010,A612,Major,A6008,B686,458000,339900,52.95337118,-1.13814318,0.2,0.1,Estimated,Estimated using AADF from previous year on this link,198,92,11530,973,1792,250,45,14,15,12,15,351,14738
99035,2011,A612,Major,A6008,B686,458000,339900,52.95337118,-1.13814318,0.2,0.1,Estimated,Estimated using AADF from previous year on this link,218,77,11495,920,1999,254,49,16,12,12,16,359,14850
99035,2012,A612,Major,A6008,B686,458000,339900,52.95337118,-1.13814318,0.2,0.1,Estimated,Estimated using AADF from previous year on this link,206,74,11316,1000,2023,257,53,18,8,11,15,363,14775
99035,2013,A612,Major,A6008,B686,458000,339900,52.95337118,-1.13814318,0.2,0.1,Estimated,Estimated using AADF from previous year on this link,204,82,11216,1046,2102,259,58,21,6,10,16,370,14815
99035,2014,A612,Major,A6008,B686,458000,339900,52.95337118,-1.13814318,0.2,0.1,Estimated,Estimated using AADF from previous year on this link,198,79,11520,1007,2248,265,64,23,6,8,15,381,15234
99035,2015,A612,Major,A6008,B686,458000,339900,52.95337118,-1.13814318,0.2,0.1,Estimated,Estimated using AADF from previous year on this link,184,69,11748,1085,2358,252,66,22,7,8,14,368,15627
99035,2016,A612,Major,A6008,B686,458000,339900,52.95337118,-1.13814318,0.2,0.1,Estimated,Estimated using AADF from previous year on this link,171,68,11931,1005,2575,255,65,24,7,7,14,373,15952
99035,2017,A612,Major,A6008,B686,458000,339900,52.95337118,-1.13814318,0.2,0.1,Counted,Manual count,186,122,12152,598,1873,135,35,12,17,11,17,227,14971
99035,2018,A612,Major,A6008,B686,458000,339900,52.95337118,-1.13814318,0.2,0.1,Estimated,Estimated using AADF from previous year on this link,206,121,12018,542,1908,136,35,11,17,12,18,229,14818
99035,2019,A612,Major,A6008,B686,458000,339900,52.95337118,-1.13814318,0.2,0.1,Estimated,Estimated using AADF from previous year on this link,226,113,12169,548,1891,134,36,11,17,12,18,228,14950
99035,2020,A612,Major,A6008,B686,458000,339900,52.95337118,-1.13814318,0.2,0.1,Estimated,Estimated using AADF from previous year on this link,258,84,9243,346,1669,118,31,10,15,11,15,200,11542
99035,2021,A612,Major,A6008,B686,458000,339900,52.95337118,-1.13814318,0.2,0.1,Estimated,Estimated using AADF from previous year on this link,211,89,10183,357,1820,126,33,11,16,11,16,215,12664
99035,2022,A612,Major,A6008,B686,458000,339900,52.95337118,-1.13814318,0.2,0.1,Estimated,Estimated using AADF from previous year on this link,189,97,10877,384,1973,131,34,12,17,11,17,222,13552
99035,2023,A612,Major,A6008,B686,458000,339900,52.95337118,-1.13814318,0.2,0.1,Estimated,Estimated using AADF from previous year on this link,186,96,11081,388,2006,129,34,12,17,11,16,219,13789
99035,2024,A612,Major,A6008,B686,458000,339900,52.95337118,-1.13814318,0.2,0.1,Estimated,Estimated using AADF from previous year on this link,188,98,11249,389,2042,131,34,11,17,11,16,220,13998
99035,2025,A612,Major,A6008,B686,458000,339900,52.95337118,-1.13814318,0.2,0.1,Counted,Manual count,424,151,12345,546,1795,117,36,29,7,10,24,223,15059
99037,2000,A60,Major,Huntingdon St,Lower Parliament St,457470,340250,52.95657396,-1.14596924,0.3,0.2,Estimated,Estimated using AADF from previous year on this link,86,186,13484,95,1527,322,29,10,15,8,3,387,15679
99037,2001,A60,Major,Huntingdon St,Lower Parliament St,457470,340250,52.95657396,-1.14596924,0.3,0.2,Estimated,Estimated using AADF from previous year on this link,82,195,13066,99,1538,307,32,10,12,6,3,370,15268
99037,2002,A60,Major,Huntingdon St,Lower Parliament St,457470,340250,52.95657396,-1.14596924,0.3,0.2,Estimated,Estimated using AADF from previous year on this link,85,202,13275,100,1649,290,33,10,11,5,3,352,15578
99037,2003,A60,Major,Huntingdon St,Lower Parliament St,457470,340250,52.95657396,-1.14596924,0.3,0.2,Counted,Manual count,162,174,11920,70,1416,198,30,25,12,11,3,279,13859
99037,2004,A60,Major,Huntingdon St,Lower Parliament St,457470,340250,52.95657396,-1.14596924,0.3,0.2,Estimated,Estimated using AADF from previous year on this link,131,114,12075,58,1559,241,39,33,13,10,4,340,14146
99037,2005,A60,Major,Huntingdon St,Lower Parliament St,457470,340250,52.95657396,-1.14596924,0.3,0.2,Estimated,Estimated using AADF from previous year on this link,111,94,11519,54,1662,261,41,38,10,8,4,362,13691
99037,2006,A60,Major,Huntingdon St,Lower Parliament St,457470,340250,52.95657396,-1.14596924,0.3,0.2,Estimated,Estimated using AADF from previous year on this link,174,82,11300,50,1687,252,39,39,8,6,4,348,13467
99037,2007,A60,Major,Huntingdon St,Lower Parliament St,457470,340250,52.95657396,-1.14596924,0.3,0.2,Estimated,Estimated using AADF from previous year on this link,109,78,11120,46,1777,234,36,40,7,6,3,326,13347
99037,2008,A60,Major,A60 Huntingdon Street,A6008 Lower Parliament Street,457470,340250,52.95657396,-1.14596924,0.3,0.2,Estimated,Estimated using AADF from previous year on this link,122,75,10875,40,1814,233,40,42,6,5,3,329,13133
99037,2009,A60,Major,A60 Huntingdon Street,A6008 Lower Parliament Street,457470,340250,52.95657396,-1.14596924,0.3,0.2,Estimated,Estimated using AADF from previous year on this link,122,84,11114,40,1841,212,40,40,6,4,3,305,13384
99037,2010,A60,Major,A60 Huntingdon Street,A6008 Lower Parliament Street,457470,340250,52.95657396,-1.14596924,0.3,0.2,Estimated,Estimated using AADF from previous year on this link,123,80,11047,45,1966,226,41,35,7,4,3,316,13454
99037,2011,A60,Major,A60 Huntingdon Street,A6008 Lower Parliament Street,457470,340250,52.95657396,-1.14596924,0.3,0.2,Counted,Manual count,63,81,9799,50,1123,110,19,7,9,7,4,156,11209
99037,2012,A60,Major,A60 Huntingdon Street,A6008 Lower Parliament Street,457470,340250,52.95657396,-1.14596924,0.3,0.2,Estimated,Estimated using AADF from previous year on this link,60,77,9646,54,1136,111,21,8,6,6,4,156,11070
99037,2013,A60,Major,A60 Huntingdon Street,A6008 Lower Parliament Street,457470,340250,52.95657396,-1.14596924,0.3,0.2,Estimated,Estimated using AADF from previous year on this link,59,86,9561,57,1181,112,23,9,5,6,4,158,11043
99037,2014,A60,Major,A60 Huntingdon Street,A6008 Lower Parliament Street,457470,340250,52.95657396,-1.14596924,0.3,0.2,Estimated,Estimated using AADF from previous year on this link,57,83,9820,55,1263,115,25,10,4,5,4,162,11383
99037,2015,A60,Major,A60 Huntingdon Street,A6008 Lower Parliament Street,457470,340250,52.95657396,-1.14596924,0.3,0.2,Estimated,Estimated using AADF from previous year on this link,53,73,10015,59,1324,109,26,9,5,5,4,157,11628
99037,2016,A60,Major,A60 Huntingdon Street,A6008 Lower Parliament Street,457470,340250,52.95657396,-1.14596924,0.3,0.2,Estimated,Estimated using AADF from previous year on this link,49,71,10171,55,1447,110,25,11,5,4,3,159,11903
99037,2017,A60,Major,A60 Huntingdon Street,A6008 Lower Parliament Street,457470,340250,52.95657396,-1.14596924,0.3,0.2,Estimated,Estimated using AADF from previous year on this link,47,72,10096,51,1523,110,26,11,5,4,4,159,11901
99037,2018,A60,Major,A60 Huntingdon Street,A6008 Lower Parliament Street,457470,340250,52.95657396,-1.14596924,0.3,0.2,Estimated,Estimated using AADF from previous year on this link,52,71,9985,46,1551,111,26,11,5,4,4,160,11814
99037,2019,A60,Major,A60 Huntingdon Street,A6008 Lower Parliament Street,457470,340250,52.95657396,-1.14596924,0.3,0.2,Counted,Manual count,111,72,8182,32,1103,88,14,22,5,0,3,131,9521
99037,2020,A60,Major,A60 Huntingdon Street,A6008 Lower Parliament Street,457470,340250,52.95657396,-1.14596924,0.3,0.2,Estimated,Estimated using AADF from previous year on this link,127,54,6215,20,974,78,12,20,4,0,2,115,7378
99037,2021,A60,Major,A60 Huntingdon Street,A6008 Lower Parliament Street,457470,340250,52.95657396,-1.14596924,0.3,0.2,Estimated,Estimated using AADF from previous year on this link,104,57,6847,21,1061,83,13,21,4,0,3,124,8110
99037,2022,A60,Major,A60 Huntingdon Street,A6008 Lower Parliament Street,457470,340250,52.95657396,-1.14596924,0.3,0.2,Estimated,Estimated using AADF from previous year on this link,93,62,7313,23,1151,86,13,23,4,0,3,129,8677
99037,2023,A60,Major,A60 Huntingdon Street,A6008 Lower Parliament Street,457470,340250,52.95657396,-1.14596924,0.3,0.2,Estimated,Estimated using AADF from previous year on this link,91,61,7451,23,1170,85,13,22,4,0,3,127,8832
99037,2024,A60,Major,A60 Huntingdon Street,A6008 Lower Parliament Street,457470,340250,52.95657396,-1.14596924,0.3,0.2,Estimated,Estimated using AADF from previous year on this link,92,63,7564,23,1191,86,13,22,4,0,2,128,8968
99037,2025,A60,Major,A60 Huntingdon Street,A6008 Lower Parliament Street,457470,340250,52.95657396,-1.14596924,0.3,0.2,Estimated,Estimated using AADF from previous year on this link,93,64,7573,22,1215,85,13,22,4,0,2,128,9002
99038,2000,A60,Major,King Edward Street,Lower Parliament St,457700,340150,52.9556505,-1.14256367,0.2,0.1,Estimated,Estimated using AADF from previous year on this link,174,229,22164,698,3014,502,69,20,23,20,41,675,26780
99038,2001,A60,Major,King Edward Street,Lower Parliament St,457700,340150,52.9556505,-1.14256367,0.2,0.1,Counted,Manual count,205,236,19682,608,2436,396,52,23,22,27,11,531,23493
99038,2002,A60,Major,King Edward Street,Lower Parliament St,457700,340150,52.9556505,-1.14256367,0.2,0.1,Estimated,Estimated using AADF from previous year on this link,213,239,19643,621,2441,381,54,24,20,23,12,514,23458
99038,2003,A60,Major,King Edward Street,Lower Parliament St,457700,340150,52.9556505,-1.14256367,0.2,0.1,Estimated,Estimated using AADF from previous year on this link,190,268,19368,555,2661,409,61,28,19,20,13,550,23402
99038,2004,A60,Major,King Edward Street,Lower Parliament St,457700,340150,52.9556505,-1.14256367,0.2,0.1,Estimated,Estimated using AADF from previous year on this link,154,236,19407,516,2637,410,65,31,18,18,14,556,23352
99038,2005,A60,Major,King Edward Street,Lower Parliament St,457700,340150,52.9556505,-1.14256367,0.2,0.1,Counted,Manual count,131,204,19312,540,2528,332,47,24,29,23,18,473,23057
99038,2006,A60,Major,King Edward Street,Lower Parliament St,457700,340150,52.9556505,-1.14256367,0.2,0.1,Estimated,Estimated using AADF from previous year on this link,205,212,19369,532,2569,340,47,26,26,20,20,479,23161
99038,2007,A60,Major,King Edward Street,Lower Parliament St,457700,340150,52.9556505,-1.14256367,0.2,0.1,Estimated,Estimated using AADF from previous year on this link,128,214,18459,511,2803,335,46,28,23,19,20,471,22458
99038,2008,A60,Major,A60 King Edward Street,A6008 Lower Parliament Street,457700,340150,52.9556505,-1.14256367,0.2,0.1,Estimated,Estimated using AADF from previous year on this link,144,200,18108,517,2934,322,50,28,20,17,20,457,22216
99038,2009,A60,Major,A60 King Edward Street,A6008 Lower Parliament Street,457700,340150,52.9556505,-1.14256367,0.2,0.1,Estimated,Estimated using AADF from previous year on this link,144,189,17818,506,3178,310,52,28,19,15,20,444,22135
99038,2010,A60,Major,A60 King Edward Street,A6008 Lower Parliament Street,457700,340150,52.9556505,-1.14256367,0.2,0.1,Counted,Manual count,142,156,14148,538,2158,258,40,18,17,14,7,354,17354
99038,2011,A60,Major,A60 King Edward Street,A6008 Lower Parliament Street,457700,340150,52.9556505,-1.14256367,0.2,0.1,Estimated,Estimated using AADF from previous year on this link,157,132,14106,508,2408,262,44,21,14,14,8,363,17517
99038,2012,A60,Major,A60 King Edward Street,A6008 Lower Parliament Street,457700,340150,52.9556505,-1.14256367,0.2,0.1,Estimated,Estimated using AADF from previous year on this link,148,126,13886,552,2437,265,48,24,10,12,8,367,17368
99038,2013,A60,Major,A60 King Edward Street,A6008 Lower Parliament Street,457700,340150,52.9556505,-1.14256367,0.2,0.1,Estimated,Estimated using AADF from previous year on this link,147,141,13763,577,2532,267,52,27,7,12,8,373,17387
99038,2014,A60,Major,A60 King Edward Street,A6008 Lower Parliament Street,457700,340150,52.9556505,-1.14256367,0.2,0.1,Estimated,Estimated using AADF from previous year on this link,142,135,14137,556,2708,273,58,30,6,10,7,384,17920
99038,2015,A60,Major,A60 King Edward Street,A6008 Lower Parliament Street,457700,340150,52.9556505,-1.14256367,0.2,0.1,Estimated,Estimated using AADF from previous year on this link,132,119,14417,599,2840,259,59,28,8,9,7,371,18345
99038,2016,A60,Major,A60 King Edward Street,A6008 Lower Parliament Street,457700,340150,52.9556505,-1.14256367,0.2,0.1,Estimated,Estimated using AADF from previous year on this link,123,116,14642,555,3102,263,59,32,8,8,7,377,18792
99038,2017,A60,Major,A60 King Edward Street,A6008 Lower Parliament Street,457700,340150,52.9556505,-1.14256367,0.2,0.1,Estimated,Estimated using AADF from previous year on this link,118,117,14534,518,3266,261,60,33,8,8,7,377,18812
99039,2000,A6011,Major,A6011 Lady Bay Bridge,A612,458440,339000,52.94523408,-1.13175646,0.3,0.2,Estimated,Estimated using AADF from previous year on this link,328,227,22193,112,4741,1028,179,165,106,150,99,1727,29000
99039,2001,A6011,Major,A6011 Lady Bay Bridge,A612,458440,339000,52.94523408,-1.13175646,0.3,0.2,Counted,Manual count,321,634,25625,67,3946,896,144,97,144,231,104,1616,31888
99039,2002,A6011,Major,A6011 Lady Bay Bridge,A612,458440,339000,52.94523408,-1.13175646,0.3,0.2,Estimated,Estimated using AADF from previous year on this link,334,641,25574,69,3954,863,150,101,131,200,114,1559,31797
99039,2003,A6011,Major,A6011 Lady Bay Bridge,A612,458440,339000,52.94523408,-1.13175646,0.3,0.2,Estimated,Estimated using AADF from previous year on this link,298,719,25216,61,4310,926,170,118,125,177,126,1642,31948
99039,2004,A6011,Major,A6011 Lady Bay Bridge,A612,458440,339000,52.94523408,-1.13175646,0.3,0.2,Estimated,Estimated using AADF from previous year on this link,241,634,25267,57,4271,930,180,130,119,157,138,1654,31883
99039,2005,A6011,Major,A6011 Lady Bay Bridge,A612,458440,339000,52.94523408,-1.13175646,0.3,0.2,Estimated,Estimated using AADF from previous year on this link,205,640,24635,56,4383,894,169,132,105,136,144,1580,31294
99039,2006,A6011,Major,A6011 Lady Bay Bridge,A612,458440,339000,52.94523408,-1.13175646,0.3,0.2,Estimated,Estimated using AADF from previous year on this link,321,665,24709,56,4452,914,169,143,95,121,156,1598,31480
99039,2007,A6011,Major,A6011 Lady Bay Bridge,A612,458440,339000,52.94523408,-1.13175646,0.3,0.2,Estimated,Estimated using AADF from previous year on this link,200,672,23547,54,4857,902,167,154,81,115,160,1579,30709
99039,2008,A6011,Major,A6011 Lady Bay Bridge,A612,458440,339000,52.94523408,-1.13175646,0.3,0.2,Estimated,Estimated using AADF from previous year on this link,224,627,23100,54,5086,866,180,158,71,102,156,1533,30400
99039,2009,A6011,Major,A6011 Lady Bay Bridge,A612,458440,339000,52.94523408,-1.13175646,0.3,0.2,Counted,Manual count,518,242,27179,118,4784,623,126,131,47,146,144,1217,33540
99039,2010,A6011,Major,A6011 Lady Bay Bridge,A612,458440,339000,52.94523408,-1.13175646,0.3,0.2,Estimated,Estimated using AADF from previous year on this link,518,223,26608,124,4808,618,119,107,50,128,133,1155,32918
99039,2011,A6011,Major,A6011 Lady Bay Bridge,A612,458440,339000,52.94523408,-1.13175646,0.3,0.2,Estimated,Estimated using AADF from previous year on this link,572,237,26475,124,4957,616,127,120,39,126,140,1168,32961
99039,2012,A6011,Major,A6011 Lady Bay Bridge,A612,458440,339000,52.94523408,-1.13175646,0.3,0.2,Estimated,Estimated using AADF from previous year on this link,541,214,26363,133,4760,545,121,120,28,117,139,1070,32540
99039,2013,A6011,Major,A6011 Lady Bay Bridge,A612,458440,339000,52.94523408,-1.13175646,0.3,0.2,Counted,Manual count,483,198,28313,117,4032,467,142,111,47,125,113,1005,33665
99039,2014,A6011,Major,A6011 Lady Bay Bridge,A612,458440,339000,52.94523408,-1.13175646,0.3,0.2,Estimated,Estimated using AADF from previous year on this link,468,211,28020,125,4591,493,162,126,50,123,127,1081,34027
99039,2015,A6011,Major,A6011 Lady Bay Bridge,A612,458440,339000,52.94523408,-1.13175646,0.3,0.2,Estimated,Estimated using AADF from previous year on this link,435,214,27505,123,4829,480,170,122,60,121,126,1079,33752
99039,2016,A6011,Major,A6011 Lady Bay Bridge,A612,458440,339000,52.94523408,-1.13175646,0.3,0.2,Estimated,Estimated using AADF from previous year on this link,406,210,27935,114,5275,486,169,138,63,107,124,1087,34621
99039,2017,A6011,Major,A6011 Lady Bay Bridge,A612,458440,339000,52.94523408,-1.13175646,0.3,0.2,Counted,Manual count,362,236,26507,114,5003,532,166,98,72,176,116,1160,33021
99039,2018,A6011,Major,A6011 Lady Bay Bridge,A612,458440,339000,52.94523408,-1.13175646,0.3,0.2,Estimated,Estimated using AADF from previous year on this link,400,234,26215,103,5097,537,165,95,74,182,122,1174,32823
99039,2019,A6011,Major,A6011 Lady Bay Bridge,A612,458440,339000,52.94523408,-1.13175646,0.3,0.2,Estimated,Estimated using AADF from previous year on this link,439,219,26544,105,5053,530,167,96,75,187,122,1177,33097
99039,2020,A6011,Major,A6011 Lady Bay Bridge,A612,458440,339000,52.94523408,-1.13175646,0.3,0.2,Estimated,Estimated using AADF from previous year on this link,502,162,20162,66,4459,466,145,86,65,165,106,1033,25883
99039,2021,A6011,Major,A6011 Lady Bay Bridge,A612,458440,339000,52.94523408,-1.13175646,0.3,0.2,Estimated,Estimated using AADF from previous year on this link,410,172,22213,68,4861,499,156,94,69,176,114,1108,28421
99039,2022,A6011,Major,A6011 Lady Bay Bridge,A612,458440,339000,52.94523408,-1.13175646,0.3,0.2,Estimated,Estimated using AADF from previous year on this link,367,188,23725,73,5270,516,161,100,72,181,116,1146,30402
99039,2023,A6011,Major,A6011 Lady Bay Bridge,A612,458440,339000,52.94523408,-1.13175646,0.3,0.2,Estimated,Estimated using AADF from previous year on this link,361,185,24171,74,5359,510,159,98,73,176,112,1127,30916
99039,2024,A6011,Major,A6011 Lady Bay Bridge,A612,458440,339000,52.94523408,-1.13175646,0.3,0.2,Counted,Manual count,246,300,30599,77,5421,494,221,226,19,27,340,1328,37724
99039,2025,A6011,Major,A6011 Lady Bay Bridge,A612,458440,339000,52.94523408,-1.13175646,0.3,0.2,Estimated,Estimated using AADF from previous year on this link,247,305,30635,75,5532,489,221,232,20,26,334,1323,37870
99702,2000,A6008,Major,Castle Boulevard,Middle Hill,457300,339470,52.94958126,-1.14863702,0.3,0.2,Estimated,Estimated using AADF from previous year on this link,120,289,29374,2504,2990,510,65,59,67,36,45,782,35939
99702,2001,A6008,Major,Castle Boulevard,Middle Hill,457300,339470,52.94958126,-1.14863702,0.3,0.2,Estimated,Estimated using AADF from previous year on this link,115,299,29961,2552,2978,500,75,59,59,31,50,774,36564
99702,2002,A6008,Major,Castle Boulevard,Middle Hill,457300,339470,52.94958126,-1.14863702,0.3,0.2,Estimated,Estimated using AADF from previous year on this link,120,302,29901,2608,2984,481,78,61,54,27,55,756,36551
99702,2003,A6008,Major,Castle Boulevard,Middle Hill,457300,339470,52.94958126,-1.14863702,0.3,0.2,Counted,Manual count,313,360,26326,1879,2854,568,66,31,52,27,15,759,32178
99702,2004,A6008,Major,Castle Boulevard,Middle Hill,457300,339470,52.94958126,-1.14863702,0.3,0.2,Estimated,Estimated using AADF from previous year on this link,254,318,26379,1748,2828,570,70,34,49,23,17,763,32036
99702,2005,A6008,Major,Castle Boulevard,Middle Hill,457300,339470,52.94958126,-1.14863702,0.3,0.2,Estimated,Estimated using AADF from previous year on this link,215,321,25719,1720,2902,548,66,35,43,20,18,730,31392
99702,2006,A6008,Major,Castle Boulevard,Middle Hill,457300,339470,52.94958126,-1.14863702,0.3,0.2,Estimated,Estimated using AADF from previous year on this link,337,334,25797,1692,2948,561,66,38,39,18,19,741,31512
99702,2007,A6008,Major,Castle Boulevard,Middle Hill,457300,339470,52.94958126,-1.14863702,0.3,0.2,Estimated,Estimated using AADF from previous year on this link,210,337,24584,1628,3217,553,65,41,34,17,20,730,30496
99702,2008,A6008,Major,A6008 Greyfriar Gate,A6008 Canal Street,457300,339470,52.94958126,-1.14863702,0.3,0.2,Estimated,Estimated using AADF from previous year on this link,236,314,24117,1644,3368,531,70,42,29,15,19,706,30149
99702,2009,A6008,Major,A6008 Greyfriar Gate,A6008 Canal Street,457300,339470,52.94958126,-1.14863702,0.3,0.2,Counted,Manual count,258,251,23726,2023,2980,345,47,21,24,30,24,491,29471
99702,2010,A6008,Major,A6008 Greyfriar Gate,A6008 Canal Street,457300,339470,52.94958126,-1.14863702,0.3,0.2,Estimated,Estimated using AADF from previous year on this link,258,231,23228,2126,2995,342,44,17,26,26,22,477,29057
99702,2011,A6008,Major,A6008 Greyfriar Gate,A6008 Canal Street,457300,339470,52.94958126,-1.14863702,0.3,0.2,Estimated,Estimated using AADF from previous year on this link,285,245,23112,2124,3088,341,47,19,20,26,23,476,29045
99702,2012,A6008,Major,A6008 Greyfriar Gate,A6008 Canal Street,457300,339470,52.94958126,-1.14863702,0.3,0.2,Estimated,Estimated using AADF from previous year on this link,270,221,23014,2283,2965,302,45,19,15,24,23,427,28910
99702,2013,A6008,Major,A6008 Greyfriar Gate,A6008 Canal Street,457300,339470,52.94958126,-1.14863702,0.3,0.2,Counted,Manual count,141,151,19596,1359,2513,311,68,34,31,37,22,502,24120
99702,2014,A6008,Major,A6008 Greyfriar Gate,A6008 Canal Street,457300,339470,52.94958126,-1.14863702,0.3,0.2,Estimated,Estimated using AADF from previous year on this link,137,161,19393,1442,2862,328,77,38,33,36,25,538,24395
99702,2015,A6008,Major,A6008 Greyfriar Gate,A6008 Canal Street,457300,339470,52.94958126,-1.14863702,0.3,0.2,Estimated,Estimated using AADF from previous year on this link,127,163,19037,1430,3010,319,81,37,40,36,24,538,24178
99702,2016,A6008,Major,A6008 Greyfriar Gate,A6008 Canal Street,457300,339470,52.94958126,-1.14863702,0.3,0.2,Estimated,Estimated using AADF from previous year on this link,119,160,19334,1325,3288,324,81,42,41,32,24,543,24649
99702,2017,A6008,Major,A6008 Greyfriar Gate,A6008 Canal Street,457300,339470,52.94958126,-1.14863702,0.3,0.2,Counted,Manual count,201,191,20028,1223,2871,284,63,35,25,29,26,463,24776
99702,2018,A6008,Major,A6008 Greyfriar Gate,A6008 Canal Street,457300,339470,52.94958126,-1.14863702,0.3,0.2,Estimated,Estimated using AADF from previous year on this link,222,189,19807,1110,2924,287,63,34,26,30,28,467,24497
99702,2019,A6008,Major,A6008 Greyfriar Gate,A6008 Canal Street,457300,339470,52.94958126,-1.14863702,0.3,0.2,Estimated,Estimated using AADF from previous year on this link,244,177,20056,1122,2899,283,64,34,26,31,28,466,24720
99702,2020,A6008,Major,A6008 Greyfriar Gate,A6008 Canal Street,457300,339470,52.94958126,-1.14863702,0.3,0.2,Estimated,Estimated using AADF from previous year on this link,279,131,15234,708,2558,249,55,31,23,28,24,409,19041
99702,2021,A6008,Major,A6008 Greyfriar Gate,A6008 Canal Street,457300,339470,52.94958126,-1.14863702,0.3,0.2,Estimated,Estimated using AADF from previous year on this link,228,139,16783,732,2789,266,59,33,24,29,26,439,20881
800268,2018,B680,Minor,,,456642,335701,52.91577383,-1.15908479,,,Counted,Manual count,299,20,3134,68,515,79,16,3,1,16,15,129,3866
800268,2019,B680,Minor,,,456642,335701,52.91577383,-1.15908479,,,Estimated,Estimated using AADF from previous year on this link,365,19,3144,67,522,79,16,3,1,16,14,129,3881
801330,2018,C,Minor,,,452711,338354,52.94001949,-1.2171083,,,Counted,Manual count,280,91,13460,169,1699,176,28,28,8,16,22,278,15697
801330,2019,C,Minor,,,452711,338354,52.94001949,-1.2171083,,,Estimated,Estimated using AADF from previous year on this link,323,85,13499,171,1685,167,28,25,8,16,22,268,15708
803981,2018,U,Minor,,,451552,339255,52.94822999,-1.23421015,,,Counted,Manual count,5,0,267,0,15,0,0,0,0,0,0,0,282
803981,2019,U,Minor,,,451552,339255,52.94822999,-1.23421015,,,Estimated,Estimated using AADF from previous year on this link,6,0,268,0,15,0,0,0,0,0,0,0,283
803982,2018,U,Minor,,,453608,340204,52.95655953,-1.20345809,,,Counted,Manual count,25,3,272,0,33,1,0,0,0,0,0,1,309
803982,2019,U,Minor,,,453608,340204,52.95655953,-1.20345809,,,Estimated,Estimated using AADF from previous year on this link,29,3,273,0,33,1,0,0,0,0,0,1,309
803983,2018,U,Minor,,,452317,339696,52.95212024,-1.22275515,,,Counted,Manual count,113,33,7154,105,701,13,1,2,0,1,0,16,8009
803983,2019,U,Minor,,,452317,339696,52.95212024,-1.22275515,,,Estimated,Estimated using AADF from previous year on this link,130,31,7175,106,696,12,1,2,0,1,0,15,8022
803984,2018,U,Minor,,,451893,342195,52.97462315,-1.22866728,,,Counted,Manual count,20,21,2120,186,337,16,1,0,0,0,0,17,2681
803984,2019,U,Minor,,,451893,342195,52.97462315,-1.22866728,,,Estimated,Estimated using AADF from previous year on this link,23,19,2126,189,334,15,1,0,0,0,0,16,2684
803984,2020,U,Minor,,,451893,342195,52.97462315,-1.22866728,,,Counted,Manual count,32,24,2048,94,366,21,3,0,0,0,0,24,2556
803984,2021,U,Minor,,,451893,342195,52.97462315,-1.22866728,,,Counted,Manual count,20,11,2016,165,337,12,2,0,0,0,0,14,2543
803984,2022,U,Minor,,,451893,342195,52.97462315,-1.22866728,,,Counted,Manual count,23,36,2151,138,343,5,1,1,0,0,0,6,2674
803984,2023,U,Minor,,,451893,342195,52.97462315,-1.22866728,,,Counted,Manual count,29,21,2263,122,340,3,0,0,0,0,0,3,2749
803984,2024,U,Minor,,,451893,342195,52.97462315,-1.22866728,,,Counted,Manual count,15,15,2189,143,332,4,1,3,2,0,0,10,2690
803984,2025,U,Minor,,,451893,342195,52.97462315,-1.22866728,,,Counted,Manual count,20,22,2142,145,332,9,5,2,1,2,1,19,2661
803985,2018,U,Minor,,,452338,341117,52.96489066,-1.22221439,,,Counted,Manual count,14,3,263,0,36,1,1,0,0,0,0,2,304
803985,2019,U,Minor,,,452338,341117,52.96489066,-1.22221439,,,Estimated,Estimated using AADF from previous year on this link,17,2,264,0,36,1,1,0,0,0,0,2,304
803985,2020,U,Minor,,,452338,341117,52.96489066,-1.22221439,,,Counted,Manual count,17,0,236,0,29,1,0,0,0,0,0,1,267
803985,2021,U,Minor,,,452338,341117,52.96489066,-1.22221439,,,Counted,Manual count,10,3,292,0,45,0,0,0,0,0,0,0,341
803985,2022,U,Minor,,,452338,341117,52.96489066,-1.22221439,,,Counted,Manual count,31,9,260,0,43,0,0,0,0,0,0,0,312
803985,2023,U,Minor,,,452338,341117,52.96489066,-1.22221439,,,Counted,Manual count,24,4,308,0,32,1,1,0,0,0,0,2,346
803985,2024,U,Minor,,,452338,341117,52.96489066,-1.22221439,,,Counted,Manual count,19,2,312,0,39,0,0,0,0,0,0,0,353
803985,2025,U,Minor,,,452338,341117,52.96489066,-1.22221439,,,Counted,Manual count,16,0,401,0,38,0,0,0,0,0,0,0,439
803986,2018,U,Minor,,,455942,340887,52.96246056,-1.16860177,,,Counted,Manual count,31,18,2745,1,447,9,3,0,0,0,0,12,3222
803986,2019,U,Minor,,,455942,340887,52.96246056,-1.16860177,,,Estimated,Estimated using AADF from previous year on this link,35,17,2753,1,443,9,3,0,0,0,0,11,3225
803987,2018,U,Minor,,,455281,339629,52.95122212,-1.17865466,,,Counted,Manual count,54,5,614,0,109,2,0,0,0,0,0,2,730
803987,2019,U,Minor,,,455281,339629,52.95122212,-1.17865466,,,Estimated,Estimated using AADF from previous year on this link,62,5,616,0,108,2,0,0,0,0,0,2,731
803987,2020,U,Minor,,,455281,339629,52.95122212,-1.17865466,,,Counted,Manual count,42,12,584,0,88,1,0,0,0,0,0,1,684
803987,2021,U,Minor,,,455281,339629,52.95122212,-1.17865466,,,Counted,Manual count,37,9,650,0,72,1,0,0,0,0,0,1,732
803987,2022,U,Minor,,,455281,339629,52.95122212,-1.17865466,,,Counted,Manual count,39,12,683,0,94,1,0,0,0,0,0,1,789
803987,2023,U,Minor,,,455281,339629,52.95122212,-1.17865466,,,Counted,Manual count,54,17,702,0,81,1,0,0,0,0,0,1,801
803987,2024,U,Minor,,,455281,339629,52.95122212,-1.17865466,,,Counted,Manual count,44,10,804,0,96,0,0,0,0,0,0,0,910
803987,2025,U,Minor,,,455281,339629,52.95122212,-1.17865466,,,Counted,Manual count,39,15,875,1,78,0,1,0,0,0,0,1,969
803988,2018,U,Minor,,,455461,343024,52.98171789,-1.17539577,,,Counted,Manual count,3,0,201,0,21,2,0,2,0,0,0,4,226
803988,2019,U,Minor,,,455461,343024,52.98171789,-1.17539577,,,Estimated,Estimated using AADF from previous year on this link,4,0,202,0,21,2,0,2,0,0,0,3,226
803989,2018,U,Minor,,,455267,342722,52.97902346,-1.1783364,,,Counted,Manual count,84,38,5091,48,1035,43,19,9,3,6,3,83,6295
803989,2019,U,Minor,,,455267,342722,52.97902346,-1.1783364,,,Estimated,Estimated using AADF from previous year on this link,97,35,5106,49,1027,41,19,8,3,6,3,80,6297
803989,2020,U,Minor,,,455267,342722,52.97902346,-1.1783364,,,Counted,Manual count,133,48,5049,1,1092,38,14,7,0,1,1,62,6252
803989,2021,U,Minor,,,455267,342722,52.97902346,-1.1783364,,,Counted,Manual count,138,45,5005,44,1192,45,9,23,1,2,6,86,6372
803989,2022,U,Minor,,,455267,342722,52.97902346,-1.1783364,,,Counted,Manual count,155,59,5402,47,1155,42,21,17,3,5,7,95,6759
803989,2023,U,Minor,,,455267,342722,52.97902346,-1.1783364,,,Counted,Manual count,136,47,4903,52,866,77,8,11,3,2,2,103,5971
803989,2024,U,Minor,,,455267,342722,52.97902346,-1.1783364,,,Estimated,Estimated using AADF from previous year on this link,133,47,4959,52,887,78,8,11,3,3,2,105,6050
803989,2025,U,Minor,,,455267,342722,52.97902346,-1.1783364,,,Counted,Manual count,157,44,5309,42,1034,44,12,10,7,15,15,102,6532
806383,2019,U,Minor,,,456198,342131,52.973615,-1.16457523,,,Counted,Manual count,10,1,428,0,67,1,0,0,0,0,0,1,497
806383,2020,U,Minor,,,456198,342131,52.973615,-1.16457523,,,Counted,Manual count,14,4,389,0,77,1,0,0,0,0,0,1,471
806383,2021,U,Minor,,,456198,342131,52.973615,-1.16457523,,,Counted,Manual count,17,3,421,0,92,0,0,0,0,0,0,0,516
806383,2022,U,Minor,,,456198,342131,52.973615,-1.16457523,,,Counted,Manual count,15,7,717,0,107,0,0,0,0,0,0,0,831
806383,2023,U,Minor,,,456198,342131,52.973615,-1.16457523,,,Counted,Manual count,14,2,452,0,88,1,0,0,0,0,0,1,542
806383,2024,U,Minor,,,456198,342131,52.973615,-1.16457523,,,Counted,Manual count,9,3,510,0,86,0,0,0,0,0,0,0,599
806383,2025,U,Minor,,,456198,342131,52.973615,-1.16457523,,,Counted,Manual count,13,10,537,0,80,1,0,0,0,0,0,1,628
806509,2019,U,Minor,,,455401,341468,52.96773862,-1.17655531,,,Counted,Manual count,92,22,3112,3,335,10,2,0,0,0,0,12,3484
806509,2020,U,Minor,,,455401,341468,52.96773862,-1.17655531,,,Counted,Manual count,154,21,2664,0,276,3,2,0,0,0,0,5,2966
806509,2021,U,Minor,,,455401,341468,52.96773862,-1.17655531,,,Estimated,Estimated using AADF from previous year on this link,134,22,2899,0,297,3,2,0,0,0,0,5,3224
806509,2022,U,Minor,,,455401,341468,52.96773862,-1.17655531,,,Counted,Manual count,133,33,2922,1,330,18,3,0,0,0,0,21,3307
806509,2023,U,Minor,,,455401,341468,52.96773862,-1.17655531,,,Counted,Manual count,101,17,3661,0,350,17,0,0,0,0,1,18,4045
806509,2024,U,Minor,,,455401,341468,52.96773862,-1.17655531,,,Counted,Manual count,110,20,3803,0,403,12,1,0,0,0,0,13,4239
806509,2025,U,Minor,,,455401,341468,52.96773862,-1.17655531,,,Counted,Manual count,117,28,3954,0,400,6,1,0,0,0,0,7,4388
806855,2019,U,Minor,,,455892,343824,52.98886377,-1.16883919,,,Counted,Manual count,22,17,775,23,101,2,0,0,0,0,0,2,918
806855,2020,U,Minor,,,455892,343824,52.98886377,-1.16883919,,,Counted,Manual count,31,6,680,28,110,1,1,0,0,0,0,2,825
806855,2021,U,Minor,,,455892,343824,52.98886377,-1.16883919,,,Counted,Manual count,36,13,665,17,112,3,3,0,0,0,0,5,813
806855,2022,U,Minor,,,455892,343824,52.98886377,-1.16883919,,,Counted,Manual count,15,13,694,18,109,1,2,0,0,0,0,3,836
806855,2023,U,Minor,,,455892,343824,52.98886377,-1.16883919,,,Counted,Manual count,26,14,824,11,112,1,0,0,0,0,0,1,962
806855,2024,U,Minor,,,455892,343824,52.98886377,-1.16883919,,,Counted,Manual count,17,6,716,15,93,2,0,0,0,0,0,2,833
806855,2025,U,Minor,,,455892,343824,52.98886377,-1.16883919,,,Estimated,Estimated using AADF from previous year on this link,17,7,717,15,95,2,0,0,0,0,0,2,836
806974,2019,U,Minor,,,457016,342891,52.98035983,-1.15226195,,,Counted,Manual count,16,7,624,0,96,3,1,2,0,0,0,5,733
807002,2019,U,Minor,,,452377,341845,52.97143035,-1.22151667,,,Counted,Manual count,156,29,1937,0,223,5,0,0,0,0,0,5,2194
807119,2019,U,Minor,,,457149,338596,52.94174153,-1.15103771,,,Counted,Manual count,116,18,3071,135,475,16,3,2,0,0,1,21,3720
807262,2019,U,Minor,,,455101,346200,53.01030135,-1.18021668,,,Counted,Manual count,58,71,9675,113,1669,22,4,1,1,2,3,33,11560
807262,2020,U,Minor,,,455101,346200,53.01030135,-1.18021668,,,Counted,Manual count,68,65,10111,43,2173,73,9,5,1,2,0,89,12480
807262,2021,U,Minor,,,455101,346200,53.01030135,-1.18021668,,,Counted,Manual count,37,95,9981,122,1988,38,5,4,0,3,0,50,12236
807262,2022,U,Minor,,,455101,346200,53.01030135,-1.18021668,,,Counted,Manual count,48,100,9803,122,1865,86,6,4,1,3,0,100,11990
807262,2023,U,Minor,,,455101,346200,53.01030135,-1.18021668,,,Counted,Manual count,51,65,9983,115,2070,60,8,9,0,3,0,79,12312
807262,2024,U,Minor,,,455101,346200,53.01030135,-1.18021668,,,Counted,Manual count,27,59,9653,106,2014,88,12,8,4,0,0,112,11943
807262,2025,U,Minor,,,455101,346200,53.01030135,-1.18021668,,,Counted,Manual count,46,72,10163,103,2385,84,16,10,2,2,2,117,12840
807301,2019,U,Minor,,,457205,340559,52.95937957,-1.1498591,,,Counted,Manual count,20,10,1636,0,251,11,3,0,0,0,0,14,1912
807301,2020,U,Minor,,,457205,340559,52.95937957,-1.1498591,,,Counted,Manual count,17,8,897,0,151,6,2,1,0,0,0,9,1064
807301,2021,U,Minor,,,457205,340559,52.95937957,-1.1498591,,,Counted,Manual count,21,16,1047,0,177,6,2,1,0,0,0,9,1249
807301,2022,U,Minor,,,457205,340559,52.95937957,-1.1498591,,,Counted,Manual count,24,16,1269,4,190,7,3,4,0,0,0,14,1494
807301,2023,U,Minor,,,457205,340559,52.95937957,-1.1498591,,,Counted,Manual count,24,8,1298,2,177,15,2,0,0,0,1,17,1503
807301,2024,U,Minor,,,457205,340559,52.95937957,-1.1498591,,,Counted,Manual count,19,15,1356,4,219,14,5,1,1,0,0,22,1615
807301,2025,U,Minor,,,457205,340559,52.95937957,-1.1498591,,,Counted,Manual count,21,7,1245,3,233,7,2,1,0,0,0,10,1498
807667,2019,U,Minor,,,455338,335083,52.91035451,-1.17857998,,,Counted,Manual count,28,2,131,0,34,3,1,0,0,0,0,4,171
808145,2019,U,Minor,,,457318,343607,52.98676315,-1.14763785,,,Counted,Manual count,3,3,650,2,65,2,0,0,0,0,0,2,723
808145,2020,U,Minor,,,457318,343607,52.98676315,-1.14763785,,,Estimated,Estimated using AADF from previous year on this link,4,2,512,1,57,2,0,0,0,0,0,2,573
808145,2021,U,Minor,,,457318,343607,52.98676315,-1.14763785,,,Counted,Manual count,1,5,596,1,122,6,1,0,0,0,0,7,731
808145,2022,U,Minor,,,457318,343607,52.98676315,-1.14763785,,,Counted,Manual count,5,5,614,0,112,1,0,0,0,0,0,1,731
808145,2023,U,Minor,,,457318,343607,52.98676315,-1.14763785,,,Counted,Manual count,3,8,652,0,125,2,0,0,0,0,0,2,787
808145,2024,U,Minor,,,457318,343607,52.98676315,-1.14763785,,,Counted,Manual count,11,10,757,4,113,2,0,0,0,0,0,2,886
808145,2025,U,Minor,,,457318,343607,52.98676315,-1.14763785,,,Counted,Manual count,5,1,717,0,95,2,0,0,0,0,0,2,815
808341,2019,B683,Minor,,,455932,343896,52.98950675,-1.16823097,,,Counted,Manual count,46,21,3108,40,492,22,11,8,0,0,0,41,3702
808341,2020,B683,Minor,,,455932,343896,52.98950675,-1.16823097,,,Counted,Manual count,122,41,2757,28,563,15,11,5,0,0,1,33,3422
808341,2021,B683,Minor,,,455932,343896,52.98950675,-1.16823097,,,Counted,Manual count,72,45,2779,24,578,18,5,9,0,2,1,35,3462
808341,2022,B683,Minor,,,455932,343896,52.98950675,-1.16823097,,,Counted,Manual count,76,24,3029,18,616,15,5,5,0,1,0,25,3712
808341,2023,B683,Minor,,,455932,343896,52.98950675,-1.16823097,,,Counted,Manual count,68,27,3070,15,508,20,3,4,6,0,0,32,3652
808341,2024,B683,Minor,,,455932,343896,52.98950675,-1.16823097,,,Counted,Manual count,68,24,3145,48,489,13,6,7,1,1,1,29,3736
808341,2025,B683,Minor,,,455932,343896,52.98950675,-1.16823097,,,Counted,Manual count,48,37,3902,36,681,84,7,10,1,2,1,106,4762
808556,2019,U,Minor,,,456812,340175,52.95596981,-1.1557759,,,Counted,Manual count,67,24,2831,365,341,19,5,2,0,0,0,26,3587
808724,2019,U,Minor,,,459625,340593,52.9594222,-1.11383139,,,Counted,Manual count,104,40,9064,174,1081,38,7,3,3,1,0,52,10411
809323,2019,U,Minor,,,457935,341297,52.96593464,-1.13886138,,,Counted,Manual count,37,12,1690,5,231,4,1,0,0,0,0,5,1942
809546,2019,U,Minor,,,455826,334508,52.90513591,-1.17142301,,,Counted,Manual count,51,5,746,0,101,3,0,1,3,0,0,7,859
809546,2020,U,Minor,,,455826,334508,52.90513591,-1.17142301,,,Estimated,Estimated using AADF from previous year on this link,69,4,587,0,88,2,0,1,2,0,0,5,684
809546,2021,U,Minor,,,455826,334508,52.90513591,-1.17142301,,,Counted,Manual count,56,9,744,1,102,1,0,0,0,0,0,1,856
809546,2022,U,Minor,,,455826,334508,52.90513591,-1.17142301,,,Counted,Manual count,56,6,730,0,123,4,0,0,0,0,1,5,864
809546,2023,U,Minor,,,455826,334508,52.90513591,-1.17142301,,,Counted,Manual count,18,3,832,0,118,3,0,0,0,0,0,3,955
809546,2024,U,Minor,,,455826,334508,52.90513591,-1.17142301,,,Counted,Manual count,28,2,709,0,103,2,0,0,0,0,0,2,816
809546,2025,U,Minor,,,455826,334508,52.90513591,-1.17142301,,,Counted,Manual count,44,2,812,0,101,0,1,0,0,0,0,1,916
809828,2019,U,Minor,,,453776,342729,52.97923772,-1.20053957,,,Counted,Manual count,43,29,1125,0,141,3,0,1,0,0,0,4,1299
809828,2020,U,Minor,,,453776,342729,52.97923772,-1.20053957,,,Counted,Manual count,36,24,1339,0,211,5,2,3,0,0,0,11,1585
809828,2021,U,Minor,,,453776,342729,52.97923772,-1.20053957,,,Counted,Manual count,37,7,1227,0,160,6,1,0,0,0,0,7,1400
809828,2022,U,Minor,,,453776,342729,52.97923772,-1.20053957,,,Counted,Manual count,31,13,1470,1,193,3,4,1,0,0,0,7,1684
809828,2023,U,Minor,,,453776,342729,52.97923772,-1.20053957,,,Counted,Manual count,36,11,1344,0,192,7,5,0,0,0,0,12,1559
809828,2024,U,Minor,,,453776,342729,52.97923772,-1.20053957,,,Counted,Manual count,39,4,1380,0,188,7,1,1,0,0,0,9,1581
809828,2025,U,Minor,,,453776,342729,52.97923772,-1.20053957,,,Estimated,Estimated using AADF from previous year on this link,39,5,1381,0,193,7,1,1,0,0,0,9,1588
810007,2019,U,Minor,,,452913,342428,52.976618,-1.21344085,,,Counted,Manual count,31,7,427,0,72,1,0,0,0,0,0,1,507
810007,2020,U,Minor,,,452913,342428,52.976618,-1.21344085,,,Counted,Manual count,40,5,517,0,54,1,0,0,0,0,0,1,576
810007,2021,U,Minor,,,452913,342428,52.976618,-1.21344085,,,Estimated,Estimated using AADF from previous year on this link,34,5,562,0,58,1,0,0,0,0,0,1,626
810007,2022,U,Minor,,,452913,342428,52.976618,-1.21344085,,,Counted,Manual count,58,8,419,0,90,0,1,0,0,0,0,1,518
810007,2023,U,Minor,,,452913,342428,52.976618,-1.21344085,,,Counted,Manual count,43,8,388,1,54,0,0,1,0,0,0,1,453
810007,2024,U,Minor,,,452913,342428,52.976618,-1.21344085,,,Counted,Manual count,41,8,408,0,87,2,0,0,0,0,0,2,504
810007,2025,U,Minor,,,452913,342428,52.976618,-1.21344085,,,Counted,Manual count,28,1,441,0,62,6,0,0,0,0,0,6,509
810055,2019,U,Minor,,,454630,333849,52.89933507,-1.18931341,,,Counted,Manual count,15,13,727,0,82,5,0,0,0,0,0,5,827
810226,2019,B680,Minor,,,456547,336739,52.92511385,-1.1603174,,,Counted,Manual count,228,27,3482,40,530,52,18,2,0,8,5,85,4164
810414,2019,U,Minor,,,457634,342364,52.97555726,-1.14315274,,,Counted,Manual count,12,2,1131,0,141,7,0,0,0,0,0,7,1282
820126,2020,U,Minor,,,454402,345505,53.00412588,-1.19075051,,,Counted,Manual count,94,3,55,0,6,0,0,0,0,0,0,0,64
820126,2021,U,Minor,,,454402,345505,53.00412588,-1.19075051,,,Estimated,Estimated using AADF from previous year on this link,81,3,60,0,6,0,0,0,0,0,0,0,69
820126,2022,U,Minor,,,454402,345505,53.00412588,-1.19075051,,,Estimated,Estimated using AADF from previous year on this link,79,3,63,0,7,0,0,0,0,0,0,0,74
820126,2023,U,Minor,,,454402,345505,53.00412588,-1.19075051,,,Estimated,Estimated using AADF from previous year on this link,72,3,64,0,7,0,0,0,0,0,0,0,74
820126,2024,U,Minor,,,454402,345505,53.00412588,-1.19075051,,,Estimated,Estimated using AADF from previous year on this link,70,3,65,0,7,0,0,0,0,0,0,0,75
820126,2025,U,Minor,,,454402,345505,53.00412588,-1.19075051,,,Estimated,Estimated using AADF from previous year on this link,72,3,65,0,7,0,0,0,0,0,0,0,75
820127,2020,U,Minor,,,455320,346096,53.00934406,-1.17697088,,,Counted,Manual count,10,0,124,0,15,2,0,0,0,0,0,2,141
820127,2021,U,Minor,,,455320,346096,53.00934406,-1.17697088,,,Counted,Manual count,6,0,134,0,30,4,0,0,0,0,0,4,167
820127,2022,U,Minor,,,455320,346096,53.00934406,-1.17697088,,,Counted,Manual count,10,3,176,0,36,4,0,0,0,0,0,4,218
820127,2023,U,Minor,,,455320,346096,53.00934406,-1.17697088,,,Counted,Manual count,3,0,152,0,13,2,0,0,0,0,0,2,167
820127,2024,U,Minor,,,455320,346096,53.00934406,-1.17697088,,,Counted,Manual count,4,1,188,0,31,0,0,2,0,0,0,2,223
820127,2025,U,Minor,,,455320,346096,53.00934406,-1.17697088,,,Counted,Manual count,6,2,172,0,14,4,0,0,2,0,0,6,194
930712,2003,U,Minor,,,454670,345350,53.00270549,-1.18678333,,,Counted,Manual count,157,118,4191,123,605,64,8,6,1,0,0,79,5116
930712,2004,U,Minor,,,454670,345350,53.00270549,-1.18678333,,,Counted,Manual count,65,34,2188,132,401,16,3,4,0,0,2,25,2780
930712,2005,U,Minor,,,454670,345350,53.00270549,-1.18678333,,,Counted,Manual count,61,108,3236,137,524,31,4,4,1,0,1,41,4046
930712,2006,U,Minor,,,454670,345350,53.00270549,-1.18678333,,,Counted,Manual count,2,3,3337,26,568,2,1,0,120,54,54,231,4165
930712,2007,U,Minor,,,454670,345350,53.00270549,-1.18678333,,,Counted,Manual count,50,71,3411,128,607,25,10,15,1,1,0,52,4269
930712,2008,U,Minor,,,454670,345350,53.00270549,-1.18678333,,,Counted,Manual count,66,64,3079,134,691,25,7,1,0,0,0,33,4001
930712,2009,U,Minor,,,454670,345350,53.00270549,-1.18678333,,,Counted,Manual count,74,59,3103,135,544,12,5,5,1,0,0,23,3864
930713,2003,U,Minor,,,452190,338900,52.94497779,-1.22477265,,,Counted,Manual count,172,244,13617,190,1507,233,30,29,42,52,15,401,15959
930713,2004,U,Minor,,,452190,338900,52.94497779,-1.22477265,,,Counted,Manual count,138,211,13714,139,1710,279,24,33,42,46,18,442,16216
930713,2005,U,Minor,,,452190,338900,52.94497779,-1.22477265,,,Counted,Manual count,139,200,13551,172,1658,301,56,32,37,34,30,490,16071
930713,2006,U,Minor,,,452190,338900,52.94497779,-1.22477265,,,Counted,Manual count,99,199,12076,170,1742,248,29,21,29,35,26,388,14575
930713,2007,U,Minor,,,452190,338900,52.94497779,-1.22477265,,,Counted,Manual count,112,238,12833,243,1596,306,43,33,29,44,25,480,15390
930713,2008,U,Minor,,,452190,338900,52.94497779,-1.22477265,,,Counted,Manual count,78,186,12319,165,1465,195,37,24,13,31,24,324,14459
930713,2009,U,Minor,,,452190,338900,52.94497779,-1.22477265,,,Counted,Manual count,135,224,12591,190,1637,215,32,26,16,18,13,320,14962
930714,2003,U,Minor,,,459240,340170,52.95566278,-1.11963922,,,Counted,Manual count,270,84,11399,171,1463,169,19,3,2,0,0,193,13310
930714,2004,U,Minor,,,459240,340170,52.95566278,-1.11963922,,,Counted,Manual count,226,111,9802,143,1374,64,17,8,1,1,1,92,11522
930714,2005,U,Minor,,,459240,340170,52.95566278,-1.11963922,,,Counted,Manual count,87,53,9820,150,1349,52,10,2,1,0,0,65,11437
930714,2006,U,Minor,,,459240,340170,52.95566278,-1.11963922,,,Counted,Manual count,134,76,9833,152,1410,57,12,5,1,2,0,77,11548
930714,2007,U,Minor,,,459240,340170,52.95566278,-1.11963922,,,Counted,Manual count,156,70,11842,148,1480,60,14,8,1,0,1,84,13624
930714,2008,C,Minor,,,459240,340170,52.95566278,-1.11963922,,,Counted,Manual count,124,106,11205,142,1301,79,25,4,1,0,0,109,12863
930714,2009,C,Minor,,,459240,340170,52.95566278,-1.11963922,,,Counted,Manual count,139,119,9357,136,1189,91,31,3,1,0,0,126,10927
930715,2003,U,Minor,,,456230,340740,52.96110928,-1.16434026,,,Counted,Manual count,59,23,2992,3,272,18,5,4,4,0,0,31,3321
930715,2004,U,Minor,,,456230,340740,52.96110928,-1.16434026,,,Counted,Manual count,18,12,2430,4,165,12,1,0,1,0,0,14,2625
930715,2005,U,Minor,,,456230,340740,52.96110928,-1.16434026,,,Counted,Manual count,17,16,1964,4,220,25,0,1,0,1,1,28,2232
930715,2006,U,Minor,,,456230,340740,52.96110928,-1.16434026,,,Counted,Manual count,36,13,1485,5,162,18,0,0,1,0,0,19,1684
930715,2007,U,Minor,,,456230,340740,52.96110928,-1.16434026,,,Counted,Manual count,49,22,1827,1,178,16,2,1,0,0,0,19,2047
930715,2008,U,Minor,,,456230,340740,52.96110928,-1.16434026,,,Counted,Manual count,26,7,1443,5,167,6,2,0,0,0,0,8,1630
930715,2009,U,Minor,,,456230,340740,52.96110928,-1.16434026,,,Counted,Manual count,39,22,2140,5,197,20,3,0,1,1,0,25,2389
930716,2003,U,Minor,,,458660,341410,52.96687165,-1.12804775,,,Counted,Manual count,128,72,5931,170,758,47,2,0,0,1,2,52,6983
930716,2004,U,Minor,,,458660,341410,52.96687165,-1.12804775,,,Counted,Manual count,151,94,6090,153,801,51,5,2,2,0,0,60,7198
930716,2005,U,Minor,,,458660,341410,52.96687165,-1.12804775,,,Counted,Manual count,41,37,5681,167,776,47,13,19,1,2,0,82,6743
930716,2006,U,Minor,,,458660,341410,52.96687165,-1.12804775,,,Counted,Manual count,92,62,5697,247,795,55,17,25,3,2,1,103,6904
930716,2007,U,Minor,,,458660,341410,52.96687165,-1.12804775,,,Counted,Manual count,102,74,4996,173,729,25,5,1,1,1,1,34,6006
930716,2008,C,Minor,,,458660,341410,52.96687165,-1.12804775,,,Counted,Manual count,100,48,4588,188,691,31,7,2,0,0,0,40,5555
930716,2009,C,Minor,,,458660,341410,52.96687165,-1.12804775,,,Counted,Manual count,92,40,4535,191,680,26,4,0,1,1,0,32,5478
940648,2008,B686,Minor,,,458881,340541,52.95903683,-1.12491521,,,Counted,Manual count,154,138,16986,335,2435,172,20,16,4,10,3,225,20119
940650,2008,B6004,Minor,,,454489,343189,52.98330042,-1.18984394,,,Counted,Manual count,80,127,12727,124,2101,280,28,32,15,31,24,410,15489
940651,2009,B682,Minor,,,456582,336037,52.91880022,-1.15991862,,,Counted,Manual count,257,34,3054,132,476,75,6,2,5,3,1,92,3787
940652,2008,B682,Minor,,,454881,343638,52.9872962,-1.18392954,,,Counted,Manual count,102,63,10880,183,1688,124,26,5,3,3,4,165,12979
940652,2010,B682,Minor,,,454881,343638,52.9872962,-1.18392954,,,Counted,Manual count,212,116,10738,322,1905,172,28,21,8,7,3,239,13320
940652,2011,B682,Minor,,,454881,343638,52.9872962,-1.18392954,,,Counted,Manual count,233,99,11183,260,2185,154,27,7,8,4,4,204,13931
940652,2012,B682,Minor,,,454881,343638,52.9872962,-1.18392954,,,Counted,Manual count,191,125,11380,211,1913,108,25,6,2,3,1,146,13775
940652,2013,B682,Minor,,,454881,343638,52.9872962,-1.18392954,,,Estimated,Estimated using AADF from previous year on this link,177,128,11475,168,2017,110,28,7,1,3,1,150,13937
940652,2014,B682,Minor,,,454881,343638,52.9872962,-1.18392954,,,Counted,Manual count,335,144,12379,215,1796,98,21,6,5,5,2,137,14671
940652,2015,B682,Minor,,,454881,343638,52.9872962,-1.18392954,,,Counted,Manual count,212,85,11383,228,1881,125,16,12,1,6,4,164,13740
940652,2016,B682,Minor,,,454881,343638,52.9872962,-1.18392954,,,Counted,Manual count,153,102,11499,222,1884,132,14,13,4,6,1,170,13876
940652,2017,B682,Minor,,,454881,343638,52.9872962,-1.18392954,,,Counted,Manual count,152,87,11267,231,1722,131,23,15,4,4,4,181,13488
940652,2018,B682,Minor,,,454881,343638,52.9872962,-1.18392954,,,Counted,Manual count,152,95,9812,222,1575,111,19,28,5,3,1,167,11871
940652,2019,B682,Minor,,,454881,343638,52.9872962,-1.18392954,,,Counted,Manual count,143,82,10415,219,1799,100,14,15,2,4,2,136,12651
940653,2009,B686,Minor,,,458403,340231,52.95630264,-1.13208588,,,Counted,Manual count,184,258,16446,328,2140,200,19,15,6,9,3,252,19424
940653,2010,B686,Minor,,,458403,340231,52.95630264,-1.13208588,,,Counted,Manual count,219,197,15995,419,2004,235,38,23,9,10,9,324,18939
940653,2011,B686,Minor,,,458403,340231,52.95630264,-1.13208588,,,Counted,Manual count,149,127,16320,497,2323,161,44,36,15,13,10,279,19546
940653,2012,B686,Minor,,,458403,340231,52.95630264,-1.13208588,,,Counted,Manual count,173,125,17901,451,2332,191,33,25,20,12,10,292,21100
940653,2013,B686,Minor,,,458403,340231,52.95630264,-1.13208588,,,Counted,Manual count,288,183,15492,374,2036,131,22,11,12,7,5,188,18272
940653,2014,B686,Minor,,,458403,340231,52.95630264,-1.13208588,,,Counted,Manual count,387,203,16012,404,2403,136,36,27,17,10,11,239,19261
940653,2015,B686,Minor,,,458403,340231,52.95630264,-1.13208588,,,Counted,Manual count,225,168,13226,370,1935,184,33,18,8,13,7,264,15963
940653,2016,B686,Minor,,,458403,340231,52.95630264,-1.13208588,,,Counted,Manual count,245,136,14863,378,2213,137,24,29,9,7,4,211,17800
940653,2017,B686,Minor,,,458403,340231,52.95630264,-1.13208588,,,Estimated,Estimated using AADF from previous year on this link,226,132,14792,369,2304,139,25,31,9,7,4,215,17813
940653,2018,B686,Minor,,,458403,340231,52.95630264,-1.13208588,,,Counted,Manual count,173,99,14822,383,2324,114,37,13,6,7,18,196,17824
940653,2019,B686,Minor,,,458403,340231,52.95630264,-1.13208588,,,Counted,Manual count,234,144,13459,383,2191,147,30,13,10,10,10,219,16397
940654,2008,B682,Minor,,,454682,344131,52.99174768,-1.18681042,,,Counted,Manual count,154,98,13566,170,1907,149,42,7,4,4,2,208,15949
940654,2010,B682,Minor,,,454682,344131,52.99174768,-1.18681042,,,Counted,Manual count,122,110,10227,322,2044,150,68,18,6,8,2,252,12955
940654,2011,B682,Minor,,,454682,344131,52.99174768,-1.18681042,,,Counted,Manual count,229,104,10742,209,1899,115,38,22,3,5,3,186,13140
940654,2012,B682,Minor,,,454682,344131,52.99174768,-1.18681042,,,Counted,Manual count,260,148,11120,226,1890,116,19,4,6,3,4,152,13536
940654,2013,B682,Minor,,,454682,344131,52.99174768,-1.18681042,,,Counted,Manual count,205,94,11220,233,1773,90,17,7,8,4,1,127,13447
940654,2014,B682,Minor,,,454682,344131,52.99174768,-1.18681042,,,Counted,Manual count,223,69,11491,232,1776,99,16,3,1,6,3,127,13695
940654,2015,B682,Minor,,,454682,344131,52.99174768,-1.18681042,,,Counted,Manual count,171,108,11205,240,1790,107,19,3,8,3,3,144,13487
940654,2016,B682,Minor,,,454682,344131,52.99174768,-1.18681042,,,Counted,Manual count,160,72,10892,215,1751,77,27,14,5,3,2,128,13058
940654,2017,B682,Minor,,,454682,344131,52.99174768,-1.18681042,,,Counted,Manual count,163,114,11124,230,1824,70,17,28,1,3,1,122,13414
940654,2018,B682,Minor,,,454682,344131,52.99174768,-1.18681042,,,Counted,Manual count,196,80,11043,227,1506,107,18,13,4,5,4,151,13009
940654,2019,B682,Minor,,,454682,344131,52.99174768,-1.18681042,,,Counted,Manual count,194,81,10727,218,1719,59,17,14,7,4,3,104,12849
940655,2009,C,Minor,,,454801,342891,52.98059019,-1.18524748,,,Counted,Manual count,144,41,2811,43,512,50,9,7,1,1,0,68,3474
940657,2009,C,Minor,,,453579,341125,52.96484052,-1.2037381,,,Counted,Manual count,77,47,3961,105,866,116,19,12,4,1,2,153,5133
940657,2010,C,Minor,,,453579,341125,52.96484052,-1.2037381,,,Counted,Manual count,61,42,3867,72,800,68,18,7,4,1,4,102,4883
940657,2011,C,Minor,,,453579,341125,52.96484052,-1.2037381,,,Counted,Manual count,89,76,3894,73,839,75,18,14,4,1,2,114,4996
940657,2012,C,Minor,,,453579,341125,52.96484052,-1.2037381,,,Counted,Manual count,68,31,3303,65,677,76,22,10,2,2,2,113,4190
940657,2013,C,Minor,,,453579,341125,52.96484052,-1.2037381,,,Counted,Manual count,96,62,4336,57,836,63,14,3,4,6,5,95,5387
940657,2014,C,Minor,,,453579,341125,52.96484052,-1.2037381,,,Counted,Manual count,67,44,3629,34,736,49,14,7,1,3,3,77,4520
940657,2015,C,Minor,,,453579,341125,52.96484052,-1.2037381,,,Counted,Manual count,126,86,4039,34,701,96,12,24,0,5,5,142,5003
940657,2016,C,Minor,,,453579,341125,52.96484052,-1.2037381,,,Counted,Manual count,79,56,4057,14,668,150,24,9,2,7,3,194,4990
940657,2017,C,Minor,,,453579,341125,52.96484052,-1.2037381,,,Counted,Manual count,103,40,3876,17,756,128,12,21,1,5,10,176,4865
940657,2018,C,Minor,,,453579,341125,52.96484052,-1.2037381,,,Counted,Manual count,118,48,4452,20,871,83,11,14,3,0,5,116,5507
940657,2019,C,Minor,,,453579,341125,52.96484052,-1.2037381,,,Counted,Manual count,126,34,4105,16,824,101,15,27,0,8,10,162,5141
940658,2008,U,Minor,,,453558,340758,52.96154398,-1.20411116,,,Counted,Manual count,199,99,12723,287,1652,260,37,16,20,15,14,362,15123
940658,2010,U,Minor,,,453558,340758,52.96154398,-1.20411116,,,Counted,Manual count,233,165,10545,221,1596,221,31,27,7,33,9,328,12855
940658,2011,U,Minor,,,453558,340758,52.96154398,-1.20411116,,,Counted,Manual count,203,111,11458,227,1741,264,45,30,22,32,7,400,13937
940658,2012,U,Minor,,,453558,340758,52.96154398,-1.20411116,,,Counted,Manual count,164,81,9970,242,1732,163,29,10,7,15,11,235,12260
940658,2013,U,Minor,,,453558,340758,52.96154398,-1.20411116,,,Counted,Manual count,165,84,9565,272,1765,172,20,10,20,32,19,273,11958
940658,2014,U,Minor,,,453558,340758,52.96154398,-1.20411116,,,Counted,Manual count,202,134,8450,324,1455,134,17,13,18,16,10,208,10571
940658,2015,U,Minor,,,453558,340758,52.96154398,-1.20411116,,,Counted,Manual count,195,144,10469,322,1794,196,21,38,13,19,22,308,13037
940658,2016,U,Minor,,,453558,340758,52.96154398,-1.20411116,,,Counted,Manual count,270,141,9766,312,1772,135,25,22,7,14,9,212,12204
940658,2017,U,Minor,,,453558,340758,52.96154398,-1.20411116,,,Counted,Manual count,204,131,10078,221,1493,187,32,57,6,13,12,308,12231
940658,2018,U,Minor,,,453558,340758,52.96154398,-1.20411116,,,Counted,Manual count,132,84,10228,261,1637,168,26,14,8,12,15,243,12453
940658,2019,U,Minor,,,453558,340758,52.96154398,-1.20411116,,,Counted,Manual count,215,133,9721,216,1406,142,18,7,6,18,14,205,11681
940659,2008,U,Minor,,,453187,344778,52.99771324,-1.20897466,,,Counted,Manual count,31,29,3133,70,499,29,7,0,3,0,1,40,3771
940660,2008,U,Minor,,,451525,340162,52.95638505,-1.23446861,,,Counted,Manual count,70,149,8394,66,1499,234,38,17,16,62,33,400,10508
940661,2009,C,Minor,,,455524,333573,52.89676298,-1.17607189,,,Counted,Manual count,21,104,10999,276,1593,74,12,5,5,3,1,100,13072
940661,2010,C,Minor,,,455524,333573,52.89676298,-1.17607189,,,Counted,Manual count,12,54,9938,320,1185,73,12,2,3,0,6,96,11593
940661,2011,C,Minor,,,455524,333573,52.89676298,-1.17607189,,,Estimated,Estimated using AADF from previous year on this link,12,60,9789,381,1224,70,12,2,2,0,6,92,11546
940661,2012,C,Minor,,,455524,333573,52.89676298,-1.17607189,,,Counted,Manual count,51,41,4007,28,534,21,4,0,0,0,2,26,4637
940661,2013,C,Minor,,,455524,333573,52.89676298,-1.17607189,,,Counted,Manual count,48,41,4624,29,694,62,4,1,0,0,0,66,5453
940661,2014,C,Minor,,,455524,333573,52.89676298,-1.17607189,,,Counted,Manual count,59,24,1902,95,623,130,14,12,0,0,1,156,2800
940661,2015,C,Minor,,,455524,333573,52.89676298,-1.17607189,,,Counted,Manual count,55,21,3455,55,688,100,4,5,0,0,0,109,4328
940661,2016,C,Minor,,,455524,333573,52.89676298,-1.17607189,,,Estimated,Estimated using AADF from previous year on this link,52,21,3463,55,724,106,4,8,0,0,0,117,4380
940661,2017,C,Minor,,,455524,333573,52.89676298,-1.17607189,,,Counted,Manual count,69,17,2193,63,369,10,3,1,0,0,0,14,2656
940661,2018,C,Minor,,,455524,333573,52.89676298,-1.17607189,,,Counted,Manual count,60,13,2116,65,295,20,1,0,0,0,0,21,2509
940661,2019,C,Minor,,,455524,333573,52.89676298,-1.17607189,,,Counted,Manual count,61,21,2321,25,362,14,8,2,1,1,0,26,2755
940662,2008,C,Minor,,,456402,342749,52.97914826,-1.1614301,,,Counted,Manual count,80,44,8470,117,1520,120,24,5,3,6,5,163,10314
940663,2009,U,Minor,,,459823,340153,52.95544542,-1.1109652,,,Counted,Manual count,9,20,1117,6,142,9,3,2,0,0,0,14,1298
940663,2010,U,Minor,,,459823,340153,52.95544542,-1.1109652,,,Counted,Manual count,21,7,939,19,126,16,3,3,0,4,0,26,1117
940663,2011,U,Minor,,,459823,340153,52.95544542,-1.1109652,,,Counted,Manual count,19,4,1036,3,236,24,1,8,2,0,0,35,1314
940663,2012,U,Minor,,,459823,340153,52.95544542,-1.1109652,,,Counted,Manual count,56,11,1664,2,146,15,2,0,0,0,0,17,1841
940663,2013,U,Minor,,,459823,340153,52.95544542,-1.1109652,,,Counted,Manual count,34,10,1723,1,126,11,2,0,0,0,0,13,1874
940663,2014,U,Minor,,,459823,340153,52.95544542,-1.1109652,,,Counted,Manual count,40,6,1503,3,113,8,2,1,0,0,0,11,1637
940663,2015,U,Minor,,,459823,340153,52.95544542,-1.1109652,,,Counted,Manual count,30,3,1628,5,115,16,1,0,0,0,0,17,1767
940663,2016,U,Minor,,,459823,340153,52.95544542,-1.1109652,,,Counted,Manual count,16,3,1742,3,153,8,3,0,0,0,0,11,1912
940663,2017,U,Minor,,,459823,340153,52.95544542,-1.1109652,,,Counted,Manual count,27,9,2356,12,204,7,1,0,0,0,0,7,2588
940663,2018,U,Minor,,,459823,340153,52.95544542,-1.1109652,,,Counted,Manual count,20,11,1842,4,163,7,1,1,0,0,0,8,2027
940663,2019,U,Minor,,,459823,340153,52.95544542,-1.1109652,,,Counted,Manual count,22,3,1422,2,148,6,2,0,0,0,0,8,1584
940664,2008,U,Minor,,,458780,343318,52.98400772,-1.12591546,,,Counted,Manual count,4,0,106,4,14,0,2,0,0,0,0,2,126
940665,2009,U,Minor,,,454777,342351,52.97573903,-1.18569619,,,Counted,Manual count,37,7,315,1,41,3,1,0,0,0,0,4,368
940666,2008,U,Minor,,,452693,345435,53.00366704,-1.21622762,,,Counted,Manual count,17,21,1165,127,154,12,2,0,1,3,0,18,1485
940668,2008,U,Minor,,,456045,343151,52.9827988,-1.16667668,,,Counted,Manual count,8,4,357,2,53,2,0,2,0,0,0,4,420
940668,2010,U,Minor,,,456045,343151,52.9827988,-1.16667668,,,Counted,Manual count,4,5,368,0,42,1,0,2,0,0,0,3,418
940668,2011,U,Minor,,,456045,343151,52.9827988,-1.16667668,,,Counted,Manual count,16,8,392,0,49,7,0,1,1,0,0,9,458
940668,2012,U,Minor,,,456045,343151,52.9827988,-1.16667668,,,Counted,Manual count,5,10,304,0,48,1,2,0,0,0,0,3,364
940668,2013,U,Minor,,,456045,343151,52.9827988,-1.16667668,,,Counted,Manual count,4,1,358,0,49,0,1,0,0,0,0,1,408
940668,2014,U,Minor,,,456045,343151,52.9827988,-1.16667668,,,Counted,Manual count,9,3,369,0,71,0,1,0,0,0,0,1,444
940668,2015,U,Minor,,,456045,343151,52.9827988,-1.16667668,,,Counted,Manual count,2,3,367,0,66,2,1,0,0,0,0,3,439
940668,2016,U,Minor,,,456045,343151,52.9827988,-1.16667668,,,Counted,Manual count,5,2,414,0,53,0,0,0,0,0,0,0,469
940668,2017,U,Minor,,,456045,343151,52.9827988,-1.16667668,,,Counted,Manual count,6,1,481,2,53,0,0,0,0,0,0,0,537
940668,2018,U,Minor,,,456045,343151,52.9827988,-1.16667668,,,Counted,Manual count,4,3,434,0,78,2,2,0,0,0,0,4,519
940668,2019,U,Minor,,,456045,343151,52.9827988,-1.16667668,,,Counted,Manual count,10,1,446,0,67,0,2,0,0,0,0,2,516
940669,2009,U,Minor,,,455146,333880,52.89956119,-1.18163826,,,Counted,Manual count,27,8,629,0,80,2,1,0,0,0,0,3,720
940670,2008,U,Minor,,,457678,343111,52.98226661,-1.14236454,,,Counted,Manual count,1,2,518,1,84,1,1,0,0,0,0,2,607
940670,2010,U,Minor,,,457678,343111,52.98226661,-1.14236454,,,Counted,Manual count,2,5,474,0,47,0,0,1,1,0,0,2,528
940670,2011,U,Minor,,,457678,343111,52.98226661,-1.14236454,,,Counted,Manual count,2,10,415,0,49,0,2,1,0,0,0,3,477
940670,2012,U,Minor,,,457678,343111,52.98226661,-1.14236454,,,Counted,Manual count,9,4,490,2,75,1,1,0,0,0,0,2,572
940670,2013,U,Minor,,,457678,343111,52.98226661,-1.14236454,,,Counted,Manual count,1,5,431,0,48,1,0,0,0,0,0,1,485
940670,2014,U,Minor,,,457678,343111,52.98226661,-1.14236454,,,Counted,Manual count,6,1,427,0,51,4,0,0,0,0,0,4,484
940670,2015,U,Minor,,,457678,343111,52.98226661,-1.14236454,,,Counted,Manual count,6,7,428,0,58,1,0,0,0,0,0,1,494
940670,2016,U,Minor,,,457678,343111,52.98226661,-1.14236454,,,Counted,Manual count,4,6,717,0,82,1,0,0,0,0,0,1,806
940670,2017,U,Minor,,,457678,343111,52.98226661,-1.14236454,,,Counted,Manual count,8,3,555,0,61,0,0,0,0,0,0,0,618
940670,2018,U,Minor,,,457678,343111,52.98226661,-1.14236454,,,Counted,Manual count,2,5,547,0,81,2,0,0,0,0,0,2,635
940670,2019,U,Minor,,,457678,343111,52.98226661,-1.14236454,,,Counted,Manual count,6,1,551,0,65,0,0,0,0,0,0,0,617
940671,2009,U,Minor,,,454339,333885,52.89968805,-1.19363288,,,Counted,Manual count,22,22,450,117,115,3,3,0,0,0,0,5,709
940671,2010,U,Minor,,,454339,333885,52.89968805,-1.19363288,,,Counted,Manual count,11,12,401,141,104,5,0,0,0,0,0,5,663
940671,2011,U,Minor,,,454339,333885,52.89968805,-1.19363288,,,Estimated,Estimated using AADF from previous year on this link,11,14,395,168,108,5,0,0,0,0,0,5,690
940671,2012,U,Minor,,,454339,333885,52.89968805,-1.19363288,,,Estimated,Estimated using AADF from previous year on this link,11,11,391,160,113,5,0,0,0,0,0,5,680
940671,2013,U,Minor,,,454339,333885,52.89968805,-1.19363288,,,Estimated,Estimated using AADF from previous year on this link,10,11,394,127,119,5,0,0,0,0,0,5,657
940671,2014,U,Minor,,,454339,333885,52.89968805,-1.19363288,,,Estimated,Estimated using AADF from previous year on this link,11,12,401,131,128,5,0,0,0,0,0,5,678
940671,2015,U,Minor,,,454339,333885,52.89968805,-1.19363288,,,Estimated,Estimated using AADF from previous year on this link,11,11,404,133,131,5,0,0,0,0,0,5,683
940671,2016,U,Minor,,,454339,333885,52.89968805,-1.19363288,,,Counted,Manual count,10,4,330,117,76,2,4,0,0,0,0,6,532
940671,2017,U,Minor,,,454339,333885,52.89968805,-1.19363288,,,Counted,Manual count,22,5,353,100,73,2,5,0,0,0,0,7,539
940671,2018,U,Minor,,,454339,333885,52.89968805,-1.19363288,,,Counted,Manual count,10,4,296,115,58,1,3,0,0,0,0,4,477
940671,2019,U,Minor,,,454339,333885,52.89968805,-1.19363288,,,Counted,Manual count,11,5,391,73,76,3,3,1,0,0,0,7,553
940672,2008,U,Minor,,,455158,344642,52.99629195,-1.17963272,,,Counted,Manual count,2,0,58,0,3,0,0,0,0,0,0,0,61
940672,2013,U,Minor,,,455158,344642,52.99629195,-1.17963272,,,Estimated,Estimated using AADF from previous year on this link,3,0,65,0,3,0,0,0,0,0,0,0,68
940672,2014,U,Minor,,,455158,344642,52.99629195,-1.17963272,,,Estimated,Estimated using AADF from previous year on this link,3,0,66,0,4,0,0,0,0,0,0,0,70
940672,2015,U,Minor,,,455158,344642,52.99629195,-1.17963272,,,Estimated,Estimated using AADF from previous year on this link,3,0,67,0,4,0,0,0,0,0,0,0,70
940672,2016,U,Minor,,,455158,344642,52.99629195,-1.17963272,,,Estimated,Estimated using AADF from previous year on this link,3,0,67,0,4,0,0,0,0,0,0,0,70
940672,2017,U,Minor,,,455158,344642,52.99629195,-1.17963272,,,Estimated,Estimated using AADF from previous year on this link,3,0,66,0,4,0,0,0,0,0,0,0,70
940673,2009,U,Minor,,,456021,342367,52.97575464,-1.16716978,,,Counted,Manual count,21,5,433,0,73,5,1,0,0,0,0,6,517
940673,2010,U,Minor,,,456021,342367,52.97575464,-1.16716978,,,Counted,Manual count,7,2,361,1,49,9,2,0,0,0,0,11,424
940673,2011,U,Minor,,,456021,342367,52.97575464,-1.16716978,,,Counted,Manual count,9,5,361,1,85,2,1,2,2,0,0,7,459
940673,2012,U,Minor,,,456021,342367,52.97575464,-1.16716978,,,Counted,Manual count,22,3,384,0,62,2,0,0,0,0,0,2,450
940673,2013,U,Minor,,,456021,342367,52.97575464,-1.16716978,,,Counted,Manual count,28,8,391,0,83,3,0,0,0,0,0,3,486
940673,2014,U,Minor,,,456021,342367,52.97575464,-1.16716978,,,Counted,Manual count,17,2,409,0,72,5,0,0,0,0,0,5,488
940673,2015,U,Minor,,,456021,342367,52.97575464,-1.16716978,,,Counted,Manual count,19,3,606,0,79,0,0,0,0,0,0,0,688
940673,2016,U,Minor,,,456021,342367,52.97575464,-1.16716978,,,Counted,Manual count,21,3,422,3,79,5,0,0,0,0,0,5,512
940673,2017,U,Minor,,,456021,342367,52.97575464,-1.16716978,,,Counted,Manual count,9,4,493,4,56,6,2,0,0,0,0,8,565
940673,2018,U,Minor,,,456021,342367,52.97575464,-1.16716978,,,Counted,Manual count,20,3,495,0,76,3,0,0,0,0,0,3,577
940673,2019,U,Minor,,,456021,342367,52.97575464,-1.16716978,,,Counted,Manual count,24,1,592,0,79,4,0,0,0,0,0,4,676
940675,2009,U,Minor,,,457491,338345,52.93944902,-1.14599346,,,Counted,Manual count,57,5,471,0,64,1,0,0,0,0,0,1,541
940676,2008,U,Minor,,,455320,346096,53.00934406,-1.17697088,,,Counted,Manual count,3,3,33,0,5,0,0,0,0,0,0,0,41
940676,2013,U,Minor,,,455320,346096,53.00934406,-1.17697088,,,Estimated,Estimated using AADF from previous year on this link,5,2,36,0,6,0,0,0,0,0,0,0,44
940676,2014,U,Minor,,,455320,346096,53.00934406,-1.17697088,,,Estimated,Estimated using AADF from previous year on this link,5,3,37,0,6,0,0,0,0,0,0,0,45
940676,2015,U,Minor,,,455320,346096,53.00934406,-1.17697088,,,Estimated,Estimated using AADF from previous year on this link,5,2,37,0,6,0,0,0,0,0,0,0,45
940676,2016,U,Minor,,,455320,346096,53.00934406,-1.17697088,,,Estimated,Estimated using AADF from previous year on this link,5,2,37,0,6,0,0,0,0,0,0,0,46
940676,2017,U,Minor,,,455320,346096,53.00934406,-1.17697088,,,Estimated,Estimated using AADF from previous year on this link,5,2,37,0,7,0,0,0,0,0,0,0,46
940677,2009,U,Minor,,,456958,342496,52.97681571,-1.15319521,,,Counted,Manual count,27,11,644,2,81,1,1,0,1,0,0,3,741
940677,2010,U,Minor,,,456958,342496,52.97681571,-1.15319521,,,Counted,Manual count,24,10,562,0,53,4,0,0,0,0,0,4,629
940677,2011,U,Minor,,,456958,342496,52.97681571,-1.15319521,,,Counted,Manual count,31,2,549,0,56,7,1,0,1,0,0,9,616
940677,2012,U,Minor,,,456958,342496,52.97681571,-1.15319521,,,Counted,Manual count,61,13,628,0,83,3,3,1,0,0,0,7,731
940677,2013,U,Minor,,,456958,342496,52.97681571,-1.15319521,,,Counted,Manual count,54,0,596,0,62,4,2,0,0,0,0,6,664
940677,2014,U,Minor,,,456958,342496,52.97681571,-1.15319521,,,Counted,Manual count,30,3,666,0,61,4,0,3,0,0,0,6,737
940677,2015,U,Minor,,,456958,342496,52.97681571,-1.15319521,,,Counted,Manual count,39,6,671,0,68,4,5,1,0,0,0,10,754
940677,2016,U,Minor,,,456958,342496,52.97681571,-1.15319521,,,Counted,Manual count,40,6,765,0,89,3,3,0,0,0,0,6,866
940677,2017,U,Minor,,,456958,342496,52.97681571,-1.15319521,,,Counted,Manual count,40,10,693,0,65,1,1,1,0,0,0,3,771
940677,2018,U,Minor,,,456958,342496,52.97681571,-1.15319521,,,Counted,Manual count,29,12,666,0,94,4,4,0,0,0,0,7,779
940677,2019,U,Minor,,,456958,342496,52.97681571,-1.15319521,,,Counted,Manual count,44,5,675,0,63,0,2,0,0,0,0,2,745
940678,2008,U,Minor,,,457444,343622,52.98688453,-1.14575858,,,Counted,Manual count,15,1,230,0,31,2,0,0,0,0,0,2,264
940678,2010,U,Minor,,,457444,343622,52.98688453,-1.14575858,,,Counted,Manual count,4,4,253,0,35,2,0,0,0,0,0,2,294
940678,2011,U,Minor,,,457444,343622,52.98688453,-1.14575858,,,Counted,Manual count,12,3,214,0,41,2,0,0,0,0,0,2,260
940678,2012,U,Minor,,,457444,343622,52.98688453,-1.14575858,,,Counted,Manual count,22,3,276,0,46,1,0,0,0,0,0,1,325
940678,2013,U,Minor,,,457444,343622,52.98688453,-1.14575858,,,Counted,Manual count,13,2,219,0,24,3,0,0,0,0,0,3,247
940678,2014,U,Minor,,,457444,343622,52.98688453,-1.14575858,,,Counted,Manual count,13,2,291,0,40,0,0,0,0,0,0,0,333
940678,2015,U,Minor,,,457444,343622,52.98688453,-1.14575858,,,Counted,Manual count,18,1,296,0,36,1,0,0,0,0,0,1,334
940678,2016,U,Minor,,,457444,343622,52.98688453,-1.14575858,,,Counted,Manual count,10,1,266,0,31,0,0,0,0,0,0,0,298
940678,2017,U,Minor,,,457444,343622,52.98688453,-1.14575858,,,Counted,Manual count,12,5,267,0,43,1,0,0,0,0,0,1,316
940678,2018,U,Minor,,,457444,343622,52.98688453,-1.14575858,,,Counted,Manual count,19,1,295,0,46,6,0,0,0,0,0,6,350
940678,2019,U,Minor,,,457444,343622,52.98688453,-1.14575858,,,Counted,Manual count,12,2,319,1,45,2,1,0,0,0,0,3,370
940679,2009,U,Minor,,,457783,341440,52.9672363,-1.14109876,,,Counted,Manual count,21,9,1594,15,218,0,0,0,0,0,0,0,1837
940680,2008,U,Minor,,,456505,338585,52.94171088,-1.16062184,,,Counted,Manual count,58,48,3557,13,393,24,6,4,0,2,7,43,4054
940680,2010,U,Minor,,,456505,338585,52.94171088,-1.16062184,,,Counted,Manual count,24,24,4320,1,419,29,10,1,1,7,4,52,4816
940680,2011,U,Minor,,,456505,338585,52.94171088,-1.16062184,,,Counted,Manual count,81,45,4394,0,329,30,6,0,0,4,4,44,4812
940680,2012,U,Minor,,,456505,338585,52.94171088,-1.16062184,,,Counted,Manual count,81,12,3760,0,319,23,5,8,1,7,7,51,4142
940680,2013,U,Minor,,,456479,338594,52.94179451,-1.16100714,,,Counted,Manual count,62,18,3536,0,382,28,17,33,1,9,2,90,4026
940680,2014,U,Minor,,,456479,338594,52.94179451,-1.16100714,,,Counted,Manual count,89,69,3920,0,378,53,2,16,1,6,4,81,4448
940680,2015,U,Minor,,,456479,338594,52.94179451,-1.16100714,,,Counted,Manual count,82,29,4182,6,323,30,9,2,1,15,4,60,4601
940680,2016,U,Minor,,,456479,338594,52.94179451,-1.16100714,,,Counted,Manual count,64,18,4429,0,319,31,4,0,0,4,6,44,4810
940680,2017,U,Minor,,,456479,338594,52.94179451,-1.16100714,,,Counted,Manual count,87,33,4238,0,345,22,5,1,3,2,7,41,4656
940680,2018,U,Minor,,,456479,338594,52.94179451,-1.16100714,,,Counted,Manual count,129,36,4549,0,335,69,16,4,1,2,6,97,5016
940680,2019,U,Minor,,,456479,338594,52.94179451,-1.16100714,,,Counted,Manual count,91,27,3501,0,396,29,5,3,1,1,1,41,3964
940681,2008,U,Minor,,,457718,341058,52.96380983,-1.1421344,,,Counted,Manual count,16,0,181,0,42,2,0,0,0,0,0,2,225
940682,2008,U,Minor,,,454169,339885,52.95363622,-1.19516115,,,Counted,Manual count,43,3,1094,3,67,1,3,0,0,0,0,4,1171
940682,2010,U,Minor,,,454169,339885,52.95363622,-1.19516115,,,Counted,Manual count,59,1,1022,6,45,4,2,0,0,0,0,6,1080
940682,2011,U,Minor,,,454169,339885,52.95363622,-1.19516115,,,Counted,Manual count,123,7,1201,8,50,7,2,0,0,0,0,9,1275
940682,2012,U,Minor,,,454169,339885,52.95363622,-1.19516115,,,Counted,Manual count,116,5,997,1,75,11,3,0,0,1,0,14,1092
940682,2013,U,Minor,,,454169,339885,52.95363622,-1.19516115,,,Counted,Manual count,93,1,1109,0,78,12,3,0,0,0,0,14,1202
940682,2014,U,Minor,,,454169,339885,52.95363622,-1.19516115,,,Counted,Manual count,111,2,825,4,84,3,4,0,0,0,0,7,923
940682,2015,U,Minor,,,454169,339885,52.95363622,-1.19516115,,,Estimated,Estimated using AADF from previous year on this link,107,2,831,4,86,3,5,0,0,0,0,7,931
940682,2016,U,Minor,,,454169,339885,52.95363622,-1.19516115,,,Counted,Manual count,118,1,865,2,72,2,0,0,0,0,0,2,941
940682,2017,U,Minor,,,454169,339885,52.95363622,-1.19516115,,,Counted,Manual count,158,4,1028,3,54,4,2,0,0,0,0,6,1094
940682,2018,U,Minor,,,454169,339885,52.95363622,-1.19516115,,,Counted,Manual count,134,4,1272,0,84,5,1,1,0,0,0,6,1366
940682,2019,U,Minor,,,454169,339885,52.95363622,-1.19516115,,,Counted,Manual count,66,2,1256,0,82,6,0,0,0,0,0,6,1346
940683,2009,U,Minor,,,455894,346480,53.01273604,-1.16835088,,,Counted,Manual count,7,0,197,5,20,4,0,0,0,0,0,4,226
940684,2008,U,Minor,,,455653,333348,52.89472731,-1.17419295,,,Counted,Manual count,38,12,993,55,191,12,1,2,0,0,0,15,1266
940684,2010,U,Minor,,,455653,333348,52.89472731,-1.17419295,,,Counted,Manual count,12,5,800,22,137,2,0,0,0,0,0,2,966
940684,2011,U,Minor,,,455653,333348,52.89472731,-1.17419295,,,Counted,Manual count,14,6,693,23,140,9,3,0,0,0,0,12,874
940684,2012,U,Minor,,,455653,333348,52.89472731,-1.17419295,,,Counted,Manual count,30,3,778,21,116,7,0,1,3,0,0,10,929
940684,2013,U,Minor,,,455653,333348,52.89472731,-1.17419295,,,Counted,Manual count,16,1,897,21,146,3,1,0,0,0,0,4,1068
940684,2014,U,Minor,,,455653,333348,52.89472731,-1.17419295,,,Estimated,Estimated using AADF from previous year on this link,17,1,913,22,157,3,1,0,0,0,0,4,1096
940684,2015,U,Minor,,,455653,333348,52.89472731,-1.17419295,,,Counted,Manual count,22,1,907,18,153,18,0,0,0,0,0,18,1097
940684,2016,U,Minor,,,455653,333348,52.89472731,-1.17419295,,,Counted,Manual count,25,6,732,19,140,0,0,0,1,0,0,1,898
940684,2017,U,Minor,,,455653,333348,52.89472731,-1.17419295,,,Counted,Manual count,16,5,690,22,113,4,0,0,0,0,0,4,834
940684,2018,U,Minor,,,455653,333348,52.89472731,-1.17419295,,,Counted,Manual count,32,4,679,20,87,3,0,0,1,0,0,3,792
940684,2019,U,Minor,,,455653,333348,52.89472731,-1.17419295,,,Counted,Manual count,15,5,761,4,152,6,0,0,0,0,0,6,927
940686,2008,U,Minor,,,457675,339936,52.95372971,-1.14297375,,,Counted,Manual count,93,14,565,0,117,7,2,0,0,0,0,9,705
940688,2008,U,Minor,,,453707,340038,52.95505764,-1.20201194,,,Counted,Manual count,40,1,119,0,7,0,0,0,0,0,0,0,127
940689,2009,U,Minor,,,457706,342928,52.9806188,-1.1419802,,,Counted,Manual count,5,1,166,0,23,2,0,0,0,0,0,2,192
940689,2010,U,Minor,,,457706,342928,52.9806188,-1.1419802,,,Counted,Manual count,1,0,143,0,43,2,0,0,0,0,0,2,188
940689,2011,U,Minor,,,457706,342928,52.9806188,-1.1419802,,,Counted,Manual count,16,1,139,0,22,0,0,0,0,0,1,1,163
940689,2012,U,Minor,,,457706,342928,52.9806188,-1.1419802,,,Counted,Manual count,7,0,178,0,27,1,0,1,0,0,0,2,206
940689,2013,U,Minor,,,457706,342928,52.9806188,-1.1419802,,,Counted,Manual count,3,0,129,0,22,2,0,1,0,0,0,2,153
940689,2014,U,Minor,,,457706,342928,52.9806188,-1.1419802,,,Counted,Manual count,18,2,180,0,25,0,0,1,0,0,0,1,208
940689,2015,U,Minor,,,457706,342928,52.9806188,-1.1419802,,,Counted,Manual count,1,2,134,0,39,0,0,1,0,0,0,1,176
940689,2016,U,Minor,,,457706,342928,52.9806188,-1.1419802,,,Counted,Manual count,3,1,161,0,38,0,1,0,0,0,0,1,202
940689,2017,U,Minor,,,457706,342928,52.9806188,-1.1419802,,,Counted,Manual count,3,1,170,0,13,0,1,1,0,0,0,2,186
940689,2018,U,Minor,,,457706,342928,52.9806188,-1.1419802,,,Counted,Manual count,3,1,153,0,29,0,1,2,0,0,0,3,185
940689,2019,U,Minor,,,457706,342928,52.9806188,-1.1419802,,,Counted,Manual count,4,0,118,0,27,0,0,1,0,0,0,1,146
940690,2008,U,Minor,,,455910,340054,52.95497694,-1.16922135,,,Counted,Manual count,13,3,311,0,38,0,0,0,0,0,0,0,352
940690,2010,U,Minor,,,455910,340054,52.95497694,-1.16922135,,,Counted,Manual count,7,5,239,0,35,0,0,0,0,0,0,0,279
940690,2011,U,Minor,,,455910,340054,52.95497694,-1.16922135,,,Counted,Manual count,3,6,347,0,68,0,0,0,0,0,0,0,421
940690,2012,U,Minor,,,455910,340054,52.95497694,-1.16922135,,,Estimated,Estimated using AADF from previous year on this link,3,5,343,0,71,0,0,0,0,0,0,0,419
940690,2013,U,Minor,,,455910,340054,52.95497694,-1.16922135,,,Estimated,Estimated using AADF from previous year on this link,3,5,346,0,75,0,0,0,0,0,0,0,426
940690,2014,U,Minor,,,455910,340054,52.95497694,-1.16922135,,,Estimated,Estimated using AADF from previous year on this link,3,5,352,0,81,0,0,0,0,0,0,0,439
940690,2015,U,Minor,,,455910,340054,52.95497694,-1.16922135,,,Estimated,Estimated using AADF from previous year on this link,3,5,355,0,82,0,0,0,0,0,0,0,442
940690,2016,U,Minor,,,455934,339959,52.95412059,-1.16888052,,,Counted,Manual count,18,3,362,0,27,0,0,0,0,0,0,0,392
940690,2017,U,Minor,,,455934,339959,52.95412059,-1.16888052,,,Counted,Manual count,17,4,298,0,38,1,0,0,0,0,0,1,341
940690,2018,U,Minor,,,455934,339959,52.95412059,-1.16888052,,,Counted,Manual count,16,3,282,0,41,1,0,0,0,0,0,1,327
940690,2019,U,Minor,,,455934,339959,52.95412059,-1.16888052,,,Counted,Manual count,13,0,350,0,46,2,0,0,0,0,0,2,398
940693,2009,U,Minor,,,458478,339870,52.95304975,-1.13103456,,,Counted,Manual count,11,9,1365,6,209,7,2,0,0,0,0,9,1598
940693,2010,U,Minor,,,458478,339870,52.95304975,-1.13103456,,,Counted,Manual count,25,15,1373,17,198,21,5,0,0,0,0,26,1629
940693,2011,U,Minor,,,458478,339870,52.95304975,-1.13103456,,,Counted,Manual count,24,5,876,6,138,6,2,0,0,0,0,8,1033
940693,2012,U,Minor,,,458478,339870,52.95304975,-1.13103456,,,Counted,Manual count,45,13,1299,0,145,10,0,0,0,0,0,10,1466
940693,2013,U,Minor,,,458478,339870,52.95304975,-1.13103456,,,Counted,Manual count,22,18,1251,4,171,5,2,0,0,0,0,6,1451
940693,2014,U,Minor,,,458478,339870,52.95304975,-1.13103456,,,Counted,Manual count,27,6,1319,1,183,8,3,0,0,0,0,11,1520
940693,2015,U,Minor,,,458478,339870,52.95304975,-1.13103456,,,Counted,Manual count,34,14,1718,1,237,16,3,0,0,0,0,19,1989
940693,2016,U,Minor,,,458478,339870,52.95304975,-1.13103456,,,Counted,Manual count,32,8,1613,0,275,5,1,1,0,0,0,7,1903
940693,2017,U,Minor,,,458478,339870,52.95304975,-1.13103456,,,Counted,Manual count,22,6,1754,0,221,4,2,0,0,1,0,6,1987
940693,2018,U,Minor,,,458478,339870,52.95304975,-1.13103456,,,Counted,Manual count,35,3,1668,0,207,2,2,0,0,0,0,4,1881
940693,2019,U,Minor,,,458478,339870,52.95304975,-1.13103456,,,Counted,Manual count,35,7,1574,0,253,4,0,1,0,0,0,5,1839
940694,2008,U,Minor,,,456370,345851,53.00703275,-1.16136662,,,Counted,Manual count,1,0,54,0,8,2,0,0,0,0,0,2,64
940695,2009,U,Minor,,,453725,344870,52.99848657,-1.20094382,,,Counted,Manual count,36,23,1458,0,930,108,16,14,2,4,2,147,2558
940695,2010,U,Minor,,,453725,344870,52.99848657,-1.20094382,,,Counted,Manual count,26,43,1605,2,615,148,21,15,9,6,7,206,2471
940695,2011,U,Minor,,,453725,344870,52.99848657,-1.20094382,,,Counted,Manual count,21,23,1674,0,729,69,20,6,0,10,11,116,2542
940695,2012,U,Minor,,,453725,344870,52.99848657,-1.20094382,,,Counted,Manual count,54,15,1507,0,780,74,17,10,1,3,4,110,2412
940695,2013,U,Minor,,,453725,344870,52.99848657,-1.20094382,,,Counted,Manual count,52,19,2090,6,874,72,13,3,0,1,5,94,3083
940695,2014,U,Minor,,,453725,344870,52.99848657,-1.20094382,,,Counted,Manual count,30,36,1649,4,806,114,19,10,1,8,6,158,2654
940695,2015,U,Minor,,,453725,344870,52.99848657,-1.20094382,,,Counted,Manual count,59,19,1800,0,755,242,26,5,5,8,5,291,2865
940695,2016,U,Minor,,,453725,344870,52.99848657,-1.20094382,,,Counted,Manual count,38,25,1591,4,913,54,31,4,0,4,5,97,2630
940695,2017,U,Minor,,,453725,344870,52.99848657,-1.20094382,,,Counted,Manual count,36,31,1628,2,810,79,24,23,2,8,8,144,2615
940695,2018,U,Minor,,,453725,344870,52.99848657,-1.20094382,,,Counted,Manual count,48,19,1474,0,656,134,20,7,2,4,6,173,2323
940695,2019,U,Minor,,,453725,344870,52.99848657,-1.20094382,,,Counted,Manual count,26,35,1673,0,794,62,24,6,1,3,4,101,2602
940696,2008,U,Minor,,,457278,344160,52.9917378,-1.14813571,,,Counted,Manual count,32,13,1430,3,145,6,2,0,0,0,0,8,1599
940697,2009,U,Minor,,,456823,343014,52.98148578,-1.15511441,,,Counted,Manual count,14,0,272,0,38,0,0,0,0,0,0,0,310
940698,2008,U,Minor,,,454402,345505,53.00412588,-1.19075051,,,Counted,Manual count,0,0,119,2,11,33,0,0,0,0,0,33,165
940699,2009,U,Minor,,,455246,334972,52.90936624,-1.17996666,,,Counted,Manual count,88,18,1209,30,184,13,0,0,0,0,0,13,1453
940699,2010,U,Minor,,,455246,334972,52.90936624,-1.17996666,,,Counted,Manual count,27,7,1242,23,189,5,2,0,0,0,0,7,1468
940699,2011,U,Minor,,,455246,334972,52.90936624,-1.17996666,,,Counted,Manual count,49,18,1233,38,149,15,0,0,1,0,0,16,1454
940699,2012,U,Minor,,,455246,334972,52.90936624,-1.17996666,,,Counted,Manual count,57,10,1139,27,135,6,1,0,0,0,0,7,1319
940699,2013,U,Minor,,,455246,334972,52.90936624,-1.17996666,,,Counted,Manual count,40,10,1554,62,254,9,3,1,0,0,0,13,1892
940699,2014,U,Minor,,,455246,334972,52.90936624,-1.17996666,,,Counted,Manual count,36,5,1450,20,190,6,0,0,0,0,0,6,1671
940699,2015,U,Minor,,,455246,334972,52.90936624,-1.17996666,,,Counted,Manual count,33,10,1088,13,140,13,0,0,0,0,0,13,1265
940699,2016,U,Minor,,,455246,334972,52.90936624,-1.17996666,,,Counted,Manual count,39,12,1010,13,145,5,0,0,0,0,0,5,1185
940699,2017,U,Minor,,,455246,334972,52.90936624,-1.17996666,,,Counted,Manual count,17,15,1133,19,159,2,0,0,0,0,0,2,1327
940699,2018,U,Minor,,,455246,334972,52.90936624,-1.17996666,,,Counted,Manual count,33,16,1104,17,172,5,0,0,0,0,0,5,1313
940699,2019,U,Minor,,,455246,334972,52.90936624,-1.17996666,,,Counted,Manual count,40,2,1245,18,137,4,1,0,1,0,0,5,1407
940700,2008,U,Minor,,,457868,342391,52.97577481,-1.13966363,,,Counted,Manual count,16,6,1047,0,141,2,2,0,0,1,0,5,1199
940701,2009,U,Minor,,,456072,344508,52.9949929,-1.16603974,,,Counted,Manual count,13,19,1053,71,179,19,4,2,0,1,0,25,1348
940701,2010,U,Minor,,,456072,344508,52.9949929,-1.16603974,,,Counted,Manual count,14,13,777,67,128,9,12,2,0,0,0,23,1008
940701,2011,U,Minor,,,456072,344508,52.9949929,-1.16603974,,,Counted,Manual count,18,20,617,65,83,6,4,2,2,0,0,14,799
940701,2012,U,Minor,,,456072,344508,52.9949929,-1.16603974,,,Counted,Manual count,19,8,790,108,126,13,0,0,0,0,0,13,1044
940701,2013,U,Minor,,,456072,344508,52.9949929,-1.16603974,,,Counted,Manual count,22,11,782,85,129,6,1,0,0,0,0,7,1013
940701,2014,U,Minor,,,456072,344508,52.9949929,-1.16603974,,,Counted,Manual count,16,10,907,88,122,12,2,0,0,0,0,14,1141
940701,2015,U,Minor,,,456072,344508,52.9949929,-1.16603974,,,Counted,Manual count,7,5,841,80,114,4,2,0,0,0,0,6,1046
940701,2016,U,Minor,,,456072,344508,52.9949929,-1.16603974,,,Counted,Manual count,8,6,955,81,107,6,1,0,0,0,0,7,1157
940701,2017,U,Minor,,,456072,344508,52.9949929,-1.16603974,,,Counted,Manual count,22,11,908,72,96,6,1,0,0,0,0,7,1093
940701,2018,U,Minor,,,456072,344508,52.9949929,-1.16603974,,,Counted,Manual count,7,7,823,76,121,2,1,0,0,0,0,3,1029
940701,2019,U,Minor,,,456072,344508,52.9949929,-1.16603974,,,Counted,Manual count,10,4,938,86,130,3,1,0,0,0,0,4,1162
940702,2008,U,Minor,,,456550,345059,52.99989524,-1.1588228,,,Counted,Manual count,6,2,423,0,54,7,0,0,0,0,0,7,486
940703,2008,U,Minor,,,458991,339456,52.94927257,-1.12347483,,,Counted,Manual count,41,0,87,0,16,2,0,0,0,0,0,2,105
940704,2008,U,Minor,,,453299,340254,52.95703959,-1.20804913,,,Counted,Manual count,47,1,954,23,50,0,1,0,0,0,0,1,1029
951474,2008,C,Minor,,,453762,343894,52.98971038,-1.20055468,,,Counted,Manual count,159,121,14760,364,2441,303,44,7,11,12,5,382,18068
951475,2009,U,Minor,,,452230,341160,52.96528764,-1.22381531,,,Counted,Manual count,31,12,182,4,18,4,0,0,0,0,0,4,220
951476,2008,U,Minor,,,452690,344175,52.99234227,-1.21647753,,,Counted,Manual count,39,10,1163,3,113,11,0,0,0,0,0,11,1300
951477,2009,U,Minor,,,455626,344272,52.99291807,-1.17272429,,,Counted,Manual count,24,41,738,93,156,10,2,0,0,0,0,12,1040
951477,2010,U,Minor,,,455626,344272,52.99291807,-1.17272429,,,Counted,Manual count,47,12,780,73,182,9,1,0,0,0,1,11,1058
951477,2011,U,Minor,,,455626,344272,52.99291807,-1.17272429,,,Counted,Manual count,41,18,818,77,200,17,2,0,0,0,1,20,1133
951477,2012,U,Minor,,,455626,344272,52.99291807,-1.17272429,,,Counted,Manual count,23,15,710,95,95,3,1,0,0,0,0,4,918
951477,2013,U,Minor,,,455626,344272,52.99291807,-1.17272429,,,Counted,Manual count,22,16,679,86,125,6,0,3,3,0,0,11,918
951477,2014,U,Minor,,,455626,344272,52.99291807,-1.17272429,,,Counted,Manual count,33,6,746,106,156,5,2,0,0,0,0,7,1022
951477,2015,U,Minor,,,455626,344272,52.99291807,-1.17272429,,,Counted,Manual count,20,13,711,91,116,5,0,0,1,0,0,6,938
951477,2016,U,Minor,,,455626,344272,52.99291807,-1.17272429,,,Counted,Manual count,22,10,693,86,142,6,0,0,0,0,0,6,937
951477,2017,U,Minor,,,455626,344272,52.99291807,-1.17272429,,,Counted,Manual count,33,14,735,79,135,5,0,1,0,0,0,6,970
951477,2018,U,Minor,,,455626,344272,52.99291807,-1.17272429,,,Counted,Manual count,20,6,695,96,120,4,0,0,0,0,0,4,921
951477,2019,U,Minor,,,455626,344272,52.99291807,-1.17272429,,,Counted,Manual count,37,5,725,94,119,3,0,0,0,0,0,3,946
951478,2009,U,Minor,,,452385,338787,52.9439432,-1.22188916,,,Counted,Manual count,74,13,931,0,100,4,0,0,0,0,0,4,1049
951479,2008,U,Minor,,,454803,338341,52.93969412,-1.18598566,,,Counted,Manual count,8,1,66,0,39,1,1,0,0,0,0,2,108
951483,2015,C,Minor,,,451468,341873,52.9717697,-1.23504666,,,Counted,Manual count,155,8,961,0,95,28,5,4,1,0,0,39,1104
951483,2016,C,Minor,,,451468,341873,52.9717697,-1.23504666,,,Counted,Manual count,57,12,990,2,123,10,3,0,1,0,0,15,1141
951483,2017,C,Minor,,,451468,341873,52.9717697,-1.23504666,,,Counted,Manual count,94,14,909,1,119,3,5,0,1,0,0,8,1051
951483,2018,C,Minor,,,451468,341873,52.9717697,-1.23504666,,,Counted,Manual count,65,6,954,0,160,11,7,0,0,1,0,19,1140
951483,2019,C,Minor,,,451468,341873,52.9717697,-1.23504666,,,Counted,Manual count,71,2,1009,0,149,4,7,0,0,0,0,11,1172
951925,2000,U,Minor,,,456673,344851,52.99801275,-1.15702669,,,Counted,Manual count,33,20,3986,233,468,55,3,0,2,0,3,63,4770
951925,2001,U,Minor,,,456673,344851,52.99801275,-1.15702669,,,Counted,Manual count,28,145,4371,228,575,51,7,2,1,0,0,61,5380
951925,2002,U,Minor,,,456673,344851,52.99801275,-1.15702669,,,Counted,Manual count,14,55,5048,276,626,42,14,0,2,0,1,59,6064
951925,2003,U,Minor,,,456673,344851,52.99801275,-1.15702669,,,Counted,Manual count,47,60,4563,262,690,49,8,0,0,0,0,57,5632
951925,2004,U,Minor,,,456673,344851,52.99801275,-1.15702669,,,Counted,Manual count,33,36,4316,304,589,31,4,1,2,0,1,39,5284
951925,2005,U,Minor,,,456673,344851,52.99801275,-1.15702669,,,Counted,Manual count,42,64,4808,283,568,50,7,1,1,1,0,60,5783
951925,2006,U,Minor,,,456673,344851,52.99801275,-1.15702669,,,Counted,Manual count,22,45,4805,274,607,30,5,3,2,2,0,42,5773
951925,2007,U,Minor,,,456673,344851,52.99801275,-1.15702669,,,Counted,Manual count,44,66,4394,292,630,36,4,4,0,1,0,45,5427
951925,2008,U,Minor,,,456673,344851,52.99801275,-1.15702669,,,Counted,Manual count,29,78,4570,264,610,26,5,1,0,1,1,34,5556
951925,2009,U,Minor,,,456673,344851,52.99801275,-1.15702669,,,Counted,Manual count,37,54,4396,323,644,57,5,2,3,4,1,72,5489
961210,2000,U,Minor,,,457113,340000,52.95436495,-1.15132679,,,Counted,Manual count,76,16,1190,1579,185,40,4,2,3,0,0,49,3019
961210,2001,U,Minor,,,457113,340000,52.95436495,-1.15132679,,,Counted,Manual count,48,10,714,1344,165,33,8,3,3,0,0,47,2280
961210,2002,U,Minor,,,457113,340000,52.95436495,-1.15132679,,,Estimated,Estimated using AADF from previous year on this link,49,11,722,1146,169,33,9,3,3,0,0,48,2096
961210,2003,U,Minor,,,457113,340000,52.95436495,-1.15132679,,,Counted,Manual count,268,7,86,748,107,24,5,0,3,1,0,33,981
961210,2004,U,Minor,,,457113,340000,52.95436495,-1.15132679,,,Counted,Manual count,289,10,120,821,77,227,2,0,4,1,0,234,1262
961210,2005,U,Minor,,,457113,340000,52.95436495,-1.15132679,,,Counted,Manual count,103,2,117,529,73,26,0,0,3,1,0,30,751
961210,2006,U,Minor,,,457113,340000,52.95436495,-1.15132679,,,Counted,Manual count,147,5,53,931,89,35,0,0,2,2,0,39,1117
961210,2007,U,Minor,,,457113,340000,52.95436495,-1.15132679,,,Counted,Manual count,50,2,84,747,53,7,2,0,0,0,0,9,895
961210,2008,U,Minor,,,457113,340000,52.95436495,-1.15132679,,,Counted,Manual count,118,0,53,726,62,12,1,0,0,2,0,15,856
961210,2009,U,Minor,,,457113,340000,52.95436495,-1.15132679,,,Counted,Manual count,180,2,86,733,53,0,0,0,0,0,0,0,874
966765,2000,U,Minor,,,456857,345222,53.00132789,-1.15422032,,,Counted,Manual count,8,4,726,3,112,0,0,2,0,0,0,2,847
966765,2001,U,Minor,,,456857,345222,53.00132789,-1.15422032,,,Counted,Manual count,8,86,764,3,101,7,4,0,0,0,0,11,965
966765,2002,U,Minor,,,456857,345222,53.00132789,-1.15422032,,,Counted,Manual count,5,8,854,1,74,2,0,0,0,0,0,2,939
966765,2003,U,Minor,,,456857,345222,53.00132789,-1.15422032,,,Counted,Manual count,17,20,762,0,99,5,3,1,0,0,0,9,890
966765,2004,U,Minor,,,456857,345222,53.00132789,-1.15422032,,,Counted,Manual count,19,6,834,0,97,15,2,0,0,0,0,17,954
966765,2005,U,Minor,,,456857,345222,53.00132789,-1.15422032,,,Counted,Manual count,8,14,699,1,102,0,0,0,0,0,0,0,816
966765,2006,U,Minor,,,456857,345222,53.00132789,-1.15422032,,,Counted,Manual count,18,10,726,1,120,7,0,2,0,0,0,9,866
966765,2007,U,Minor,,,456857,345222,53.00132789,-1.15422032,,,Counted,Manual count,5,26,753,3,86,3,0,0,0,0,0,3,871
966765,2008,U,Minor,,,456857,345222,53.00132789,-1.15422032,,,Counted,Manual count,6,6,745,1,95,0,0,0,0,0,0,0,847
966765,2009,U,Minor,,,456857,345222,53.00132789,-1.15422032,,,Counted,Manual count,6,7,751,2,98,10,1,0,0,0,0,11,869
990055,2000,B679,Minor,,,456770,336800,52.92563864,-1.15699007,,,Counted,Manual count,203,168,17519,367,1832,295,60,47,73,113,61,649,20535
990055,2001,B679,Minor,,,456770,336800,52.92563864,-1.15699007,,,Counted,Manual count,133,520,17399,378,1800,292,61,30,49,73,46,551,20648
990055,2002,B679,Minor,,,456770,336800,52.92563864,-1.15699007,,,Counted,Manual count,128,128,15914,297,1514,268,62,38,35,67,41,511,18364
990055,2003,B679,Minor,,,456770,336800,52.92563864,-1.15699007,,,Counted,Manual count,290,169,17291,315,1772,342,90,61,47,98,75,713,20260
990055,2004,B679,Minor,,,456770,336800,52.92563864,-1.15699007,,,Counted,Manual count,239,169,17771,269,1841,261,61,76,29,49,50,526,20576
990055,2005,B679,Minor,,,456770,336800,52.92563864,-1.15699007,,,Estimated,Estimated using AADF from previous year on this link,188,132,17879,281,1937,273,63,83,28,46,57,550,20779
990055,2006,B679,Minor,,,456770,336800,52.92563864,-1.15699007,,,Counted,Manual count,169,130,17022,326,1720,301,73,55,32,56,86,603,19801
990055,2007,B679,Minor,,,456770,336800,52.92563864,-1.15699007,,,Counted,Manual count,150,110,14741,308,1600,196,80,68,20,38,74,476,17235
990055,2008,B679,Minor,,,456770,336800,52.92563864,-1.15699007,,,Counted,Manual count,176,161,17628,322,1721,215,72,50,27,87,86,537,20369
990055,2009,B679,Minor,,,456770,336800,52.92563864,-1.15699007,,,Counted,Manual count,216,165,17632,513,1997,214,80,57,22,62,79,514,20821
990209,2000,U,Minor,,,455990,341878,52.97136271,-1.16771596,,,Counted,Manual count,48,14,1706,0,188,25,1,1,2,3,0,32,1940
990209,2001,U,Minor,,,455990,341878,52.97136271,-1.16771596,,,Counted,Manual count,80,157,2276,3,299,11,3,3,0,4,2,23,2758
990209,2002,U,Minor,,,455990,341878,52.97136271,-1.16771596,,,Counted,Manual count,75,11,2044,3,220,11,0,1,1,0,0,13,2291
990209,2003,U,Minor,,,455990,341878,52.97136271,-1.16771596,,,Counted,Manual count,75,4,1584,3,161,16,3,0,0,0,2,21,1773
990209,2004,U,Minor,,,455990,341878,52.97136271,-1.16771596,,,Counted,Manual count,88,6,1430,1,131,10,0,2,1,0,1,14,1582
990209,2005,U,Minor,,,455990,341878,52.97136271,-1.16771596,,,Counted,Manual count,59,6,1528,5,147,8,0,0,0,0,0,8,1694
990209,2006,U,Minor,,,455990,341878,52.97136271,-1.16771596,,,Counted,Manual count,87,6,1350,0,132,0,0,0,0,0,0,0,1488
990209,2007,U,Minor,,,455990,341878,52.97136271,-1.16771596,,,Counted,Manual count,74,4,1245,0,111,10,0,0,1,0,0,11,1371
990209,2008,U,Minor,,,455990,341878,52.97136271,-1.16771596,,,Counted,Manual count,51,6,1414,1,135,8,1,0,0,0,2,11,1567
990209,2009,U,Minor,,,455990,341878,52.97136271,-1.16771596,,,Counted,Manual count,98,7,1279,1,118,0,0,0,0,0,0,0,1405
990210,2000,C,Minor,,,454560,343300,52.9842909,-1.18876778,,,Counted,Manual count,99,91,3778,64,471,27,5,0,2,1,1,36,4440
990210,2001,C,Minor,,,454560,343300,52.9842909,-1.18876778,,,Counted,Manual count,65,212,3877,53,510,21,4,1,0,0,0,26,4678
990210,2002,C,Minor,,,454560,343300,52.9842909,-1.18876778,,,Counted,Manual count,79,68,3818,86,681,47,9,0,2,0,1,59,4712
990210,2003,C,Minor,,,454560,343300,52.9842909,-1.18876778,,,Counted,Manual count,151,69,3635,66,602,20,3,4,0,0,0,27,4399
990210,2004,C,Minor,,,454560,343300,52.9842909,-1.18876778,,,Counted,Manual count,76,26,3627,44,564,47,1,2,0,0,0,50,4311
990210,2005,C,Minor,,,454560,343300,52.9842909,-1.18876778,,,Counted,Manual count,78,69,3488,56,580,35,7,1,2,0,0,45,4238
990210,2006,C,Minor,,,454560,343300,52.9842909,-1.18876778,,,Counted,Manual count,55,59,3641,63,657,44,7,5,3,2,0,61,4481
990210,2007,C,Minor,,,454560,343300,52.9842909,-1.18876778,,,Counted,Manual count,52,41,3688,87,678,29,7,0,2,2,0,40,4534
990210,2008,C,Minor,,,454560,343300,52.9842909,-1.18876778,,,Counted,Manual count,50,66,3053,76,606,21,3,2,1,0,0,27,3828
990210,2009,C,Minor,,,454560,343300,52.9842909,-1.18876778,,,Counted,Manual count,97,56,3410,81,621,11,3,4,1,0,1,20,4188
990211,2000,U,Minor,,,452002,340770,52.96180422,-1.22727184,,,Counted,Manual count,106,70,7399,55,1225,269,13,10,17,63,34,406,9155
990211,2001,U,Minor,,,452002,340770,52.96180422,-1.22727184,,,Counted,Manual count,60,75,7403,44,1208,227,17,14,12,53,35,358,9088
990211,2002,U,Minor,,,452002,340770,52.96180422,-1.22727184,,,Counted,Manual count,77,134,7783,48,1260,249,32,7,10,53,56,407,9632
990211,2003,U,Minor,,,452002,340770,52.96180422,-1.22727184,,,Counted,Manual count,112,137,7578,29,1164,229,30,21,13,46,52,391,9299
990211,2004,U,Minor,,,452002,340770,52.96180422,-1.22727184,,,Counted,Manual count,75,72,7559,40,1141,214,25,18,13,50,46,366,9178
990211,2005,U,Minor,,,452002,340770,52.96180422,-1.22727184,,,Counted,Manual count,59,90,7639,45,1231,212,22,10,10,53,39,346,9351
990211,2006,U,Minor,,,452002,340770,52.96180422,-1.22727184,,,Counted,Manual count,54,94,7498,103,1133,204,18,8,9,47,43,329,9157
990211,2007,U,Minor,,,452002,340770,52.96180422,-1.22727184,,,Counted,Manual count,54,95,7476,59,1071,257,24,12,9,44,55,401,9102
990211,2008,U,Minor,,,452002,340770,52.96180422,-1.22727184,,,Counted,Manual count,72,117,7311,59,1366,225,24,8,31,37,26,351,9204
990211,2009,U,Minor,,,452002,340770,52.96180422,-1.22727184,,,Counted,Manual count,57,81,6964,37,1204,211,29,16,6,36,22,320,8606
990212,2000,U,Minor,,,455560,338690,52.94275339,-1.17466372,,,Counted,Manual count,556,90,4708,16,1079,260,16,30,36,35,20,397,6290
990212,2001,U,Minor,,,455560,338690,52.94275339,-1.17466372,,,Counted,Manual count,552,944,4979,10,1064,261,9,8,19,27,8,332,7329
990212,2002,U,Minor,,,455560,338690,52.94275339,-1.17466372,,,Counted,Manual count,506,86,4508,8,1111,246,18,16,24,29,21,354,6067
990212,2003,U,Minor,,,455560,338690,52.94275339,-1.17466372,,,Counted,Manual count,737,137,5422,65,1074,231,29,11,26,34,12,343,7041
990212,2004,U,Minor,,,455560,338690,52.94275339,-1.17466372,,,Counted,Manual count,667,121,4988,74,1243,258,26,15,33,38,18,388,6814
990212,2005,U,Minor,,,455560,338690,52.94275339,-1.17466372,,,Counted,Manual count,480,109,4337,38,1153,221,6,7,16,17,5,272,5909
990212,2006,U,Minor,,,455560,338690,52.94275339,-1.17466372,,,Counted,Manual count,12,32,4739,142,1296,13,17,13,113,473,70,699,6908
990212,2007,U,Minor,,,455560,338690,52.94275339,-1.17466372,,,Counted,Manual count,593,101,4865,243,1332,187,27,8,36,37,23,318,6859
990212,2008,U,Minor,,,455560,338690,52.94275339,-1.17466372,,,Counted,Manual count,492,95,4664,118,1214,147,12,1,10,16,4,190,6281
990212,2009,U,Minor,,,455560,338690,52.94275339,-1.17466372,,,Counted,Manual count,499,73,4426,153,1175,181,21,4,10,30,9,255,6082
990213,2000,U,Minor,,,455670,334840,52.90813616,-1.17368538,,,Counted,Manual count,113,94,5679,280,686,64,2,3,4,6,2,81,6820
990213,2001,U,Minor,,,455670,334840,52.90813616,-1.17368538,,,Counted,Manual count,25,146,6144,323,868,94,4,2,1,4,1,106,7587
990213,2002,U,Minor,,,455670,334840,52.90813616,-1.17368538,,,Counted,Manual count,35,85,5609,232,686,88,10,0,13,3,1,115,6727
990213,2003,U,Minor,,,455670,334840,52.90813616,-1.17368538,,,Counted,Manual count,117,113,6265,226,784,77,9,1,4,3,2,96,7484
990213,2004,U,Minor,,,455670,334840,52.90813616,-1.17368538,,,Counted,Manual count,84,89,6619,199,829,63,5,1,5,6,0,80,7816
990213,2005,U,Minor,,,455670,334840,52.90813616,-1.17368538,,,Counted,Manual count,62,71,6047,196,898,84,7,3,9,2,2,107,7319
990213,2006,U,Minor,,,455670,334840,52.90813616,-1.17368538,,,Counted,Manual count,50,131,5952,190,895,74,6,0,11,2,0,93,7261
990213,2007,U,Minor,,,455670,334840,52.90813616,-1.17368538,,,Counted,Manual count,71,84,6276,186,966,74,5,5,6,3,1,94,7606
990213,2008,U,Minor,,,455670,334840,52.90813616,-1.17368538,,,Counted,Manual count,72,63,5557,192,930,57,5,3,7,1,2,75,6817
990213,2009,U,Minor,,,455670,334840,52.90813616,-1.17368538,,,Counted,Manual count,41,35,5929,187,807,45,11,4,5,4,1,70,7028
990532,2002,B684,Minor,,,454670,345350,53.00270549,-1.18678333,,,Counted,Manual count,123,162,14755,186,1615,156,19,22,7,6,6,216,16934
990532,2003,B684,Minor,,,454670,345350,53.00270549,-1.18678333,,,Counted,Manual count,179,200,14721,223,1348,128,60,14,2,5,3,212,16704
990532,2004,B684,Minor,,,454670,345350,53.00270549,-1.18678333,,,Counted,Manual count,120,125,13979,188,1426,147,16,40,2,2,3,210,15928
990532,2005,B684,Minor,,,454670,345350,53.00270549,-1.18678333,,,Counted,Manual count,87,183,14935,213,1551,141,17,17,9,3,2,189,17071
990532,2006,B684,Minor,,,454670,345350,53.00270549,-1.18678333,,,Counted,Manual count,99,158,14571,187,1695,111,23,17,3,1,1,156,16767
990532,2007,B684,Minor,,,454670,345350,53.00270549,-1.18678333,,,Counted,Manual count,65,188,13239,183,1604,105,9,25,4,2,4,149,15363
990532,2008,B684,Minor,,,454670,345350,53.00270549,-1.18678333,,,Counted,Manual count,93,139,13086,197,1463,95,17,2,6,1,0,121,15006
990532,2009,B684,Minor,,,454670,345350,53.00270549,-1.18678333,,,Counted,Manual count,134,173,15667,223,1491,85,17,6,4,4,5,121,17675
